"Label (Grouping)","Albuquerque CCD, Bernalillo County, New Mexico!!Count","Albuquerque CCD, Bernalillo County, New Mexico!!Percent","East Bernalillo CCD, Bernalillo County, New Mexico!!Count","East Bernalillo CCD, Bernalillo County, New Mexico!!Percent","Isleta Pueblo CCD, Bernalillo County, New Mexico!!Count","Isleta Pueblo CCD, Bernalillo County, New Mexico!!Percent","West Bernalillo CCD, Bernalillo County, New Mexico!!Count","West Bernalillo CCD, Bernalillo County, New Mexico!!Percent","Quemado CCD, Catron County, New Mexico!!Count","Quemado CCD, Catron County, New Mexico!!Percent","Reserve CCD, Catron County, New Mexico!!Count","Reserve CCD, Catron County, New Mexico!!Percent","Dexter CCD, Chaves County, New Mexico!!Count","Dexter CCD, Chaves County, New Mexico!!Percent","Hagerman CCD, Chaves County, New Mexico!!Count","Hagerman CCD, Chaves County, New Mexico!!Percent","Northeast Chaves CCD, Chaves County, New Mexico!!Count","Northeast Chaves CCD, Chaves County, New Mexico!!Percent","Northwest Chaves CCD, Chaves County, New Mexico!!Count","Northwest Chaves CCD, Chaves County, New Mexico!!Percent","Roswell CCD, Chaves County, New Mexico!!Count","Roswell CCD, Chaves County, New Mexico!!Percent","Southeast Chaves CCD, Chaves County, New Mexico!!Count","Southeast Chaves CCD, Chaves County, New Mexico!!Percent","Southwest Chaves CCD, Chaves County, New Mexico!!Count","Southwest Chaves CCD, Chaves County, New Mexico!!Percent","Fence Lake CCD, Cibola County, New Mexico!!Count","Fence Lake CCD, Cibola County, New Mexico!!Percent","Grants CCD, Cibola County, New Mexico!!Count","Grants CCD, Cibola County, New Mexico!!Percent","Laguna CCD, Cibola County, New Mexico!!Count","Laguna CCD, Cibola County, New Mexico!!Percent","Zuni-Ramah Navajo CCD, Cibola County, New Mexico!!Count","Zuni-Ramah Navajo CCD, Cibola County, New Mexico!!Percent","Cimarron CCD, Colfax County, New Mexico!!Count","Cimarron CCD, Colfax County, New Mexico!!Percent","Raton CCD, Colfax County, New Mexico!!Count","Raton CCD, Colfax County, New Mexico!!Percent","Springer CCD, Colfax County, New Mexico!!Count","Springer CCD, Colfax County, New Mexico!!Percent","Broadview CCD, Curry County, New Mexico!!Count","Broadview CCD, Curry County, New Mexico!!Percent","Clovis CCD, Curry County, New Mexico!!Count","Clovis CCD, Curry County, New Mexico!!Percent","Melrose CCD, Curry County, New Mexico!!Count","Melrose CCD, Curry County, New Mexico!!Percent","East De Baca CCD, De Baca County, New Mexico!!Count","East De Baca CCD, De Baca County, New Mexico!!Percent","West De Baca CCD, De Baca County, New Mexico!!Count","West De Baca CCD, De Baca County, New Mexico!!Percent","Anthony CCD, Doña Ana County, New Mexico!!Count","Anthony CCD, Doña Ana County, New Mexico!!Percent","Doña Ana-Hill CCD, Doña Ana County, New Mexico!!Count","Doña Ana-Hill CCD, Doña Ana County, New Mexico!!Percent","Fairacres CCD, Doña Ana County, New Mexico!!Count","Fairacres CCD, Doña Ana County, New Mexico!!Percent","Hatch CCD, Doña Ana County, New Mexico!!Count","Hatch CCD, Doña Ana County, New Mexico!!Percent","Las Cruces CCD, Doña Ana County, New Mexico!!Count","Las Cruces CCD, Doña Ana County, New Mexico!!Percent","South Doña Ana CCD, Doña Ana County, New Mexico!!Count","South Doña Ana CCD, Doña Ana County, New Mexico!!Percent","White Sands CCD, Doña Ana County, New Mexico!!Count","White Sands CCD, Doña Ana County, New Mexico!!Percent","Artesia CCD, Eddy County, New Mexico!!Count","Artesia CCD, Eddy County, New Mexico!!Percent","Carlsbad CCD, Eddy County, New Mexico!!Count","Carlsbad CCD, Eddy County, New Mexico!!Percent","Loco Hills CCD, Eddy County, New Mexico!!Count","Loco Hills CCD, Eddy County, New Mexico!!Percent","Loving CCD, Eddy County, New Mexico!!Count","Loving CCD, Eddy County, New Mexico!!Percent","Bayard-Santa Rita CCD, Grant County, New Mexico!!Count","Bayard-Santa Rita CCD, Grant County, New Mexico!!Percent","Hurley CCD, Grant County, New Mexico!!Count","Hurley CCD, Grant County, New Mexico!!Percent","Mimbres CCD, Grant County, New Mexico!!Count","Mimbres CCD, Grant County, New Mexico!!Percent","Pinos Altos CCD, Grant County, New Mexico!!Count","Pinos Altos CCD, Grant County, New Mexico!!Percent","Santa Clara CCD, Grant County, New Mexico!!Count","Santa Clara CCD, Grant County, New Mexico!!Percent","Silver City CCD, Grant County, New Mexico!!Count","Silver City CCD, Grant County, New Mexico!!Percent","Tyrone CCD, Grant County, New Mexico!!Count","Tyrone CCD, Grant County, New Mexico!!Percent","Dilia CCD, Guadalupe County, New Mexico!!Count","Dilia CCD, Guadalupe County, New Mexico!!Percent","Santa Rosa CCD, Guadalupe County, New Mexico!!Count","Santa Rosa CCD, Guadalupe County, New Mexico!!Percent","Vaughn CCD, Guadalupe County, New Mexico!!Count","Vaughn CCD, Guadalupe County, New Mexico!!Percent","North Harding CCD, Harding County, New Mexico!!Count","North Harding CCD, Harding County, New Mexico!!Percent","South Harding CCD, Harding County, New Mexico!!Count","South Harding CCD, Harding County, New Mexico!!Percent","North Hidalgo CCD, Hidalgo County, New Mexico!!Count","North Hidalgo CCD, Hidalgo County, New Mexico!!Percent","South Hidalgo CCD, Hidalgo County, New Mexico!!Count","South Hidalgo CCD, Hidalgo County, New Mexico!!Percent","Eunice CCD, Lea County, New Mexico!!Count","Eunice CCD, Lea County, New Mexico!!Percent","Hobbs CCD, Lea County, New Mexico!!Count","Hobbs CCD, Lea County, New Mexico!!Percent","Jal CCD, Lea County, New Mexico!!Count","Jal CCD, Lea County, New Mexico!!Percent","Lovington CCD, Lea County, New Mexico!!Count","Lovington CCD, Lea County, New Mexico!!Percent","Tatum CCD, Lea County, New Mexico!!Count","Tatum CCD, Lea County, New Mexico!!Percent","Capitan CCD, Lincoln County, New Mexico!!Count","Capitan CCD, Lincoln County, New Mexico!!Percent","Carrizozo CCD, Lincoln County, New Mexico!!Count","Carrizozo CCD, Lincoln County, New Mexico!!Percent","Corona CCD, Lincoln County, New Mexico!!Count","Corona CCD, Lincoln County, New Mexico!!Percent","Hondo CCD, Lincoln County, New Mexico!!Count","Hondo CCD, Lincoln County, New Mexico!!Percent","Ruidoso CCD, Lincoln County, New Mexico!!Count","Ruidoso CCD, Lincoln County, New Mexico!!Percent","Los Alamos CCD, Los Alamos County, New Mexico!!Count","Los Alamos CCD, Los Alamos County, New Mexico!!Percent","White Rock CCD, Los Alamos County, New Mexico!!Count","White Rock CCD, Los Alamos County, New Mexico!!Percent","Deming North CCD, Luna County, New Mexico!!Count","Deming North CCD, Luna County, New Mexico!!Percent","Deming South CCD, Luna County, New Mexico!!Count","Deming South CCD, Luna County, New Mexico!!Percent","Crownpoint CCD, McKinley County, New Mexico!!Count","Crownpoint CCD, McKinley County, New Mexico!!Percent","Gallup CCD, McKinley County, New Mexico!!Count","Gallup CCD, McKinley County, New Mexico!!Percent","Navajo Nation CCD, McKinley County, New Mexico!!Count","Navajo Nation CCD, McKinley County, New Mexico!!Percent","Red Rock CCD, McKinley County, New Mexico!!Count","Red Rock CCD, McKinley County, New Mexico!!Percent","Zuni CCD, McKinley County, New Mexico!!Count","Zuni CCD, McKinley County, New Mexico!!Percent","Mora CCD, Mora County, New Mexico!!Count","Mora CCD, Mora County, New Mexico!!Percent","Wagon Mound CCD, Mora County, New Mexico!!Count","Wagon Mound CCD, Mora County, New Mexico!!Percent","Alamogordo CCD, Otero County, New Mexico!!Count","Alamogordo CCD, Otero County, New Mexico!!Percent","Mescalero CCD, Otero County, New Mexico!!Count","Mescalero CCD, Otero County, New Mexico!!Percent","Southeast Otero CCD, Otero County, New Mexico!!Count","Southeast Otero CCD, Otero County, New Mexico!!Percent","Tularosa CCD, Otero County, New Mexico!!Count","Tularosa CCD, Otero County, New Mexico!!Percent","House-Forrest CCD, Quay County, New Mexico!!Count","House-Forrest CCD, Quay County, New Mexico!!Percent","Logan-Nara Visa CCD, Quay County, New Mexico!!Count","Logan-Nara Visa CCD, Quay County, New Mexico!!Percent","San Jon CCD, Quay County, New Mexico!!Count","San Jon CCD, Quay County, New Mexico!!Percent","Tucumcari CCD, Quay County, New Mexico!!Count","Tucumcari CCD, Quay County, New Mexico!!Percent","Chimayo CCD, Rio Arriba County, New Mexico!!Count","Chimayo CCD, Rio Arriba County, New Mexico!!Percent","Coyote CCD, Rio Arriba County, New Mexico!!Count","Coyote CCD, Rio Arriba County, New Mexico!!Percent","Dixon CCD, Rio Arriba County, New Mexico!!Count","Dixon CCD, Rio Arriba County, New Mexico!!Percent","Jicarilla Apache CCD, Rio Arriba County, New Mexico!!Count","Jicarilla Apache CCD, Rio Arriba County, New Mexico!!Percent","Ohkay Owingeh CCD, Rio Arriba County, New Mexico!!Count","Ohkay Owingeh CCD, Rio Arriba County, New Mexico!!Percent","Rio Chama CCD, Rio Arriba County, New Mexico!!Count","Rio Chama CCD, Rio Arriba County, New Mexico!!Percent","Santa Clara Pueblo CCD, Rio Arriba County, New Mexico!!Count","Santa Clara Pueblo CCD, Rio Arriba County, New Mexico!!Percent","South Rio Arriba CCD, Rio Arriba County, New Mexico!!Count","South Rio Arriba CCD, Rio Arriba County, New Mexico!!Percent","Tierra Amarilla CCD, Rio Arriba County, New Mexico!!Count","Tierra Amarilla CCD, Rio Arriba County, New Mexico!!Percent","Vallecitos CCD, Rio Arriba County, New Mexico!!Count","Vallecitos CCD, Rio Arriba County, New Mexico!!Percent","West Rio Arriba CCD, Rio Arriba County, New Mexico!!Count","West Rio Arriba CCD, Rio Arriba County, New Mexico!!Percent","Dora CCD, Roosevelt County, New Mexico!!Count","Dora CCD, Roosevelt County, New Mexico!!Percent","Elida CCD, Roosevelt County, New Mexico!!Count","Elida CCD, Roosevelt County, New Mexico!!Percent","Portales CCD, Roosevelt County, New Mexico!!Count","Portales CCD, Roosevelt County, New Mexico!!Percent","Cuba CCD, Sandoval County, New Mexico!!Count","Cuba CCD, Sandoval County, New Mexico!!Percent","Jemez-Zia CCD, Sandoval County, New Mexico!!Count","Jemez-Zia CCD, Sandoval County, New Mexico!!Percent","Rio Rancho CCD, Sandoval County, New Mexico!!Count","Rio Rancho CCD, Sandoval County, New Mexico!!Percent","Santo Domingo-San Felipe CCD, Sandoval County, New Mexico!!Count","Santo Domingo-San Felipe CCD, Sandoval County, New Mexico!!Percent","Aztec CCD, San Juan County, New Mexico!!Count","Aztec CCD, San Juan County, New Mexico!!Percent","Bloomfield CCD, San Juan County, New Mexico!!Count","Bloomfield CCD, San Juan County, New Mexico!!Percent","Farmington CCD, San Juan County, New Mexico!!Count","Farmington CCD, San Juan County, New Mexico!!Percent","Napi Headquarters CCD, San Juan County, New Mexico!!Count","Napi Headquarters CCD, San Juan County, New Mexico!!Percent","Naschitti CCD, San Juan County, New Mexico!!Count","Naschitti CCD, San Juan County, New Mexico!!Percent","Nenahnezad-Burnham CCD, San Juan County, New Mexico!!Count","Nenahnezad-Burnham CCD, San Juan County, New Mexico!!Percent","Shiprock-Sanostee CCD, San Juan County, New Mexico!!Count","Shiprock-Sanostee CCD, San Juan County, New Mexico!!Percent","Conchas Dam CCD, San Miguel County, New Mexico!!Count","Conchas Dam CCD, San Miguel County, New Mexico!!Percent","Las Vegas CCD, San Miguel County, New Mexico!!Count","Las Vegas CCD, San Miguel County, New Mexico!!Percent","Pecos CCD, San Miguel County, New Mexico!!Count","Pecos CCD, San Miguel County, New Mexico!!Percent","Trementina CCD, San Miguel County, New Mexico!!Count","Trementina CCD, San Miguel County, New Mexico!!Percent","Villanueva CCD, San Miguel County, New Mexico!!Count","Villanueva CCD, San Miguel County, New Mexico!!Percent","Santa Fe CCD, Santa Fe County, New Mexico!!Count","Santa Fe CCD, Santa Fe County, New Mexico!!Percent","Santa Fe North CCD, Santa Fe County, New Mexico!!Count","Santa Fe North CCD, Santa Fe County, New Mexico!!Percent","Santa Fe South CCD, Santa Fe County, New Mexico!!Count","Santa Fe South CCD, Santa Fe County, New Mexico!!Percent","Truth or Consequences East CCD, Sierra County, New Mexico!!Count","Truth or Consequences East CCD, Sierra County, New Mexico!!Percent","Truth or Consequences West CCD, Sierra County, New Mexico!!Count","Truth or Consequences West CCD, Sierra County, New Mexico!!Percent","Claunch CCD, Socorro County, New Mexico!!Count","Claunch CCD, Socorro County, New Mexico!!Percent","Magdalena CCD, Socorro County, New Mexico!!Count","Magdalena CCD, Socorro County, New Mexico!!Percent","Socorro CCD, Socorro County, New Mexico!!Count","Socorro CCD, Socorro County, New Mexico!!Percent","Arroyo Hondo CCD, Taos County, New Mexico!!Count","Arroyo Hondo CCD, Taos County, New Mexico!!Percent","Peñasco CCD, Taos County, New Mexico!!Count","Peñasco CCD, Taos County, New Mexico!!Percent","Picuris CCD, Taos County, New Mexico!!Count","Picuris CCD, Taos County, New Mexico!!Percent","Questa CCD, Taos County, New Mexico!!Count","Questa CCD, Taos County, New Mexico!!Percent","Taos CCD, Taos County, New Mexico!!Count","Taos CCD, Taos County, New Mexico!!Percent","Taos Pueblo CCD, Taos County, New Mexico!!Count","Taos Pueblo CCD, Taos County, New Mexico!!Percent","Tres Piedras CCD, Taos County, New Mexico!!Count","Tres Piedras CCD, Taos County, New Mexico!!Percent","Estancia CCD, Torrance County, New Mexico!!Count","Estancia CCD, Torrance County, New Mexico!!Percent","Mountainair-Encino CCD, Torrance County, New Mexico!!Count","Mountainair-Encino CCD, Torrance County, New Mexico!!Percent","Clayton North CCD, Union County, New Mexico!!Count","Clayton North CCD, Union County, New Mexico!!Percent","Clayton South CCD, Union County, New Mexico!!Count","Clayton South CCD, Union County, New Mexico!!Percent","Belen CCD, Valencia County, New Mexico!!Count","Belen CCD, Valencia County, New Mexico!!Percent","Los Lunas CCD, Valencia County, New Mexico!!Count","Los Lunas CCD, Valencia County, New Mexico!!Percent"
"SEX AND AGE","","","","","","","","","","","","","","","","","","","","","","","","","","","","","","","","","","","","","","","","","","","","","","","","","","","","","","","","","","","","","","","","","","","","","","","","","","","","","","","","","","","","","","","","","","","","","","","","","","","","","","","","","","","","","","","","","","","","","","","","","","","","","","","","","","","","","","","","","","","","","","","","","","","","","","","","","","","","","","","","","","","","","","","","","","","","","","","","","","","","","","","","","","","","","","","","","","","","","","","","","","","","","","","","","","","","","","","","","","","","","","","","","","","","","","","","","","","","","","","","","","","","","","","","","","","","","","","","","","","",""
"Total population","641,085","100.0%","18,910","100.0%","2,372","100.0%","14,077","100.0%","1,967","100.0%","1,612","100.0%","3,430","100.0%","2,556","100.0%","142","100.0%","3,128","100.0%","48,478","100.0%","1,305","100.0%","6,118","100.0%","248","100.0%","19,968","100.0%","4,365","100.0%","2,591","100.0%","3,263","100.0%","7,131","100.0%","1,993","100.0%","331","100.0%","47,049","100.0%","1,050","100.0%","1,532","100.0%","166","100.0%","27,889","100.0%","42,695","100.0%","6,139","100.0%","4,868","100.0%","108,288","100.0%","28,752","100.0%","930","100.0%","19,177","100.0%","40,665","100.0%","249","100.0%","2,223","100.0%","2,847","100.0%","1,650","100.0%","1,312","100.0%","1,331","100.0%","2,627","100.0%","16,285","100.0%","2,133","100.0%","530","100.0%","3,562","100.0%","360","100.0%","524","100.0%","133","100.0%","3,774","100.0%","404","100.0%","3,329","100.0%","51,736","100.0%","2,333","100.0%","15,903","100.0%","1,154","100.0%","3,059","100.0%","1,385","100.0%","341","100.0%","988","100.0%","14,496","100.0%","13,551","100.0%","5,868","100.0%","4,266","100.0%","21,161","100.0%","5,771","100.0%","24,025","100.0%","9,957","100.0%","25,692","100.0%","7,457","100.0%","3,361","100.0%","828","100.0%","41,956","100.0%","4,022","100.0%","16,176","100.0%","5,685","100.0%","311","100.0%","1,129","100.0%","411","100.0%","6,895","100.0%","3,233","100.0%","1,234","100.0%","1,409","100.0%","3,472","100.0%","6,580","100.0%","3,504","100.0%","8,104","100.0%","8,997","100.0%","3,051","100.0%","581","100.0%","198","100.0%","1,490","100.0%","1,016","100.0%","16,685","100.0%","4,309","100.0%","4,666","100.0%","131,852","100.0%","8,007","100.0%","23,676","100.0%","15,283","100.0%","54,911","100.0%","6,722","100.0%","1,768","100.0%","4,326","100.0%","14,975","100.0%","316","100.0%","18,804","100.0%","5,904","100.0%","159","100.0%","2,018","100.0%","93,162","100.0%","19,154","100.0%","42,507","100.0%","8,867","100.0%","2,709","100.0%","84","100.0%","3,184","100.0%","13,327","100.0%","4,598","100.0%","1,157","100.0%","1,623","100.0%","3,739","100.0%","19,414","100.0%","2,805","100.0%","1,153","100.0%","12,990","100.0%","2,055","100.0%","791","100.0%","3,288","100.0%","19,622","100.0%","56,583","100.0%"
"Under 5 years","32,666","5.1%","716","3.8%","141","5.9%","783","5.6%","34","1.7%","37","2.3%","165","4.8%","149","5.8%","13","9.2%","147","4.7%","3,220","6.6%","85","6.5%","379","6.2%","9","3.6%","1,138","5.7%","274","6.3%","181","7.0%","110","3.4%","337","4.7%","82","4.1%","14","4.2%","3,365","7.2%","60","5.7%","53","3.5%","5","3.0%","1,795","6.4%","2,764","6.5%","181","2.9%","378","7.8%","5,615","5.2%","1,816","6.3%","118","12.7%","1,396","7.3%","2,640","6.5%","23","9.2%","158","7.1%","150","5.3%","75","4.5%","33","2.5%","34","2.6%","127","4.8%","752","4.6%","79","3.7%","29","5.5%","190","5.3%","17","4.7%","31","5.9%","1","0.8%","225","6.0%","9","2.2%","204","6.1%","3,863","7.5%","172","7.4%","1,166","7.3%","67","5.8%","98","3.2%","53","3.8%","11","3.2%","50","5.1%","688","4.7%","712","5.3%","298","5.1%","284","6.7%","1,319","6.2%","349","6.0%","1,579","6.6%","639","6.4%","1,536","6.0%","372","5.0%","123","3.7%","36","4.3%","2,543","6.1%","330","8.2%","945","5.8%","337","5.9%","14","4.5%","38","3.4%","22","5.4%","393","5.7%","117","3.6%","49","4.0%","47","3.3%","270","7.8%","319","4.8%","123","3.5%","381","4.7%","438","4.9%","144","4.7%","12","2.1%","9","4.5%","100","6.7%","49","4.8%","1,101","6.6%","269","6.2%","254","5.4%","6,756","5.1%","622","7.8%","1,344","5.7%","930","6.1%","3,428","6.2%","420","6.2%","76","4.3%","270","6.2%","791","5.3%","9","2.8%","941","5.0%","258","4.4%","9","5.7%","86","4.3%","3,925","4.2%","893","4.7%","1,478","3.5%","295","3.3%","98","3.6%","7","8.3%","175","5.5%","695","5.2%","130","2.8%","45","3.9%","74","4.6%","169","4.5%","852","4.4%","117","4.2%","38","3.3%","629","4.8%","100","4.9%","61","7.7%","139","4.2%","1,047","5.3%","3,177","5.6%"
"5 to 9 years","36,655","5.7%","977","5.2%","128","5.4%","1,040","7.4%","68","3.5%","53","3.3%","192","5.6%","180","7.0%","6","4.2%","181","5.8%","3,595","7.4%","76","5.8%","481","7.9%","7","2.8%","1,317","6.6%","303","6.9%","218","8.4%","163","5.0%","369","5.2%","84","4.2%","18","5.4%","3,583","7.6%","61","5.8%","91","5.9%","12","7.2%","2,120","7.6%","2,987","7.0%","229","3.7%","419","8.6%","6,378","5.9%","2,078","7.2%","105","11.3%","1,466","7.6%","3,019","7.4%","14","5.6%","159","7.2%","180","6.3%","105","6.4%","53","4.0%","29","2.2%","132","5.0%","814","5.0%","116","5.4%","44","8.3%","166","4.7%","29","8.1%","16","3.1%","4","3.0%","247","6.5%","19","4.7%","283","8.5%","4,253","8.2%","165","7.1%","1,282","8.1%","81","7.0%","128","4.2%","49","3.5%","14","4.1%","49","5.0%","731","5.0%","847","6.3%","344","5.9%","246","5.8%","1,517","7.2%","429","7.4%","1,899","7.9%","853","8.6%","1,854","7.2%","615","8.2%","149","4.4%","27","3.3%","2,446","5.8%","352","8.8%","1,099","6.8%","353","6.2%","16","5.1%","52","4.6%","15","3.6%","477","6.9%","197","6.1%","64","5.2%","53","3.8%","311","9.0%","383","5.8%","163","4.7%","485","6.0%","533","5.9%","147","4.8%","27","4.6%","8","4.0%","114","7.7%","65","6.4%","1,062","6.4%","262","6.1%","243","5.2%","8,384","6.4%","578","7.2%","1,628","6.9%","1,103","7.2%","4,144","7.5%","518","7.7%","91","5.1%","306","7.1%","1,051","7.0%","7","2.2%","1,006","5.3%","273","4.6%","5","3.1%","103","5.1%","4,293","4.6%","1,048","5.5%","1,789","4.2%","381","4.3%","101","3.7%","8","9.5%","224","7.0%","702","5.3%","153","3.3%","49","4.2%","92","5.7%","167","4.5%","993","5.1%","118","4.2%","36","3.1%","734","5.7%","88","4.3%","58","7.3%","172","5.2%","1,264","6.4%","3,579","6.3%"
"10 to 14 years","40,907","6.4%","1,103","5.8%","203","8.6%","1,281","9.1%","50","2.5%","44","2.7%","212","6.2%","198","7.7%","11","7.7%","249","8.0%","3,923","8.1%","123","9.4%","525","8.6%","12","4.8%","1,383","6.9%","305","7.0%","222","8.6%","168","5.1%","428","6.0%","84","4.2%","25","7.6%","3,612","7.7%","79","7.5%","100","6.5%","6","3.6%","2,462","8.8%","3,381","7.9%","241","3.9%","424","8.7%","6,793","6.3%","2,398","8.3%","69","7.4%","1,548","8.1%","2,934","7.2%","13","5.2%","206","9.3%","199","7.0%","104","6.3%","59","4.5%","44","3.3%","182","6.9%","1,012","6.2%","122","5.7%","45","8.5%","182","5.1%","8","2.2%","20","3.8%","8","6.0%","256","6.8%","18","4.5%","318","9.6%","4,490","8.7%","186","8.0%","1,504","9.5%","90","7.8%","134","4.4%","61","4.4%","11","3.2%","56","5.7%","794","5.5%","933","6.9%","413","7.0%","274","6.4%","1,563","7.4%","540","9.4%","2,026","8.4%","909","9.1%","2,121","8.3%","679","9.1%","176","5.2%","47","5.7%","2,580","6.1%","405","10.1%","1,274","7.9%","366","6.4%","18","5.8%","60","5.3%","25","6.1%","454","6.6%","171","5.3%","49","4.0%","64","4.5%","352","10.1%","464","7.1%","238","6.8%","558","6.9%","621","6.9%","153","5.0%","30","5.2%","4","2.0%","103","6.9%","76","7.5%","1,227","7.4%","295","6.8%","357","7.7%","9,775","7.4%","622","7.8%","1,909","8.1%","1,251","8.2%","4,622","8.4%","556","8.3%","145","8.2%","384","8.9%","1,254","8.4%","4","1.3%","1,090","5.8%","353","6.0%","5","3.1%","116","5.7%","5,143","5.5%","1,216","6.3%","2,099","4.9%","424","4.8%","160","5.9%","3","3.6%","233","7.3%","822","6.2%","208","4.5%","50","4.3%","106","6.5%","237","6.3%","1,073","5.5%","147","5.2%","33","2.9%","862","6.6%","96","4.7%","51","6.4%","198","6.0%","1,386","7.1%","4,301","7.6%"
"15 to 19 years","41,933","6.5%","922","4.9%","160","6.7%","1,071","7.6%","63","3.2%","63","3.9%","214","6.2%","206","8.1%","12","8.5%","206","6.6%","3,655","7.5%","84","6.4%","631","10.3%","7","2.8%","1,189","6.0%","306","7.0%","186","7.2%","165","5.1%","395","5.5%","121","6.1%","17","5.1%","3,368","7.2%","62","5.9%","106","6.9%","4","2.4%","2,499","9.0%","3,105","7.3%","324","5.3%","445","9.1%","7,906","7.3%","2,408","8.4%","48","5.2%","1,349","7.0%","2,975","7.3%","27","10.8%","190","8.5%","185","6.5%","105","6.4%","48","3.7%","34","2.6%","166","6.3%","1,001","6.1%","111","5.2%","15","2.8%","213","6.0%","20","5.6%","19","3.6%","3","2.3%","228","6.0%","21","5.2%","249","7.5%","4,051","7.8%","167","7.2%","1,351","8.5%","87","7.5%","175","5.7%","74","5.3%","12","3.5%","61","6.2%","710","4.9%","872","6.4%","359","6.1%","367","8.6%","1,469","6.9%","508","8.8%","1,948","8.1%","855","8.6%","2,222","8.6%","562","7.5%","196","5.8%","33","4.0%","2,693","6.4%","381","9.5%","1,270","7.9%","310","5.5%","19","6.1%","41","3.6%","23","5.6%","450","6.5%","169","5.2%","73","5.9%","64","4.5%","306","8.8%","496","7.5%","215","6.1%","517","6.4%","595","6.6%","145","4.8%","45","7.7%","9","4.5%","105","7.0%","87","8.6%","1,638","9.8%","320","7.4%","272","5.8%","8,970","6.8%","609","7.6%","1,693","7.2%","1,195","7.8%","4,270","7.8%","471","7.0%","143","8.1%","367","8.5%","1,188","7.9%","14","4.4%","1,438","7.6%","346","5.9%","11","6.9%","120","5.9%","5,071","5.4%","1,213","6.3%","2,039","4.8%","363","4.1%","136","5.0%","3","3.6%","201","6.3%","1,146","8.6%","193","4.2%","60","5.2%","94","5.8%","179","4.8%","1,123","5.8%","176","6.3%","48","4.2%","874","6.7%","118","5.7%","51","6.4%","178","5.4%","1,223","6.2%","4,078","7.2%"
"20 to 24 years","44,830","7.0%","621","3.3%","134","5.6%","847","6.0%","43","2.2%","52","3.2%","320","9.3%","168","6.6%","9","6.3%","125","4.0%","2,924","6.0%","62","4.8%","470","7.7%","2","0.8%","1,203","6.0%","272","6.2%","141","5.4%","101","3.1%","309","4.3%","70","3.5%","8","2.4%","3,808","8.1%","41","3.9%","44","2.9%","7","4.2%","2,085","7.5%","2,635","6.2%","302","4.9%","303","6.2%","10,891","10.1%","1,962","6.8%","83","8.9%","1,141","5.9%","2,627","6.5%","14","5.6%","128","5.8%","139","4.9%","72","4.4%","38","2.9%","51","3.8%","123","4.7%","952","5.8%","68","3.2%","14","2.6%","176","4.9%","14","3.9%","19","3.6%","6","4.5%","202","5.4%","14","3.5%","195","5.9%","3,781","7.3%","146","6.3%","1,027","6.5%","62","5.4%","102","3.3%","52","3.8%","14","4.1%","40","4.0%","518","3.6%","575","4.2%","198","3.4%","498","11.7%","1,051","5.0%","342","5.9%","1,388","5.8%","593","6.0%","1,645","6.4%","435","5.8%","129","3.8%","39","4.7%","3,698","8.8%","254","6.3%","1,007","6.2%","204","3.6%","8","2.6%","24","2.1%","20","4.9%","301","4.4%","156","4.8%","32","2.6%","60","4.3%","211","6.1%","360","5.5%","150","4.3%","475","5.9%","508","5.6%","113","3.7%","16","2.8%","9","4.5%","83","5.6%","43","4.2%","1,908","11.4%","235","5.5%","239","5.1%","6,394","4.8%","548","6.8%","1,300","5.5%","858","5.6%","3,299","6.0%","361","5.4%","85","4.8%","253","5.8%","934","6.2%","11","3.5%","1,462","7.8%","258","4.4%","7","4.4%","93","4.6%","4,618","5.0%","990","5.2%","1,626","3.8%","274","3.1%","91","3.4%","5","6.0%","173","5.4%","1,345","10.1%","177","3.8%","52","4.5%","62","3.8%","149","4.0%","874","4.5%","130","4.6%","45","3.9%","736","5.7%","88","4.3%","36","4.6%","132","4.0%","1,020","5.2%","3,360","5.9%"
"25 to 29 years","45,791","7.1%","647","3.4%","112","4.7%","951","6.8%","62","3.2%","64","4.0%","326","9.5%","170","6.7%","13","9.2%","147","4.7%","3,086","6.4%","101","7.7%","354","5.8%","13","5.2%","1,373","6.9%","256","5.9%","145","5.6%","130","4.0%","362","5.1%","137","6.9%","16","4.8%","3,904","8.3%","54","5.1%","60","3.9%","11","6.6%","1,836","6.6%","2,722","6.4%","265","4.3%","341","7.0%","7,968","7.4%","1,823","6.3%","122","13.1%","1,311","6.8%","2,895","7.1%","8","3.2%","142","6.4%","122","4.3%","77","4.7%","41","3.1%","33","2.5%","126","4.8%","776","4.8%","60","2.8%","21","4.0%","244","6.9%","18","5.0%","21","4.0%","6","4.5%","214","5.7%","16","4.0%","194","5.8%","3,942","7.6%","140","6.0%","1,009","6.3%","48","4.2%","106","3.5%","70","5.1%","14","4.1%","40","4.0%","700","4.8%","838","6.2%","238","4.1%","270","6.3%","1,194","5.6%","409","7.1%","1,660","6.9%","624","6.3%","1,734","6.7%","560","7.5%","126","3.7%","40","4.8%","3,187","7.6%","258","6.4%","1,037","6.4%","244","4.3%","14","4.5%","30","2.7%","21","5.1%","352","5.1%","168","5.2%","41","3.3%","64","4.5%","264","7.6%","410","6.2%","150","4.3%","453","5.6%","548","6.1%","119","3.9%","19","3.3%","8","4.0%","82","5.5%","60","5.9%","1,250","7.5%","251","5.8%","303","6.5%","6,677","5.1%","567","7.1%","1,428","6.0%","951","6.2%","3,496","6.4%","434","6.5%","128","7.2%","264","6.1%","920","6.1%","15","4.7%","1,167","6.2%","229","3.9%","17","10.7%","102","5.1%","5,340","5.7%","1,048","5.5%","1,759","4.1%","354","4.0%","127","4.7%","4","4.8%","168","5.3%","824","6.2%","165","3.6%","62","5.4%","86","5.3%","155","4.1%","933","4.8%","155","5.5%","48","4.2%","691","5.3%","75","3.6%","37","4.7%","222","6.8%","1,099","5.6%","3,412","6.0%"
"30 to 34 years","45,412","7.1%","910","4.8%","149","6.3%","1,235","8.8%","65","3.3%","54","3.3%","340","9.9%","170","6.7%","7","4.9%","166","5.3%","3,125","6.4%","83","6.4%","346","5.7%","11","4.4%","1,470","7.4%","227","5.2%","163","6.3%","141","4.3%","385","5.4%","132","6.6%","14","4.2%","3,544","7.5%","63","6.0%","47","3.1%","8","4.8%","1,603","5.7%","2,989","7.0%","332","5.4%","338","6.9%","6,875","6.3%","1,733","6.0%","89","9.6%","1,290","6.7%","2,892","7.1%","20","8.0%","145","6.5%","147","5.2%","85","5.2%","36","2.7%","32","2.4%","117","4.5%","822","5.0%","95","4.5%","32","6.0%","281","7.9%","8","2.2%","14","2.7%","11","8.3%","225","6.0%","15","3.7%","205","6.2%","4,081","7.9%","170","7.3%","1,090","6.9%","64","5.5%","117","3.8%","63","4.5%","13","3.8%","42","4.3%","775","5.3%","1,087","8.0%","319","5.4%","247","5.8%","1,145","5.4%","429","7.4%","1,702","7.1%","698","7.0%","1,719","6.7%","560","7.5%","142","4.2%","30","3.6%","2,804","6.7%","303","7.5%","1,108","6.8%","317","5.6%","19","6.1%","38","3.4%","13","3.2%","314","4.6%","180","5.6%","55","4.5%","66","4.7%","271","7.8%","442","6.7%","169","4.8%","438","5.4%","566","6.3%","153","5.0%","39","6.7%","15","7.6%","96","6.4%","48","4.7%","1,082","6.5%","246","5.7%","293","6.3%","7,944","6.0%","538","6.7%","1,479","6.2%","946","6.2%","3,719","6.8%","447","6.6%","98","5.5%","267","6.2%","964","6.4%","20","6.3%","1,005","5.3%","306","5.2%","18","11.3%","86","4.3%","5,872","6.3%","1,082","5.6%","2,082","4.9%","374","4.2%","101","3.7%","5","6.0%","179","5.6%","739","5.5%","233","5.1%","51","4.4%","87","5.4%","207","5.5%","1,021","5.3%","161","5.7%","71","6.2%","679","5.2%","69","3.4%","38","4.8%","233","7.1%","1,114","5.7%","3,530","6.2%"
"35 to 39 years","43,451","6.8%","1,021","5.4%","151","6.4%","1,309","9.3%","54","2.7%","51","3.2%","380","11.1%","162","6.3%","0","0.0%","205","6.6%","3,113","6.4%","91","7.0%","388","6.3%","16","6.5%","1,375","6.9%","246","5.6%","148","5.7%","133","4.1%","368","5.2%","164","8.2%","28","8.5%","3,253","6.9%","65","6.2%","86","5.6%","9","5.4%","1,568","5.6%","2,896","6.8%","350","5.7%","252","5.2%","6,328","5.8%","1,847","6.4%","90","9.7%","1,388","7.2%","2,719","6.7%","8","3.2%","141","6.3%","146","5.1%","63","3.8%","44","3.4%","41","3.1%","122","4.6%","846","5.2%","122","5.7%","24","4.5%","288","8.1%","32","8.9%","25","4.8%","10","7.5%","230","6.1%","6","1.5%","256","7.7%","3,715","7.2%","170","7.3%","1,189","7.5%","73","6.3%","152","5.0%","61","4.4%","6","1.8%","41","4.1%","703","4.8%","986","7.3%","327","5.6%","222","5.2%","1,106","5.2%","342","5.9%","1,608","6.7%","641","6.4%","1,464","5.7%","457","6.1%","170","5.1%","37","4.5%","2,571","6.1%","285","7.1%","1,028","6.4%","282","5.0%","5","1.6%","56","5.0%","19","4.6%","367","5.3%","150","4.6%","47","3.8%","77","5.5%","215","6.2%","460","7.0%","183","5.2%","443","5.5%","551","6.1%","151","4.9%","31","5.3%","6","3.0%","67","4.5%","37","3.6%","918","5.5%","243","5.6%","243","5.2%","8,449","6.4%","467","5.8%","1,615","6.8%","896","5.9%","3,932","7.2%","388","5.8%","99","5.6%","284","6.6%","957","6.4%","10","3.2%","1,024","5.4%","315","5.3%","5","3.1%","125","6.2%","5,909","6.3%","1,028","5.4%","2,222","5.2%","392","4.4%","115","4.2%","6","7.1%","167","5.2%","685","5.1%","265","5.8%","67","5.8%","92","5.7%","212","5.7%","1,060","5.5%","146","5.2%","52","4.5%","679","5.2%","97","4.7%","41","5.2%","236","7.2%","1,026","5.2%","3,690","6.5%"
"40 to 44 years","39,067","6.1%","1,018","5.4%","117","4.9%","1,240","8.8%","61","3.1%","77","4.8%","241","7.0%","129","5.0%","7","4.9%","186","5.9%","2,814","5.8%","78","6.0%","360","5.9%","10","4.0%","1,221","6.1%","271","6.2%","125","4.8%","148","4.5%","340","4.8%","117","5.9%","11","3.3%","2,566","5.5%","69","6.6%","71","4.6%","6","3.6%","1,450","5.2%","2,471","5.8%","316","5.1%","220","4.5%","5,449","5.0%","1,595","5.5%","59","6.3%","1,143","6.0%","2,534","6.2%","10","4.0%","128","5.8%","144","5.1%","97","5.9%","50","3.8%","61","4.6%","159","6.1%","872","5.4%","111","5.2%","29","5.5%","236","6.6%","11","3.1%","24","4.6%","5","3.8%","191","5.1%","15","3.7%","223","6.7%","3,309","6.4%","144","6.2%","993","6.2%","65","5.6%","130","4.2%","42","3.0%","7","2.1%","37","3.7%","626","4.3%","814","6.0%","350","6.0%","201","4.7%","951","4.5%","307","5.3%","1,482","6.2%","541","5.4%","1,494","5.8%","419","5.6%","168","5.0%","47","5.7%","2,010","4.8%","273","6.8%","983","6.1%","249","4.4%","14","4.5%","48","4.3%","15","3.6%","351","5.1%","180","5.6%","49","4.0%","62","4.4%","181","5.2%","362","5.5%","186","5.3%","468","5.8%","504","5.6%","150","4.9%","32","5.5%","8","4.0%","85","5.7%","44","4.3%","847","5.1%","238","5.5%","254","5.4%","7,896","6.0%","425","5.3%","1,558","6.6%","833","5.5%","3,390","6.2%","364","5.4%","91","5.1%","226","5.2%","831","5.5%","12","3.8%","852","4.5%","306","5.2%","11","6.9%","121","6.0%","5,394","5.8%","1,053","5.5%","2,191","5.2%","361","4.1%","95","3.5%","6","7.1%","166","5.2%","713","5.4%","238","5.2%","48","4.1%","78","4.8%","152","4.1%","1,013","5.2%","158","5.6%","64","5.6%","723","5.6%","97","4.7%","34","4.3%","196","6.0%","1,004","5.1%","3,308","5.8%"
"45 to 49 years","36,657","5.7%","997","5.3%","145","6.1%","1,009","7.2%","70","3.6%","84","5.2%","217","6.3%","128","5.0%","3","2.1%","177","5.7%","2,542","5.2%","70","5.4%","345","5.6%","10","4.0%","1,061","5.3%","248","5.7%","124","4.8%","141","4.3%","391","5.5%","113","5.7%","26","7.9%","2,346","5.0%","62","5.9%","77","5.0%","5","3.0%","1,615","5.8%","2,373","5.6%","289","4.7%","187","3.8%","5,357","4.9%","1,674","5.8%","36","3.9%","1,027","5.4%","2,242","5.5%","11","4.4%","115","5.2%","120","4.2%","87","5.3%","65","5.0%","37","2.8%","172","6.5%","835","5.1%","97","4.5%","16","3.0%","196","5.5%","16","4.4%","17","3.2%","3","2.3%","206","5.5%","17","4.2%","192","5.8%","2,810","5.4%","126","5.4%","932","5.9%","91","7.9%","153","5.0%","56","4.0%","15","4.4%","49","5.0%","738","5.1%","876","6.5%","311","5.3%","210","4.9%","1,013","4.8%","322","5.6%","1,310","5.5%","548","5.5%","1,420","5.5%","478","6.4%","174","5.2%","25","3.0%","1,900","4.5%","226","5.6%","862","5.3%","297","5.2%","9","2.9%","59","5.2%","21","5.1%","356","5.2%","210","6.5%","57","4.6%","71","5.0%","173","5.0%","367","5.6%","181","5.2%","468","5.8%","593","6.6%","169","5.5%","31","5.3%","14","7.1%","94","6.3%","48","4.7%","861","5.2%","237","5.5%","259","5.6%","8,002","6.1%","484","6.0%","1,337","5.6%","807","5.3%","2,898","5.3%","317","4.7%","113","6.4%","231","5.3%","785","5.2%","17","5.4%","983","5.2%","383","6.5%","6","3.8%","95","4.7%","5,377","5.8%","1,176","6.1%","2,415","5.7%","384","4.3%","130","4.8%","6","7.1%","171","5.4%","659","4.9%","240","5.2%","44","3.8%","102","6.3%","201","5.4%","1,118","5.8%","145","5.2%","77","6.7%","779","6.0%","93","4.5%","39","4.9%","213","6.5%","1,050","5.4%","3,205","5.7%"
"50 to 54 years","37,745","5.9%","1,271","6.7%","157","6.6%","823","5.8%","94","4.8%","79","4.9%","161","4.7%","181","7.1%","5","3.5%","178","5.7%","2,572","5.3%","69","5.3%","366","6.0%","13","5.2%","1,146","5.7%","238","5.5%","167","6.4%","209","6.4%","405","5.7%","135","6.8%","19","5.7%","2,330","5.0%","55","5.2%","97","6.3%","12","7.2%","1,566","5.6%","2,279","5.3%","347","5.7%","257","5.3%","5,425","5.0%","1,650","5.7%","32","3.4%","1,088","5.7%","2,297","5.6%","34","13.7%","117","5.3%","163","5.7%","93","5.6%","70","5.3%","91","6.8%","138","5.3%","821","5.0%","107","5.0%","34","6.4%","189","5.3%","15","4.2%","26","5.0%","4","3.0%","250","6.6%","22","5.4%","182","5.5%","2,657","5.1%","127","5.4%","851","5.4%","63","5.5%","182","5.9%","93","6.7%","34","10.0%","61","6.2%","844","5.8%","842","6.2%","426","7.3%","216","5.1%","1,173","5.5%","354","6.1%","1,331","5.5%","488","4.9%","1,444","5.6%","515","6.9%","229","6.8%","50","6.0%","2,063","4.9%","212","5.3%","885","5.5%","356","6.3%","24","7.7%","78","6.9%","21","5.1%","418","6.1%","205","6.3%","78","6.3%","101","7.2%","215","6.2%","399","6.1%","206","5.9%","477","5.9%","552","6.1%","206","6.8%","41","7.1%","14","7.1%","87","5.8%","63","6.2%","819","4.9%","293","6.8%","258","5.5%","7,807","5.9%","469","5.9%","1,364","5.8%","835","5.5%","2,861","5.2%","399","5.9%","88","5.0%","276","6.4%","875","5.8%","16","5.1%","1,024","5.4%","467","7.9%","3","1.9%","145","7.2%","5,814","6.2%","1,094","5.7%","2,716","6.4%","472","5.3%","170","6.3%","1","1.2%","168","5.3%","716","5.4%","286","6.2%","77","6.7%","111","6.8%","229","6.1%","1,193","6.1%","182","6.5%","62","5.4%","829","6.4%","111","5.4%","46","5.8%","210","6.4%","1,189","6.1%","3,404","6.0%"
"55 to 59 years","42,175","6.6%","1,830","9.7%","167","7.0%","716","5.1%","191","9.7%","119","7.4%","165","4.8%","191","7.5%","15","10.6%","264","8.4%","3,000","6.2%","83","6.4%","359","5.9%","22","8.9%","1,352","6.8%","309","7.1%","167","6.4%","319","9.8%","567","8.0%","131","6.6%","26","7.9%","2,741","5.8%","77","7.3%","146","9.5%","20","12.0%","1,743","6.2%","2,724","6.4%","398","6.5%","322","6.6%","6,292","5.8%","1,873","6.5%","24","2.6%","1,251","6.5%","2,552","6.3%","8","3.2%","143","6.4%","198","7.0%","149","9.0%","101","7.7%","111","8.3%","176","6.7%","1,113","6.8%","160","7.5%","57","10.8%","267","7.5%","33","9.2%","44","8.4%","8","6.0%","293","7.8%","60","14.9%","219","6.6%","2,831","5.5%","122","5.2%","846","5.3%","78","6.8%","275","9.0%","111","8.0%","34","10.0%","89","9.0%","1,132","7.8%","1,055","7.8%","513","8.7%","250","5.9%","1,389","6.6%","388","6.7%","1,435","6.0%","651","6.5%","1,659","6.5%","524","7.0%","283","8.4%","65","7.9%","2,687","6.4%","223","5.5%","1,063","6.6%","493","8.7%","30","9.6%","89","7.9%","40","9.7%","501","7.3%","233","7.2%","125","10.1%","116","8.2%","209","6.0%","540","8.2%","286","8.2%","614","7.6%","681","7.6%","251","8.2%","38","6.5%","25","12.6%","97","6.5%","83","8.2%","862","5.2%","317","7.4%","348","7.5%","9,100","6.9%","487","6.1%","1,571","6.6%","1,110","7.3%","3,152","5.7%","506","7.5%","108","6.1%","284","6.6%","1,101","7.4%","18","5.7%","1,441","7.7%","456","7.7%","7","4.4%","188","9.3%","6,495","7.0%","1,405","7.3%","3,419","8.0%","751","8.5%","196","7.2%","5","6.0%","224","7.0%","843","6.3%","387","8.4%","101","8.7%","147","9.1%","320","8.6%","1,389","7.2%","244","8.7%","78","6.8%","1,028","7.9%","128","6.2%","75","9.5%","225","6.8%","1,413","7.2%","4,002","7.1%"
"60 to 64 years","41,453","6.5%","2,125","11.2%","169","7.1%","604","4.3%","247","12.6%","149","9.2%","155","4.5%","186","7.3%","14","9.9%","258","8.2%","2,821","5.8%","104","8.0%","368","6.0%","28","11.3%","1,369","6.9%","302","6.9%","165","6.4%","323","9.9%","644","9.0%","161","8.1%","33","10.0%","2,533","5.4%","91","8.7%","137","8.9%","11","6.6%","1,709","6.1%","2,662","6.2%","553","9.0%","287","5.9%","6,510","6.0%","1,730","6.0%","29","3.1%","1,168","6.1%","2,461","6.1%","15","6.0%","143","6.4%","217","7.6%","111","6.7%","125","9.5%","155","11.6%","180","6.9%","1,223","7.5%","215","10.1%","58","10.9%","295","8.3%","35","9.7%","52","9.9%","9","6.8%","234","6.2%","38","9.4%","198","5.9%","2,546","4.9%","124","5.3%","789","5.0%","85","7.4%","284","9.3%","148","10.7%","54","15.8%","91","9.2%","1,374","9.5%","882","6.5%","485","8.3%","243","5.7%","1,484","7.0%","356","6.2%","1,384","5.8%","636","6.4%","1,672","6.5%","499","6.7%","331","9.8%","103","12.4%","2,819","6.7%","198","4.9%","1,102","6.8%","456","8.0%","25","8.0%","115","10.2%","45","10.9%","490","7.1%","249","7.7%","135","10.9%","146","10.4%","175","5.0%","461","7.0%","313","8.9%","609","7.5%","661","7.3%","270","8.8%","51","8.8%","13","6.6%","89","6.0%","65","6.4%","856","5.1%","268","6.2%","385","8.3%","9,532","7.2%","436","5.4%","1,633","6.9%","985","6.4%","3,376","6.1%","515","7.7%","121","6.8%","300","6.9%","1,038","6.9%","25","7.9%","1,529","8.1%","537","9.1%","7","4.4%","182","9.0%","6,853","7.4%","1,544","8.1%","4,265","10.0%","802","9.0%","275","10.2%","8","9.5%","252","7.9%","909","6.8%","470","10.2%","86","7.4%","114","7.0%","369","9.9%","1,640","8.4%","200","7.1%","108","9.4%","1,167","9.0%","226","11.0%","57","7.2%","254","7.7%","1,487","7.6%","3,885","6.9%"
"65 to 69 years","36,976","5.8%","1,899","10.0%","137","5.8%","473","3.4%","298","15.1%","205","12.7%","143","4.2%","120","4.7%","5","3.5%","256","8.2%","2,595","5.4%","83","6.4%","289","4.7%","27","10.9%","1,153","5.8%","266","6.1%","147","5.7%","383","11.7%","613","8.6%","133","6.7%","27","8.2%","1,955","4.2%","75","7.1%","143","9.3%","21","12.7%","1,421","5.1%","2,380","5.6%","612","10.0%","223","4.6%","6,302","5.8%","1,384","4.8%","6","0.6%","911","4.8%","2,043","5.0%","13","5.2%","111","5.0%","203","7.1%","134","8.1%","174","13.3%","175","13.1%","225","8.6%","1,360","8.4%","251","11.8%","44","8.3%","231","6.5%","30","8.3%","61","11.6%","23","17.3%","237","6.3%","45","11.1%","164","4.9%","1,971","3.8%","110","4.7%","651","4.1%","54","4.7%","352","11.5%","140","10.1%","31","9.1%","80","8.1%","1,369","9.4%","759","5.6%","384","6.5%","219","5.1%","1,354","6.4%","264","4.6%","1,122","4.7%","476","4.8%","1,439","5.6%","309","4.1%","344","10.2%","64","7.7%","2,439","5.8%","138","3.4%","912","5.6%","452","8.0%","29","9.3%","114","10.1%","41","10.0%","517","7.5%","312","9.7%","137","11.1%","111","7.9%","115","3.3%","360","5.5%","310","8.8%","575","7.1%","560","6.2%","277","9.1%","60","10.3%","21","10.6%","104","7.0%","62","6.1%","723","4.3%","308","7.1%","349","7.5%","8,933","6.8%","406","5.1%","1,341","5.7%","900","5.9%","2,986","5.4%","391","5.8%","125","7.1%","231","5.3%","761","5.1%","40","12.7%","1,223","6.5%","512","8.7%","22","13.8%","142","7.0%","7,241","7.8%","1,501","7.8%","4,636","10.9%","966","10.9%","297","11.0%","5","6.0%","257","8.1%","845","6.3%","521","11.3%","121","10.5%","101","6.2%","331","8.9%","1,756","9.0%","213","7.6%","154","13.4%","932","7.2%","233","11.3%","48","6.1%","214","6.5%","1,397","7.1%","3,349","5.9%"
"70 to 74 years","30,525","4.8%","1,423","7.5%","130","5.5%","380","2.7%","260","13.2%","197","12.2%","85","2.5%","83","3.2%","4","2.8%","178","5.7%","2,098","4.3%","60","4.6%","191","3.1%","24","9.7%","927","4.6%","205","4.7%","124","4.8%","304","9.3%","481","6.7%","121","6.1%","16","4.8%","1,567","3.3%","64","6.1%","112","7.3%","10","6.0%","963","3.5%","1,859","4.4%","575","9.4%","197","4.0%","5,359","4.9%","1,187","4.1%","10","1.1%","669","3.5%","1,525","3.8%","20","8.0%","90","4.0%","218","7.7%","118","7.2%","166","12.7%","181","13.6%","159","6.1%","1,228","7.5%","192","9.0%","17","3.2%","145","4.1%","29","8.1%","60","11.5%","15","11.3%","215","5.7%","35","8.7%","92","2.8%","1,388","2.7%","96","4.1%","504","3.2%","52","4.5%","316","10.3%","128","9.2%","42","12.3%","98","9.9%","1,206","8.3%","525","3.9%","305","5.2%","205","4.8%","1,308","6.2%","191","3.3%","865","3.6%","364","3.7%","1,013","3.9%","219","2.9%","269","8.0%","77","9.3%","2,007","4.8%","83","2.1%","753","4.7%","399","7.0%","23","7.4%","102","9.0%","26","6.3%","459","6.7%","201","6.2%","97","7.9%","120","8.5%","87","2.5%","302","4.6%","282","8.0%","444","5.5%","475","5.3%","255","8.4%","47","8.1%","15","7.6%","76","5.1%","63","6.2%","589","3.5%","206","4.8%","281","6.0%","7,548","5.7%","323","4.0%","1,042","4.4%","661","4.3%","2,171","4.0%","268","4.0%","90","5.1%","142","3.3%","605","4.0%","44","13.9%","1,014","5.4%","432","7.3%","12","7.5%","126","6.2%","6,780","7.3%","1,282","6.7%","3,987","9.4%","926","10.4%","286","10.6%","5","6.0%","167","5.2%","716","5.4%","421","9.2%","106","9.2%","99","6.1%","306","8.2%","1,528","7.9%","226","8.1%","125","10.8%","760","5.9%","217","10.6%","41","5.2%","163","5.0%","1,198","6.1%","2,749","4.9%"
"75 to 79 years","19,708","3.1%","828","4.4%","73","3.1%","168","1.2%","163","8.3%","138","8.6%","53","1.5%","47","1.8%","9","6.3%","103","3.3%","1,420","2.9%","31","2.4%","90","1.5%","18","7.3%","575","2.9%","123","2.8%","61","2.4%","179","5.5%","350","4.9%","93","4.7%","20","6.0%","1,045","2.2%","31","3.0%","70","4.6%","10","6.0%","646","2.3%","1,160","2.7%","439","7.2%","129","2.6%","3,801","3.5%","643","2.2%","4","0.4%","459","2.4%","1,020","2.5%","4","1.6%","54","2.4%","152","5.3%","89","5.4%","105","8.0%","131","9.8%","117","4.5%","901","5.5%","109","5.1%","16","3.0%","101","2.8%","17","4.7%","24","4.6%","7","5.3%","138","3.7%","29","7.2%","69","2.1%","873","1.7%","61","2.6%","314","2.0%","56","4.9%","179","5.9%","100","7.2%","12","3.5%","55","5.6%","783","5.4%","369","2.7%","289","4.9%","138","3.2%","979","4.6%","114","2.0%","574","2.4%","181","1.8%","602","2.3%","119","1.6%","155","4.6%","55","6.6%","1,451","3.5%","47","1.2%","435","2.7%","261","4.6%","16","5.1%","77","6.8%","18","4.4%","343","5.0%","150","4.6%","75","6.1%","99","7.0%","67","1.9%","203","3.1%","193","5.5%","283","3.5%","237","2.6%","153","5.0%","34","5.9%","10","5.1%","49","3.3%","65","6.4%","385","2.3%","153","3.6%","177","3.8%","4,661","3.5%","213","2.7%","657","2.8%","491","3.2%","1,322","2.4%","182","2.7%","66","3.7%","111","2.6%","402","2.7%","36","11.4%","733","3.9%","245","4.1%","9","5.7%","105","5.2%","4,191","4.5%","808","4.2%","2,185","5.1%","658","7.4%","167","6.2%","3","3.6%","103","3.2%","459","3.4%","252","5.5%","74","6.4%","88","5.4%","176","4.7%","913","4.7%","141","5.0%","62","5.4%","425","3.3%","89","4.3%","45","5.7%","136","4.1%","795","4.1%","1,731","3.1%"
"80 to 84 years","12,705","2.0%","365","1.9%","40","1.7%","76","0.5%","114","5.8%","73","4.5%","31","0.9%","44","1.7%","7","4.9%","62","2.0%","986","2.0%","16","1.2%","94","1.5%","8","3.2%","377","1.9%","116","2.7%","63","2.4%","83","2.5%","209","2.9%","64","3.2%","7","2.1%","806","1.7%","22","2.1%","41","2.7%","7","4.2%","460","1.6%","732","1.7%","211","3.4%","80","1.6%","2,584","2.4%","501","1.7%","2","0.2%","270","1.4%","621","1.5%","4","1.6%","22","1.0%","87","3.1%","47","2.8%","54","4.1%","57","4.3%","76","2.9%","498","3.1%","80","3.8%","22","4.2%","89","2.5%","17","4.7%","23","4.4%","1","0.8%","86","2.3%","16","4.0%","50","1.5%","602","1.2%","56","2.4%","226","1.4%","25","2.2%","111","3.6%","39","2.8%","5","1.5%","34","3.4%","480","3.3%","290","2.1%","170","2.9%","94","2.2%","616","2.9%","69","1.2%","371","1.5%","135","1.4%","389","1.5%","78","1.0%","103","3.1%","26","3.1%","1,072","2.6%","27","0.7%","268","1.7%","183","3.2%","14","4.5%","49","4.3%","10","2.4%","191","2.8%","98","3.0%","47","3.8%","51","3.6%","23","0.7%","134","2.0%","92","2.6%","198","2.4%","199","2.2%","105","3.4%","16","2.8%","4","2.0%","42","2.8%","26","2.6%","283","1.7%","83","1.9%","85","1.8%","2,664","2.0%","125","1.6%","416","1.8%","282","1.8%","895","1.6%","83","1.2%","50","2.8%","64","1.5%","293","2.0%","10","3.2%","479","2.5%","131","2.2%","4","2.5%","44","2.2%","2,504","2.7%","416","2.2%","977","2.3%","373","4.2%","99","3.7%","2","2.4%","78","2.4%","277","2.1%","140","3.0%","41","3.5%","47","2.9%","105","2.8%","495","2.5%","89","3.2%","32","2.8%","270","2.1%","61","3.0%","14","1.8%","78","2.4%","531","2.7%","1,003","1.8%"
"85 years and over","12,429","1.9%","237","1.3%","59","2.5%","71","0.5%","30","1.5%","73","4.5%","30","0.9%","44","1.7%","2","1.4%","40","1.3%","989","2.0%","6","0.5%","82","1.3%","11","4.4%","339","1.7%","98","2.2%","44","1.7%","63","1.9%","178","2.5%","51","2.6%","6","1.8%","723","1.5%","19","1.8%","51","3.3%","2","1.2%","348","1.2%","576","1.3%","175","2.9%","66","1.4%","2,455","2.3%","450","1.6%","4","0.4%","302","1.6%","669","1.6%","3","1.2%","31","1.4%","77","2.7%","39","2.4%","50","3.8%","34","2.6%","130","4.9%","459","2.8%","38","1.8%","13","2.5%","73","2.0%","11","3.1%","28","5.3%","9","6.8%","97","2.6%","9","2.2%","36","1.1%","573","1.1%","51","2.2%","179","1.1%","13","1.1%","65","2.1%","45","3.2%","12","3.5%","15","1.5%","325","2.2%","289","2.1%","139","2.4%","82","1.9%","530","2.5%","58","1.0%","341","1.4%","125","1.3%","265","1.0%","57","0.8%","94","2.8%","27","3.3%","986","2.4%","27","0.7%","145","0.9%","126","2.2%","14","4.5%","59","5.2%","16","3.9%","161","2.3%","87","2.7%","24","1.9%","37","2.6%","27","0.8%","118","1.8%","64","1.8%","218","2.7%","175","1.9%","90","2.9%","12","2.1%","6","3.0%","17","1.1%","32","3.1%","274","1.6%","85","2.0%","66","1.4%","2,360","1.8%","88","1.1%","361","1.5%","249","1.6%","950","1.7%","102","1.5%","51","2.9%","66","1.5%","225","1.5%","8","2.5%","393","2.1%","97","1.6%","1","0.6%","39","1.9%","2,342","2.5%","357","1.9%","622","1.5%","317","3.6%","65","2.4%","2","2.4%","78","2.4%","232","1.7%","119","2.6%","23","2.0%","43","2.6%","75","2.0%","440","2.3%","57","2.0%","20","1.7%","193","1.5%","69","3.4%","19","2.4%","89","2.7%","379","1.9%","820","1.4%"
"Selected Age Categories","","","","","","","","","","","","","","","","","","","","","","","","","","","","","","","","","","","","","","","","","","","","","","","","","","","","","","","","","","","","","","","","","","","","","","","","","","","","","","","","","","","","","","","","","","","","","","","","","","","","","","","","","","","","","","","","","","","","","","","","","","","","","","","","","","","","","","","","","","","","","","","","","","","","","","","","","","","","","","","","","","","","","","","","","","","","","","","","","","","","","","","","","","","","","","","","","","","","","","","","","","","","","","","","","","","","","","","","","","","","","","","","","","","","","","","","","","","","","","","","","","","","","","","","","","","","","","","","","","","",""
"16 years and over","522,658","81.5%","15,909","84.1%","1,874","79.0%","10,720","76.2%","1,804","91.7%","1,461","90.6%","2,832","82.6%","1,974","77.2%","112","78.9%","2,503","80.0%","36,964","76.2%","994","76.2%","4,613","75.4%","217","87.5%","15,902","79.6%","3,426","78.5%","1,924","74.3%","2,780","85.2%","5,915","82.9%","1,719","86.3%","269","81.3%","35,784","76.1%","830","79.0%","1,265","82.6%","142","85.5%","21,004","75.3%","32,932","77.1%","5,426","88.4%","3,542","72.8%","88,145","81.4%","21,943","76.3%","628","67.5%","14,475","75.5%","31,481","77.4%","196","78.7%","1,654","74.4%","2,273","79.8%","1,337","81.0%","1,156","88.1%","1,218","91.5%","2,158","82.1%","13,525","83.1%","1,799","84.3%","407","76.8%","2,991","84.0%","301","83.6%","455","86.8%","119","89.5%","2,993","79.3%","351","86.9%","2,468","74.1%","38,313","74.1%","1,771","75.9%","11,639","73.2%","897","77.7%","2,663","87.1%","1,208","87.2%","302","88.6%","820","83.0%","12,148","83.8%","10,856","80.1%","4,745","80.9%","3,406","79.8%","16,461","77.8%","4,358","75.5%","18,107","75.4%","7,367","74.0%","19,714","76.7%","5,662","75.9%","2,867","85.3%","709","85.6%","33,929","80.9%","2,860","71.1%","12,582","77.8%","4,572","80.4%","259","83.3%","969","85.8%","342","83.2%","5,482","79.5%","2,717","84.0%","1,058","85.7%","1,232","87.4%","2,477","71.3%","5,313","80.7%","2,920","83.3%","6,595","81.4%","7,284","81.0%","2,585","84.7%","505","86.9%","177","89.4%","1,150","77.2%","806","79.3%","13,022","78.0%","3,409","79.1%","3,751","80.4%","104,959","79.6%","6,064","75.7%","18,474","78.0%","11,743","76.8%","41,815","76.2%","5,111","76.0%","1,428","80.8%","3,276","75.7%","11,627","77.6%","294","93.0%","15,520","82.5%","4,946","83.8%","140","88.1%","1,685","83.5%","78,725","84.5%","15,727","82.1%","36,728","86.4%","7,695","86.8%","2,328","85.9%","65","77.4%","2,503","78.6%","10,926","82.0%","4,067","88.5%","1,001","86.5%","1,333","82.1%","3,133","83.8%","16,247","83.7%","2,383","85.0%","1,031","89.4%","10,573","81.4%","1,749","85.1%","608","76.9%","2,745","83.5%","15,689","80.0%","44,690","79.0%"
"18 years and over","506,151","79.0%","15,520","82.1%","1,805","76.1%","10,295","73.1%","1,779","90.4%","1,437","89.1%","2,739","79.9%","1,892","74.0%","103","72.5%","2,408","77.0%","35,476","73.2%","968","74.2%","4,385","71.7%","216","87.1%","15,385","77.0%","3,302","75.6%","1,855","71.6%","2,703","82.8%","5,746","80.6%","1,659","83.2%","260","78.5%","34,395","73.1%","808","77.0%","1,220","79.6%","140","84.3%","19,967","71.6%","31,591","74.0%","5,287","86.1%","3,361","69.0%","85,380","78.8%","20,946","72.9%","610","65.6%","13,925","72.6%","30,242","74.4%","183","73.5%","1,571","70.7%","2,192","77.0%","1,293","78.4%","1,137","86.7%","1,199","90.1%","2,086","79.4%","13,174","80.9%","1,750","82.0%","398","75.1%","2,896","81.3%","292","81.1%","443","84.5%","118","88.7%","2,898","76.8%","341","84.4%","2,373","71.3%","36,722","71.0%","1,700","72.9%","11,082","69.7%","859","74.4%","2,595","84.8%","1,170","84.5%","296","86.8%","787","79.7%","11,830","81.6%","10,466","77.2%","4,584","78.1%","3,304","77.4%","15,814","74.7%","4,148","71.9%","17,329","72.1%","6,995","70.3%","18,781","73.1%","5,427","72.8%","2,799","83.3%","700","84.5%","32,993","78.6%","2,719","67.6%","12,062","74.6%","4,444","78.2%","249","80.1%","950","84.1%","333","81.0%","5,296","76.8%","2,661","82.3%","1,023","82.9%","1,207","85.7%","2,337","67.3%","5,108","77.6%","2,845","81.2%","6,375","78.7%","7,052","78.4%","2,522","82.7%","484","83.3%","173","87.4%","1,113","74.7%","767","75.5%","12,560","75.3%","3,276","76.0%","3,650","78.2%","101,226","76.8%","5,804","72.5%","17,789","75.1%","11,218","73.4%","40,087","73.0%","4,915","73.1%","1,383","78.2%","3,133","72.4%","11,139","74.4%","288","91.1%","15,037","80.0%","4,811","81.5%","136","85.5%","1,639","81.2%","76,738","82.4%","15,267","79.7%","35,845","84.3%","7,538","85.0%","2,257","83.3%","64","76.2%","2,429","76.3%","10,582","79.4%","3,978","86.5%","978","84.5%","1,284","79.1%","3,062","81.9%","15,805","81.4%","2,325","82.9%","1,013","87.9%","10,224","78.7%","1,709","83.2%","586","74.1%","2,674","81.3%","15,171","77.3%","42,968","75.9%"
"21 years and over","479,651","74.8%","15,032","79.5%","1,711","72.1%","9,714","69.0%","1,748","88.9%","1,410","87.5%","2,589","75.5%","1,780","69.6%","100","70.4%","2,300","73.5%","33,437","69.0%","924","70.8%","3,988","65.2%","213","85.9%","14,692","73.6%","3,091","70.8%","1,759","67.9%","2,630","80.6%","5,528","77.5%","1,609","80.7%","253","76.4%","32,331","68.7%","771","73.4%","1,173","76.6%","138","83.1%","18,511","66.4%","29,849","69.9%","5,100","83.1%","3,126","64.2%","78,925","72.9%","19,635","68.3%","577","62.0%","13,201","68.8%","28,578","70.3%","169","67.9%","1,478","66.5%","2,109","74.1%","1,243","75.3%","1,110","84.6%","1,183","88.9%","1,995","75.9%","12,498","76.7%","1,691","79.3%","394","74.3%","2,776","77.9%","283","78.6%","435","83.0%","117","88.0%","2,792","74.0%","337","83.4%","2,224","66.8%","34,170","66.0%","1,619","69.4%","10,406","65.4%","821","71.1%","2,499","81.7%","1,141","82.4%","285","83.6%","765","77.4%","11,466","79.1%","10,075","74.3%","4,398","74.9%","2,954","69.2%","15,061","71.2%","3,876","67.2%","16,240","67.6%","6,569","66.0%","17,586","68.4%","5,150","69.1%","2,695","80.2%","679","82.0%","30,825","73.5%","2,499","62.1%","11,374","70.3%","4,273","75.2%","244","78.5%","931","82.5%","321","78.1%","5,063","73.4%","2,534","78.4%","993","80.5%","1,169","83.0%","2,176","62.7%","4,845","73.6%","2,723","77.7%","6,054","74.7%","6,698","74.4%","2,440","80.0%","462","79.5%","168","84.8%","1,051","70.5%","725","71.4%","11,228","67.3%","3,101","72.0%","3,479","74.6%","96,465","73.2%","5,459","68.2%","16,828","71.1%","10,624","69.5%","37,731","68.7%","4,700","69.9%","1,290","73.0%","2,958","68.4%","10,478","70.0%","281","88.9%","13,937","74.1%","4,614","78.2%","129","81.1%","1,571","77.8%","73,703","79.1%","14,512","75.8%","34,800","81.9%","7,323","82.6%","2,193","81.0%","63","75.0%","2,322","72.9%","9,548","71.6%","3,874","84.3%","935","80.8%","1,244","76.6%","2,950","78.9%","15,181","78.2%","2,213","78.9%","988","85.7%","9,719","74.8%","1,635","79.6%","564","71.3%","2,583","78.6%","14,482","73.8%","40,702","71.9%"
"62 years and over","136,782","21.3%","6,014","31.8%","534","22.5%","1,531","10.9%","1,005","51.1%","774","48.0%","424","12.4%","440","17.2%","33","23.2%","793","25.4%","9,736","20.1%","257","19.7%","959","15.7%","100","40.3%","4,178","20.9%","967","22.2%","541","20.9%","1,179","36.1%","2,227","31.2%","566","28.4%","98","29.6%","7,578","16.1%","267","25.4%","487","31.8%","59","35.5%","4,864","17.4%","8,307","19.5%","2,354","38.3%","855","17.6%","24,345","22.5%","5,188","18.0%","41","4.4%","3,321","17.3%","7,326","18.0%","49","19.7%","399","17.9%","885","31.1%","485","29.4%","628","47.9%","673","50.6%","810","30.8%","5,209","32.0%","812","38.1%","144","27.2%","807","22.7%","124","34.4%","234","44.7%","60","45.1%","919","24.4%","162","40.1%","531","16.0%","6,834","13.2%","445","19.1%","2,318","14.6%","247","21.4%","1,208","39.5%","548","39.6%","139","40.8%","335","33.9%","5,021","34.6%","2,731","20.2%","1,566","26.7%","894","21.0%","5,681","26.8%","909","15.8%","4,055","16.9%","1,632","16.4%","4,656","18.1%","1,075","14.4%","1,165","34.7%","305","36.8%","9,584","22.8%","441","11.0%","3,188","19.7%","1,703","30.0%","115","37.0%","481","42.6%","139","33.8%","1,983","28.8%","996","30.8%","463","37.5%","512","36.3%","412","11.9%","1,379","21.0%","1,135","32.4%","2,078","25.6%","2,058","22.9%","1,042","34.2%","201","34.6%","59","29.8%","349","23.4%","286","28.1%","2,772","16.6%","980","22.7%","1,185","25.4%","31,832","24.1%","1,392","17.4%","4,759","20.1%","3,163","20.7%","10,364","18.9%","1,313","19.5%","442","25.0%","788","18.2%","2,905","19.4%","154","48.7%","4,756","25.3%","1,745","29.6%","53","33.3%","553","27.4%","27,185","29.2%","5,271","27.5%","15,036","35.4%","3,728","42.0%","1,078","39.8%","23","27.4%","832","26.1%","3,073","23.1%","1,733","37.7%","413","35.7%","440","27.1%","1,203","32.2%","6,127","31.6%","843","30.1%","468","40.6%","3,275","25.2%","835","40.6%","198","25.0%","830","25.2%","5,170","26.3%","11,834","20.9%"
"65 years and over","112,343","17.5%","4,752","25.1%","439","18.5%","1,168","8.3%","865","44.0%","686","42.6%","342","10.0%","338","13.2%","27","19.0%","639","20.4%","8,088","16.7%","196","15.0%","746","12.2%","88","35.5%","3,371","16.9%","808","18.5%","439","16.9%","1,012","31.0%","1,831","25.7%","462","23.2%","76","23.0%","6,096","13.0%","211","20.1%","417","27.2%","50","30.1%","3,838","13.8%","6,707","15.7%","2,012","32.8%","695","14.3%","20,501","18.9%","4,165","14.5%","26","2.8%","2,611","13.6%","5,878","14.5%","44","17.7%","308","13.9%","737","25.9%","427","25.9%","549","41.8%","578","43.4%","707","26.9%","4,446","27.3%","670","31.4%","112","21.1%","639","17.9%","104","28.9%","196","37.4%","55","41.4%","773","20.5%","134","33.2%","411","12.3%","5,407","10.5%","374","16.0%","1,874","11.8%","200","17.3%","1,023","33.4%","452","32.6%","102","29.9%","282","28.5%","4,163","28.7%","2,232","16.5%","1,287","21.9%","738","17.3%","4,787","22.6%","696","12.1%","3,273","13.6%","1,281","12.9%","3,708","14.4%","782","10.5%","965","28.7%","249","30.1%","7,955","19.0%","322","8.0%","2,513","15.5%","1,421","25.0%","96","30.9%","401","35.5%","111","27.0%","1,671","24.2%","848","26.2%","380","30.8%","418","29.7%","319","9.2%","1,117","17.0%","941","26.9%","1,718","21.2%","1,646","18.3%","880","28.8%","169","29.1%","56","28.3%","288","19.3%","248","24.4%","2,254","13.5%","835","19.4%","958","20.5%","26,166","19.8%","1,155","14.4%","3,817","16.1%","2,583","16.9%","8,324","15.2%","1,026","15.3%","382","21.6%","614","14.2%","2,286","15.3%","138","43.7%","3,842","20.4%","1,417","24.0%","48","30.2%","456","22.6%","23,058","24.8%","4,364","22.8%","12,407","29.2%","3,240","36.5%","914","33.7%","17","20.2%","683","21.5%","2,529","19.0%","1,453","31.6%","365","31.5%","378","23.3%","993","26.6%","5,132","26.4%","726","25.9%","393","34.1%","2,580","19.9%","669","32.6%","167","21.1%","680","20.7%","4,300","21.9%","9,652","17.1%"
"Male population","312,275","100.0%","9,656","100.0%","1,120","100.0%","7,450","100.0%","1,034","100.0%","844","100.0%","2,054","100.0%","1,313","100.0%","63","100.0%","1,587","100.0%","23,768","100.0%","702","100.0%","3,037","100.0%","117","100.0%","10,013","100.0%","2,074","100.0%","1,231","100.0%","1,682","100.0%","3,548","100.0%","843","100.0%","168","100.0%","23,802","100.0%","532","100.0%","746","100.0%","95","100.0%","13,541","100.0%","20,847","100.0%","3,291","100.0%","2,376","100.0%","52,697","100.0%","13,902","100.0%","496","100.0%","9,594","100.0%","20,792","100.0%","116","100.0%","1,128","100.0%","1,334","100.0%","830","100.0%","664","100.0%","710","100.0%","1,270","100.0%","7,947","100.0%","1,074","100.0%","270","100.0%","2,077","100.0%","171","100.0%","258","100.0%","69","100.0%","1,899","100.0%","207","100.0%","1,735","100.0%","26,765","100.0%","1,224","100.0%","8,081","100.0%","584","100.0%","1,503","100.0%","713","100.0%","174","100.0%","530","100.0%","7,006","100.0%","6,855","100.0%","2,963","100.0%","2,338","100.0%","10,320","100.0%","2,783","100.0%","11,484","100.0%","4,824","100.0%","12,638","100.0%","3,597","100.0%","1,704","100.0%","431","100.0%","21,373","100.0%","1,950","100.0%","8,711","100.0%","2,800","100.0%","159","100.0%","575","100.0%","207","100.0%","3,353","100.0%","1,577","100.0%","631","100.0%","657","100.0%","1,694","100.0%","3,241","100.0%","1,743","100.0%","3,870","100.0%","4,395","100.0%","1,599","100.0%","329","100.0%","94","100.0%","763","100.0%","524","100.0%","8,260","100.0%","2,198","100.0%","2,293","100.0%","64,133","100.0%","3,913","100.0%","11,739","100.0%","7,507","100.0%","26,697","100.0%","3,365","100.0%","865","100.0%","2,117","100.0%","7,421","100.0%","175","100.0%","9,229","100.0%","2,971","100.0%","90","100.0%","1,037","100.0%","44,305","100.0%","9,398","100.0%","21,178","100.0%","4,425","100.0%","1,356","100.0%","47","100.0%","1,593","100.0%","6,910","100.0%","2,211","100.0%","586","100.0%","832","100.0%","1,894","100.0%","9,286","100.0%","1,406","100.0%","603","100.0%","6,591","100.0%","1,018","100.0%","399","100.0%","1,852","100.0%","9,681","100.0%","28,764","100.0%"
"Male population Under 5 years","16,718","5.4%","369","3.8%","72","6.4%","390","5.2%","22","2.1%","31","3.7%","87","4.2%","73","5.6%","4","6.3%","83","5.2%","1,625","6.8%","46","6.6%","189","6.2%","5","4.3%","599","6.0%","144","6.9%","75","6.1%","49","2.9%","177","5.0%","36","4.3%","8","4.8%","1,716","7.2%","27","5.1%","25","3.4%","4","4.2%","965","7.1%","1,396","6.7%","98","3.0%","171","7.2%","2,850","5.4%","894","6.4%","66","13.3%","693","7.2%","1,342","6.5%","11","9.5%","83","7.4%","67","5.0%","41","4.9%","14","2.1%","19","2.7%","53","4.2%","401","5.0%","43","4.0%","14","5.2%","103","5.0%","10","5.8%","11","4.3%","0","0.0%","130","6.8%","2","1.0%","110","6.3%","1,949","7.3%","81","6.6%","609","7.5%","36","6.2%","64","4.3%","28","3.9%","4","2.3%","25","4.7%","342","4.9%","364","5.3%","154","5.2%","114","4.9%","687","6.7%","171","6.1%","774","6.7%","325","6.7%","732","5.8%","187","5.2%","68","4.0%","21","4.9%","1,316","6.2%","172","8.8%","443","5.1%","172","6.1%","6","3.8%","17","3.0%","8","3.9%","211","6.3%","56","3.6%","29","4.6%","20","3.0%","136","8.0%","162","5.0%","74","4.2%","189","4.9%","234","5.3%","64","4.0%","7","2.1%","7","7.4%","51","6.7%","23","4.4%","513","6.2%","149","6.8%","120","5.2%","3,440","5.4%","323","8.3%","649","5.5%","463","6.2%","1,778","6.7%","190","5.6%","46","5.3%","128","6.0%","423","5.7%","8","4.6%","460","5.0%","142","4.8%","5","5.6%","45","4.3%","1,980","4.5%","459","4.9%","746","3.5%","164","3.7%","53","3.9%","5","10.6%","80","5.0%","351","5.1%","60","2.7%","19","3.2%","33","4.0%","98","5.2%","420","4.5%","60","4.3%","15","2.5%","313","4.7%","52","5.1%","33","8.3%","75","4.0%","519","5.4%","1,560","5.4%"
"Male population 5 to 9 years","18,759","6.0%","494","5.1%","50","4.5%","561","7.5%","28","2.7%","26","3.1%","93","4.5%","106","8.1%","2","3.2%","90","5.7%","1,831","7.7%","33","4.7%","225","7.4%","2","1.7%","673","6.7%","146","7.0%","115","9.3%","89","5.3%","171","4.8%","41","4.9%","7","4.2%","1,822","7.7%","32","6.0%","51","6.8%","5","5.3%","1,070","7.9%","1,510","7.2%","118","3.6%","215","9.0%","3,238","6.1%","1,104","7.9%","64","12.9%","768","8.0%","1,529","7.4%","4","3.4%","70","6.2%","86","6.4%","60","7.2%","30","4.5%","16","2.3%","56","4.4%","404","5.1%","62","5.8%","22","8.1%","84","4.0%","16","9.4%","7","2.7%","1","1.4%","98","5.2%","11","5.3%","154","8.9%","2,145","8.0%","99","8.1%","644","8.0%","49","8.4%","64","4.3%","28","3.9%","8","4.6%","25","4.7%","359","5.1%","431","6.3%","168","5.7%","131","5.6%","773","7.5%","206","7.4%","944","8.2%","400","8.3%","954","7.5%","312","8.7%","82","4.8%","14","3.2%","1,266","5.9%","187","9.6%","553","6.3%","165","5.9%","10","6.3%","30","5.2%","7","3.4%","220","6.6%","99","6.3%","33","5.2%","33","5.0%","151","8.9%","192","5.9%","85","4.9%","228","5.9%","259","5.9%","68","4.3%","18","5.5%","5","5.3%","61","8.0%","42","8.0%","552","6.7%","137","6.2%","129","5.6%","4,392","6.8%","297","7.6%","830","7.1%","595","7.9%","2,071","7.8%","262","7.8%","47","5.4%","157","7.4%","557","7.5%","5","2.9%","502","5.4%","138","4.6%","5","5.6%","55","5.3%","2,187","4.9%","541","5.8%","911","4.3%","218","4.9%","41","3.0%","1","2.1%","131","8.2%","390","5.6%","69","3.1%","28","4.8%","48","5.8%","88","4.6%","502","5.4%","59","4.2%","18","3.0%","370","5.6%","41","4.0%","33","8.3%","94","5.1%","653","6.7%","1,880","6.5%"
"Male population 10 to 14 years","20,824","6.7%","585","6.1%","113","10.1%","640","8.6%","26","2.5%","16","1.9%","108","5.3%","98","7.5%","7","11.1%","126","7.9%","2,014","8.5%","79","11.3%","258","8.5%","2","1.7%","683","6.8%","158","7.6%","113","9.2%","92","5.5%","229","6.5%","44","5.2%","8","4.8%","1,863","7.8%","43","8.1%","43","5.8%","1","1.1%","1,308","9.7%","1,730","8.3%","105","3.2%","246","10.4%","3,415","6.5%","1,255","9.0%","32","6.5%","765","8.0%","1,556","7.5%","8","6.9%","106","9.4%","108","8.1%","66","8.0%","24","3.6%","24","3.4%","97","7.6%","518","6.5%","64","6.0%","21","7.8%","101","4.9%","3","1.8%","8","3.1%","4","5.8%","124","6.5%","7","3.4%","179","10.3%","2,252","8.4%","88","7.2%","776","9.6%","52","8.9%","70","4.7%","31","4.3%","7","4.0%","31","5.8%","406","5.8%","442","6.4%","235","7.9%","147","6.3%","768","7.4%","277","10.0%","1,028","9.0%","445","9.2%","1,142","9.0%","351","9.8%","84","4.9%","31","7.2%","1,309","6.1%","209","10.7%","652","7.5%","191","6.8%","7","4.4%","34","5.9%","16","7.7%","233","6.9%","78","4.9%","28","4.4%","28","4.3%","182","10.7%","216","6.7%","123","7.1%","264","6.8%","316","7.2%","72","4.5%","18","5.5%","2","2.1%","52","6.8%","41","7.8%","641","7.8%","159","7.2%","173","7.5%","5,064","7.9%","307","7.8%","979","8.3%","628","8.4%","2,348","8.8%","299","8.9%","61","7.1%","199","9.4%","642","8.7%","1","0.6%","547","5.9%","160","5.4%","1","1.1%","65","6.3%","2,557","5.8%","603","6.4%","1,065","5.0%","212","4.8%","75","5.5%","1","2.1%","103","6.5%","415","6.0%","99","4.5%","19","3.2%","51","6.1%","124","6.5%","548","5.9%","81","5.8%","20","3.3%","400","6.1%","52","5.1%","19","4.8%","105","5.7%","758","7.8%","2,258","7.9%"
"Male population 15 to 19 years","21,139","6.8%","491","5.1%","77","6.9%","583","7.8%","26","2.5%","29","3.4%","129","6.3%","105","8.0%","7","11.1%","103","6.5%","1,871","7.9%","42","6.0%","304","10.0%","3","2.6%","643","6.4%","143","6.9%","83","6.7%","85","5.1%","205","5.8%","61","7.2%","11","6.5%","1,735","7.3%","33","6.2%","56","7.5%","1","1.1%","1,245","9.2%","1,568","7.5%","197","6.0%","220","9.3%","3,956","7.5%","1,203","8.7%","29","5.8%","686","7.2%","1,485","7.1%","9","7.8%","83","7.4%","91","6.8%","50","6.0%","28","4.2%","23","3.2%","87","6.9%","510","6.4%","52","4.8%","11","4.1%","131","6.3%","13","7.6%","13","5.0%","1","1.4%","115","6.1%","11","5.3%","128","7.4%","2,057","7.7%","91","7.4%","731","9.0%","50","8.6%","83","5.5%","43","6.0%","7","4.0%","29","5.5%","382","5.5%","451","6.6%","193","6.5%","193","8.3%","770","7.5%","250","9.0%","946","8.2%","457","9.5%","1,134","9.0%","302","8.4%","101","5.9%","20","4.6%","1,423","6.7%","201","10.3%","670","7.7%","180","6.4%","7","4.4%","24","4.2%","8","3.9%","235","7.0%","93","5.9%","29","4.6%","31","4.7%","154","9.1%","276","8.5%","106","6.1%","258","6.7%","300","6.8%","84","5.3%","28","8.5%","3","3.2%","58","7.6%","47","9.0%","779","9.4%","172","7.8%","144","6.3%","4,575","7.1%","324","8.3%","857","7.3%","601","8.0%","2,150","8.1%","241","7.2%","74","8.6%","208","9.8%","592","8.0%","8","4.6%","736","8.0%","168","5.7%","7","7.8%","60","5.8%","2,606","5.9%","594","6.3%","1,037","4.9%","195","4.4%","67","4.9%","1","2.1%","111","7.0%","654","9.5%","100","4.5%","37","6.3%","51","6.1%","97","5.1%","566","6.1%","98","7.0%","25","4.1%","445","6.8%","61","6.0%","24","6.0%","93","5.0%","613","6.3%","2,143","7.5%"
"Male population 20 to 24 years","22,520","7.2%","321","3.3%","56","5.0%","467","6.3%","25","2.4%","26","3.1%","242","11.8%","85","6.5%","8","12.7%","60","3.8%","1,567","6.6%","29","4.1%","241","7.9%","2","1.7%","663","6.6%","139","6.7%","66","5.4%","56","3.3%","164","4.6%","30","3.6%","6","3.6%","2,138","9.0%","20","3.8%","21","2.8%","6","6.3%","1,050","7.8%","1,306","6.3%","196","6.0%","148","6.2%","5,870","11.1%","954","6.9%","43","8.7%","591","6.2%","1,417","6.8%","8","6.9%","68","6.0%","70","5.2%","40","4.8%","18","2.7%","31","4.4%","68","5.4%","473","6.0%","31","2.9%","9","3.3%","102","4.9%","6","3.5%","8","3.1%","3","4.3%","110","5.8%","6","2.9%","119","6.9%","2,000","7.5%","73","6.0%","546","6.8%","27","4.6%","56","3.7%","26","3.6%","9","5.2%","28","5.3%","261","3.7%","292","4.3%","108","3.6%","327","14.0%","530","5.1%","168","6.0%","669","5.8%","293","6.1%","846","6.7%","211","5.9%","86","5.0%","17","3.9%","2,224","10.4%","138","7.1%","593","6.8%","102","3.6%","6","3.8%","12","2.1%","7","3.4%","140","4.2%","82","5.2%","19","3.0%","26","4.0%","113","6.7%","198","6.1%","69","4.0%","232","6.0%","244","5.6%","64","4.0%","11","3.3%","0","0.0%","43","5.6%","25","4.8%","971","11.8%","119","5.4%","126","5.5%","3,250","5.1%","281","7.2%","662","5.6%","419","5.6%","1,682","6.3%","193","5.7%","43","5.0%","128","6.0%","483","6.5%","5","2.9%","772","8.4%","130","4.4%","6","6.7%","36","3.5%","2,395","5.4%","487","5.2%","839","4.0%","142","3.2%","50","3.7%","1","2.1%","89","5.6%","809","11.7%","84","3.8%","24","4.1%","35","4.2%","81","4.3%","454","4.9%","63","4.5%","21","3.5%","410","6.2%","56","5.5%","19","4.8%","82","4.4%","522","5.4%","1,807","6.3%"
"Male population 25 to 29 years","22,974","7.4%","335","3.5%","64","5.7%","525","7.0%","40","3.9%","35","4.1%","228","11.1%","88","6.7%","5","7.9%","64","4.0%","1,495","6.3%","62","8.8%","183","6.0%","10","8.5%","682","6.8%","129","6.2%","73","5.9%","74","4.4%","192","5.4%","43","5.1%","10","6.0%","2,113","8.9%","32","6.0%","34","4.6%","3","3.2%","898","6.6%","1,307","6.3%","156","4.7%","153","6.4%","4,095","7.8%","899","6.5%","73","14.7%","657","6.8%","1,509","7.3%","4","3.4%","75","6.6%","58","4.3%","37","4.5%","22","3.3%","19","2.7%","66","5.2%","387","4.9%","31","2.9%","15","5.6%","171","8.2%","14","8.2%","12","4.7%","2","2.9%","121","6.4%","10","4.8%","91","5.2%","2,145","8.0%","76","6.2%","528","6.5%","23","3.9%","54","3.6%","40","5.6%","5","2.9%","22","4.2%","329","4.7%","445","6.5%","119","4.0%","142","6.1%","580","5.6%","188","6.8%","810","7.1%","316","6.6%","896","7.1%","257","7.1%","47","2.8%","18","4.2%","1,779","8.3%","134","6.9%","619","7.1%","118","4.2%","7","4.4%","18","3.1%","11","5.3%","182","5.4%","88","5.6%","21","3.3%","34","5.2%","140","8.3%","197","6.1%","76","4.4%","226","5.8%","269","6.1%","70","4.4%","13","4.0%","7","7.4%","36","4.7%","44","8.4%","650","7.9%","126","5.7%","156","6.8%","3,258","5.1%","299","7.6%","718","6.1%","450","6.0%","1,690","6.3%","218","6.5%","67","7.7%","127","6.0%","500","6.7%","5","2.9%","597","6.5%","132","4.4%","10","11.1%","61","5.9%","2,618","5.9%","519","5.5%","949","4.5%","179","4.0%","66","4.9%","4","8.5%","91","5.7%","460","6.7%","84","3.8%","30","5.1%","48","5.8%","85","4.5%","451","4.9%","85","6.0%","31","5.1%","366","5.6%","45","4.4%","19","4.8%","140","7.6%","554","5.7%","1,837","6.4%"
"Male population 30 to 34 years","22,808","7.3%","459","4.8%","71","6.3%","689","9.2%","38","3.7%","30","3.6%","200","9.7%","96","7.3%","2","3.2%","90","5.7%","1,548","6.5%","36","5.1%","172","5.7%","5","4.3%","761","7.6%","106","5.1%","73","5.9%","76","4.5%","185","5.2%","37","4.4%","6","3.6%","1,820","7.6%","33","6.2%","15","2.0%","3","3.2%","763","5.6%","1,436","6.9%","207","6.3%","164","6.9%","3,398","6.4%","810","5.8%","41","8.3%","640","6.7%","1,489","7.2%","8","6.9%","73","6.5%","56","4.2%","41","4.9%","22","3.3%","15","2.1%","50","3.9%","408","5.1%","45","4.2%","6","2.2%","195","9.4%","4","2.3%","7","2.7%","7","10.1%","118","6.2%","6","2.9%","100","5.8%","2,178","8.1%","90","7.4%","536","6.6%","34","5.8%","56","3.7%","34","4.8%","5","2.9%","24","4.5%","350","5.0%","590","8.6%","154","5.2%","150","6.4%","528","5.1%","248","8.9%","834","7.3%","344","7.1%","911","7.2%","315","8.8%","71","4.2%","20","4.6%","1,463","6.8%","140","7.2%","645","7.4%","154","5.5%","11","6.9%","21","3.7%","8","3.9%","154","4.6%","97","6.2%","35","5.5%","19","2.9%","138","8.1%","224","6.9%","74","4.2%","226","5.8%","285","6.5%","87","5.4%","22","6.7%","7","7.4%","43","5.6%","26","5.0%","593","7.2%","132","6.0%","151","6.6%","3,875","6.0%","256","6.5%","759","6.5%","470","6.3%","1,821","6.8%","240","7.1%","53","6.1%","133","6.3%","495","6.7%","12","6.9%","501","5.4%","151","5.1%","11","12.2%","49","4.7%","2,926","6.6%","533","5.7%","1,157","5.5%","183","4.1%","45","3.3%","3","6.4%","80","5.0%","367","5.3%","110","5.0%","24","4.1%","45","5.4%","105","5.5%","499","5.4%","82","5.8%","36","6.0%","345","5.2%","28","2.8%","17","4.3%","153","8.3%","545","5.6%","1,890","6.6%"
"Male population 35 to 39 years","21,452","6.9%","516","5.3%","72","6.4%","707","9.5%","26","2.5%","33","3.9%","252","12.3%","81","6.2%","0","0.0%","110","6.9%","1,476","6.2%","48","6.8%","199","6.6%","10","8.5%","709","7.1%","125","6.0%","70","5.7%","75","4.5%","163","4.6%","54","6.4%","15","8.9%","1,625","6.8%","35","6.6%","49","6.6%","7","7.4%","747","5.5%","1,421","6.8%","215","6.5%","116","4.9%","3,094","5.9%","896","6.4%","42","8.5%","693","7.2%","1,493","7.2%","6","5.2%","80","7.1%","76","5.7%","27","3.3%","20","3.0%","24","3.4%","63","5.0%","430","5.4%","57","5.3%","15","5.6%","188","9.1%","12","7.0%","13","5.0%","5","7.2%","121","6.4%","3","1.4%","127","7.3%","2,054","7.7%","98","8.0%","618","7.6%","37","6.3%","72","4.8%","38","5.3%","1","0.6%","19","3.6%","362","5.2%","508","7.4%","158","5.3%","137","5.9%","532","5.2%","186","6.7%","736","6.4%","321","6.7%","770","6.1%","230","6.4%","72","4.2%","19","4.4%","1,332","6.2%","137","7.0%","579","6.6%","144","5.1%","3","1.9%","26","4.5%","8","3.9%","179","5.3%","69","4.4%","25","4.0%","44","6.7%","104","6.1%","228","7.0%","97","5.6%","206","5.3%","265","6.0%","85","5.3%","14","4.3%","2","2.1%","40","5.2%","19","3.6%","462","5.6%","128","5.8%","121","5.3%","4,073","6.4%","220","5.6%","802","6.8%","456","6.1%","1,910","7.2%","197","5.9%","48","5.5%","144","6.8%","506","6.8%","6","3.4%","500","5.4%","153","5.1%","2","2.2%","65","6.3%","2,926","6.6%","491","5.2%","1,167","5.5%","202","4.6%","53","3.9%","5","10.6%","89","5.6%","363","5.3%","136","6.2%","25","4.3%","51","6.1%","97","5.1%","516","5.6%","83","5.9%","29","4.8%","353","5.4%","50","4.9%","19","4.8%","151","8.2%","505","5.2%","1,914","6.7%"
"Male population 40 to 44 years","19,310","6.2%","518","5.4%","58","5.2%","665","8.9%","32","3.1%","41","4.9%","166","8.1%","63","4.8%","2","3.2%","101","6.4%","1,407","5.9%","50","7.1%","173","5.7%","9","7.7%","631","6.3%","122","5.9%","65","5.3%","78","4.6%","183","5.2%","30","3.6%","6","3.6%","1,332","5.6%","41","7.7%","33","4.4%","6","6.3%","659","4.9%","1,215","5.8%","189","5.7%","99","4.2%","2,588","4.9%","747","5.4%","27","5.4%","598","6.2%","1,327","6.4%","8","6.9%","69","6.1%","54","4.0%","47","5.7%","27","4.1%","33","4.6%","72","5.7%","406","5.1%","55","5.1%","19","7.0%","155","7.5%","6","3.5%","12","4.7%","4","5.8%","94","4.9%","5","2.4%","125","7.2%","1,799","6.7%","83","6.8%","513","6.3%","28","4.8%","72","4.8%","29","4.1%","4","2.3%","22","4.2%","322","4.6%","401","5.8%","172","5.8%","122","5.2%","430","4.2%","159","5.7%","733","6.4%","268","5.6%","698","5.5%","196","5.4%","98","5.8%","25","5.8%","998","4.7%","136","7.0%","576","6.6%","124","4.4%","11","6.9%","24","4.2%","9","4.3%","163","4.9%","88","5.6%","22","3.5%","28","4.3%","91","5.4%","183","5.6%","100","5.7%","236","6.1%","261","5.9%","83","5.2%","16","4.9%","6","6.4%","43","5.6%","26","5.0%","403","4.9%","132","6.0%","123","5.4%","3,808","5.9%","234","6.0%","778","6.6%","400","5.3%","1,667","6.2%","158","4.7%","45","5.2%","114","5.4%","421","5.7%","8","4.6%","421","4.6%","164","5.5%","7","7.8%","59","5.7%","2,622","5.9%","487","5.2%","1,126","5.3%","168","3.8%","53","3.9%","2","4.3%","83","5.2%","341","4.9%","106","4.8%","30","5.1%","44","5.3%","83","4.4%","465","5.0%","87","6.2%","33","5.5%","386","5.9%","41","4.0%","17","4.3%","126","6.8%","496","5.1%","1,719","6.0%"
"Male population 45 to 49 years","17,928","5.7%","478","5.0%","77","6.9%","547","7.3%","33","3.2%","46","5.5%","124","6.0%","75","5.7%","2","3.2%","89","5.6%","1,279","5.4%","30","4.3%","161","5.3%","7","6.0%","532","5.3%","121","5.8%","61","5.0%","64","3.8%","189","5.3%","53","6.3%","17","10.1%","1,157","4.9%","22","4.1%","34","4.6%","4","4.2%","711","5.3%","1,130","5.4%","150","4.6%","80","3.4%","2,510","4.8%","779","5.6%","17","3.4%","509","5.3%","1,144","5.5%","3","2.6%","62","5.5%","53","4.0%","44","5.3%","42","6.3%","16","2.3%","82","6.5%","437","5.5%","39","3.6%","10","3.7%","132","6.4%","5","2.9%","13","5.0%","1","1.4%","99","5.2%","9","4.3%","89","5.1%","1,508","5.6%","61","5.0%","469","5.8%","46","7.9%","67","4.5%","21","2.9%","12","6.9%","31","5.8%","365","5.2%","406","5.9%","160","5.4%","106","4.5%","489","4.7%","160","5.7%","604","5.3%","252","5.2%","696","5.5%","242","6.7%","83","4.9%","9","2.1%","934","4.4%","100","5.1%","478","5.5%","137","4.9%","2","1.3%","29","5.0%","13","6.3%","167","5.0%","105","6.7%","28","4.4%","37","5.6%","86","5.1%","196","6.0%","87","5.0%","231","6.0%","266","6.1%","77","4.8%","15","4.6%","11","11.7%","49","6.4%","22","4.2%","404","4.9%","114","5.2%","110","4.8%","3,898","6.1%","222","5.7%","657","5.6%","400","5.3%","1,399","5.2%","149","4.4%","55","6.4%","105","5.0%","374","5.0%","7","4.0%","444","4.8%","201","6.8%","2","2.2%","59","5.7%","2,630","5.9%","586","6.2%","1,208","5.7%","188","4.2%","48","3.5%","6","12.8%","79","5.0%","331","4.8%","105","4.7%","33","5.6%","49","5.9%","120","6.3%","547","5.9%","65","4.6%","41","6.8%","397","6.0%","45","4.4%","12","3.0%","127","6.9%","497","5.1%","1,617","5.6%"
"Male population 50 to 54 years","18,308","5.9%","639","6.6%","70","6.3%","455","6.1%","47","4.5%","38","4.5%","80","3.9%","82","6.2%","2","3.2%","83","5.2%","1,219","5.1%","43","6.1%","190","6.3%","4","3.4%","564","5.6%","109","5.3%","82","6.7%","110","6.5%","198","5.6%","58","6.9%","5","3.0%","1,107","4.7%","24","4.5%","37","5.0%","6","6.3%","702","5.2%","1,063","5.1%","198","6.0%","117","4.9%","2,550","4.8%","786","5.7%","15","3.0%","555","5.8%","1,206","5.8%","16","13.8%","65","5.8%","78","5.8%","54","6.5%","32","4.8%","45","6.3%","64","5.0%","384","4.8%","59","5.5%","16","5.9%","101","4.9%","12","7.0%","8","3.1%","1","1.4%","131","6.9%","14","6.8%","107","6.2%","1,361","5.1%","63","5.1%","429","5.3%","34","5.8%","80","5.3%","51","7.2%","18","10.3%","32","6.0%","414","5.9%","437","6.4%","212","7.2%","100","4.3%","534","5.2%","177","6.4%","631","5.5%","228","4.7%","707","5.6%","259","7.2%","99","5.8%","26","6.0%","970","4.5%","94","4.8%","473","5.4%","175","6.3%","18","11.3%","33","5.7%","13","6.3%","215","6.4%","99","6.3%","47","7.4%","38","5.8%","96","5.7%","183","5.6%","107","6.1%","234","6.0%","276","6.3%","101","6.3%","24","7.3%","10","10.6%","54","7.1%","23","4.4%","429","5.2%","160","7.3%","134","5.8%","3,783","5.9%","230","5.9%","671","5.7%","379","5.0%","1,389","5.2%","202","6.0%","46","5.3%","119","5.6%","429","5.8%","8","4.6%","499","5.4%","230","7.7%","2","2.2%","67","6.5%","2,770","6.3%","521","5.5%","1,297","6.1%","215","4.9%","81","6.0%","1","2.1%","90","5.6%","345","5.0%","146","6.6%","31","5.3%","49","5.9%","106","5.6%","604","6.5%","88","6.3%","35","5.8%","427","6.5%","52","5.1%","29","7.3%","120","6.5%","607","6.3%","1,678","5.8%"
"Male population 55 to 59 years","20,362","6.5%","900","9.3%","77","6.9%","391","5.2%","92","8.9%","55","6.5%","103","5.0%","97","7.4%","8","12.7%","124","7.8%","1,474","6.2%","40","5.7%","174","5.7%","8","6.8%","661","6.6%","140","6.8%","86","7.0%","139","8.3%","286","8.1%","74","8.8%","13","7.7%","1,371","5.8%","44","8.3%","77","10.3%","11","11.6%","793","5.9%","1,301","6.2%","177","5.4%","164","6.9%","2,909","5.5%","865","6.2%","17","3.4%","618","6.4%","1,296","6.2%","4","3.4%","68","6.0%","91","6.8%","59","7.1%","45","6.8%","60","8.5%","78","6.1%","528","6.6%","81","7.5%","29","10.7%","133","6.4%","12","7.0%","21","8.1%","4","5.8%","135","7.1%","32","15.5%","109","6.3%","1,516","5.7%","69","5.6%","429","5.3%","38","6.5%","132","8.8%","52","7.3%","16","9.2%","39","7.4%","488","7.0%","562","8.2%","245","8.3%","148","6.3%","678","6.6%","172","6.2%","677","5.9%","313","6.5%","760","6.0%","237","6.6%","156","9.2%","28","6.5%","1,309","6.1%","88","4.5%","553","6.3%","252","9.0%","15","9.4%","46","8.0%","20","9.7%","228","6.8%","105","6.7%","62","9.8%","60","9.1%","94","5.5%","258","8.0%","135","7.7%","289","7.5%","332","7.6%","149","9.3%","12","3.6%","6","6.4%","45","5.9%","48","9.2%","435","5.3%","160","7.3%","169","7.4%","4,313","6.7%","243","6.2%","747","6.4%","557","7.4%","1,480","5.5%","277","8.2%","54","6.2%","131","6.2%","558","7.5%","13","7.4%","727","7.9%","215","7.2%","6","6.7%","104","10.0%","3,006","6.8%","710","7.6%","1,631","7.7%","372","8.4%","104","7.7%","2","4.3%","113","7.1%","425","6.2%","188","8.5%","50","8.5%","82","9.9%","162","8.6%","650","7.0%","131","9.3%","33","5.5%","488","7.4%","54","5.3%","33","8.3%","138","7.5%","704","7.3%","1,961","6.8%"
"Male population 60 to 64 years","19,450","6.2%","1,058","11.0%","78","7.0%","289","3.9%","121","11.7%","68","8.1%","74","3.6%","97","7.4%","6","9.5%","143","9.0%","1,363","5.7%","58","8.3%","184","6.1%","5","4.3%","664","6.6%","143","6.9%","87","7.1%","170","10.1%","313","8.8%","64","7.6%","15","8.9%","1,264","5.3%","48","9.0%","74","9.9%","7","7.4%","787","5.8%","1,243","6.0%","268","8.1%","146","6.1%","2,975","5.6%","786","5.7%","15","3.0%","595","6.2%","1,268","6.1%","9","7.8%","74","6.6%","113","8.5%","60","7.2%","66","9.9%","75","10.6%","89","7.0%","550","6.9%","101","9.4%","22","8.1%","143","6.9%","19","11.1%","25","9.7%","6","8.7%","133","7.0%","21","10.1%","99","5.7%","1,309","4.9%","62","5.1%","385","4.8%","42","7.2%","140","9.3%","64","9.0%","30","17.2%","43","8.1%","633","9.0%","452","6.6%","251","8.5%","126","5.4%","683","6.6%","142","5.1%","669","5.8%","318","6.6%","747","5.9%","237","6.6%","179","10.5%","56","13.0%","1,340","6.3%","88","4.5%","570","6.5%","200","7.1%","10","6.3%","48","8.3%","20","9.7%","246","7.3%","123","7.8%","58","9.2%","71","10.8%","67","4.0%","222","6.8%","141","8.1%","299","7.7%","323","7.3%","138","8.6%","33","10.0%","8","8.5%","36","4.7%","29","5.5%","394","4.8%","135","6.1%","181","7.9%","4,460","7.0%","202","5.2%","823","7.0%","479","6.4%","1,603","6.0%","248","7.4%","58","6.7%","163","7.7%","488","6.6%","13","7.4%","766","8.3%","295","9.9%","2","2.2%","88","8.5%","3,069","6.9%","741","7.9%","1,945","9.2%","371","8.4%","154","11.4%","3","6.4%","124","7.8%","432","6.3%","208","9.4%","42","7.2%","58","7.0%","162","8.6%","750","8.1%","110","7.8%","66","10.9%","560","8.5%","110","10.8%","38","9.5%","140","7.6%","714","7.4%","1,903","6.6%"
"Male population 65 to 69 years","16,927","5.4%","971","10.1%","56","5.0%","214","2.9%","152","14.7%","107","12.7%","86","4.2%","65","5.0%","2","3.2%","135","8.5%","1,181","5.0%","47","6.7%","159","5.2%","11","9.4%","562","5.6%","119","5.7%","62","5.0%","205","12.2%","309","8.7%","69","8.2%","9","5.4%","932","3.9%","40","7.5%","79","10.6%","14","14.7%","675","5.0%","1,131","5.4%","289","8.8%","103","4.3%","2,947","5.6%","629","4.5%","5","1.0%","447","4.7%","1,024","4.9%","8","6.9%","55","4.9%","90","6.7%","61","7.3%","67","10.1%","107","15.1%","118","9.3%","622","7.8%","124","11.5%","23","8.5%","144","6.9%","16","9.4%","31","12.0%","10","14.5%","121","6.4%","20","9.7%","75","4.3%","941","3.5%","61","5.0%","319","3.9%","25","4.3%","164","10.9%","77","10.8%","16","9.2%","50","9.4%","654","9.3%","380","5.5%","197","6.6%","125","5.3%","680","6.6%","112","4.0%","498","4.3%","192","4.0%","667","5.3%","105","2.9%","179","10.5%","32","7.4%","1,155","5.4%","62","3.2%","474","5.4%","223","8.0%","12","7.5%","63","11.0%","22","10.6%","244","7.3%","147","9.3%","80","12.7%","49","7.5%","48","2.8%","173","5.3%","138","7.9%","265","6.8%","277","6.3%","147","9.2%","37","11.2%","9","9.6%","60","7.9%","29","5.5%","355","4.3%","149","6.8%","158","6.9%","4,088","6.4%","181","4.6%","652","5.6%","454","6.0%","1,402","5.3%","208","6.2%","52","6.0%","108","5.1%","334","4.5%","17","9.7%","572","6.2%","259","8.7%","11","12.2%","63","6.1%","3,192","7.2%","703","7.5%","2,165","10.2%","496","11.2%","145","10.7%","5","10.6%","122","7.7%","417","6.0%","268","12.1%","56","9.6%","66","7.9%","168","8.9%","791","8.5%","88","6.3%","82","13.6%","498","7.6%","118","11.6%","23","5.8%","103","5.6%","650","6.7%","1,611","5.6%"
"Male population 70 to 74 years","14,138","4.5%","764","7.9%","58","5.2%","183","2.5%","145","14.0%","106","12.6%","35","1.7%","46","3.5%","2","3.2%","93","5.9%","975","4.1%","37","5.3%","103","3.4%","12","10.3%","454","4.5%","93","4.5%","57","4.6%","164","9.8%","233","6.6%","53","6.3%","10","6.0%","748","3.1%","29","5.5%","47","6.3%","4","4.2%","480","3.5%","939","4.5%","302","9.2%","104","4.4%","2,465","4.7%","567","4.1%","6","1.2%","328","3.4%","728","3.5%","5","4.3%","43","3.8%","87","6.5%","56","6.7%","93","14.0%","84","11.8%","76","6.0%","627","7.9%","102","9.5%","14","5.2%","71","3.4%","13","7.6%","28","10.9%","10","14.5%","100","5.3%","26","12.6%","50","2.9%","677","2.5%","53","4.3%","228","2.8%","21","3.6%","157","10.4%","66","9.3%","17","9.8%","62","11.7%","586","8.4%","257","3.7%","148","5.0%","95","4.1%","636","6.2%","75","2.7%","404","3.5%","186","3.9%","450","3.6%","76","2.1%","126","7.4%","43","10.0%","991","4.6%","36","1.8%","387","4.4%","194","6.9%","16","10.1%","51","8.9%","18","8.7%","223","6.7%","101","6.4%","42","6.7%","52","7.9%","50","3.0%","137","4.2%","148","8.5%","206","5.3%","229","5.2%","140","8.8%","29","8.8%","5","5.3%","36","4.7%","26","5.0%","277","3.4%","89","4.0%","146","6.4%","3,605","5.6%","123","3.1%","501","4.3%","297","4.0%","1,013","3.8%","120","3.6%","42","4.9%","68","3.2%","256","3.4%","28","16.0%","494","5.4%","206","6.9%","6","6.7%","57","5.5%","3,038","6.9%","700","7.4%","1,991","9.4%","448","10.1%","132","9.7%","3","6.4%","85","5.3%","346","5.0%","193","8.7%","52","8.9%","42","5.0%","148","7.8%","723","7.8%","109","7.8%","62","10.3%","396","6.0%","100","9.8%","22","5.5%","74","4.0%","597","6.2%","1,371","4.8%"
"Male population 75 to 79 years","8,726","2.8%","456","4.7%","30","2.7%","85","1.1%","96","9.3%","77","9.1%","22","1.1%","20","1.5%","3","4.8%","41","2.6%","656","2.8%","13","1.9%","46","1.5%","11","9.4%","253","2.5%","59","2.8%","20","1.6%","87","5.2%","178","5.0%","45","5.3%","13","7.7%","455","1.9%","12","2.3%","35","4.7%","9","9.5%","319","2.4%","526","2.5%","231","7.0%","60","2.5%","1,736","3.3%","297","2.1%","2","0.4%","202","2.1%","471","2.3%","0","0.0%","27","2.4%","75","5.6%","45","5.4%","59","8.9%","69","9.7%","64","5.0%","442","5.6%","69","6.4%","7","2.6%","42","2.0%","4","2.3%","9","3.5%","4","5.8%","59","3.1%","7","3.4%","35","2.0%","407","1.5%","23","1.9%","151","1.9%","23","3.9%","97","6.5%","49","6.9%","7","4.0%","25","4.7%","379","5.4%","184","2.7%","136","4.6%","81","3.5%","473","4.6%","43","1.5%","252","2.2%","76","1.6%","267","2.1%","37","1.0%","83","4.9%","27","6.3%","702","3.3%","15","0.8%","216","2.5%","125","4.5%","6","3.8%","47","8.2%","8","3.9%","166","5.0%","75","4.8%","44","7.0%","46","7.0%","29","1.7%","92","2.8%","101","5.8%","126","3.3%","104","2.4%","72","4.5%","22","6.7%","3","3.2%","25","3.3%","28","5.3%","175","2.1%","68","3.1%","91","4.0%","2,178","3.4%","95","2.4%","312","2.7%","232","3.1%","574","2.2%","79","2.3%","21","2.4%","44","2.1%","172","2.3%","23","13.1%","343","3.7%","119","4.0%","5","5.6%","57","5.5%","1,804","4.1%","395","4.2%","1,126","5.3%","349","7.9%","96","7.1%","1","2.1%","56","3.5%","220","3.2%","126","5.7%","44","7.5%","41","4.9%","97","5.1%","419","4.5%","65","4.6%","37","6.1%","212","3.2%","49","4.8%","24","6.0%","63","3.4%","350","3.6%","812","2.8%"
"Male population 80 to 84 years","5,343","1.7%","194","2.0%","19","1.7%","33","0.4%","66","6.4%","45","5.3%","17","0.8%","13","1.0%","1","1.6%","34","2.1%","430","1.8%","8","1.1%","46","1.5%","6","5.1%","148","1.5%","37","1.8%","24","1.9%","44","2.6%","100","2.8%","32","3.8%","5","3.0%","334","1.4%","10","1.9%","15","2.0%","3","3.2%","216","1.6%","374","1.8%","109","3.3%","38","1.6%","1,145","2.2%","239","1.7%","1","0.2%","126","1.3%","246","1.2%","3","2.6%","10","0.9%","47","3.5%","25","3.0%","28","4.2%","30","4.2%","43","3.4%","231","2.9%","47","4.4%","11","4.1%","48","2.3%","3","1.8%","12","4.7%","1","1.4%","46","2.4%","11","5.3%","23","1.3%","249","0.9%","28","2.3%","98","1.2%","13","2.2%","39","2.6%","18","2.5%","1","0.6%","14","2.6%","235","3.4%","130","1.9%","92","3.1%","46","2.0%","317","3.1%","28","1.0%","148","1.3%","46","1.0%","172","1.4%","20","0.6%","56","3.3%","12","2.8%","468","2.2%","7","0.4%","145","1.7%","79","2.8%","7","4.4%","31","5.4%","7","3.4%","82","2.4%","38","2.4%","17","2.7%","27","4.1%","8","0.5%","71","2.2%","61","3.5%","83","2.1%","87","2.0%","61","3.8%","6","1.8%","1","1.1%","24","3.1%","13","2.5%","123","1.5%","34","1.5%","39","1.7%","1,193","1.9%","49","1.3%","192","1.6%","124","1.7%","370","1.4%","40","1.2%","27","3.1%","23","1.1%","106","1.4%","7","4.0%","218","2.4%","58","2.0%","2","2.2%","25","2.4%","1,101","2.5%","181","1.9%","515","2.4%","187","4.2%","54","4.0%","1","2.1%","35","2.2%","148","2.1%","82","3.7%","29","4.9%","20","2.4%","34","1.8%","215","2.3%","34","2.4%","15","2.5%","134","2.0%","31","3.0%","6","1.5%","38","2.1%","239","2.5%","454","1.6%"
"Male population 85 years and over","4,589","1.5%","108","1.1%","22","2.0%","26","0.3%","19","1.8%","35","4.1%","8","0.4%","23","1.8%","0","0.0%","18","1.1%","357","1.5%","1","0.1%","30","1.0%","5","4.3%","131","1.3%","41","2.0%","19","1.5%","25","1.5%","73","2.1%","19","2.3%","4","2.4%","270","1.1%","7","1.3%","21","2.8%","1","1.1%","153","1.1%","251","1.2%","86","2.6%","32","1.3%","956","1.8%","192","1.4%","1","0.2%","123","1.3%","262","1.3%","2","1.7%","17","1.5%","34","2.5%","17","2.0%","27","4.1%","20","2.8%","44","3.5%","189","2.4%","12","1.1%","6","2.2%","33","1.6%","3","1.8%","20","7.8%","5","7.2%","44","2.3%","6","2.9%","15","0.9%","218","0.8%","25","2.0%","72","0.9%","6","1.0%","36","2.4%","18","2.5%","7","4.0%","9","1.7%","139","2.0%","123","1.8%","61","2.1%","48","2.1%","232","2.2%","21","0.8%","127","1.1%","44","0.9%","89","0.7%","23","0.6%","34","2.0%","13","3.0%","394","1.8%","6","0.3%","85","1.0%","65","2.3%","5","3.1%","21","3.7%","4","1.9%","65","1.9%","34","2.2%","12","1.9%","14","2.1%","7","0.4%","33","1.0%","21","1.2%","72","1.9%","68","1.5%","37","2.3%","4","1.2%","2","2.1%","7","0.9%","13","2.5%","104","1.3%","35","1.6%","22","1.0%","880","1.4%","27","0.7%","150","1.3%","103","1.4%","350","1.3%","44","1.3%","26","3.0%","18","0.9%","85","1.1%","1","0.6%","130","1.4%","50","1.7%","0","0.0%","22","2.1%","878","2.0%","147","1.6%","303","1.4%","136","3.1%","39","2.9%","2","4.3%","32","2.0%","96","1.4%","47","2.1%","13","2.2%","19","2.3%","39","2.1%","166","1.8%","18","1.3%","4","0.7%","91","1.4%","33","3.2%","12","3.0%","30","1.6%","158","1.6%","349","1.2%"
"Selected Age Categories","","","","","","","","","","","","","","","","","","","","","","","","","","","","","","","","","","","","","","","","","","","","","","","","","","","","","","","","","","","","","","","","","","","","","","","","","","","","","","","","","","","","","","","","","","","","","","","","","","","","","","","","","","","","","","","","","","","","","","","","","","","","","","","","","","","","","","","","","","","","","","","","","","","","","","","","","","","","","","","","","","","","","","","","","","","","","","","","","","","","","","","","","","","","","","","","","","","","","","","","","","","","","","","","","","","","","","","","","","","","","","","","","","","","","","","","","","","","","","","","","","","","","","","","","","","","","","","","","","","",""
"16 years and over","251,780","80.6%","8,097","83.9%","871","77.8%","5,732","76.9%","949","91.8%","765","90.6%","1,750","85.2%","1,005","76.5%","50","79.4%","1,261","79.5%","17,907","75.3%","537","76.5%","2,312","76.1%","106","90.6%","7,930","79.2%","1,604","77.3%","920","74.7%","1,430","85.0%","2,925","82.4%","711","84.3%","141","83.9%","18,041","75.8%","425","79.9%","609","81.6%","84","88.4%","9,950","73.5%","15,899","76.3%","2,939","89.3%","1,694","71.3%","42,486","80.6%","10,409","74.9%","331","66.7%","7,229","75.3%","16,074","77.3%","93","80.2%","846","75.0%","1,057","79.2%","652","78.6%","591","89.0%","647","91.1%","1,052","82.8%","6,524","82.1%","894","83.2%","208","77.0%","1,762","84.8%","139","81.3%","231","89.5%","64","92.8%","1,524","80.3%","184","88.9%","1,265","72.9%","20,002","74.7%","930","76.0%","5,885","72.8%","436","74.7%","1,288","85.7%","621","87.1%","155","89.1%","443","83.6%","5,819","83.1%","5,516","80.5%","2,371","80.0%","1,910","81.7%","7,913","76.7%","2,075","74.6%","8,538","74.3%","3,561","73.8%","9,551","75.6%","2,689","74.8%","1,439","84.4%","361","83.8%","17,273","80.8%","1,344","68.9%","6,927","79.5%","2,247","80.3%","135","84.9%","488","84.9%","173","83.6%","2,643","78.8%","1,327","84.1%","535","84.8%","572","87.1%","1,206","71.2%","2,609","80.5%","1,427","81.9%","3,146","81.3%","3,530","80.3%","1,388","86.8%","281","85.4%","80","85.1%","584","76.5%","408","77.9%","6,412","77.6%","1,718","78.2%","1,829","79.8%","50,218","78.3%","2,923","74.7%","9,117","77.7%","5,694","75.8%","20,036","75.0%","2,551","75.8%","697","80.6%","1,589","75.1%","5,674","76.5%","159","90.9%","7,586","82.2%","2,493","83.9%","79","87.8%","856","82.5%","37,021","83.6%","7,670","81.6%","18,233","86.1%","3,790","85.6%","1,174","86.6%","40","85.1%","1,245","78.2%","5,657","81.9%","1,958","88.6%","516","88.1%","690","82.9%","1,571","82.9%","7,709","83.0%","1,183","84.1%","544","90.2%","5,423","82.3%","868","85.3%","302","75.7%","1,561","84.3%","7,623","78.7%","22,640","78.7%"
"18 years and over","243,467","78.0%","7,904","81.9%","841","75.1%","5,502","73.9%","942","91.1%","753","89.2%","1,704","83.0%","960","73.1%","44","69.8%","1,216","76.6%","17,149","72.2%","521","74.2%","2,202","72.5%","106","90.6%","7,650","76.4%","1,541","74.3%","883","71.7%","1,389","82.6%","2,842","80.1%","677","80.3%","136","81.0%","17,358","72.9%","409","76.9%","592","79.4%","84","88.4%","9,435","69.7%","15,211","73.0%","2,848","86.5%","1,605","67.6%","41,061","77.9%","9,906","71.3%","320","64.5%","6,945","72.4%","15,478","74.4%","88","75.9%","815","72.3%","1,010","75.7%","627","75.5%","578","87.0%","635","89.4%","1,016","80.0%","6,350","79.9%","876","81.6%","203","75.2%","1,706","82.1%","133","77.8%","222","86.0%","63","91.3%","1,474","77.6%","179","86.5%","1,216","70.1%","19,213","71.8%","893","73.0%","5,592","69.2%","416","71.2%","1,250","83.2%","597","83.7%","151","86.8%","424","80.0%","5,644","80.6%","5,310","77.5%","2,277","76.8%","1,860","79.6%","7,577","73.4%","1,962","70.5%","8,157","71.0%","3,359","69.6%","9,078","71.8%","2,570","71.4%","1,412","82.9%","354","82.1%","16,806","78.6%","1,273","65.3%","6,661","76.5%","2,165","77.3%","130","81.8%","477","83.0%","171","82.6%","2,536","75.6%","1,298","82.3%","519","82.3%","559","85.1%","1,132","66.8%","2,503","77.2%","1,396","80.1%","3,035","78.4%","3,408","77.5%","1,344","84.1%","267","81.2%","78","83.0%","561","73.5%","384","73.3%","6,184","74.9%","1,643","74.7%","1,788","78.0%","48,321","75.3%","2,785","71.2%","8,771","74.7%","5,425","72.3%","19,167","71.8%","2,447","72.7%","672","77.7%","1,511","71.4%","5,443","73.3%","157","89.7%","7,353","79.7%","2,430","81.8%","76","84.4%","838","80.8%","35,974","81.2%","7,451","79.3%","17,782","84.0%","3,705","83.7%","1,142","84.2%","40","85.1%","1,208","75.8%","5,482","79.3%","1,917","86.7%","498","85.0%","664","79.8%","1,530","80.8%","7,483","80.6%","1,158","82.4%","535","88.7%","5,238","79.5%","844","82.9%","294","73.7%","1,524","82.3%","7,360","76.0%","21,764","75.7%"
"21 years and over","230,242","73.7%","7,634","79.1%","802","71.6%","5,191","69.7%","931","90.0%","740","87.7%","1,583","77.1%","911","69.4%","43","68.3%","1,164","73.3%","16,040","67.5%","496","70.7%","1,986","65.4%","105","89.7%","7,274","72.6%","1,443","69.6%","832","67.6%","1,351","80.3%","2,728","76.9%","651","77.2%","132","78.6%","16,181","68.0%","390","73.3%","569","76.3%","83","87.4%","8,662","64.0%","14,326","68.7%","2,736","83.1%","1,480","62.3%","37,788","71.7%","9,264","66.6%","299","60.3%","6,541","68.2%","14,587","70.2%","82","70.7%","766","67.9%","975","73.1%","603","72.7%","561","84.5%","622","87.6%","964","75.9%","6,019","75.7%","847","78.9%","201","74.4%","1,645","79.2%","128","74.9%","216","83.7%","63","91.3%","1,422","74.9%","176","85.0%","1,134","65.4%","17,890","66.8%","857","70.0%","5,222","64.6%","393","67.3%","1,207","80.3%","578","81.1%","143","82.2%","414","78.1%","5,451","77.8%","5,117","74.6%","2,183","73.7%","1,656","70.8%","7,210","69.9%","1,846","66.3%","7,624","66.4%","3,127","64.8%","8,478","67.1%","2,410","67.0%","1,352","79.3%","343","79.6%","15,553","72.8%","1,156","59.3%","6,261","71.9%","2,071","74.0%","129","81.1%","465","80.9%","165","79.7%","2,430","72.5%","1,227","77.8%","506","80.2%","534","81.3%","1,041","61.5%","2,359","72.8%","1,337","76.7%","2,871","74.2%","3,222","73.3%","1,294","80.9%","253","76.9%","77","81.9%","534","70.0%","364","69.5%","5,571","67.4%","1,555","70.7%","1,700","74.1%","45,878","71.5%","2,601","66.5%","8,257","70.3%","5,130","68.3%","17,960","67.3%","2,349","69.8%","626","72.4%","1,404","66.3%","5,103","68.8%","153","87.4%","6,779","73.5%","2,333","78.5%","72","80.0%","809","78.0%","34,432","77.7%","7,051","75.0%","17,271","81.6%","3,587","81.1%","1,108","81.7%","39","83.0%","1,153","72.4%","4,825","69.8%","1,868","84.5%","477","81.4%","644","77.4%","1,469","77.6%","7,146","77.0%","1,091","77.6%","519","86.1%","4,979","75.5%","805","79.1%","287","71.9%","1,477","79.8%","7,016","72.5%","20,530","71.4%"
"62 years and over","61,065","19.6%","3,126","32.4%","224","20.0%","709","9.5%","547","52.9%","413","48.9%","206","10.0%","218","16.6%","10","15.9%","412","26.0%","4,388","18.5%","140","19.9%","491","16.2%","48","41.0%","1,940","19.4%","428","20.6%","239","19.4%","608","36.1%","1,075","30.3%","260","30.8%","51","30.4%","3,488","14.7%","130","24.4%","234","31.4%","36","37.9%","2,305","17.0%","3,976","19.1%","1,177","35.8%","424","17.8%","11,013","20.9%","2,397","17.2%","21","4.2%","1,596","16.6%","3,464","16.7%","19","16.4%","197","17.5%","406","30.4%","232","28.0%","310","46.7%","359","50.6%","403","31.7%","2,470","31.1%","416","38.7%","74","27.4%","416","20.0%","53","31.0%","122","47.3%","32","46.4%","457","24.1%","82","39.6%","259","14.9%","3,222","12.0%","230","18.8%","1,067","13.2%","113","19.3%","591","39.3%","274","38.4%","68","39.1%","183","34.5%","2,388","34.1%","1,327","19.4%","775","26.2%","468","20.0%","2,745","26.6%","362","13.0%","1,821","15.9%","716","14.8%","2,069","16.4%","399","11.1%","596","35.0%","154","35.7%","4,483","21.0%","178","9.1%","1,651","19.0%","804","28.7%","55","34.6%","245","42.6%","68","32.9%","931","27.8%","476","30.2%","228","36.1%","230","35.0%","172","10.2%","624","19.3%","566","32.5%","927","24.0%","963","21.9%","533","33.3%","116","35.3%","22","23.4%","176","23.1%","125","23.9%","1,260","15.3%","446","20.3%","561","24.5%","14,603","22.8%","577","14.7%","2,290","19.5%","1,495","19.9%","4,673","17.5%","626","18.6%","196","22.7%","349","16.5%","1,242","16.7%","82","46.9%","2,221","24.1%","873","29.4%","26","28.9%","268","25.8%","11,892","26.8%","2,556","27.2%","7,296","34.5%","1,837","41.5%","564","41.6%","14","29.8%","401","25.2%","1,495","21.6%","845","38.2%","217","37.0%","225","27.0%","588","31.0%","2,755","29.7%","381","27.1%","242","40.1%","1,667","25.3%","410","40.3%","108","27.1%","399","21.5%","2,420","25.0%","5,667","19.7%"
"65 years and over","49,723","15.9%","2,493","25.8%","185","16.5%","541","7.3%","478","46.2%","370","43.8%","168","8.2%","167","12.7%","8","12.7%","321","20.2%","3,599","15.1%","106","15.1%","384","12.6%","45","38.5%","1,548","15.5%","349","16.8%","182","14.8%","525","31.2%","893","25.2%","218","25.9%","41","24.4%","2,739","11.5%","98","18.4%","197","26.4%","31","32.6%","1,843","13.6%","3,221","15.5%","1,017","30.9%","337","14.2%","9,249","17.6%","1,924","13.8%","15","3.0%","1,226","12.8%","2,731","13.1%","18","15.5%","152","13.5%","333","25.0%","204","24.6%","274","41.3%","310","43.7%","345","27.2%","2,111","26.6%","354","33.0%","61","22.6%","338","16.3%","39","22.8%","100","38.8%","30","43.5%","370","19.5%","70","33.8%","198","11.4%","2,492","9.3%","190","15.5%","868","10.7%","88","15.1%","493","32.8%","228","32.0%","48","27.6%","160","30.2%","1,993","28.4%","1,074","15.7%","634","21.4%","395","16.9%","2,338","22.7%","279","10.0%","1,429","12.4%","544","11.3%","1,645","13.0%","261","7.3%","478","28.1%","127","29.5%","3,710","17.4%","126","6.5%","1,307","15.0%","686","24.5%","46","28.9%","213","37.0%","59","28.5%","780","23.3%","395","25.0%","195","30.9%","188","28.6%","142","8.4%","506","15.6%","469","26.9%","752","19.4%","765","17.4%","457","28.6%","98","29.8%","20","21.3%","152","19.9%","109","20.8%","1,034","12.5%","375","17.1%","456","19.9%","11,944","18.6%","475","12.1%","1,807","15.4%","1,210","16.1%","3,709","13.9%","491","14.6%","168","19.4%","261","12.3%","953","12.8%","76","43.4%","1,757","19.0%","692","23.3%","24","26.7%","224","21.6%","10,013","22.6%","2,126","22.6%","6,100","28.8%","1,616","36.5%","466","34.4%","12","25.5%","330","20.7%","1,227","17.8%","716","32.4%","194","33.1%","188","22.6%","486","25.7%","2,314","24.9%","314","22.3%","200","33.2%","1,331","20.2%","331","32.5%","87","21.8%","308","16.6%","1,994","20.6%","4,597","16.0%"
"Female population","328,810","100.0%","9,254","100.0%","1,252","100.0%","6,627","100.0%","933","100.0%","768","100.0%","1,376","100.0%","1,243","100.0%","79","100.0%","1,541","100.0%","24,710","100.0%","603","100.0%","3,081","100.0%","131","100.0%","9,955","100.0%","2,291","100.0%","1,360","100.0%","1,581","100.0%","3,583","100.0%","1,150","100.0%","163","100.0%","23,247","100.0%","518","100.0%","786","100.0%","71","100.0%","14,348","100.0%","21,848","100.0%","2,848","100.0%","2,492","100.0%","55,591","100.0%","14,850","100.0%","434","100.0%","9,583","100.0%","19,873","100.0%","133","100.0%","1,095","100.0%","1,513","100.0%","820","100.0%","648","100.0%","621","100.0%","1,357","100.0%","8,338","100.0%","1,059","100.0%","260","100.0%","1,485","100.0%","189","100.0%","266","100.0%","64","100.0%","1,875","100.0%","197","100.0%","1,594","100.0%","24,971","100.0%","1,109","100.0%","7,822","100.0%","570","100.0%","1,556","100.0%","672","100.0%","167","100.0%","458","100.0%","7,490","100.0%","6,696","100.0%","2,905","100.0%","1,928","100.0%","10,841","100.0%","2,988","100.0%","12,541","100.0%","5,133","100.0%","13,054","100.0%","3,860","100.0%","1,657","100.0%","397","100.0%","20,583","100.0%","2,072","100.0%","7,465","100.0%","2,885","100.0%","152","100.0%","554","100.0%","204","100.0%","3,542","100.0%","1,656","100.0%","603","100.0%","752","100.0%","1,778","100.0%","3,339","100.0%","1,761","100.0%","4,234","100.0%","4,602","100.0%","1,452","100.0%","252","100.0%","104","100.0%","727","100.0%","492","100.0%","8,425","100.0%","2,111","100.0%","2,373","100.0%","67,719","100.0%","4,094","100.0%","11,937","100.0%","7,776","100.0%","28,214","100.0%","3,357","100.0%","903","100.0%","2,209","100.0%","7,554","100.0%","141","100.0%","9,575","100.0%","2,933","100.0%","69","100.0%","981","100.0%","48,857","100.0%","9,756","100.0%","21,329","100.0%","4,442","100.0%","1,353","100.0%","37","100.0%","1,591","100.0%","6,417","100.0%","2,387","100.0%","571","100.0%","791","100.0%","1,845","100.0%","10,128","100.0%","1,399","100.0%","550","100.0%","6,399","100.0%","1,037","100.0%","392","100.0%","1,436","100.0%","9,941","100.0%","27,819","100.0%"
"Female population Under 5 years","15,948","4.9%","347","3.7%","69","5.5%","393","5.9%","12","1.3%","6","0.8%","78","5.7%","76","6.1%","9","11.4%","64","4.2%","1,595","6.5%","39","6.5%","190","6.2%","4","3.1%","539","5.4%","130","5.7%","106","7.8%","61","3.9%","160","4.5%","46","4.0%","6","3.7%","1,649","7.1%","33","6.4%","28","3.6%","1","1.4%","830","5.8%","1,368","6.3%","83","2.9%","207","8.3%","2,765","5.0%","922","6.2%","52","12.0%","703","7.3%","1,298","6.5%","12","9.0%","75","6.8%","83","5.5%","34","4.1%","19","2.9%","15","2.4%","74","5.5%","351","4.2%","36","3.4%","15","5.8%","87","5.9%","7","3.7%","20","7.5%","1","1.6%","95","5.1%","7","3.6%","94","5.9%","1,914","7.7%","91","8.2%","557","7.1%","31","5.4%","34","2.2%","25","3.7%","7","4.2%","25","5.5%","346","4.6%","348","5.2%","144","5.0%","170","8.8%","632","5.8%","178","6.0%","805","6.4%","314","6.1%","804","6.2%","185","4.8%","55","3.3%","15","3.8%","1,227","6.0%","158","7.6%","502","6.7%","165","5.7%","8","5.3%","21","3.8%","14","6.9%","182","5.1%","61","3.7%","20","3.3%","27","3.6%","134","7.5%","157","4.7%","49","2.8%","192","4.5%","204","4.4%","80","5.5%","5","2.0%","2","1.9%","49","6.7%","26","5.3%","588","7.0%","120","5.7%","134","5.6%","3,316","4.9%","299","7.3%","695","5.8%","467","6.0%","1,650","5.8%","230","6.9%","30","3.3%","142","6.4%","368","4.9%","1","0.7%","481","5.0%","116","4.0%","4","5.8%","41","4.2%","1,945","4.0%","434","4.4%","732","3.4%","131","2.9%","45","3.3%","2","5.4%","95","6.0%","344","5.4%","70","2.9%","26","4.6%","41","5.2%","71","3.8%","432","4.3%","57","4.1%","23","4.2%","316","4.9%","48","4.6%","28","7.1%","64","4.5%","528","5.3%","1,617","5.8%"
"Female population 5 to 9 years","17,896","5.4%","483","5.2%","78","6.2%","479","7.2%","40","4.3%","27","3.5%","99","7.2%","74","6.0%","4","5.1%","91","5.9%","1,764","7.1%","43","7.1%","256","8.3%","5","3.8%","644","6.5%","157","6.9%","103","7.6%","74","4.7%","198","5.5%","43","3.7%","11","6.7%","1,761","7.6%","29","5.6%","40","5.1%","7","9.9%","1,050","7.3%","1,477","6.8%","111","3.9%","204","8.2%","3,140","5.6%","974","6.6%","41","9.4%","698","7.3%","1,490","7.5%","10","7.5%","89","8.1%","94","6.2%","45","5.5%","23","3.5%","13","2.1%","76","5.6%","410","4.9%","54","5.1%","22","8.5%","82","5.5%","13","6.9%","9","3.4%","3","4.7%","149","7.9%","8","4.1%","129","8.1%","2,108","8.4%","66","6.0%","638","8.2%","32","5.6%","64","4.1%","21","3.1%","6","3.6%","24","5.2%","372","5.0%","416","6.2%","176","6.1%","115","6.0%","744","6.9%","223","7.5%","955","7.6%","453","8.8%","900","6.9%","303","7.8%","67","4.0%","13","3.3%","1,180","5.7%","165","8.0%","546","7.3%","188","6.5%","6","3.9%","22","4.0%","8","3.9%","257","7.3%","98","5.9%","31","5.1%","20","2.7%","160","9.0%","191","5.7%","78","4.4%","257","6.1%","274","6.0%","79","5.4%","9","3.6%","3","2.9%","53","7.3%","23","4.7%","510","6.1%","125","5.9%","114","4.8%","3,992","5.9%","281","6.9%","798","6.7%","508","6.5%","2,073","7.3%","256","7.6%","44","4.9%","149","6.7%","494","6.5%","2","1.4%","504","5.3%","135","4.6%","0","0.0%","48","4.9%","2,106","4.3%","507","5.2%","878","4.1%","163","3.7%","60","4.4%","7","18.9%","93","5.8%","312","4.9%","84","3.5%","21","3.7%","44","5.6%","79","4.3%","491","4.8%","59","4.2%","18","3.3%","364","5.7%","47","4.5%","25","6.4%","78","5.4%","611","6.1%","1,699","6.1%"
"Female population 10 to 14 years","20,083","6.1%","518","5.6%","90","7.2%","641","9.7%","24","2.6%","28","3.6%","104","7.6%","100","8.0%","4","5.1%","123","8.0%","1,909","7.7%","44","7.3%","267","8.7%","10","7.6%","700","7.0%","147","6.4%","109","8.0%","76","4.8%","199","5.6%","40","3.5%","17","10.4%","1,749","7.5%","36","6.9%","57","7.3%","5","7.0%","1,154","8.0%","1,651","7.6%","136","4.8%","178","7.1%","3,378","6.1%","1,143","7.7%","37","8.5%","783","8.2%","1,378","6.9%","5","3.8%","100","9.1%","91","6.0%","38","4.6%","35","5.4%","20","3.2%","85","6.3%","494","5.9%","58","5.5%","24","9.2%","81","5.5%","5","2.6%","12","4.5%","4","6.3%","132","7.0%","11","5.6%","139","8.7%","2,238","9.0%","98","8.8%","728","9.3%","38","6.7%","64","4.1%","30","4.5%","4","2.4%","25","5.5%","388","5.2%","491","7.3%","178","6.1%","127","6.6%","795","7.3%","263","8.8%","998","8.0%","464","9.0%","979","7.5%","328","8.5%","92","5.6%","16","4.0%","1,271","6.2%","196","9.5%","622","8.3%","175","6.1%","11","7.2%","26","4.7%","9","4.4%","221","6.2%","93","5.6%","21","3.5%","36","4.8%","170","9.6%","248","7.4%","115","6.5%","294","6.9%","305","6.6%","81","5.6%","12","4.8%","2","1.9%","51","7.0%","35","7.1%","586","7.0%","136","6.4%","184","7.8%","4,711","7.0%","315","7.7%","930","7.8%","623","8.0%","2,274","8.1%","257","7.7%","84","9.3%","185","8.4%","612","8.1%","3","2.1%","543","5.7%","193","6.6%","4","5.8%","51","5.2%","2,586","5.3%","613","6.3%","1,034","4.8%","212","4.8%","85","6.3%","2","5.4%","130","8.2%","407","6.3%","109","4.6%","31","5.4%","55","7.0%","113","6.1%","525","5.2%","66","4.7%","13","2.4%","462","7.2%","44","4.2%","32","8.2%","93","6.5%","628","6.3%","2,043","7.3%"
"Female population 15 to 19 years","20,794","6.3%","431","4.7%","83","6.6%","488","7.4%","37","4.0%","34","4.4%","85","6.2%","101","8.1%","5","6.3%","103","6.7%","1,784","7.2%","42","7.0%","327","10.6%","4","3.1%","546","5.5%","163","7.1%","103","7.6%","80","5.1%","190","5.3%","60","5.2%","6","3.7%","1,633","7.0%","29","5.6%","50","6.4%","3","4.2%","1,254","8.7%","1,537","7.0%","127","4.5%","225","9.0%","3,950","7.1%","1,205","8.1%","19","4.4%","663","6.9%","1,490","7.5%","18","13.5%","107","9.8%","94","6.2%","55","6.7%","20","3.1%","11","1.8%","79","5.8%","491","5.9%","59","5.6%","4","1.5%","82","5.5%","7","3.7%","6","2.3%","2","3.1%","113","6.0%","10","5.1%","121","7.6%","1,994","8.0%","76","6.9%","620","7.9%","37","6.5%","92","5.9%","31","4.6%","5","3.0%","32","7.0%","328","4.4%","421","6.3%","166","5.7%","174","9.0%","699","6.4%","258","8.6%","1,002","8.0%","398","7.8%","1,088","8.3%","260","6.7%","95","5.7%","13","3.3%","1,270","6.2%","180","8.7%","600","8.0%","130","4.5%","12","7.9%","17","3.1%","15","7.4%","215","6.1%","76","4.6%","44","7.3%","33","4.4%","152","8.5%","220","6.6%","109","6.2%","259","6.1%","295","6.4%","61","4.2%","17","6.7%","6","5.8%","47","6.5%","40","8.1%","859","10.2%","148","7.0%","128","5.4%","4,395","6.5%","285","7.0%","836","7.0%","594","7.6%","2,120","7.5%","230","6.9%","69","7.6%","159","7.2%","596","7.9%","6","4.3%","702","7.3%","178","6.1%","4","5.8%","60","6.1%","2,465","5.0%","619","6.3%","1,002","4.7%","168","3.8%","69","5.1%","2","5.4%","90","5.7%","492","7.7%","93","3.9%","23","4.0%","43","5.4%","82","4.4%","557","5.5%","78","5.6%","23","4.2%","429","6.7%","57","5.5%","27","6.9%","85","5.9%","610","6.1%","1,935","7.0%"
"Female population 20 to 24 years","22,310","6.8%","300","3.2%","78","6.2%","380","5.7%","18","1.9%","26","3.4%","78","5.7%","83","6.7%","1","1.3%","65","4.2%","1,357","5.5%","33","5.5%","229","7.4%","0","0.0%","540","5.4%","133","5.8%","75","5.5%","45","2.8%","145","4.0%","40","3.5%","2","1.2%","1,670","7.2%","21","4.1%","23","2.9%","1","1.4%","1,035","7.2%","1,329","6.1%","106","3.7%","155","6.2%","5,021","9.0%","1,008","6.8%","40","9.2%","550","5.7%","1,210","6.1%","6","4.5%","60","5.5%","69","4.6%","32","3.9%","20","3.1%","20","3.2%","55","4.1%","479","5.7%","37","3.5%","5","1.9%","74","5.0%","8","4.2%","11","4.1%","3","4.7%","92","4.9%","8","4.1%","76","4.8%","1,781","7.1%","73","6.6%","481","6.1%","35","6.1%","46","3.0%","26","3.9%","5","3.0%","12","2.6%","257","3.4%","283","4.2%","90","3.1%","171","8.9%","521","4.8%","174","5.8%","719","5.7%","300","5.8%","799","6.1%","224","5.8%","43","2.6%","22","5.5%","1,474","7.2%","116","5.6%","414","5.5%","102","3.5%","2","1.3%","12","2.2%","13","6.4%","161","4.5%","74","4.5%","13","2.2%","34","4.5%","98","5.5%","162","4.9%","81","4.6%","243","5.7%","264","5.7%","49","3.4%","5","2.0%","9","8.7%","40","5.5%","18","3.7%","937","11.1%","116","5.5%","113","4.8%","3,144","4.6%","267","6.5%","638","5.3%","439","5.6%","1,617","5.7%","168","5.0%","42","4.7%","125","5.7%","451","6.0%","6","4.3%","690","7.2%","128","4.4%","1","1.4%","57","5.8%","2,223","4.6%","503","5.2%","787","3.7%","132","3.0%","41","3.0%","4","10.8%","84","5.3%","536","8.4%","93","3.9%","28","4.9%","27","3.4%","68","3.7%","420","4.1%","67","4.8%","24","4.4%","326","5.1%","32","3.1%","17","4.3%","50","3.5%","498","5.0%","1,553","5.6%"
"Female population 25 to 29 years","22,817","6.9%","312","3.4%","48","3.8%","426","6.4%","22","2.4%","29","3.8%","98","7.1%","82","6.6%","8","10.1%","83","5.4%","1,591","6.4%","39","6.5%","171","5.6%","3","2.3%","691","6.9%","127","5.5%","72","5.3%","56","3.5%","170","4.7%","94","8.2%","6","3.7%","1,791","7.7%","22","4.2%","26","3.3%","8","11.3%","938","6.5%","1,415","6.5%","109","3.8%","188","7.5%","3,873","7.0%","924","6.2%","49","11.3%","654","6.8%","1,386","7.0%","4","3.0%","67","6.1%","64","4.2%","40","4.9%","19","2.9%","14","2.3%","60","4.4%","389","4.7%","29","2.7%","6","2.3%","73","4.9%","4","2.1%","9","3.4%","4","6.3%","93","5.0%","6","3.0%","103","6.5%","1,797","7.2%","64","5.8%","481","6.1%","25","4.4%","52","3.3%","30","4.5%","9","5.4%","18","3.9%","371","5.0%","393","5.9%","119","4.1%","128","6.6%","614","5.7%","221","7.4%","850","6.8%","308","6.0%","838","6.4%","303","7.8%","79","4.8%","22","5.5%","1,408","6.8%","124","6.0%","418","5.6%","126","4.4%","7","4.6%","12","2.2%","10","4.9%","170","4.8%","80","4.8%","20","3.3%","30","4.0%","124","7.0%","213","6.4%","74","4.2%","227","5.4%","279","6.1%","49","3.4%","6","2.4%","1","1.0%","46","6.3%","16","3.3%","600","7.1%","125","5.9%","147","6.2%","3,419","5.0%","268","6.5%","710","5.9%","501","6.4%","1,806","6.4%","216","6.4%","61","6.8%","137","6.2%","420","5.6%","10","7.1%","570","6.0%","97","3.3%","7","10.1%","41","4.2%","2,722","5.6%","529","5.4%","810","3.8%","175","3.9%","61","4.5%","0","0.0%","77","4.8%","364","5.7%","81","3.4%","32","5.6%","38","4.8%","70","3.8%","482","4.8%","70","5.0%","17","3.1%","325","5.1%","30","2.9%","18","4.6%","82","5.7%","545","5.5%","1,575","5.7%"
"Female population 30 to 34 years","22,604","6.9%","451","4.9%","78","6.2%","546","8.2%","27","2.9%","24","3.1%","140","10.2%","74","6.0%","5","6.3%","76","4.9%","1,577","6.4%","47","7.8%","174","5.6%","6","4.6%","709","7.1%","121","5.3%","90","6.6%","65","4.1%","200","5.6%","95","8.3%","8","4.9%","1,724","7.4%","30","5.8%","32","4.1%","5","7.0%","840","5.9%","1,553","7.1%","125","4.4%","174","7.0%","3,477","6.3%","923","6.2%","48","11.1%","650","6.8%","1,403","7.1%","12","9.0%","72","6.6%","91","6.0%","44","5.4%","14","2.2%","17","2.7%","67","4.9%","414","5.0%","50","4.7%","26","10.0%","86","5.8%","4","2.1%","7","2.6%","4","6.3%","107","5.7%","9","4.6%","105","6.6%","1,903","7.6%","80","7.2%","554","7.1%","30","5.3%","61","3.9%","29","4.3%","8","4.8%","18","3.9%","425","5.7%","497","7.4%","165","5.7%","97","5.0%","617","5.7%","181","6.1%","868","6.9%","354","6.9%","808","6.2%","245","6.3%","71","4.3%","10","2.5%","1,341","6.5%","163","7.9%","463","6.2%","163","5.6%","8","5.3%","17","3.1%","5","2.5%","160","4.5%","83","5.0%","20","3.3%","47","6.3%","133","7.5%","218","6.5%","95","5.4%","212","5.0%","281","6.1%","66","4.5%","17","6.7%","8","7.7%","53","7.3%","22","4.5%","489","5.8%","114","5.4%","142","6.0%","4,069","6.0%","282","6.9%","720","6.0%","476","6.1%","1,898","6.7%","207","6.2%","45","5.0%","134","6.1%","469","6.2%","8","5.7%","504","5.3%","155","5.3%","7","10.1%","37","3.8%","2,946","6.0%","549","5.6%","925","4.3%","191","4.3%","56","4.1%","2","5.4%","99","6.2%","372","5.8%","123","5.2%","27","4.7%","42","5.3%","102","5.5%","522","5.2%","79","5.6%","35","6.4%","334","5.2%","41","4.0%","21","5.4%","80","5.6%","569","5.7%","1,640","5.9%"
"Female population 35 to 39 years","21,999","6.7%","505","5.5%","79","6.3%","602","9.1%","28","3.0%","18","2.3%","128","9.3%","81","6.5%","0","0.0%","95","6.2%","1,637","6.6%","43","7.1%","189","6.1%","6","4.6%","666","6.7%","121","5.3%","78","5.7%","58","3.7%","205","5.7%","110","9.6%","13","8.0%","1,628","7.0%","30","5.8%","37","4.7%","2","2.8%","821","5.7%","1,475","6.8%","135","4.7%","136","5.5%","3,234","5.8%","951","6.4%","48","11.1%","695","7.3%","1,226","6.2%","2","1.5%","61","5.6%","70","4.6%","36","4.4%","24","3.7%","17","2.7%","59","4.3%","416","5.0%","65","6.1%","9","3.5%","100","6.7%","20","10.6%","12","4.5%","5","7.8%","109","5.8%","3","1.5%","129","8.1%","1,661","6.7%","72","6.5%","571","7.3%","36","6.3%","80","5.1%","23","3.4%","5","3.0%","22","4.8%","341","4.6%","478","7.1%","169","5.8%","85","4.4%","574","5.3%","156","5.2%","872","7.0%","320","6.2%","694","5.3%","227","5.9%","98","5.9%","18","4.5%","1,239","6.0%","148","7.1%","449","6.0%","138","4.8%","2","1.3%","30","5.4%","11","5.4%","188","5.3%","81","4.9%","22","3.6%","33","4.4%","111","6.2%","232","6.9%","86","4.9%","237","5.6%","286","6.2%","66","4.5%","17","6.7%","4","3.8%","27","3.7%","18","3.7%","456","5.4%","115","5.4%","122","5.1%","4,376","6.5%","247","6.0%","813","6.8%","440","5.7%","2,022","7.2%","191","5.7%","51","5.6%","140","6.3%","451","6.0%","4","2.8%","524","5.5%","162","5.5%","3","4.3%","60","6.1%","2,983","6.1%","537","5.5%","1,055","4.9%","190","4.3%","62","4.6%","1","2.7%","78","4.9%","322","5.0%","129","5.4%","42","7.4%","41","5.2%","115","6.2%","544","5.4%","63","4.5%","23","4.2%","326","5.1%","47","4.5%","22","5.6%","85","5.9%","521","5.2%","1,776","6.4%"
"Female population 40 to 44 years","19,757","6.0%","500","5.4%","59","4.7%","575","8.7%","29","3.1%","36","4.7%","75","5.5%","66","5.3%","5","6.3%","85","5.5%","1,407","5.7%","28","4.6%","187","6.1%","1","0.8%","590","5.9%","149","6.5%","60","4.4%","70","4.4%","157","4.4%","87","7.6%","5","3.1%","1,234","5.3%","28","5.4%","38","4.8%","0","0.0%","791","5.5%","1,256","5.7%","127","4.5%","121","4.9%","2,861","5.1%","848","5.7%","32","7.4%","545","5.7%","1,207","6.1%","2","1.5%","59","5.4%","90","5.9%","50","6.1%","23","3.5%","28","4.5%","87","6.4%","466","5.6%","56","5.3%","10","3.8%","81","5.5%","5","2.6%","12","4.5%","1","1.6%","97","5.2%","10","5.1%","98","6.1%","1,510","6.0%","61","5.5%","480","6.1%","37","6.5%","58","3.7%","13","1.9%","3","1.8%","15","3.3%","304","4.1%","413","6.2%","178","6.1%","79","4.1%","521","4.8%","148","5.0%","749","6.0%","273","5.3%","796","6.1%","223","5.8%","70","4.2%","22","5.5%","1,012","4.9%","137","6.6%","407","5.5%","125","4.3%","3","2.0%","24","4.3%","6","2.9%","188","5.3%","92","5.6%","27","4.5%","34","4.5%","90","5.1%","179","5.4%","86","4.9%","232","5.5%","243","5.3%","67","4.6%","16","6.3%","2","1.9%","42","5.8%","18","3.7%","444","5.3%","106","5.0%","131","5.5%","4,088","6.0%","191","4.7%","780","6.5%","433","5.6%","1,723","6.1%","206","6.1%","46","5.1%","112","5.1%","410","5.4%","4","2.8%","431","4.5%","142","4.8%","4","5.8%","62","6.3%","2,772","5.7%","566","5.8%","1,065","5.0%","193","4.3%","42","3.1%","4","10.8%","83","5.2%","372","5.8%","132","5.5%","18","3.2%","34","4.3%","69","3.7%","548","5.4%","71","5.1%","31","5.6%","337","5.3%","56","5.4%","17","4.3%","70","4.9%","508","5.1%","1,589","5.7%"
"Female population 45 to 49 years","18,729","5.7%","519","5.6%","68","5.4%","462","7.0%","37","4.0%","38","4.9%","93","6.8%","53","4.3%","1","1.3%","88","5.7%","1,263","5.1%","40","6.6%","184","6.0%","3","2.3%","529","5.3%","127","5.5%","63","4.6%","77","4.9%","202","5.6%","60","5.2%","9","5.5%","1,189","5.1%","40","7.7%","43","5.5%","1","1.4%","904","6.3%","1,243","5.7%","139","4.9%","107","4.3%","2,847","5.1%","895","6.0%","19","4.4%","518","5.4%","1,098","5.5%","8","6.0%","53","4.8%","67","4.4%","43","5.2%","23","3.5%","21","3.4%","90","6.6%","398","4.8%","58","5.5%","6","2.3%","64","4.3%","11","5.8%","4","1.5%","2","3.1%","107","5.7%","8","4.1%","103","6.5%","1,302","5.2%","65","5.9%","463","5.9%","45","7.9%","86","5.5%","35","5.2%","3","1.8%","18","3.9%","373","5.0%","470","7.0%","151","5.2%","104","5.4%","524","4.8%","162","5.4%","706","5.6%","296","5.8%","724","5.5%","236","6.1%","91","5.5%","16","4.0%","966","4.7%","126","6.1%","384","5.1%","160","5.5%","7","4.6%","30","5.4%","8","3.9%","189","5.3%","105","6.3%","29","4.8%","34","4.5%","87","4.9%","171","5.1%","94","5.3%","237","5.6%","327","7.1%","92","6.3%","16","6.3%","3","2.9%","45","6.2%","26","5.3%","457","5.4%","123","5.8%","149","6.3%","4,104","6.1%","262","6.4%","680","5.7%","407","5.2%","1,499","5.3%","168","5.0%","58","6.4%","126","5.7%","411","5.4%","10","7.1%","539","5.6%","182","6.2%","4","5.8%","36","3.7%","2,747","5.6%","590","6.0%","1,207","5.7%","196","4.4%","82","6.1%","0","0.0%","92","5.8%","328","5.1%","135","5.7%","11","1.9%","53","6.7%","81","4.4%","571","5.6%","80","5.7%","36","6.5%","382","6.0%","48","4.6%","27","6.9%","86","6.0%","553","5.6%","1,588","5.7%"
"Female population 50 to 54 years","19,437","5.9%","632","6.8%","87","6.9%","368","5.6%","47","5.0%","41","5.3%","81","5.9%","99","8.0%","3","3.8%","95","6.2%","1,353","5.5%","26","4.3%","176","5.7%","9","6.9%","582","5.8%","129","5.6%","85","6.3%","99","6.3%","207","5.8%","77","6.7%","14","8.6%","1,223","5.3%","31","6.0%","60","7.6%","6","8.5%","864","6.0%","1,216","5.6%","149","5.2%","140","5.6%","2,875","5.2%","864","5.8%","17","3.9%","533","5.6%","1,091","5.5%","18","13.5%","52","4.7%","85","5.6%","39","4.8%","38","5.9%","46","7.4%","74","5.5%","437","5.2%","48","4.5%","18","6.9%","88","5.9%","3","1.6%","18","6.8%","3","4.7%","119","6.3%","8","4.1%","75","4.7%","1,296","5.2%","64","5.8%","422","5.4%","29","5.1%","102","6.6%","42","6.3%","16","9.6%","29","6.3%","430","5.7%","405","6.0%","214","7.4%","116","6.0%","639","5.9%","177","5.9%","700","5.6%","260","5.1%","737","5.6%","256","6.6%","130","7.8%","24","6.0%","1,093","5.3%","118","5.7%","412","5.5%","181","6.3%","6","3.9%","45","8.1%","8","3.9%","203","5.7%","106","6.4%","31","5.1%","63","8.4%","119","6.7%","216","6.5%","99","5.6%","243","5.7%","276","6.0%","105","7.2%","17","6.7%","4","3.8%","33","4.5%","40","8.1%","390","4.6%","133","6.3%","124","5.2%","4,024","5.9%","239","5.8%","693","5.8%","456","5.9%","1,472","5.2%","197","5.9%","42","4.7%","157","7.1%","446","5.9%","8","5.7%","525","5.5%","237","8.1%","1","1.4%","78","8.0%","3,044","6.2%","573","5.9%","1,419","6.7%","257","5.8%","89","6.6%","0","0.0%","78","4.9%","371","5.8%","140","5.9%","46","8.1%","62","7.8%","123","6.7%","589","5.8%","94","6.7%","27","4.9%","402","6.3%","59","5.7%","17","4.3%","90","6.3%","582","5.9%","1,726","6.2%"
"Female population 55 to 59 years","21,813","6.6%","930","10.0%","90","7.2%","325","4.9%","99","10.6%","64","8.3%","62","4.5%","94","7.6%","7","8.9%","140","9.1%","1,526","6.2%","43","7.1%","185","6.0%","14","10.7%","691","6.9%","169","7.4%","81","6.0%","180","11.4%","281","7.8%","57","5.0%","13","8.0%","1,370","5.9%","33","6.4%","69","8.8%","9","12.7%","950","6.6%","1,423","6.5%","221","7.8%","158","6.3%","3,383","6.1%","1,008","6.8%","7","1.6%","633","6.6%","1,256","6.3%","4","3.0%","75","6.8%","107","7.1%","90","11.0%","56","8.6%","51","8.2%","98","7.2%","585","7.0%","79","7.5%","28","10.8%","134","9.0%","21","11.1%","23","8.6%","4","6.3%","158","8.4%","28","14.2%","110","6.9%","1,315","5.3%","53","4.8%","417","5.3%","40","7.0%","143","9.2%","59","8.8%","18","10.8%","50","10.9%","644","8.6%","493","7.4%","268","9.2%","102","5.3%","711","6.6%","216","7.2%","758","6.0%","338","6.6%","899","6.9%","287","7.4%","127","7.7%","37","9.3%","1,378","6.7%","135","6.5%","510","6.8%","241","8.4%","15","9.9%","43","7.8%","20","9.8%","273","7.7%","128","7.7%","63","10.4%","56","7.4%","115","6.5%","282","8.4%","151","8.6%","325","7.7%","349","7.6%","102","7.0%","26","10.3%","19","18.3%","52","7.2%","35","7.1%","427","5.1%","157","7.4%","179","7.5%","4,787","7.1%","244","6.0%","824","6.9%","553","7.1%","1,672","5.9%","229","6.8%","54","6.0%","153","6.9%","543","7.2%","5","3.5%","714","7.5%","241","8.2%","1","1.4%","84","8.6%","3,489","7.1%","695","7.1%","1,788","8.4%","379","8.5%","92","6.8%","3","8.1%","111","7.0%","418","6.5%","199","8.3%","51","8.9%","65","8.2%","158","8.6%","739","7.3%","113","8.1%","45","8.2%","540","8.4%","74","7.1%","42","10.7%","87","6.1%","709","7.1%","2,041","7.3%"
"Female population 60 to 64 years","22,003","6.7%","1,067","11.5%","91","7.3%","315","4.8%","126","13.5%","81","10.5%","81","5.9%","89","7.2%","8","10.1%","115","7.5%","1,458","5.9%","46","7.6%","184","6.0%","23","17.6%","705","7.1%","159","6.9%","78","5.7%","153","9.7%","331","9.2%","97","8.4%","18","11.0%","1,269","5.5%","43","8.3%","63","8.0%","4","5.6%","922","6.4%","1,419","6.5%","285","10.0%","141","5.7%","3,535","6.4%","944","6.4%","14","3.2%","573","6.0%","1,193","6.0%","6","4.5%","69","6.3%","104","6.9%","51","6.2%","59","9.1%","80","12.9%","91","6.7%","673","8.1%","114","10.8%","36","13.8%","152","10.2%","16","8.5%","27","10.2%","3","4.7%","101","5.4%","17","8.6%","99","6.2%","1,237","5.0%","62","5.6%","404","5.2%","43","7.5%","144","9.3%","84","12.5%","24","14.4%","48","10.5%","741","9.9%","430","6.4%","234","8.1%","117","6.1%","801","7.4%","214","7.2%","715","5.7%","318","6.2%","925","7.1%","262","6.8%","152","9.2%","47","11.8%","1,479","7.2%","110","5.3%","532","7.1%","256","8.9%","15","9.9%","67","12.1%","25","12.3%","244","6.9%","126","7.6%","77","12.8%","75","10.0%","108","6.1%","239","7.2%","172","9.8%","310","7.3%","338","7.3%","132","9.1%","18","7.1%","5","4.8%","53","7.3%","36","7.3%","462","5.5%","133","6.3%","204","8.6%","5,072","7.5%","234","5.7%","810","6.8%","506","6.5%","1,773","6.3%","267","8.0%","63","7.0%","137","6.2%","550","7.3%","12","8.5%","763","8.0%","242","8.3%","5","7.2%","94","9.6%","3,784","7.7%","803","8.2%","2,320","10.9%","431","9.7%","121","8.9%","5","13.5%","128","8.0%","477","7.4%","262","11.0%","44","7.7%","56","7.1%","207","11.2%","890","8.8%","90","6.4%","42","7.6%","607","9.5%","116","11.2%","19","4.8%","114","7.9%","773","7.8%","1,982","7.1%"
"Female population 65 to 69 years","20,049","6.1%","928","10.0%","81","6.5%","259","3.9%","146","15.6%","98","12.8%","57","4.1%","55","4.4%","3","3.8%","121","7.9%","1,414","5.7%","36","6.0%","130","4.2%","16","12.2%","591","5.9%","147","6.4%","85","6.3%","178","11.3%","304","8.5%","64","5.6%","18","11.0%","1,023","4.4%","35","6.8%","64","8.1%","7","9.9%","746","5.2%","1,249","5.7%","323","11.3%","120","4.8%","3,355","6.0%","755","5.1%","1","0.2%","464","4.8%","1,019","5.1%","5","3.8%","56","5.1%","113","7.5%","73","8.9%","107","16.5%","68","11.0%","107","7.9%","738","8.9%","127","12.0%","21","8.1%","87","5.9%","14","7.4%","30","11.3%","13","20.3%","116","6.2%","25","12.7%","89","5.6%","1,030","4.1%","49","4.4%","332","4.2%","29","5.1%","188","12.1%","63","9.4%","15","9.0%","30","6.6%","715","9.5%","379","5.7%","187","6.4%","94","4.9%","674","6.2%","152","5.1%","624","5.0%","284","5.5%","772","5.9%","204","5.3%","165","10.0%","32","8.1%","1,284","6.2%","76","3.7%","438","5.9%","229","7.9%","17","11.2%","51","9.2%","19","9.3%","273","7.7%","165","10.0%","57","9.5%","62","8.2%","67","3.8%","187","5.6%","172","9.8%","310","7.3%","283","6.1%","130","9.0%","23","9.1%","12","11.5%","44","6.1%","33","6.7%","368","4.4%","159","7.5%","191","8.0%","4,845","7.2%","225","5.5%","689","5.8%","446","5.7%","1,584","5.6%","183","5.5%","73","8.1%","123","5.6%","427","5.7%","23","16.3%","651","6.8%","253","8.6%","11","15.9%","79","8.1%","4,049","8.3%","798","8.2%","2,471","11.6%","470","10.6%","152","11.2%","0","0.0%","135","8.5%","428","6.7%","253","10.6%","65","11.4%","35","4.4%","163","8.8%","965","9.5%","125","8.9%","72","13.1%","434","6.8%","115","11.1%","25","6.4%","111","7.7%","747","7.5%","1,738","6.2%"
"Female population 70 to 74 years","16,387","5.0%","659","7.1%","72","5.8%","197","3.0%","115","12.3%","91","11.8%","50","3.6%","37","3.0%","2","2.5%","85","5.5%","1,123","4.5%","23","3.8%","88","2.9%","12","9.2%","473","4.8%","112","4.9%","67","4.9%","140","8.9%","248","6.9%","68","5.9%","6","3.7%","819","3.5%","35","6.8%","65","8.3%","6","8.5%","483","3.4%","920","4.2%","273","9.6%","93","3.7%","2,894","5.2%","620","4.2%","4","0.9%","341","3.6%","797","4.0%","15","11.3%","47","4.3%","131","8.7%","62","7.6%","73","11.3%","97","15.6%","83","6.1%","601","7.2%","90","8.5%","3","1.2%","74","5.0%","16","8.5%","32","12.0%","5","7.8%","115","6.1%","9","4.6%","42","2.6%","711","2.8%","43","3.9%","276","3.5%","31","5.4%","159","10.2%","62","9.2%","25","15.0%","36","7.9%","620","8.3%","268","4.0%","157","5.4%","110","5.7%","672","6.2%","116","3.9%","461","3.7%","178","3.5%","563","4.3%","143","3.7%","143","8.6%","34","8.6%","1,016","4.9%","47","2.3%","366","4.9%","205","7.1%","7","4.6%","51","9.2%","8","3.9%","236","6.7%","100","6.0%","55","9.1%","68","9.0%","37","2.1%","165","4.9%","134","7.6%","238","5.6%","246","5.3%","115","7.9%","18","7.1%","10","9.6%","40","5.5%","37","7.5%","312","3.7%","117","5.5%","135","5.7%","3,943","5.8%","200","4.9%","541","4.5%","364","4.7%","1,158","4.1%","148","4.4%","48","5.3%","74","3.3%","349","4.6%","16","11.3%","520","5.4%","226","7.7%","6","8.7%","69","7.0%","3,742","7.7%","582","6.0%","1,996","9.4%","478","10.8%","154","11.4%","2","5.4%","82","5.2%","370","5.8%","228","9.6%","54","9.5%","57","7.2%","158","8.6%","805","7.9%","117","8.4%","63","11.5%","364","5.7%","117","11.3%","19","4.8%","89","6.2%","601","6.0%","1,378","5.0%"
"Female population 75 to 79 years","10,982","3.3%","372","4.0%","43","3.4%","83","1.3%","67","7.2%","61","7.9%","31","2.3%","27","2.2%","6","7.6%","62","4.0%","764","3.1%","18","3.0%","44","1.4%","7","5.3%","322","3.2%","64","2.8%","41","3.0%","92","5.8%","172","4.8%","48","4.2%","7","4.3%","590","2.5%","19","3.7%","35","4.5%","1","1.4%","327","2.3%","634","2.9%","208","7.3%","69","2.8%","2,065","3.7%","346","2.3%","2","0.5%","257","2.7%","549","2.8%","4","3.0%","27","2.5%","77","5.1%","44","5.4%","46","7.1%","62","10.0%","53","3.9%","459","5.5%","40","3.8%","9","3.5%","59","4.0%","13","6.9%","15","5.6%","3","4.7%","79","4.2%","22","11.2%","34","2.1%","466","1.9%","38","3.4%","163","2.1%","33","5.8%","82","5.3%","51","7.6%","5","3.0%","30","6.6%","404","5.4%","185","2.8%","153","5.3%","57","3.0%","506","4.7%","71","2.4%","322","2.6%","105","2.0%","335","2.6%","82","2.1%","72","4.3%","28","7.1%","749","3.6%","32","1.5%","219","2.9%","136","4.7%","10","6.6%","30","5.4%","10","4.9%","177","5.0%","75","4.5%","31","5.1%","53","7.0%","38","2.1%","111","3.3%","92","5.2%","157","3.7%","133","2.9%","81","5.6%","12","4.8%","7","6.7%","24","3.3%","37","7.5%","210","2.5%","85","4.0%","86","3.6%","2,483","3.7%","118","2.9%","345","2.9%","259","3.3%","748","2.7%","103","3.1%","45","5.0%","67","3.0%","230","3.0%","13","9.2%","390","4.1%","126","4.3%","4","5.8%","48","4.9%","2,387","4.9%","413","4.2%","1,059","5.0%","309","7.0%","71","5.2%","2","5.4%","47","3.0%","239","3.7%","126","5.3%","30","5.3%","47","5.9%","79","4.3%","494","4.9%","76","5.4%","25","4.5%","213","3.3%","40","3.9%","21","5.4%","73","5.1%","445","4.5%","919","3.3%"
"Female population 80 to 84 years","7,362","2.2%","171","1.8%","21","1.7%","43","0.6%","48","5.1%","28","3.6%","14","1.0%","31","2.5%","6","7.6%","28","1.8%","556","2.3%","8","1.3%","48","1.6%","2","1.5%","229","2.3%","79","3.4%","39","2.9%","39","2.5%","109","3.0%","32","2.8%","2","1.2%","472","2.0%","12","2.3%","26","3.3%","4","5.6%","244","1.7%","358","1.6%","102","3.6%","42","1.7%","1,439","2.6%","262","1.8%","1","0.2%","144","1.5%","375","1.9%","1","0.8%","12","1.1%","40","2.6%","22","2.7%","26","4.0%","27","4.3%","33","2.4%","267","3.2%","33","3.1%","11","4.2%","41","2.8%","14","7.4%","11","4.1%","0","0.0%","40","2.1%","5","2.5%","27","1.7%","353","1.4%","28","2.5%","128","1.6%","12","2.1%","72","4.6%","21","3.1%","4","2.4%","20","4.4%","245","3.3%","160","2.4%","78","2.7%","48","2.5%","299","2.8%","41","1.4%","223","1.8%","89","1.7%","217","1.7%","58","1.5%","47","2.8%","14","3.5%","604","2.9%","20","1.0%","123","1.6%","104","3.6%","7","4.6%","18","3.2%","3","1.5%","109","3.1%","60","3.6%","30","5.0%","24","3.2%","15","0.8%","63","1.9%","31","1.8%","115","2.7%","112","2.4%","44","3.0%","10","4.0%","3","2.9%","18","2.5%","13","2.6%","160","1.9%","49","2.3%","46","1.9%","1,471","2.2%","76","1.9%","224","1.9%","158","2.0%","525","1.9%","43","1.3%","23","2.5%","41","1.9%","187","2.5%","3","2.1%","261","2.7%","73","2.5%","2","2.9%","19","1.9%","1,403","2.9%","235","2.4%","462","2.2%","186","4.2%","45","3.3%","1","2.7%","43","2.7%","129","2.0%","58","2.4%","12","2.1%","27","3.4%","71","3.8%","280","2.8%","55","3.9%","17","3.1%","136","2.1%","30","2.9%","8","2.0%","40","2.8%","292","2.9%","549","2.0%"
"Female population 85 years and over","7,840","2.4%","129","1.4%","37","3.0%","45","0.7%","11","1.2%","38","4.9%","22","1.6%","21","1.7%","2","2.5%","22","1.4%","632","2.6%","5","0.8%","52","1.7%","6","4.6%","208","2.1%","57","2.5%","25","1.8%","38","2.4%","105","2.9%","32","2.8%","2","1.2%","453","1.9%","12","2.3%","30","3.8%","1","1.4%","195","1.4%","325","1.5%","89","3.1%","34","1.4%","1,499","2.7%","258","1.7%","3","0.7%","179","1.9%","407","2.0%","1","0.8%","14","1.3%","43","2.8%","22","2.7%","23","3.5%","14","2.3%","86","6.3%","270","3.2%","26","2.5%","7","2.7%","40","2.7%","8","4.2%","8","3.0%","4","6.3%","53","2.8%","3","1.5%","21","1.3%","355","1.4%","26","2.3%","107","1.4%","7","1.2%","29","1.9%","27","4.0%","5","3.0%","6","1.3%","186","2.5%","166","2.5%","78","2.7%","34","1.8%","298","2.7%","37","1.2%","214","1.7%","81","1.6%","176","1.3%","34","0.9%","60","3.6%","14","3.5%","592","2.9%","21","1.0%","60","0.8%","61","2.1%","9","5.9%","38","6.9%","12","5.9%","96","2.7%","53","3.2%","12","2.0%","23","3.1%","20","1.1%","85","2.5%","43","2.4%","146","3.4%","107","2.3%","53","3.7%","8","3.2%","4","3.8%","10","1.4%","19","3.9%","170","2.0%","50","2.4%","44","1.9%","1,480","2.2%","61","1.5%","211","1.8%","146","1.9%","600","2.1%","58","1.7%","25","2.8%","48","2.2%","140","1.9%","7","5.0%","263","2.7%","47","1.6%","1","1.4%","17","1.7%","1,464","3.0%","210","2.2%","319","1.5%","181","4.1%","26","1.9%","0","0.0%","46","2.9%","136","2.1%","72","3.0%","10","1.8%","24","3.0%","36","2.0%","274","2.7%","39","2.8%","16","2.9%","102","1.6%","36","3.5%","7","1.8%","59","4.1%","221","2.2%","471","1.7%"
"Selected Age Categories","","","","","","","","","","","","","","","","","","","","","","","","","","","","","","","","","","","","","","","","","","","","","","","","","","","","","","","","","","","","","","","","","","","","","","","","","","","","","","","","","","","","","","","","","","","","","","","","","","","","","","","","","","","","","","","","","","","","","","","","","","","","","","","","","","","","","","","","","","","","","","","","","","","","","","","","","","","","","","","","","","","","","","","","","","","","","","","","","","","","","","","","","","","","","","","","","","","","","","","","","","","","","","","","","","","","","","","","","","","","","","","","","","","","","","","","","","","","","","","","","","","","","","","","","","","","","","","","","","","",""
"16 years and over","270,878","82.4%","7,812","84.4%","1,003","80.1%","4,988","75.3%","855","91.6%","696","90.6%","1,082","78.6%","969","78.0%","62","78.5%","1,242","80.6%","19,057","77.1%","457","75.8%","2,301","74.7%","111","84.7%","7,972","80.1%","1,822","79.5%","1,004","73.8%","1,350","85.4%","2,990","83.4%","1,008","87.7%","128","78.5%","17,743","76.3%","405","78.2%","656","83.5%","58","81.7%","11,054","77.0%","17,033","78.0%","2,487","87.3%","1,848","74.2%","45,659","82.1%","11,534","77.7%","297","68.4%","7,246","75.6%","15,407","77.5%","103","77.4%","808","73.8%","1,216","80.4%","685","83.5%","565","87.2%","571","91.9%","1,106","81.5%","7,001","84.0%","905","85.5%","199","76.5%","1,229","82.8%","162","85.7%","224","84.2%","55","85.9%","1,469","78.3%","167","84.8%","1,203","75.5%","18,311","73.3%","841","75.8%","5,754","73.6%","461","80.9%","1,375","88.4%","587","87.4%","147","88.0%","377","82.3%","6,329","84.5%","5,340","79.7%","2,374","81.7%","1,496","77.6%","8,548","78.8%","2,283","76.4%","9,569","76.3%","3,806","74.1%","10,163","77.9%","2,973","77.0%","1,428","86.2%","348","87.7%","16,656","80.9%","1,516","73.2%","5,655","75.8%","2,325","80.6%","124","81.6%","481","86.8%","169","82.8%","2,839","80.2%","1,390","83.9%","523","86.7%","660","87.8%","1,271","71.5%","2,704","81.0%","1,493","84.8%","3,449","81.5%","3,754","81.6%","1,197","82.4%","224","88.9%","97","93.3%","566","77.9%","398","80.9%","6,610","78.5%","1,691","80.1%","1,922","81.0%","54,741","80.8%","3,141","76.7%","9,357","78.4%","6,049","77.8%","21,779","77.2%","2,560","76.3%","731","81.0%","1,687","76.4%","5,953","78.8%","135","95.7%","7,934","82.9%","2,453","83.6%","61","88.4%","829","84.5%","41,704","85.4%","8,057","82.6%","18,495","86.7%","3,905","87.9%","1,154","85.3%","25","67.6%","1,258","79.1%","5,269","82.1%","2,109","88.4%","485","84.9%","643","81.3%","1,562","84.7%","8,538","84.3%","1,200","85.8%","487","88.5%","5,150","80.5%","881","85.0%","306","78.1%","1,184","82.5%","8,066","81.1%","22,050","79.3%"
"18 years and over","262,684","79.9%","7,616","82.3%","964","77.0%","4,793","72.3%","837","89.7%","684","89.1%","1,035","75.2%","932","75.0%","59","74.7%","1,192","77.4%","18,327","74.2%","447","74.1%","2,183","70.9%","110","84.0%","7,735","77.7%","1,761","76.9%","972","71.5%","1,314","83.1%","2,904","81.0%","982","85.4%","124","76.1%","17,037","73.3%","399","77.0%","628","79.9%","56","78.9%","10,532","73.4%","16,380","75.0%","2,439","85.6%","1,756","70.5%","44,319","79.7%","11,040","74.3%","290","66.8%","6,980","72.8%","14,764","74.3%","95","71.4%","756","69.0%","1,182","78.1%","666","81.2%","559","86.3%","564","90.8%","1,070","78.9%","6,824","81.8%","874","82.5%","195","75.0%","1,190","80.1%","159","84.1%","221","83.1%","55","85.9%","1,424","75.9%","162","82.2%","1,157","72.6%","17,509","70.1%","807","72.8%","5,490","70.2%","443","77.7%","1,345","86.4%","573","85.3%","145","86.8%","363","79.3%","6,186","82.6%","5,156","77.0%","2,307","79.4%","1,444","74.9%","8,237","76.0%","2,186","73.2%","9,172","73.1%","3,636","70.8%","9,703","74.3%","2,857","74.0%","1,387","83.7%","346","87.2%","16,187","78.6%","1,446","69.8%","5,401","72.4%","2,279","79.0%","119","78.3%","473","85.4%","162","79.4%","2,760","77.9%","1,363","82.3%","504","83.6%","648","86.2%","1,205","67.8%","2,605","78.0%","1,449","82.3%","3,340","78.9%","3,644","79.2%","1,178","81.1%","217","86.1%","95","91.3%","552","75.9%","383","77.8%","6,376","75.7%","1,633","77.4%","1,862","78.5%","52,905","78.1%","3,019","73.7%","9,018","75.5%","5,793","74.5%","20,920","74.1%","2,468","73.5%","711","78.7%","1,622","73.4%","5,696","75.4%","131","92.9%","7,684","80.3%","2,381","81.2%","60","87.0%","801","81.7%","40,764","83.4%","7,816","80.1%","18,063","84.7%","3,833","86.3%","1,115","82.4%","24","64.9%","1,221","76.7%","5,100","79.5%","2,061","86.3%","480","84.1%","620","78.4%","1,532","83.0%","8,322","82.2%","1,167","83.4%","478","86.9%","4,986","77.9%","865","83.4%","292","74.5%","1,150","80.1%","7,811","78.6%","21,204","76.2%"
"21 years and over","249,409","75.9%","7,398","79.9%","909","72.6%","4,523","68.3%","817","87.6%","670","87.2%","1,006","73.1%","869","69.9%","57","72.2%","1,136","73.7%","17,397","70.4%","428","71.0%","2,002","65.0%","108","82.4%","7,418","74.5%","1,648","71.9%","927","68.2%","1,279","80.9%","2,800","78.1%","958","83.3%","121","74.2%","16,150","69.5%","381","73.6%","604","76.8%","55","77.5%","9,849","68.6%","15,523","71.0%","2,364","83.0%","1,646","66.1%","41,137","74.0%","10,371","69.8%","278","64.1%","6,660","69.5%","13,991","70.4%","87","65.4%","712","65.0%","1,134","75.0%","640","78.0%","549","84.7%","561","90.3%","1,031","76.0%","6,479","77.7%","844","79.7%","193","74.2%","1,131","76.2%","155","82.0%","219","82.3%","54","84.4%","1,370","73.1%","161","81.7%","1,090","68.4%","16,280","65.2%","762","68.7%","5,184","66.3%","428","75.1%","1,292","83.0%","563","83.8%","142","85.0%","351","76.6%","6,015","80.3%","4,958","74.0%","2,215","76.2%","1,298","67.3%","7,851","72.4%","2,030","67.9%","8,616","68.7%","3,442","67.1%","9,108","69.8%","2,740","71.0%","1,343","81.1%","336","84.6%","15,272","74.2%","1,343","64.8%","5,113","68.5%","2,202","76.3%","115","75.7%","466","84.1%","156","76.5%","2,633","74.3%","1,307","78.9%","487","80.8%","635","84.4%","1,135","63.8%","2,486","74.5%","1,386","78.7%","3,183","75.2%","3,476","75.5%","1,146","78.9%","209","82.9%","91","87.5%","517","71.1%","361","73.4%","5,657","67.1%","1,546","73.2%","1,779","75.0%","50,587","74.7%","2,858","69.8%","8,571","71.8%","5,494","70.7%","19,771","70.1%","2,351","70.0%","664","73.5%","1,554","70.3%","5,375","71.2%","128","90.8%","7,158","74.8%","2,281","77.8%","57","82.6%","762","77.7%","39,271","80.4%","7,461","76.5%","17,529","82.2%","3,736","84.1%","1,085","80.2%","24","64.9%","1,169","73.5%","4,723","73.6%","2,006","84.0%","458","80.2%","600","75.9%","1,481","80.3%","8,035","79.3%","1,122","80.2%","469","85.3%","4,740","74.1%","830","80.0%","277","70.7%","1,106","77.0%","7,466","75.1%","20,172","72.5%"
"62 years and over","75,717","23.0%","2,888","31.2%","310","24.8%","822","12.4%","458","49.1%","361","47.0%","218","15.8%","222","17.9%","23","29.1%","381","24.7%","5,348","21.6%","117","19.4%","468","15.2%","52","39.7%","2,238","22.5%","539","23.5%","302","22.2%","571","36.1%","1,152","32.2%","306","26.6%","47","28.8%","4,090","17.6%","137","26.4%","253","32.2%","23","32.4%","2,559","17.8%","4,331","19.8%","1,177","41.3%","431","17.3%","13,332","24.0%","2,791","18.8%","20","4.6%","1,725","18.0%","3,862","19.4%","30","22.6%","202","18.4%","479","31.7%","253","30.9%","318","49.1%","314","50.6%","407","30.0%","2,739","32.8%","396","37.4%","70","26.9%","391","26.3%","71","37.6%","112","42.1%","28","43.8%","462","24.6%","80","40.6%","272","17.1%","3,612","14.5%","215","19.4%","1,251","16.0%","134","23.5%","617","39.7%","274","40.8%","71","42.5%","152","33.2%","2,633","35.2%","1,404","21.0%","791","27.2%","426","22.1%","2,936","27.1%","547","18.3%","2,234","17.8%","916","17.8%","2,587","19.8%","676","17.5%","569","34.3%","151","38.0%","5,101","24.8%","263","12.7%","1,537","20.6%","899","31.2%","60","39.5%","236","42.6%","71","34.8%","1,052","29.7%","520","31.4%","235","39.0%","282","37.5%","240","13.5%","755","22.6%","569","32.3%","1,151","27.2%","1,095","23.8%","509","35.1%","85","33.7%","37","35.6%","173","23.8%","161","32.7%","1,512","17.9%","534","25.3%","624","26.3%","17,229","25.4%","815","19.9%","2,469","20.7%","1,668","21.5%","5,691","20.2%","687","20.5%","246","27.2%","439","19.9%","1,663","22.0%","72","51.1%","2,535","26.5%","872","29.7%","27","39.1%","285","29.1%","15,293","31.3%","2,715","27.8%","7,740","36.3%","1,891","42.6%","514","38.0%","9","24.3%","431","27.1%","1,578","24.6%","888","37.2%","196","34.3%","215","27.2%","615","33.3%","3,372","33.3%","462","33.0%","226","41.1%","1,608","25.1%","425","41.0%","90","23.0%","431","30.0%","2,750","27.7%","6,167","22.2%"
"65 years and over","62,620","19.0%","2,259","24.4%","254","20.3%","627","9.5%","387","41.5%","316","41.1%","174","12.6%","171","13.8%","19","24.1%","318","20.6%","4,489","18.2%","90","14.9%","362","11.7%","43","32.8%","1,823","18.3%","459","20.0%","257","18.9%","487","30.8%","938","26.2%","244","21.2%","35","21.5%","3,357","14.4%","113","21.8%","220","28.0%","19","26.8%","1,995","13.9%","3,486","16.0%","995","34.9%","358","14.4%","11,252","20.2%","2,241","15.1%","11","2.5%","1,385","14.5%","3,147","15.8%","26","19.5%","156","14.2%","404","26.7%","223","27.2%","275","42.4%","268","43.2%","362","26.7%","2,335","28.0%","316","29.8%","51","19.6%","301","20.3%","65","34.4%","96","36.1%","25","39.1%","403","21.5%","64","32.5%","213","13.4%","2,915","11.7%","184","16.6%","1,006","12.9%","112","19.6%","530","34.1%","224","33.3%","54","32.3%","122","26.6%","2,170","29.0%","1,158","17.3%","653","22.5%","343","17.8%","2,449","22.6%","417","14.0%","1,844","14.7%","737","14.4%","2,063","15.8%","521","13.5%","487","29.4%","122","30.7%","4,245","20.6%","196","9.5%","1,206","16.2%","735","25.5%","50","32.9%","188","33.9%","52","25.5%","891","25.2%","453","27.4%","185","30.7%","230","30.6%","177","10.0%","611","18.3%","472","26.8%","966","22.8%","881","19.1%","423","29.1%","71","28.2%","36","34.6%","136","18.7%","139","28.3%","1,220","14.5%","460","21.8%","502","21.2%","14,222","21.0%","680","16.6%","2,010","16.8%","1,373","17.7%","4,615","16.4%","535","15.9%","214","23.7%","353","16.0%","1,333","17.6%","62","44.0%","2,085","21.8%","725","24.7%","24","34.8%","232","23.6%","13,045","26.7%","2,238","22.9%","6,307","29.6%","1,624","36.6%","448","33.1%","5","13.5%","353","22.2%","1,302","20.3%","737","30.9%","171","29.9%","190","24.0%","507","27.5%","2,818","27.8%","412","29.4%","193","35.1%","1,249","19.5%","338","32.6%","80","20.4%","372","25.9%","2,306","23.2%","5,055","18.2%"
"MEDIAN AGE BY SEX","","","","","","","","","","","","","","","","","","","","","","","","","","","","","","","","","","","","","","","","","","","","","","","","","","","","","","","","","","","","","","","","","","","","","","","","","","","","","","","","","","","","","","","","","","","","","","","","","","","","","","","","","","","","","","","","","","","","","","","","","","","","","","","","","","","","","","","","","","","","","","","","","","","","","","","","","","","","","","","","","","","","","","","","","","","","","","","","","","","","","","","","","","","","","","","","","","","","","","","","","","","","","","","","","","","","","","","","","","","","","","","","","","","","","","","","","","","","","","","","","","","","","","","","","","","","","","","","","","","",""
"Both sexes","38.7","(X)","52.0","(X)","40.4","(X)","34.3","(X)","62.4","(X)","60.7","(X)","34.2","(X)","36.7","(X)","37.5","(X)","43.8","(X)","36.2","(X)","36.9","(X)","33.5","(X)","57.4","(X)","38.3","(X)","39.9","(X)","36.3","(X)","55.4","(X)","48.7","(X)","45.3","(X)","48.4","(X)","32.6","(X)","42.4","(X)","51.2","(X)","53.8","(X)","33.4","(X)","36.2","(X)","53.4","(X)","31.9","(X)","36.3","(X)","35.4","(X)","26.7","(X)","35.3","(X)","35.6","(X)","37.9","(X)","34.3","(X)","45.9","(X)","47.3","(X)","60.7","(X)","62.3","(X)","47.3","(X)","46.9","(X)","54.3","(X)","48.0","(X)","40.8","(X)","52.0","(X)","58.2","(X)","59.5","(X)","41.6","(X)","57.9","(X)","35.3","(X)","31.7","(X)","35.7","(X)","32.8","(X)","40.4","(X)","56.1","(X)","56.3","(X)","57.6","(X)","52.6","(X)","51.8","(X)","39.6","(X)","46.5","(X)","34.0","(X)","41.0","(X)","33.7","(X)","34.4","(X)","33.3","(X)","35.0","(X)","34.5","(X)","53.4","(X)","55.3","(X)","36.8","(X)","30.5","(X)","36.5","(X)","47.8","(X)","54.1","(X)","57.3","(X)","51.9","(X)","44.8","(X)","48.3","(X)","56.4","(X)","53.1","(X)","30.4","(X)","39.5","(X)","49.9","(X)","43.2","(X)","41.3","(X)","52.0","(X)","50.9","(X)","54.0","(X)","39.5","(X)","44.8","(X)","30.7","(X)","40.6","(X)","42.6","(X)","41.5","(X)","34.1","(X)","38.3","(X)","37.2","(X)","35.6","(X)","36.7","(X)","40.6","(X)","35.8","(X)","36.7","(X)","61.5","(X)","41.4","(X)","49.2","(X)","42.4","(X)","47.8","(X)","45.9","(X)","45.0","(X)","52.8","(X)","57.6","(X)","55.6","(X)","40.5","(X)","41.3","(X)","37.8","(X)","55.1","(X)","53.5","(X)","47.3","(X)","51.1","(X)","48.4","(X)","48.5","(X)","55.2","(X)","44.2","(X)","54.8","(X)","43.1","(X)","43.7","(X)","43.2","(X)","38.8","(X)"
"Male","37.4","(X)","51.9","(X)","39.2","(X)","34.0","(X)","63.0","(X)","61.0","(X)","33.6","(X)","35.4","(X)","26.8","(X)","43.4","(X)","34.8","(X)","36.6","(X)","33.6","(X)","53.8","(X)","37.4","(X)","38.1","(X)","36.6","(X)","54.8","(X)","47.8","(X)","49.1","(X)","48.0","(X)","31.3","(X)","41.3","(X)","51.2","(X)","57.1","(X)","31.5","(X)","35.5","(X)","50.5","(X)","30.9","(X)","34.3","(X)","33.8","(X)","26.1","(X)","35.0","(X)","35.2","(X)","40.0","(X)","35.3","(X)","45.5","(X)","46.2","(X)","60.5","(X)","62.4","(X)","47.2","(X)","45.6","(X)","54.9","(X)","45.4","(X)","39.1","(X)","45.5","(X)","58.8","(X)","60.4","(X)","40.4","(X)","57.9","(X)","33.9","(X)","31.8","(X)","36.3","(X)","31.8","(X)","37.6","(X)","55.8","(X)","54.2","(X)","57.6","(X)","52.1","(X)","50.3","(X)","39.0","(X)","45.7","(X)","33.8","(X)","39.9","(X)","32.7","(X)","33.4","(X)","32.4","(X)","33.3","(X)","32.8","(X)","54.1","(X)","54.4","(X)","34.7","(X)","27.4","(X)","36.3","(X)","46.4","(X)","52.5","(X)","56.8","(X)","53.5","(X)","43.5","(X)","47.2","(X)","55.0","(X)","53.4","(X)","28.9","(X)","38.3","(X)","49.1","(X)","42.4","(X)","40.5","(X)","52.4","(X)","50.6","(X)","47.8","(X)","39.6","(X)","38.7","(X)","30.2","(X)","39.1","(X)","40.9","(X)","40.2","(X)","32.1","(X)","37.6","(X)","36.3","(X)","34.5","(X)","35.7","(X)","38.8","(X)","34.1","(X)","35.2","(X)","61.1","(X)","40.0","(X)","48.9","(X)","35.5","(X)","46.7","(X)","43.6","(X)","44.8","(X)","51.4","(X)","57.2","(X)","57.4","(X)","45.5","(X)","40.8","(X)","35.1","(X)","55.1","(X)","54.3","(X)","45.7","(X)","49.2","(X)","46.9","(X)","45.5","(X)","54.8","(X)","43.8","(X)","53.6","(X)","44.5","(X)","40.8","(X)","41.7","(X)","37.7","(X)"
"Female","40.0","(X)","52.0","(X)","42.2","(X)","34.6","(X)","61.7","(X)","60.5","(X)","35.2","(X)","37.3","(X)","44.6","(X)","44.2","(X)","37.4","(X)","38.2","(X)","33.5","(X)","60.1","(X)","39.4","(X)","41.4","(X)","36.0","(X)","56.2","(X)","49.3","(X)","42.7","(X)","49.3","(X)","33.9","(X)","45.3","(X)","51.5","(X)","53.4","(X)","35.4","(X)","37.1","(X)","56.8","(X)","32.9","(X)","38.3","(X)","36.6","(X)","27.5","(X)","35.7","(X)","36.2","(X)","34.8","(X)","33.3","(X)","46.0","(X)","49.3","(X)","61.3","(X)","62.3","(X)","47.4","(X)","48.3","(X)","53.8","(X)","50.8","(X)","44.8","(X)","56.5","(X)","57.6","(X)","55.5","(X)","42.7","(X)","57.9","(X)","36.1","(X)","31.7","(X)","35.3","(X)","33.7","(X)","42.6","(X)","56.3","(X)","58.3","(X)","57.8","(X)","53.0","(X)","53.0","(X)","40.2","(X)","47.7","(X)","34.1","(X)","41.8","(X)","34.9","(X)","35.4","(X)","34.6","(X)","37.1","(X)","36.6","(X)","53.1","(X)","55.9","(X)","39.4","(X)","32.7","(X)","36.7","(X)","49.2","(X)","55.7","(X)","57.5","(X)","50.8","(X)","45.8","(X)","49.1","(X)","57.4","(X)","52.7","(X)","32.1","(X)","40.6","(X)","50.9","(X)","43.8","(X)","42.3","(X)","51.6","(X)","51.0","(X)","57.3","(X)","39.2","(X)","50.4","(X)","31.2","(X)","42.6","(X)","44.0","(X)","42.8","(X)","35.9","(X)","38.9","(X)","38.0","(X)","36.6","(X)","37.9","(X)","41.6","(X)","37.9","(X)","38.9","(X)","63.1","(X)","43.1","(X)","49.5","(X)","47.2","(X)","49.6","(X)","48.1","(X)","45.2","(X)","54.2","(X)","58.1","(X)","54.4","(X)","32.5","(X)","42.1","(X)","40.8","(X)","55.1","(X)","52.6","(X)","48.1","(X)","52.4","(X)","49.8","(X)","50.5","(X)","55.6","(X)","44.7","(X)","55.6","(X)","41.3","(X)","46.4","(X)","44.4","(X)","40.2","(X)"
"RACE","","","","","","","","","","","","","","","","","","","","","","","","","","","","","","","","","","","","","","","","","","","","","","","","","","","","","","","","","","","","","","","","","","","","","","","","","","","","","","","","","","","","","","","","","","","","","","","","","","","","","","","","","","","","","","","","","","","","","","","","","","","","","","","","","","","","","","","","","","","","","","","","","","","","","","","","","","","","","","","","","","","","","","","","","","","","","","","","","","","","","","","","","","","","","","","","","","","","","","","","","","","","","","","","","","","","","","","","","","","","","","","","","","","","","","","","","","","","","","","","","","","","","","","","","","","","","","","","","","","",""
"Total population","641,085","100.0%","18,910","100.0%","2,372","100.0%","14,077","100.0%","1,967","100.0%","1,612","100.0%","3,430","100.0%","2,556","100.0%","142","100.0%","3,128","100.0%","48,478","100.0%","1,305","100.0%","6,118","100.0%","248","100.0%","19,968","100.0%","4,365","100.0%","2,591","100.0%","3,263","100.0%","7,131","100.0%","1,993","100.0%","331","100.0%","47,049","100.0%","1,050","100.0%","1,532","100.0%","166","100.0%","27,889","100.0%","42,695","100.0%","6,139","100.0%","4,868","100.0%","108,288","100.0%","28,752","100.0%","930","100.0%","19,177","100.0%","40,665","100.0%","249","100.0%","2,223","100.0%","2,847","100.0%","1,650","100.0%","1,312","100.0%","1,331","100.0%","2,627","100.0%","16,285","100.0%","2,133","100.0%","530","100.0%","3,562","100.0%","360","100.0%","524","100.0%","133","100.0%","3,774","100.0%","404","100.0%","3,329","100.0%","51,736","100.0%","2,333","100.0%","15,903","100.0%","1,154","100.0%","3,059","100.0%","1,385","100.0%","341","100.0%","988","100.0%","14,496","100.0%","13,551","100.0%","5,868","100.0%","4,266","100.0%","21,161","100.0%","5,771","100.0%","24,025","100.0%","9,957","100.0%","25,692","100.0%","7,457","100.0%","3,361","100.0%","828","100.0%","41,956","100.0%","4,022","100.0%","16,176","100.0%","5,685","100.0%","311","100.0%","1,129","100.0%","411","100.0%","6,895","100.0%","3,233","100.0%","1,234","100.0%","1,409","100.0%","3,472","100.0%","6,580","100.0%","3,504","100.0%","8,104","100.0%","8,997","100.0%","3,051","100.0%","581","100.0%","198","100.0%","1,490","100.0%","1,016","100.0%","16,685","100.0%","4,309","100.0%","4,666","100.0%","131,852","100.0%","8,007","100.0%","23,676","100.0%","15,283","100.0%","54,911","100.0%","6,722","100.0%","1,768","100.0%","4,326","100.0%","14,975","100.0%","316","100.0%","18,804","100.0%","5,904","100.0%","159","100.0%","2,018","100.0%","93,162","100.0%","19,154","100.0%","42,507","100.0%","8,867","100.0%","2,709","100.0%","84","100.0%","3,184","100.0%","13,327","100.0%","4,598","100.0%","1,157","100.0%","1,623","100.0%","3,739","100.0%","19,414","100.0%","2,805","100.0%","1,153","100.0%","12,990","100.0%","2,055","100.0%","791","100.0%","3,288","100.0%","19,622","100.0%","56,583","100.0%"
"One Race","504,517","78.7%","16,179","85.6%","2,278","96.0%","11,471","81.5%","1,826","92.8%","1,393","86.4%","2,672","77.9%","1,977","77.3%","130","91.5%","2,784","89.0%","39,306","81.1%","1,107","84.8%","4,910","80.3%","222","89.5%","16,770","84.0%","4,184","95.9%","2,520","97.3%","2,757","84.5%","5,661","79.4%","1,361","68.3%","303","91.5%","39,259","83.4%","958","91.2%","1,360","88.8%","150","90.4%","18,519","66.4%","31,466","73.7%","5,200","84.7%","3,419","70.2%","82,536","76.2%","17,531","61.0%","793","85.3%","15,033","78.4%","33,508","82.4%","214","85.9%","1,893","85.2%","2,086","73.3%","1,262","76.5%","1,117","85.1%","1,206","90.6%","1,972","75.1%","13,149","80.7%","1,900","89.1%","361","68.1%","2,463","69.1%","271","75.3%","370","70.6%","115","86.5%","2,838","75.2%","367","90.8%","2,837","85.2%","40,698","78.7%","1,619","69.4%","12,760","80.2%","983","85.2%","2,692","88.0%","1,132","81.7%","303","88.9%","706","71.5%","12,256","84.5%","11,757","86.8%","5,063","86.3%","3,280","76.9%","15,816","74.7%","5,672","98.3%","21,378","89.0%","9,824","98.7%","24,840","96.7%","7,354","98.6%","2,281","67.9%","586","70.8%","35,145","83.8%","3,922","97.5%","11,625","71.9%","4,728","83.2%","285","91.6%","1,031","91.3%","376","91.5%","5,798","84.1%","2,066","63.9%","898","72.8%","1,003","71.2%","3,281","94.5%","4,953","75.3%","2,480","70.8%","5,812","71.7%","6,590","73.2%","2,111","69.2%","439","75.6%","189","95.5%","1,260","84.6%","891","87.7%","13,934","83.5%","3,816","88.6%","4,352","93.3%","106,205","80.5%","7,367","92.0%","20,848","88.1%","13,405","87.7%","49,373","89.9%","6,229","92.7%","1,755","99.3%","4,223","97.6%","14,761","98.6%","263","83.2%","13,226","70.3%","4,069","68.9%","120","75.5%","1,443","71.5%","72,013","77.3%","14,401","75.2%","34,314","80.7%","7,923","89.4%","2,209","81.5%","70","83.3%","2,873","90.2%","10,465","78.5%","3,866","84.1%","896","77.4%","1,051","64.8%","2,890","77.3%","14,786","76.2%","2,436","86.8%","976","84.6%","11,007","84.7%","1,711","83.3%","662","83.7%","2,579","78.4%","15,569","79.3%","42,826","75.7%"
"One Race White","331,726","51.7%","14,298","75.6%","68","2.9%","7,052","50.1%","1,676","85.2%","1,285","79.7%","1,675","48.8%","1,281","50.1%","103","72.5%","2,515","80.4%","27,449","56.6%","847","64.9%","2,779","45.4%","194","78.2%","7,520","37.7%","108","2.5%","258","10.0%","2,453","75.2%","4,600","64.5%","1,084","54.4%","285","86.1%","26,787","56.9%","856","81.5%","1,162","75.8%","136","81.9%","9,761","35.0%","21,274","49.8%","4,378","71.3%","1,789","36.8%","56,949","52.6%","9,468","32.9%","590","63.4%","11,003","57.4%","23,888","58.7%","179","71.9%","1,196","53.8%","1,503","52.8%","991","60.1%","930","70.9%","1,108","83.2%","1,486","56.6%","10,499","64.5%","1,749","82.0%","230","43.4%","1,660","46.6%","177","49.2%","319","60.9%","109","82.0%","2,313","61.3%","342","84.7%","1,990","59.8%","23,589","45.6%","1,088","46.6%","6,903","43.4%","733","63.5%","2,473","80.8%","954","68.9%","266","78.0%","518","52.4%","10,052","69.3%","9,871","72.8%","4,642","79.1%","2,171","50.9%","10,626","50.2%","176","3.0%","5,281","22.0%","71","0.7%","1,995","7.8%","116","1.6%","1,587","47.2%","433","52.3%","27,175","64.8%","109","2.7%","7,205","44.5%","3,678","64.7%","279","89.7%","953","84.4%","337","82.0%","4,612","66.9%","1,346","41.6%","600","48.6%","721","51.2%","62","1.8%","1,632","24.8%","1,476","42.1%","2,632","32.5%","3,689","41.0%","1,459","47.8%","204","35.1%","44","22.2%","1,070","71.8%","785","77.3%","10,055","60.3%","836","19.4%","1,274","27.3%","78,769","59.7%","642","8.0%","14,719","62.2%","7,681","50.3%","26,052","47.4%","1,773","26.4%","19","1.1%","31","0.7%","141","0.9%","230","72.8%","8,475","45.1%","2,684","45.5%","89","56.0%","904","44.8%","52,085","55.9%","8,030","41.9%","28,800","67.8%","6,918","78.0%","1,897","70.0%","43","51.2%","1,028","32.3%","7,028","52.7%","3,086","67.1%","482","41.7%","516","31.8%","2,362","63.2%","10,786","55.6%","1,045","37.3%","807","70.0%","8,453","65.1%","1,348","65.6%","600","75.9%","2,112","64.2%","10,964","55.9%","28,482","50.3%"
"One Race Black or African American","20,643","3.2%","113","0.6%","1","0.0%","587","4.2%","17","0.9%","20","1.2%","86","2.5%","6","0.2%","0","0.0%","6","0.2%","1,004","2.1%","7","0.5%","116","1.9%","1","0.4%","280","1.4%","2","0.0%","1","0.0%","8","0.2%","21","0.3%","7","0.4%","3","0.9%","2,897","6.2%","0","0.0%","8","0.5%","0","0.0%","147","0.5%","812","1.9%","91","1.5%","23","0.5%","2,701","2.5%","201","0.7%","97","10.4%","201","1.0%","759","1.9%","2","0.8%","15","0.7%","23","0.8%","14","0.8%","11","0.8%","7","0.5%","22","0.8%","228","1.4%","4","0.2%","3","0.6%","68","1.9%","3","0.8%","2","0.4%","2","1.5%","13","0.3%","1","0.2%","37","1.1%","2,478","4.8%","16","0.7%","267","1.7%","3","0.3%","8","0.3%","9","0.6%","1","0.3%","3","0.3%","67","0.5%","142","1.0%","25","0.4%","64","1.5%","240","1.1%","29","0.5%","236","1.0%","27","0.3%","54","0.2%","7","0.1%","10","0.3%","4","0.5%","2,465","5.9%","6","0.1%","143","0.9%","48","0.8%","0","0.0%","2","0.2%","4","1.0%","104","1.5%","11","0.3%","4","0.3%","5","0.4%","33","1.0%","26","0.4%","12","0.3%","50","0.6%","32","0.4%","24","0.8%","4","0.7%","5","2.5%","5","0.3%","8","0.8%","491","2.9%","19","0.4%","11","0.2%","3,284","2.5%","13","0.2%","96","0.4%","64","0.4%","514","0.9%","19","0.3%","2","0.1%","3","0.1%","16","0.1%","1","0.3%","301","1.6%","34","0.6%","0","0.0%","8","0.4%","1,003","1.1%","81","0.4%","328","0.8%","82","0.9%","11","0.4%","3","3.6%","14","0.4%","159","1.2%","12","0.3%","5","0.4%","0","0.0%","26","0.7%","110","0.6%","11","0.4%","9","0.8%","112","0.9%","21","1.0%","3","0.4%","63","1.9%","265","1.4%","708","1.3%"
"One Race American Indian and Alaska Native","33,668","5.3%","281","1.5%","2,128","89.7%","2,120","15.1%","45","2.3%","14","0.9%","48","1.4%","20","0.8%","3","2.1%","17","0.5%","732","1.5%","11","0.8%","72","1.2%","17","6.9%","6,196","31.0%","3,799","87.0%","2,228","86.0%","33","1.0%","137","1.9%","41","2.1%","0","0.0%","614","1.3%","20","1.9%","10","0.7%","0","0.0%","301","1.1%","834","2.0%","77","1.3%","54","1.1%","2,439","2.3%","378","1.3%","6","0.6%","305","1.6%","583","1.4%","4","1.6%","30","1.3%","72","2.5%","24","1.5%","37","2.8%","17","1.3%","74","2.8%","307","1.9%","57","2.7%","4","0.8%","56","1.6%","2","0.6%","4","0.8%","3","2.3%","36","1.0%","4","1.0%","27","0.8%","718","1.4%","20","0.9%","193","1.2%","7","0.6%","30","1.0%","37","2.7%","2","0.6%","16","1.6%","506","3.5%","103","0.8%","54","0.9%","75","1.8%","269","1.3%","5,374","93.1%","12,696","52.8%","9,644","96.9%","22,094","86.0%","7,133","95.7%","92","2.7%","20","2.4%","663","1.6%","3,721","92.5%","265","1.6%","332","5.8%","1","0.3%","9","0.8%","9","2.2%","118","1.7%","30","0.9%","28","2.3%","16","1.1%","3,072","88.5%","1,730","26.3%","101","2.9%","1,434","17.7%","273","3.0%","122","4.0%","11","1.9%","112","56.6%","18","1.2%","5","0.5%","221","1.3%","2,504","58.1%","2,860","61.3%","6,560","5.0%","6,390","79.8%","3,878","16.4%","3,479","22.8%","18,393","33.5%","3,937","58.6%","1,726","97.6%","4,179","96.6%","14,429","96.4%","3","0.9%","403","2.1%","96","1.6%","0","0.0%","44","2.2%","2,230","2.4%","2,539","13.3%","789","1.9%","196","2.2%","45","1.7%","8","9.5%","1,593","50.0%","584","4.4%","74","1.6%","63","5.4%","216","13.3%","51","1.4%","752","3.9%","1,106","39.4%","27","2.3%","356","2.7%","31","1.5%","9","1.1%","75","2.3%","524","2.7%","2,729","4.8%"
"One Race Asian","19,727","3.1%","125","0.7%","6","0.3%","395","2.8%","8","0.4%","0","0.0%","3","0.1%","12","0.5%","3","2.1%","9","0.3%","605","1.2%","2","0.2%","33","0.5%","0","0.0%","189","0.9%","3","0.1%","17","0.7%","18","0.6%","31","0.4%","12","0.6%","3","0.9%","804","1.7%","3","0.3%","9","0.6%","2","1.2%","49","0.2%","445","1.0%","58","0.9%","8","0.2%","2,002","1.8%","105","0.4%","33","3.5%","118","0.6%","468","1.2%","1","0.4%","10","0.4%","6","0.2%","4","0.2%","8","0.6%","7","0.5%","5","0.2%","158","1.0%","14","0.7%","0","0.0%","46","1.3%","4","1.1%","0","0.0%","0","0.0%","13","0.3%","1","0.2%","3","0.1%","554","1.1%","0","0.0%","99","0.6%","5","0.4%","15","0.5%","6","0.4%","1","0.3%","8","0.8%","132","0.9%","1,062","7.8%","176","3.0%","9","0.2%","166","0.8%","51","0.9%","687","2.9%","52","0.5%","81","0.3%","77","1.0%","11","0.3%","5","0.6%","973","2.3%","6","0.1%","51","0.3%","26","0.5%","0","0.0%","0","0.0%","4","1.0%","45","0.7%","6","0.2%","6","0.5%","3","0.2%","49","1.4%","39","0.6%","6","0.2%","51","0.6%","42","0.5%","37","1.2%","1","0.2%","16","8.1%","2","0.1%","1","0.1%","186","1.1%","12","0.3%","24","0.5%","2,489","1.9%","20","0.2%","97","0.4%","71","0.5%","582","1.1%","18","0.3%","4","0.2%","6","0.1%","138","0.9%","2","0.6%","136","0.7%","13","0.2%","1","0.6%","4","0.2%","1,718","1.8%","168","0.9%","481","1.1%","121","1.4%","4","0.1%","1","1.2%","11","0.3%","299","2.2%","32","0.7%","4","0.3%","4","0.2%","19","0.5%","138","0.7%","8","0.3%","5","0.4%","49","0.4%","5","0.2%","1","0.1%","6","0.2%","103","0.5%","343","0.6%"
"One Race Native Hawaiian and Other Pacific Islander","756","0.1%","10","0.1%","0","0.0%","28","0.2%","0","0.0%","0","0.0%","3","0.1%","1","0.0%","0","0.0%","3","0.1%","32","0.1%","0","0.0%","4","0.1%","0","0.0%","12","0.1%","6","0.1%","0","0.0%","7","0.2%","6","0.1%","5","0.3%","0","0.0%","37","0.1%","0","0.0%","5","0.3%","0","0.0%","12","0.0%","55","0.1%","9","0.1%","2","0.0%","96","0.1%","16","0.1%","5","0.5%","11","0.1%","48","0.1%","0","0.0%","2","0.1%","0","0.0%","0","0.0%","1","0.1%","1","0.1%","0","0.0%","18","0.1%","1","0.0%","0","0.0%","0","0.0%","0","0.0%","0","0.0%","0","0.0%","7","0.2%","0","0.0%","0","0.0%","20","0.0%","0","0.0%","2","0.0%","0","0.0%","0","0.0%","1","0.1%","0","0.0%","1","0.1%","11","0.1%","12","0.1%","3","0.1%","5","0.1%","15","0.1%","5","0.1%","21","0.1%","1","0.0%","8","0.0%","1","0.0%","0","0.0%","0","0.0%","178","0.4%","0","0.0%","3","0.0%","2","0.0%","1","0.3%","1","0.1%","0","0.0%","7","0.1%","1","0.0%","1","0.1%","3","0.2%","1","0.0%","2","0.0%","0","0.0%","1","0.0%","4","0.0%","0","0.0%","0","0.0%","0","0.0%","0","0.0%","0","0.0%","18","0.1%","1","0.0%","1","0.0%","258","0.2%","5","0.1%","6","0.0%","10","0.1%","41","0.1%","3","0.0%","1","0.1%","1","0.0%","9","0.1%","0","0.0%","2","0.0%","0","0.0%","0","0.0%","0","0.0%","66","0.1%","24","0.1%","38","0.1%","0","0.0%","3","0.1%","0","0.0%","0","0.0%","8","0.1%","1","0.0%","0","0.0%","0","0.0%","3","0.1%","8","0.0%","3","0.1%","0","0.0%","8","0.1%","3","0.1%","0","0.0%","4","0.1%","20","0.1%","38","0.1%"
"One Race Some Other Race","97,997","15.3%","1,352","7.1%","75","3.2%","1,289","9.2%","80","4.1%","74","4.6%","857","25.0%","657","25.7%","21","14.8%","234","7.5%","9,484","19.6%","240","18.4%","1,906","31.2%","10","4.0%","2,573","12.9%","266","6.1%","16","0.6%","238","7.3%","866","12.1%","212","10.6%","12","3.6%","8,120","17.3%","79","7.5%","166","10.8%","12","7.2%","8,249","29.6%","8,046","18.8%","587","9.6%","1,543","31.7%","18,349","16.9%","7,363","25.6%","62","6.7%","3,395","17.7%","7,762","19.1%","28","11.2%","640","28.8%","482","16.9%","229","13.9%","130","9.9%","66","5.0%","385","14.7%","1,939","11.9%","75","3.5%","124","23.4%","633","17.8%","85","23.6%","45","8.6%","1","0.8%","456","12.1%","19","4.7%","780","23.4%","13,339","25.8%","495","21.2%","5,296","33.3%","235","20.4%","166","5.4%","125","9.0%","33","9.7%","160","16.2%","1,488","10.3%","567","4.2%","163","2.8%","956","22.4%","4,500","21.3%","37","0.6%","2,457","10.2%","29","0.3%","608","2.4%","20","0.3%","581","17.3%","124","15.0%","3,691","8.8%","80","2.0%","3,958","24.5%","642","11.3%","4","1.3%","66","5.8%","22","5.4%","912","13.2%","672","20.8%","259","21.0%","255","18.1%","64","1.8%","1,524","23.2%","885","25.3%","1,644","20.3%","2,550","28.3%","469","15.4%","219","37.7%","12","6.1%","165","11.1%","92","9.1%","2,963","17.8%","444","10.3%","182","3.9%","14,845","11.3%","297","3.7%","2,052","8.7%","2,100","13.7%","3,791","6.9%","479","7.1%","3","0.2%","3","0.1%","28","0.2%","27","8.5%","3,909","20.8%","1,242","21.0%","30","18.9%","483","23.9%","14,911","16.0%","3,559","18.6%","3,878","9.1%","606","6.8%","249","9.2%","15","17.9%","227","7.1%","2,387","17.9%","661","14.4%","342","29.6%","315","19.4%","429","11.5%","2,992","15.4%","263","9.4%","128","11.1%","2,029","15.6%","303","14.7%","49","6.2%","319","9.7%","3,693","18.8%","10,526","18.6%"
"Two or More Races","136,568","21.3%","2,731","14.4%","94","4.0%","2,606","18.5%","141","7.2%","219","13.6%","758","22.1%","579","22.7%","12","8.5%","344","11.0%","9,172","18.9%","198","15.2%","1,208","19.7%","26","10.5%","3,198","16.0%","181","4.1%","71","2.7%","506","15.5%","1,470","20.6%","632","31.7%","28","8.5%","7,790","16.6%","92","8.8%","172","11.2%","16","9.6%","9,370","33.6%","11,229","26.3%","939","15.3%","1,449","29.8%","25,752","23.8%","11,221","39.0%","137","14.7%","4,144","21.6%","7,157","17.6%","35","14.1%","330","14.8%","761","26.7%","388","23.5%","195","14.9%","125","9.4%","655","24.9%","3,136","19.3%","233","10.9%","169","31.9%","1,099","30.9%","89","24.7%","154","29.4%","18","13.5%","936","24.8%","37","9.2%","492","14.8%","11,038","21.3%","714","30.6%","3,143","19.8%","171","14.8%","367","12.0%","253","18.3%","38","11.1%","282","28.5%","2,240","15.5%","1,794","13.2%","805","13.7%","986","23.1%","5,345","25.3%","99","1.7%","2,647","11.0%","133","1.3%","852","3.3%","103","1.4%","1,080","32.1%","242","29.2%","6,811","16.2%","100","2.5%","4,551","28.1%","957","16.8%","26","8.4%","98","8.7%","35","8.5%","1,097","15.9%","1,167","36.1%","336","27.2%","406","28.8%","191","5.5%","1,627","24.7%","1,024","29.2%","2,292","28.3%","2,407","26.8%","940","30.8%","142","24.4%","9","4.5%","230","15.4%","125","12.3%","2,751","16.5%","493","11.4%","314","6.7%","25,647","19.5%","640","8.0%","2,828","11.9%","1,878","12.3%","5,538","10.1%","493","7.3%","13","0.7%","103","2.4%","214","1.4%","53","16.8%","5,578","29.7%","1,835","31.1%","39","24.5%","575","28.5%","21,149","22.7%","4,753","24.8%","8,193","19.3%","944","10.6%","500","18.5%","14","16.7%","311","9.8%","2,862","21.5%","732","15.9%","261","22.6%","572","35.2%","849","22.7%","4,628","23.8%","369","13.2%","177","15.4%","1,983","15.3%","344","16.7%","129","16.3%","709","21.6%","4,053","20.7%","13,757","24.3%"
"TOTAL RACES TALLIED [1]","","","","","","","","","","","","","","","","","","","","","","","","","","","","","","","","","","","","","","","","","","","","","","","","","","","","","","","","","","","","","","","","","","","","","","","","","","","","","","","","","","","","","","","","","","","","","","","","","","","","","","","","","","","","","","","","","","","","","","","","","","","","","","","","","","","","","","","","","","","","","","","","","","","","","","","","","","","","","","","","","","","","","","","","","","","","","","","","","","","","","","","","","","","","","","","","","","","","","","","","","","","","","","","","","","","","","","","","","","","","","","","","","","","","","","","","","","","","","","","","","","","","","","","","","","","","","","","","","","","",""
"Total races tallied","784,889","122.4%","21,803","115.3%","2,479","104.5%","16,840","119.6%","2,117","107.6%","1,844","114.4%","4,198","122.4%","3,148","123.2%","154","108.5%","3,483","111.3%","57,934","119.5%","1,505","115.3%","7,347","120.1%","278","112.1%","23,288","116.6%","4,557","104.4%","2,668","103.0%","3,796","116.3%","8,660","121.4%","2,638","132.4%","359","108.5%","55,141","117.2%","1,150","109.5%","1,733","113.1%","188","113.3%","37,396","134.1%","54,421","127.5%","7,107","115.8%","6,332","130.1%","135,057","124.7%","40,167","139.7%","1,075","115.6%","23,420","122.1%","48,009","118.1%","286","114.9%","2,564","115.3%","3,626","127.4%","2,047","124.1%","1,523","116.1%","1,465","110.1%","3,302","125.7%","19,557","120.1%","2,377","111.4%","704","132.8%","4,706","132.1%","462","128.3%","695","132.6%","151","113.5%","4,762","126.2%","452","111.9%","3,847","115.6%","63,042","121.9%","3,061","131.2%","19,118","120.2%","1,332","115.4%","3,437","112.4%","1,649","119.1%","385","112.9%","1,273","128.8%","16,837","116.1%","15,458","114.1%","6,733","114.7%","5,293","124.1%","26,632","125.9%","5,881","101.9%","26,832","111.7%","10,104","101.5%","26,614","103.6%","7,573","101.6%","4,489","133.6%","1,088","131.4%","49,174","117.2%","4,140","102.9%","20,809","128.6%","6,672","117.4%","337","108.4%","1,232","109.1%","451","109.7%","8,046","116.7%","4,423","136.8%","1,583","128.3%","1,829","129.8%","3,697","106.5%","8,257","125.5%","4,553","129.9%","10,453","129.0%","11,457","127.3%","4,048","132.7%","734","126.3%","207","104.5%","1,724","115.7%","1,146","112.8%","19,560","117.2%","4,817","111.8%","5,005","107.3%","159,013","120.6%","8,667","108.2%","26,621","112.4%","17,253","112.9%","60,760","110.7%","7,245","107.8%","1,786","101.0%","4,436","102.5%","15,215","101.6%","374","118.4%","24,511","130.3%","7,791","132.0%","201","126.4%","2,627","130.2%","115,185","123.6%","24,092","125.8%","51,057","120.1%","9,854","111.1%","3,222","118.9%","98","116.7%","3,527","110.8%","16,307","122.4%","5,347","116.3%","1,442","124.6%","2,224","137.0%","4,603","123.1%","24,282","125.1%","3,198","114.0%","1,351","117.2%","15,088","116.2%","2,422","117.9%","938","118.6%","4,037","122.8%","23,820","121.4%","70,808","125.1%"
"White alone or in combination with one or more other races","462,616","72.2%","16,926","89.5%","131","5.5%","9,537","67.7%","1,808","91.9%","1,493","92.6%","2,410","70.3%","1,847","72.3%","113","79.6%","2,851","91.1%","36,401","75.1%","1,039","79.6%","3,944","64.5%","219","88.3%","10,556","52.9%","245","5.6%","302","11.7%","2,949","90.4%","6,046","84.8%","1,707","85.6%","308","93.1%","34,190","72.7%","946","90.1%","1,322","86.3%","150","90.4%","19,029","68.2%","32,232","75.5%","5,291","86.2%","3,211","66.0%","81,943","75.7%","20,542","71.4%","712","76.6%","15,085","78.7%","30,841","75.8%","212","85.1%","1,514","68.1%","2,253","79.1%","1,373","83.2%","1,122","85.5%","1,231","92.5%","2,130","81.1%","13,542","83.2%","1,973","92.5%","398","75.1%","2,719","76.3%","262","72.8%","469","89.5%","127","95.5%","3,240","85.9%","379","93.8%","2,462","74.0%","34,301","66.3%","1,797","77.0%","9,994","62.8%","902","78.2%","2,833","92.6%","1,201","86.7%","302","88.6%","797","80.7%","12,235","84.4%","11,628","85.8%","5,428","92.5%","3,121","73.2%","15,876","75.0%","229","4.0%","7,574","31.5%","152","1.5%","2,648","10.3%","173","2.3%","2,648","78.8%","667","80.6%","33,601","80.1%","179","4.5%","11,670","72.1%","4,596","80.8%","305","98.1%","1,047","92.7%","371","90.3%","5,667","82.2%","2,490","77.0%","924","74.9%","1,123","79.7%","206","5.9%","3,194","48.5%","2,481","70.8%","4,850","59.8%","6,046","67.2%","2,362","77.4%","342","58.9%","50","25.3%","1,297","87.0%","909","89.5%","12,717","76.2%","1,308","30.4%","1,562","33.5%","103,428","78.4%","944","11.8%","17,434","73.6%","9,469","62.0%","31,243","56.9%","2,236","33.3%","30","1.7%","110","2.5%","254","1.7%","282","89.2%","13,943","74.1%","4,474","75.8%","128","80.5%","1,472","72.9%","72,730","78.1%","12,675","66.2%","36,798","86.6%","7,836","88.4%","2,388","88.2%","57","67.9%","1,286","40.4%","9,796","73.5%","3,811","82.9%","720","62.2%","1,073","66.1%","3,183","85.1%","15,322","78.9%","1,374","49.0%","980","85.0%","10,382","79.9%","1,681","81.8%","721","91.2%","2,796","85.0%","14,918","76.0%","41,848","74.0%"
"Black or African American alone or in combination with one or more other races","29,886","4.7%","287","1.5%","7","0.3%","824","5.9%","23","1.2%","34","2.1%","107","3.1%","17","0.7%","0","0.0%","17","0.5%","1,451","3.0%","11","0.8%","149","2.4%","7","2.8%","406","2.0%","15","0.3%","16","0.6%","31","1.0%","62","0.9%","24","1.2%","5","1.5%","3,847","8.2%","14","1.3%","25","1.6%","2","1.2%","302","1.1%","1,217","2.9%","127","2.1%","41","0.8%","3,936","3.6%","306","1.1%","119","12.8%","319","1.7%","1,086","2.7%","4","1.6%","31","1.4%","35","1.2%","25","1.5%","20","1.5%","13","1.0%","32","1.2%","366","2.2%","24","1.1%","3","0.6%","94","2.6%","10","2.8%","9","1.7%","2","1.5%","49","1.3%","8","2.0%","59","1.8%","3,077","5.9%","32","1.4%","342","2.2%","9","0.8%","23","0.8%","28","2.0%","6","1.8%","12","1.2%","165","1.1%","272","2.0%","81","1.4%","120","2.8%","351","1.7%","65","1.1%","477","2.0%","64","0.6%","162","0.6%","25","0.3%","44","1.3%","23","2.8%","3,417","8.1%","21","0.5%","205","1.3%","92","1.6%","2","0.6%","9","0.8%","6","1.5%","151","2.2%","28","0.9%","16","1.3%","16","1.1%","64","1.8%","51","0.8%","20","0.6%","97","1.2%","71","0.8%","57","1.9%","9","1.5%","7","3.5%","11","0.7%","13","1.3%","688","4.1%","42","1.0%","33","0.7%","5,000","3.8%","32","0.4%","254","1.1%","167","1.1%","1,024","1.9%","56","0.8%","5","0.3%","14","0.3%","83","0.6%","3","0.9%","392","2.1%","56","0.9%","0","0.0%","17","0.8%","1,663","1.8%","170","0.9%","606","1.4%","124","1.4%","19","0.7%","4","4.8%","27","0.8%","321","2.4%","32","0.7%","14","1.2%","9","0.6%","42","1.1%","254","1.3%","28","1.0%","20","1.7%","217","1.7%","41","2.0%","14","1.8%","103","3.1%","404","2.1%","1,186","2.1%"
"American Indian and Alaska Native alone or in combination with one or more other races","50,301","7.8%","817","4.3%","2,199","92.7%","2,443","17.4%","80","4.1%","52","3.2%","91","2.7%","55","2.2%","5","3.5%","113","3.6%","1,620","3.3%","26","2.0%","174","2.8%","27","10.9%","6,710","33.6%","3,871","88.7%","2,290","88.4%","121","3.7%","345","4.8%","96","4.8%","10","3.0%","1,499","3.2%","48","4.6%","44","2.9%","6","3.6%","561","2.0%","1,899","4.4%","182","3.0%","121","2.5%","4,830","4.5%","730","2.5%","39","4.2%","697","3.6%","1,441","3.5%","7","2.8%","39","1.8%","128","4.5%","71","4.3%","89","6.8%","47","3.5%","125","4.8%","684","4.2%","106","5.0%","11","2.1%","133","3.7%","14","3.9%","25","4.8%","4","3.0%","91","2.4%","8","2.0%","106","3.2%","1,598","3.1%","48","2.1%","402","2.5%","26","2.3%","126","4.1%","66","4.8%","13","3.8%","36","3.6%","913","6.3%","420","3.1%","184","3.1%","163","3.8%","650","3.1%","5,452","94.5%","13,784","57.4%","9,766","98.1%","22,628","88.1%","7,215","96.8%","144","4.3%","42","5.1%","1,749","4.2%","3,795","94.4%","505","3.1%","508","8.9%","8","2.6%","24","2.1%","22","5.4%","293","4.2%","92","2.8%","57","4.6%","45","3.2%","3,203","92.3%","1,883","28.6%","170","4.9%","1,631","20.1%","412","4.6%","223","7.3%","35","6.0%","117","59.1%","36","2.4%","17","1.7%","540","3.2%","2,582","59.9%","2,941","63.0%","10,271","7.8%","6,775","84.6%","4,711","19.9%","3,932","25.7%","20,508","37.3%","4,120","61.3%","1,736","98.2%","4,278","98.9%","14,613","97.6%","13","4.1%","716","3.8%","236","4.0%","4","2.5%","85","4.2%","4,267","4.6%","2,973","15.5%","1,869","4.4%","486","5.5%","131","4.8%","11","13.1%","1,727","54.2%","902","6.8%","137","3.0%","113","9.8%","283","17.4%","130","3.5%","1,332","6.9%","1,212","43.2%","74","6.4%","754","5.8%","77","3.7%","35","4.4%","150","4.6%","977","5.0%","4,182","7.4%"
"Asian alone or in combination with one or more other races","27,980","4.4%","325","1.7%","16","0.7%","648","4.6%","26","1.3%","6","0.4%","19","0.6%","23","0.9%","3","2.1%","22","0.7%","831","1.7%","4","0.3%","47","0.8%","1","0.4%","289","1.4%","14","0.3%","28","1.1%","41","1.3%","53","0.7%","21","1.1%","5","1.5%","1,268","2.7%","13","1.2%","23","1.5%","3","1.8%","107","0.4%","792","1.9%","92","1.5%","13","0.3%","2,935","2.7%","202","0.7%","62","6.7%","209","1.1%","657","1.6%","2","0.8%","15","0.7%","12","0.4%","20","1.2%","10","0.8%","12","0.9%","10","0.4%","259","1.6%","28","1.3%","1","0.2%","78","2.2%","18","5.0%","7","1.3%","4","3.0%","27","0.7%","5","1.2%","26","0.8%","738","1.4%","5","0.2%","136","0.9%","7","0.6%","20","0.7%","8","0.6%","4","1.2%","8","0.8%","206","1.4%","1,284","9.5%","277","4.7%","37","0.9%","268","1.3%","63","1.1%","848","3.5%","59","0.6%","137","0.5%","93","1.2%","35","1.0%","12","1.4%","1,704","4.1%","18","0.4%","105","0.6%","55","1.0%","4","1.3%","2","0.2%","6","1.5%","90","1.3%","12","0.4%","6","0.5%","11","0.8%","50","1.4%","60","0.9%","25","0.7%","79","1.0%","61","0.7%","43","1.4%","4","0.7%","16","8.1%","4","0.3%","3","0.3%","314","1.9%","18","0.4%","44","0.9%","4,255","3.2%","29","0.4%","216","0.9%","131","0.9%","876","1.6%","33","0.5%","5","0.3%","11","0.3%","158","1.1%","4","1.3%","188","1.0%","29","0.5%","4","2.5%","18","0.9%","2,502","2.7%","273","1.4%","819","1.9%","155","1.7%","14","0.5%","1","1.2%","33","1.0%","384","2.9%","73","1.6%","12","1.0%","11","0.7%","34","0.9%","262","1.3%","12","0.4%","14","1.2%","127","1.0%","19","0.9%","13","1.6%","32","1.0%","192","1.0%","767","1.4%"
"Native Hawaiian and Other Pacific Islander alone or in combination with one or more other races","2,113","0.3%","52","0.3%","4","0.2%","73","0.5%","6","0.3%","4","0.2%","4","0.1%","6","0.2%","0","0.0%","6","0.2%","71","0.1%","1","0.1%","9","0.1%","0","0.0%","46","0.2%","18","0.4%","3","0.1%","8","0.2%","14","0.2%","6","0.3%","0","0.0%","135","0.3%","1","0.1%","15","1.0%","3","1.8%","31","0.1%","115","0.3%","16","0.3%","6","0.1%","285","0.3%","32","0.1%","17","1.8%","42","0.2%","123","0.3%","1","0.4%","10","0.4%","4","0.1%","2","0.1%","2","0.2%","1","0.1%","7","0.3%","63","0.4%","4","0.2%","1","0.2%","8","0.2%","1","0.3%","2","0.4%","0","0.0%","20","0.5%","5","1.2%","8","0.2%","73","0.1%","0","0.0%","10","0.1%","3","0.3%","4","0.1%","3","0.2%","2","0.6%","1","0.1%","34","0.2%","32","0.2%","14","0.2%","20","0.5%","37","0.2%","15","0.3%","58","0.2%","4","0.0%","32","0.1%","5","0.1%","20","0.6%","7","0.8%","319","0.8%","10","0.2%","31","0.2%","16","0.3%","1","0.3%","3","0.3%","1","0.2%","24","0.3%","3","0.1%","1","0.1%","8","0.6%","2","0.1%","17","0.3%","4","0.1%","4","0.0%","16","0.2%","4","0.1%","1","0.2%","1","0.5%","1","0.1%","0","0.0%","65","0.4%","4","0.1%","1","0.0%","645","0.5%","10","0.1%","39","0.2%","30","0.2%","135","0.2%","4","0.1%","1","0.1%","1","0.0%","27","0.2%","1","0.3%","39","0.2%","13","0.2%","0","0.0%","5","0.2%","234","0.3%","50","0.3%","98","0.2%","12","0.1%","3","0.1%","0","0.0%","3","0.1%","30","0.2%","3","0.1%","8","0.7%","9","0.6%","5","0.1%","45","0.2%","10","0.4%","5","0.4%","35","0.3%","8","0.4%","12","1.5%","11","0.3%","45","0.2%","121","0.2%"
"Some Other Race alone or in combination with one or more other races","211,993","33.1%","3,396","18.0%","122","5.1%","3,315","23.5%","174","8.8%","255","15.8%","1,567","45.7%","1,200","46.9%","33","23.2%","474","15.2%","17,560","36.2%","424","32.5%","3,024","49.4%","24","9.7%","5,281","26.4%","394","9.0%","29","1.1%","646","19.8%","2,140","30.0%","784","39.3%","31","9.4%","14,202","30.2%","128","12.2%","304","19.8%","24","14.5%","17,366","62.3%","18,166","42.5%","1,399","22.8%","2,940","60.4%","41,128","38.0%","18,355","63.8%","126","13.5%","7,068","36.9%","13,861","34.1%","60","24.1%","955","43.0%","1,194","41.9%","556","33.7%","280","21.3%","161","12.1%","998","38.0%","4,643","28.5%","242","11.3%","290","54.7%","1,674","47.0%","157","43.6%","183","34.9%","14","10.5%","1,335","35.4%","47","11.6%","1,186","35.6%","23,255","44.9%","1,179","50.5%","8,234","51.8%","385","33.4%","431","14.1%","343","24.8%","58","17.0%","419","42.4%","3,284","22.7%","1,822","13.4%","749","12.8%","1,832","42.9%","9,450","44.7%","57","1.0%","4,091","17.0%","59","0.6%","1,007","3.9%","62","0.8%","1,598","47.5%","337","40.7%","8,384","20.0%","117","2.9%","8,293","51.3%","1,405","24.7%","17","5.5%","147","13.0%","45","10.9%","1,821","26.4%","1,798","55.6%","579","46.9%","626","44.4%","172","5.0%","3,052","46.4%","1,853","52.9%","3,792","46.8%","4,851","53.9%","1,359","44.5%","343","59.0%","16","8.1%","375","25.2%","204","20.1%","5,236","31.4%","863","20.0%","424","9.1%","35,414","26.9%","877","11.0%","3,967","16.8%","3,524","23.1%","6,974","12.7%","796","11.8%","9","0.5%","22","0.5%","80","0.5%","71","22.5%","9,233","49.1%","2,983","50.5%","65","40.9%","1,030","51.0%","33,789","36.3%","7,951","41.5%","10,867","25.6%","1,241","14.0%","667","24.6%","25","29.8%","451","14.2%","4,874","36.6%","1,291","28.1%","575","49.7%","839","51.7%","1,209","32.3%","7,067","36.4%","562","20.0%","258","22.4%","3,573","27.5%","596","29.0%","143","18.1%","945","28.7%","7,284","37.1%","22,704","40.1%"
"HISPANIC OR LATINO","","","","","","","","","","","","","","","","","","","","","","","","","","","","","","","","","","","","","","","","","","","","","","","","","","","","","","","","","","","","","","","","","","","","","","","","","","","","","","","","","","","","","","","","","","","","","","","","","","","","","","","","","","","","","","","","","","","","","","","","","","","","","","","","","","","","","","","","","","","","","","","","","","","","","","","","","","","","","","","","","","","","","","","","","","","","","","","","","","","","","","","","","","","","","","","","","","","","","","","","","","","","","","","","","","","","","","","","","","","","","","","","","","","","","","","","","","","","","","","","","","","","","","","","","","","","","","","","","","","",""
"Total population","641,085","100.0%","18,910","100.0%","2,372","100.0%","14,077","100.0%","1,967","100.0%","1,612","100.0%","3,430","100.0%","2,556","100.0%","142","100.0%","3,128","100.0%","48,478","100.0%","1,305","100.0%","6,118","100.0%","248","100.0%","19,968","100.0%","4,365","100.0%","2,591","100.0%","3,263","100.0%","7,131","100.0%","1,993","100.0%","331","100.0%","47,049","100.0%","1,050","100.0%","1,532","100.0%","166","100.0%","27,889","100.0%","42,695","100.0%","6,139","100.0%","4,868","100.0%","108,288","100.0%","28,752","100.0%","930","100.0%","19,177","100.0%","40,665","100.0%","249","100.0%","2,223","100.0%","2,847","100.0%","1,650","100.0%","1,312","100.0%","1,331","100.0%","2,627","100.0%","16,285","100.0%","2,133","100.0%","530","100.0%","3,562","100.0%","360","100.0%","524","100.0%","133","100.0%","3,774","100.0%","404","100.0%","3,329","100.0%","51,736","100.0%","2,333","100.0%","15,903","100.0%","1,154","100.0%","3,059","100.0%","1,385","100.0%","341","100.0%","988","100.0%","14,496","100.0%","13,551","100.0%","5,868","100.0%","4,266","100.0%","21,161","100.0%","5,771","100.0%","24,025","100.0%","9,957","100.0%","25,692","100.0%","7,457","100.0%","3,361","100.0%","828","100.0%","41,956","100.0%","4,022","100.0%","16,176","100.0%","5,685","100.0%","311","100.0%","1,129","100.0%","411","100.0%","6,895","100.0%","3,233","100.0%","1,234","100.0%","1,409","100.0%","3,472","100.0%","6,580","100.0%","3,504","100.0%","8,104","100.0%","8,997","100.0%","3,051","100.0%","581","100.0%","198","100.0%","1,490","100.0%","1,016","100.0%","16,685","100.0%","4,309","100.0%","4,666","100.0%","131,852","100.0%","8,007","100.0%","23,676","100.0%","15,283","100.0%","54,911","100.0%","6,722","100.0%","1,768","100.0%","4,326","100.0%","14,975","100.0%","316","100.0%","18,804","100.0%","5,904","100.0%","159","100.0%","2,018","100.0%","93,162","100.0%","19,154","100.0%","42,507","100.0%","8,867","100.0%","2,709","100.0%","84","100.0%","3,184","100.0%","13,327","100.0%","4,598","100.0%","1,157","100.0%","1,623","100.0%","3,739","100.0%","19,414","100.0%","2,805","100.0%","1,153","100.0%","12,990","100.0%","2,055","100.0%","791","100.0%","3,288","100.0%","19,622","100.0%","56,583","100.0%"
"Hispanic or Latino (of any race)","318,315","49.7%","4,797","25.4%","283","11.9%","6,086","43.2%","241","12.3%","361","22.4%","2,169","63.2%","1,702","66.6%","63","44.4%","874","27.9%","27,322","56.4%","640","49.0%","4,327","70.7%","39","15.7%","8,110","40.6%","412","9.4%","83","3.2%","933","28.6%","3,858","54.1%","1,087","54.5%","55","16.6%","21,568","45.8%","173","16.5%","618","40.3%","36","21.7%","25,052","89.8%","27,337","64.0%","2,081","33.9%","4,284","88.0%","63,519","58.7%","25,206","87.7%","193","20.8%","10,023","52.3%","19,707","48.5%","96","38.6%","1,481","66.6%","2,131","74.9%","935","56.7%","448","34.1%","220","16.5%","1,777","67.6%","7,505","46.1%","450","21.1%","424","80.0%","2,753","77.3%","259","71.9%","258","49.2%","24","18.0%","2,331","61.8%","59","14.6%","1,746","52.4%","30,732","59.4%","1,436","61.6%","10,762","67.7%","517","44.8%","609","19.9%","564","40.7%","76","22.3%","559","56.6%","4,688","32.3%","2,420","17.9%","1,015","17.3%","2,619","61.4%","14,051","66.4%","136","2.4%","6,391","26.6%","149","1.5%","1,772","6.9%","163","2.2%","2,731","81.3%","570","68.8%","12,807","30.5%","425","10.6%","10,675","66.0%","2,245","39.5%","27","8.7%","239","21.2%","100","24.3%","3,482","50.5%","2,845","88.0%","794","64.3%","815","57.8%","401","11.5%","4,376","66.5%","2,545","72.6%","5,484","67.7%","7,490","83.2%","1,959","64.2%","423","72.8%","27","13.6%","533","35.8%","249","24.5%","7,615","45.6%","1,217","28.2%","565","12.1%","54,732","41.5%","1,103","13.8%","5,944","25.1%","5,175","33.9%","11,068","20.2%","1,112","16.5%","37","2.1%","85","2.0%","209","1.4%","105","33.2%","14,688","78.1%","4,184","70.9%","91","57.2%","1,422","70.5%","47,333","50.8%","11,834","61.8%","15,210","35.8%","2,317","26.1%","994","36.7%","39","46.4%","688","21.6%","7,626","57.2%","1,862","40.5%","818","70.7%","1,190","73.3%","2,170","58.0%","10,198","52.5%","870","31.0%","322","27.9%","5,354","41.2%","911","44.3%","194","24.5%","1,402","42.6%","11,886","60.6%","33,889","59.9%"
"Not Hispanic or Latino","322,770","50.3%","14,113","74.6%","2,089","88.1%","7,991","56.8%","1,726","87.7%","1,251","77.6%","1,261","36.8%","854","33.4%","79","55.6%","2,254","72.1%","21,156","43.6%","665","51.0%","1,791","29.3%","209","84.3%","11,858","59.4%","3,953","90.6%","2,508","96.8%","2,330","71.4%","3,273","45.9%","906","45.5%","276","83.4%","25,481","54.2%","877","83.5%","914","59.7%","130","78.3%","2,837","10.2%","15,358","36.0%","4,058","66.1%","584","12.0%","44,769","41.3%","3,546","12.3%","737","79.2%","9,154","47.7%","20,958","51.5%","153","61.4%","742","33.4%","716","25.1%","715","43.3%","864","65.9%","1,111","83.5%","850","32.4%","8,780","53.9%","1,683","78.9%","106","20.0%","809","22.7%","101","28.1%","266","50.8%","109","82.0%","1,443","38.2%","345","85.4%","1,583","47.6%","21,004","40.6%","897","38.4%","5,141","32.3%","637","55.2%","2,450","80.1%","821","59.3%","265","77.7%","429","43.4%","9,808","67.7%","11,131","82.1%","4,853","82.7%","1,647","38.6%","7,110","33.6%","5,635","97.6%","17,634","73.4%","9,808","98.5%","23,920","93.1%","7,294","97.8%","630","18.7%","258","31.2%","29,149","69.5%","3,597","89.4%","5,501","34.0%","3,440","60.5%","284","91.3%","890","78.8%","311","75.7%","3,413","49.5%","388","12.0%","440","35.7%","594","42.2%","3,071","88.5%","2,204","33.5%","959","27.4%","2,620","32.3%","1,507","16.8%","1,092","35.8%","158","27.2%","171","86.4%","957","64.2%","767","75.5%","9,070","54.4%","3,092","71.8%","4,101","87.9%","77,120","58.5%","6,904","86.2%","17,732","74.9%","10,108","66.1%","43,843","79.8%","5,610","83.5%","1,731","97.9%","4,241","98.0%","14,766","98.6%","211","66.8%","4,116","21.9%","1,720","29.1%","68","42.8%","596","29.5%","45,829","49.2%","7,320","38.2%","27,297","64.2%","6,550","73.9%","1,715","63.3%","45","53.6%","2,496","78.4%","5,701","42.8%","2,736","59.5%","339","29.3%","433","26.7%","1,569","42.0%","9,216","47.5%","1,935","69.0%","831","72.1%","7,636","58.8%","1,144","55.7%","597","75.5%","1,886","57.4%","7,736","39.4%","22,694","40.1%"
"HISPANIC OR LATINO BY RACE","","","","","","","","","","","","","","","","","","","","","","","","","","","","","","","","","","","","","","","","","","","","","","","","","","","","","","","","","","","","","","","","","","","","","","","","","","","","","","","","","","","","","","","","","","","","","","","","","","","","","","","","","","","","","","","","","","","","","","","","","","","","","","","","","","","","","","","","","","","","","","","","","","","","","","","","","","","","","","","","","","","","","","","","","","","","","","","","","","","","","","","","","","","","","","","","","","","","","","","","","","","","","","","","","","","","","","","","","","","","","","","","","","","","","","","","","","","","","","","","","","","","","","","","","","","","","","","","","","","",""
"Total population","641,085","100.0%","18,910","100.0%","2,372","100.0%","14,077","100.0%","1,967","100.0%","1,612","100.0%","3,430","100.0%","2,556","100.0%","142","100.0%","3,128","100.0%","48,478","100.0%","1,305","100.0%","6,118","100.0%","248","100.0%","19,968","100.0%","4,365","100.0%","2,591","100.0%","3,263","100.0%","7,131","100.0%","1,993","100.0%","331","100.0%","47,049","100.0%","1,050","100.0%","1,532","100.0%","166","100.0%","27,889","100.0%","42,695","100.0%","6,139","100.0%","4,868","100.0%","108,288","100.0%","28,752","100.0%","930","100.0%","19,177","100.0%","40,665","100.0%","249","100.0%","2,223","100.0%","2,847","100.0%","1,650","100.0%","1,312","100.0%","1,331","100.0%","2,627","100.0%","16,285","100.0%","2,133","100.0%","530","100.0%","3,562","100.0%","360","100.0%","524","100.0%","133","100.0%","3,774","100.0%","404","100.0%","3,329","100.0%","51,736","100.0%","2,333","100.0%","15,903","100.0%","1,154","100.0%","3,059","100.0%","1,385","100.0%","341","100.0%","988","100.0%","14,496","100.0%","13,551","100.0%","5,868","100.0%","4,266","100.0%","21,161","100.0%","5,771","100.0%","24,025","100.0%","9,957","100.0%","25,692","100.0%","7,457","100.0%","3,361","100.0%","828","100.0%","41,956","100.0%","4,022","100.0%","16,176","100.0%","5,685","100.0%","311","100.0%","1,129","100.0%","411","100.0%","6,895","100.0%","3,233","100.0%","1,234","100.0%","1,409","100.0%","3,472","100.0%","6,580","100.0%","3,504","100.0%","8,104","100.0%","8,997","100.0%","3,051","100.0%","581","100.0%","198","100.0%","1,490","100.0%","1,016","100.0%","16,685","100.0%","4,309","100.0%","4,666","100.0%","131,852","100.0%","8,007","100.0%","23,676","100.0%","15,283","100.0%","54,911","100.0%","6,722","100.0%","1,768","100.0%","4,326","100.0%","14,975","100.0%","316","100.0%","18,804","100.0%","5,904","100.0%","159","100.0%","2,018","100.0%","93,162","100.0%","19,154","100.0%","42,507","100.0%","8,867","100.0%","2,709","100.0%","84","100.0%","3,184","100.0%","13,327","100.0%","4,598","100.0%","1,157","100.0%","1,623","100.0%","3,739","100.0%","19,414","100.0%","2,805","100.0%","1,153","100.0%","12,990","100.0%","2,055","100.0%","791","100.0%","3,288","100.0%","19,622","100.0%","56,583","100.0%"
"Hispanic or Latino","318,315","49.7%","4,797","25.4%","283","11.9%","6,086","43.2%","241","12.3%","361","22.4%","2,169","63.2%","1,702","66.6%","63","44.4%","874","27.9%","27,322","56.4%","640","49.0%","4,327","70.7%","39","15.7%","8,110","40.6%","412","9.4%","83","3.2%","933","28.6%","3,858","54.1%","1,087","54.5%","55","16.6%","21,568","45.8%","173","16.5%","618","40.3%","36","21.7%","25,052","89.8%","27,337","64.0%","2,081","33.9%","4,284","88.0%","63,519","58.7%","25,206","87.7%","193","20.8%","10,023","52.3%","19,707","48.5%","96","38.6%","1,481","66.6%","2,131","74.9%","935","56.7%","448","34.1%","220","16.5%","1,777","67.6%","7,505","46.1%","450","21.1%","424","80.0%","2,753","77.3%","259","71.9%","258","49.2%","24","18.0%","2,331","61.8%","59","14.6%","1,746","52.4%","30,732","59.4%","1,436","61.6%","10,762","67.7%","517","44.8%","609","19.9%","564","40.7%","76","22.3%","559","56.6%","4,688","32.3%","2,420","17.9%","1,015","17.3%","2,619","61.4%","14,051","66.4%","136","2.4%","6,391","26.6%","149","1.5%","1,772","6.9%","163","2.2%","2,731","81.3%","570","68.8%","12,807","30.5%","425","10.6%","10,675","66.0%","2,245","39.5%","27","8.7%","239","21.2%","100","24.3%","3,482","50.5%","2,845","88.0%","794","64.3%","815","57.8%","401","11.5%","4,376","66.5%","2,545","72.6%","5,484","67.7%","7,490","83.2%","1,959","64.2%","423","72.8%","27","13.6%","533","35.8%","249","24.5%","7,615","45.6%","1,217","28.2%","565","12.1%","54,732","41.5%","1,103","13.8%","5,944","25.1%","5,175","33.9%","11,068","20.2%","1,112","16.5%","37","2.1%","85","2.0%","209","1.4%","105","33.2%","14,688","78.1%","4,184","70.9%","91","57.2%","1,422","70.5%","47,333","50.8%","11,834","61.8%","15,210","35.8%","2,317","26.1%","994","36.7%","39","46.4%","688","21.6%","7,626","57.2%","1,862","40.5%","818","70.7%","1,190","73.3%","2,170","58.0%","10,198","52.5%","870","31.0%","322","27.9%","5,354","41.2%","911","44.3%","194","24.5%","1,402","42.6%","11,886","60.6%","33,889","59.9%"
"Hispanic or Latino White alone","95,791","14.9%","1,492","7.9%","33","1.4%","2,473","17.6%","97","4.9%","126","7.8%","612","17.8%","495","19.4%","29","20.4%","406","13.0%","9,240","19.1%","202","15.5%","1,220","19.9%","6","2.4%","2,478","12.4%","57","1.3%","1","0.0%","318","9.7%","1,561","21.9%","304","15.3%","18","5.4%","6,811","14.5%","47","4.5%","305","19.9%","10","6.0%","7,402","26.5%","8,343","19.5%","639","10.4%","1,283","26.4%","20,276","18.7%","6,465","22.5%","52","5.6%","2,913","15.2%","5,669","13.9%","38","15.3%","507","22.8%","884","31.1%","358","21.7%","155","11.8%","70","5.3%","738","28.1%","2,758","16.9%","186","8.7%","129","24.3%","1,071","30.1%","98","27.2%","69","13.2%","7","5.3%","994","26.3%","16","4.0%","574","17.2%","7,094","13.7%","267","11.4%","2,459","15.5%","134","11.6%","212","6.9%","222","16.0%","16","4.7%","145","14.7%","1,329","9.2%","745","5.5%","322","5.5%","747","17.5%","4,379","20.7%","20","0.3%","1,349","5.6%","13","0.1%","302","1.2%","9","0.1%","1,036","30.8%","220","26.6%","4,152","9.9%","27","0.7%","2,324","14.4%","733","12.9%","10","3.2%","101","8.9%","50","12.2%","1,586","23.0%","1,024","31.7%","221","17.9%","186","13.2%","9","0.3%","1,145","17.4%","627","17.9%","1,517","18.7%","2,559","28.4%","557","18.3%","73","12.6%","2","1.0%","164","11.0%","56","5.5%","2,362","14.2%","306","7.1%","125","2.7%","17,483","13.3%","181","2.3%","1,833","7.7%","1,468","9.6%","3,273","6.0%","243","3.6%","4","0.2%","3","0.1%","9","0.1%","32","10.1%","5,277","28.1%","1,194","20.2%","26","16.4%","406","20.1%","13,192","14.2%","3,423","17.9%","4,439","10.4%","1,015","11.4%","293","10.8%","14","16.7%","150","4.7%","2,574","19.3%","634","13.8%","201","17.4%","312","19.2%","938","25.1%","2,929","15.1%","278","9.9%","86","7.5%","1,718","13.2%","322","15.7%","48","6.1%","430","13.1%","4,359","22.2%","10,436","18.4%"
"Hispanic or Latino Black or African American alone","3,366","0.5%","12","0.1%","1","0.0%","94","0.7%","1","0.1%","1","0.1%","3","0.1%","3","0.1%","0","0.0%","0","0.0%","227","0.5%","4","0.3%","41","0.7%","0","0.0%","29","0.1%","0","0.0%","1","0.0%","2","0.1%","8","0.1%","1","0.1%","3","0.9%","384","0.8%","0","0.0%","5","0.3%","0","0.0%","59","0.2%","168","0.4%","6","0.1%","18","0.4%","562","0.5%","78","0.3%","9","1.0%","65","0.3%","116","0.3%","0","0.0%","5","0.2%","9","0.3%","4","0.2%","0","0.0%","1","0.1%","5","0.2%","41","0.3%","0","0.0%","3","0.6%","6","0.2%","1","0.3%","1","0.2%","1","0.8%","0","0.0%","0","0.0%","4","0.1%","261","0.5%","5","0.2%","34","0.2%","0","0.0%","0","0.0%","3","0.2%","1","0.3%","1","0.1%","15","0.1%","10","0.1%","0","0.0%","10","0.2%","66","0.3%","0","0.0%","24","0.1%","0","0.0%","6","0.0%","0","0.0%","4","0.1%","0","0.0%","305","0.7%","1","0.0%","42","0.3%","15","0.3%","0","0.0%","2","0.2%","3","0.7%","16","0.2%","3","0.1%","4","0.3%","0","0.0%","6","0.2%","6","0.1%","6","0.2%","10","0.1%","2","0.0%","9","0.3%","0","0.0%","0","0.0%","0","0.0%","6","0.6%","55","0.3%","6","0.1%","1","0.0%","493","0.4%","4","0.0%","28","0.1%","11","0.1%","110","0.2%","9","0.1%","2","0.1%","0","0.0%","0","0.0%","1","0.3%","68","0.4%","11","0.2%","0","0.0%","0","0.0%","152","0.2%","11","0.1%","28","0.1%","20","0.2%","3","0.1%","0","0.0%","4","0.1%","51","0.4%","7","0.2%","1","0.1%","0","0.0%","5","0.1%","27","0.1%","3","0.1%","0","0.0%","9","0.1%","3","0.1%","0","0.0%","1","0.0%","73","0.4%","153","0.3%"
"Hispanic or Latino American Indian and Alaska Native alone","7,234","1.1%","80","0.4%","116","4.9%","139","1.0%","5","0.3%","7","0.4%","8","0.2%","10","0.4%","2","1.4%","8","0.3%","410","0.8%","8","0.6%","46","0.8%","11","4.4%","316","1.6%","93","2.1%","53","2.0%","9","0.3%","88","1.2%","6","0.3%","0","0.0%","381","0.8%","4","0.4%","6","0.4%","0","0.0%","219","0.8%","536","1.3%","48","0.8%","39","0.8%","1,455","1.3%","325","1.1%","4","0.4%","114","0.6%","276","0.7%","0","0.0%","14","0.6%","41","1.4%","17","1.0%","18","1.4%","5","0.4%","46","1.8%","174","1.1%","22","1.0%","2","0.4%","18","0.5%","2","0.6%","4","0.8%","3","2.3%","25","0.7%","1","0.2%","10","0.3%","348","0.7%","9","0.4%","118","0.7%","3","0.3%","14","0.5%","8","0.6%","2","0.6%","6","0.6%","132","0.9%","28","0.2%","13","0.2%","28","0.7%","173","0.8%","55","1.0%","874","3.6%","87","0.9%","427","1.7%","97","1.3%","78","2.3%","12","1.4%","275","0.7%","277","6.9%","131","0.8%","125","2.2%","1","0.3%","3","0.3%","4","1.0%","72","1.0%","16","0.5%","9","0.7%","6","0.4%","204","5.9%","188","2.9%","59","1.7%","166","2.0%","96","1.1%","41","1.3%","5","0.9%","4","2.0%","5","0.3%","0","0.0%","76","0.5%","62","1.4%","41","0.9%","1,271","1.0%","49","0.6%","270","1.1%","233","1.5%","829","1.5%","68","1.0%","24","1.4%","57","1.3%","127","0.8%","1","0.3%","183","1.0%","57","1.0%","0","0.0%","27","1.3%","897","1.0%","517","2.7%","275","0.6%","107","1.2%","28","1.0%","1","1.2%","68","2.1%","170","1.3%","11","0.2%","46","4.0%","31","1.9%","21","0.6%","299","1.5%","38","1.4%","13","1.1%","146","1.1%","4","0.2%","6","0.8%","21","0.6%","212","1.1%","688","1.2%"
"Hispanic or Latino Asian alone","991","0.2%","13","0.1%","1","0.0%","22","0.2%","0","0.0%","0","0.0%","0","0.0%","1","0.0%","0","0.0%","4","0.1%","44","0.1%","0","0.0%","7","0.1%","0","0.0%","7","0.0%","1","0.0%","0","0.0%","0","0.0%","1","0.0%","0","0.0%","2","0.6%","73","0.2%","2","0.2%","5","0.3%","2","1.2%","21","0.1%","52","0.1%","4","0.1%","4","0.1%","118","0.1%","36","0.1%","7","0.8%","6","0.0%","13","0.0%","0","0.0%","0","0.0%","0","0.0%","4","0.2%","1","0.1%","0","0.0%","0","0.0%","6","0.0%","0","0.0%","0","0.0%","1","0.0%","0","0.0%","0","0.0%","0","0.0%","3","0.1%","0","0.0%","0","0.0%","16","0.0%","0","0.0%","6","0.0%","3","0.3%","3","0.1%","1","0.1%","0","0.0%","0","0.0%","20","0.1%","10","0.1%","5","0.1%","3","0.1%","12","0.1%","0","0.0%","8","0.0%","0","0.0%","5","0.0%","0","0.0%","2","0.1%","0","0.0%","38","0.1%","1","0.0%","9","0.1%","7","0.1%","0","0.0%","0","0.0%","0","0.0%","1","0.0%","5","0.2%","0","0.0%","1","0.1%","2","0.1%","1","0.0%","0","0.0%","9","0.1%","2","0.0%","0","0.0%","0","0.0%","3","1.5%","0","0.0%","0","0.0%","16","0.1%","1","0.0%","0","0.0%","224","0.2%","0","0.0%","10","0.0%","1","0.0%","29","0.1%","4","0.1%","0","0.0%","0","0.0%","0","0.0%","0","0.0%","24","0.1%","0","0.0%","0","0.0%","0","0.0%","65","0.1%","26","0.1%","38","0.1%","6","0.1%","0","0.0%","0","0.0%","0","0.0%","16","0.1%","0","0.0%","0","0.0%","1","0.1%","1","0.0%","12","0.1%","0","0.0%","0","0.0%","2","0.0%","1","0.0%","0","0.0%","1","0.0%","21","0.1%","84","0.1%"
"Hispanic or Latino Native Hawaiian and Other Pacific Islander alone","218","0.0%","5","0.0%","0","0.0%","7","0.0%","0","0.0%","0","0.0%","2","0.1%","0","0.0%","0","0.0%","0","0.0%","9","0.0%","0","0.0%","3","0.0%","0","0.0%","10","0.1%","1","0.0%","0","0.0%","2","0.1%","5","0.1%","0","0.0%","0","0.0%","2","0.0%","0","0.0%","1","0.1%","0","0.0%","4","0.0%","22","0.1%","7","0.1%","1","0.0%","36","0.0%","6","0.0%","4","0.4%","1","0.0%","15","0.0%","0","0.0%","2","0.1%","0","0.0%","0","0.0%","1","0.1%","1","0.1%","0","0.0%","1","0.0%","0","0.0%","0","0.0%","0","0.0%","0","0.0%","0","0.0%","0","0.0%","2","0.1%","0","0.0%","0","0.0%","1","0.0%","0","0.0%","0","0.0%","0","0.0%","0","0.0%","0","0.0%","0","0.0%","0","0.0%","5","0.0%","0","0.0%","0","0.0%","3","0.1%","5","0.0%","0","0.0%","2","0.0%","0","0.0%","0","0.0%","0","0.0%","0","0.0%","0","0.0%","35","0.1%","0","0.0%","1","0.0%","2","0.0%","0","0.0%","0","0.0%","0","0.0%","7","0.1%","1","0.0%","1","0.1%","3","0.2%","0","0.0%","0","0.0%","0","0.0%","0","0.0%","3","0.0%","0","0.0%","0","0.0%","0","0.0%","0","0.0%","0","0.0%","0","0.0%","1","0.0%","1","0.0%","95","0.1%","2","0.0%","1","0.0%","0","0.0%","2","0.0%","1","0.0%","0","0.0%","0","0.0%","0","0.0%","0","0.0%","0","0.0%","0","0.0%","0","0.0%","0","0.0%","31","0.0%","9","0.0%","16","0.0%","0","0.0%","0","0.0%","0","0.0%","0","0.0%","0","0.0%","0","0.0%","0","0.0%","0","0.0%","2","0.1%","6","0.0%","3","0.1%","0","0.0%","6","0.0%","3","0.1%","0","0.0%","0","0.0%","12","0.1%","14","0.0%"
"Hispanic or Latino Some Other Race alone","94,732","14.8%","1,169","6.2%","71","3.0%","1,236","8.8%","59","3.0%","58","3.6%","837","24.4%","657","25.7%","20","14.1%","225","7.2%","9,289","19.2%","238","18.2%","1,875","30.6%","10","4.0%","2,515","12.6%","131","3.0%","13","0.5%","222","6.8%","848","11.9%","207","10.4%","11","3.3%","7,914","16.8%","75","7.1%","166","10.8%","12","7.2%","8,173","29.3%","7,919","18.5%","557","9.1%","1,529","31.4%","17,862","16.5%","7,267","25.3%","53","5.7%","3,243","16.9%","7,512","18.5%","27","10.8%","639","28.7%","464","16.3%","218","13.2%","116","8.8%","54","4.1%","370","14.1%","1,845","11.3%","71","3.3%","122","23.0%","614","17.2%","85","23.6%","44","8.4%","1","0.8%","430","11.4%","17","4.2%","767","23.0%","13,126","25.4%","495","21.2%","5,228","32.9%","235","20.4%","132","4.3%","117","8.4%","29","8.5%","150","15.2%","1,407","9.7%","465","3.4%","127","2.2%","953","22.3%","4,453","21.0%","36","0.6%","2,360","9.8%","18","0.2%","592","2.3%","18","0.2%","575","17.1%","120","14.5%","3,441","8.2%","76","1.9%","3,870","23.9%","607","10.7%","3","1.0%","62","5.5%","19","4.6%","884","12.8%","665","20.6%","252","20.4%","245","17.4%","41","1.2%","1,500","22.8%","873","24.9%","1,615","19.9%","2,495","27.7%","453","14.8%","219","37.7%","11","5.6%","160","10.7%","81","8.0%","2,865","17.2%","428","9.9%","169","3.6%","14,201","10.8%","291","3.6%","1,905","8.0%","2,037","13.3%","3,569","6.5%","459","6.8%","3","0.2%","3","0.1%","26","0.2%","27","8.5%","3,830","20.4%","1,200","20.3%","30","18.9%","472","23.4%","14,310","15.4%","3,463","18.1%","3,606","8.5%","580","6.5%","244","9.0%","15","17.9%","224","7.0%","2,315","17.4%","616","13.4%","336","29.0%","302","18.6%","417","11.2%","2,843","14.6%","245","8.7%","97","8.4%","1,962","15.1%","280","13.6%","43","5.4%","310","9.4%","3,571","18.2%","10,201","18.0%"
"Hispanic or Latino Two or More Races","115,983","18.1%","2,026","10.7%","61","2.6%","2,115","15.0%","79","4.0%","169","10.5%","707","20.6%","536","21.0%","12","8.5%","231","7.4%","8,103","16.7%","188","14.4%","1,135","18.6%","12","4.8%","2,755","13.8%","129","3.0%","15","0.6%","380","11.6%","1,347","18.9%","569","28.5%","21","6.3%","6,003","12.8%","45","4.3%","130","8.5%","12","7.2%","9,174","32.9%","10,297","24.1%","820","13.4%","1,410","29.0%","23,210","21.4%","11,029","38.4%","64","6.9%","3,681","19.2%","6,106","15.0%","31","12.4%","314","14.1%","733","25.7%","334","20.2%","157","12.0%","89","6.7%","618","23.5%","2,680","16.5%","171","8.0%","168","31.7%","1,043","29.3%","73","20.3%","140","26.7%","12","9.0%","877","23.2%","25","6.2%","391","11.7%","9,886","19.1%","660","28.3%","2,917","18.3%","142","12.3%","248","8.1%","213","15.4%","28","8.2%","257","26.0%","1,780","12.3%","1,162","8.6%","548","9.3%","875","20.5%","4,963","23.5%","25","0.4%","1,774","7.4%","31","0.3%","440","1.7%","39","0.5%","1,036","30.8%","218","26.3%","4,561","10.9%","43","1.1%","4,298","26.6%","756","13.3%","13","4.2%","71","6.3%","24","5.8%","916","13.3%","1,131","35.0%","307","24.9%","374","26.5%","139","4.0%","1,536","23.3%","980","28.0%","2,167","26.7%","2,333","25.9%","899","29.5%","126","21.7%","7","3.5%","204","13.7%","106","10.4%","2,241","13.4%","413","9.6%","228","4.9%","20,965","15.9%","576","7.2%","1,897","8.0%","1,425","9.3%","3,256","5.9%","328","4.9%","4","0.2%","22","0.5%","47","0.3%","44","13.9%","5,306","28.2%","1,722","29.2%","35","22.0%","517","25.6%","18,686","20.1%","4,385","22.9%","6,808","16.0%","589","6.6%","426","15.7%","9","10.7%","242","7.6%","2,500","18.8%","594","12.9%","234","20.2%","544","33.5%","786","21.0%","4,082","21.0%","303","10.8%","126","10.9%","1,511","11.6%","298","14.5%","97","12.3%","639","19.4%","3,638","18.5%","12,313","21.8%"
"Not Hispanic or Latino","322,770","50.3%","14,113","74.6%","2,089","88.1%","7,991","56.8%","1,726","87.7%","1,251","77.6%","1,261","36.8%","854","33.4%","79","55.6%","2,254","72.1%","21,156","43.6%","665","51.0%","1,791","29.3%","209","84.3%","11,858","59.4%","3,953","90.6%","2,508","96.8%","2,330","71.4%","3,273","45.9%","906","45.5%","276","83.4%","25,481","54.2%","877","83.5%","914","59.7%","130","78.3%","2,837","10.2%","15,358","36.0%","4,058","66.1%","584","12.0%","44,769","41.3%","3,546","12.3%","737","79.2%","9,154","47.7%","20,958","51.5%","153","61.4%","742","33.4%","716","25.1%","715","43.3%","864","65.9%","1,111","83.5%","850","32.4%","8,780","53.9%","1,683","78.9%","106","20.0%","809","22.7%","101","28.1%","266","50.8%","109","82.0%","1,443","38.2%","345","85.4%","1,583","47.6%","21,004","40.6%","897","38.4%","5,141","32.3%","637","55.2%","2,450","80.1%","821","59.3%","265","77.7%","429","43.4%","9,808","67.7%","11,131","82.1%","4,853","82.7%","1,647","38.6%","7,110","33.6%","5,635","97.6%","17,634","73.4%","9,808","98.5%","23,920","93.1%","7,294","97.8%","630","18.7%","258","31.2%","29,149","69.5%","3,597","89.4%","5,501","34.0%","3,440","60.5%","284","91.3%","890","78.8%","311","75.7%","3,413","49.5%","388","12.0%","440","35.7%","594","42.2%","3,071","88.5%","2,204","33.5%","959","27.4%","2,620","32.3%","1,507","16.8%","1,092","35.8%","158","27.2%","171","86.4%","957","64.2%","767","75.5%","9,070","54.4%","3,092","71.8%","4,101","87.9%","77,120","58.5%","6,904","86.2%","17,732","74.9%","10,108","66.1%","43,843","79.8%","5,610","83.5%","1,731","97.9%","4,241","98.0%","14,766","98.6%","211","66.8%","4,116","21.9%","1,720","29.1%","68","42.8%","596","29.5%","45,829","49.2%","7,320","38.2%","27,297","64.2%","6,550","73.9%","1,715","63.3%","45","53.6%","2,496","78.4%","5,701","42.8%","2,736","59.5%","339","29.3%","433","26.7%","1,569","42.0%","9,216","47.5%","1,935","69.0%","831","72.1%","7,636","58.8%","1,144","55.7%","597","75.5%","1,886","57.4%","7,736","39.4%","22,694","40.1%"
"Not Hispanic or Latino White alone","235,935","36.8%","12,806","67.7%","35","1.5%","4,579","32.5%","1,579","80.3%","1,159","71.9%","1,063","31.0%","786","30.8%","74","52.1%","2,109","67.4%","18,209","37.6%","645","49.4%","1,559","25.5%","188","75.8%","5,042","25.3%","51","1.2%","257","9.9%","2,135","65.4%","3,039","42.6%","780","39.1%","267","80.7%","19,976","42.5%","809","77.0%","857","55.9%","126","75.9%","2,359","8.5%","12,931","30.3%","3,739","60.9%","506","10.4%","36,673","33.9%","3,003","10.4%","538","57.8%","8,090","42.2%","18,219","44.8%","141","56.6%","689","31.0%","619","21.7%","633","38.4%","775","59.1%","1,038","78.0%","748","28.5%","7,741","47.5%","1,563","73.3%","101","19.1%","589","16.5%","79","21.9%","250","47.7%","102","76.7%","1,319","34.9%","326","80.7%","1,416","42.5%","16,495","31.9%","821","35.2%","4,444","27.9%","599","51.9%","2,261","73.9%","732","52.9%","250","73.3%","373","37.8%","8,723","60.2%","9,126","67.3%","4,320","73.6%","1,424","33.4%","6,247","29.5%","156","2.7%","3,932","16.4%","58","0.6%","1,693","6.6%","107","1.4%","551","16.4%","213","25.7%","23,023","54.9%","82","2.0%","4,881","30.2%","2,945","51.8%","269","86.5%","852","75.5%","287","69.8%","3,026","43.9%","322","10.0%","379","30.7%","535","38.0%","53","1.5%","487","7.4%","849","24.2%","1,115","13.8%","1,130","12.6%","902","29.6%","131","22.5%","42","21.2%","906","60.8%","729","71.8%","7,693","46.1%","530","12.3%","1,149","24.6%","61,286","46.5%","461","5.8%","12,886","54.4%","6,213","40.7%","22,779","41.5%","1,530","22.8%","15","0.8%","28","0.6%","132","0.9%","198","62.7%","3,198","17.0%","1,490","25.2%","63","39.6%","498","24.7%","38,893","41.7%","4,607","24.1%","24,361","57.3%","5,903","66.6%","1,604","59.2%","29","34.5%","878","27.6%","4,454","33.4%","2,452","53.3%","281","24.3%","204","12.6%","1,424","38.1%","7,857","40.5%","767","27.3%","721","62.5%","6,735","51.8%","1,026","49.9%","552","69.8%","1,682","51.2%","6,605","33.7%","18,046","31.9%"
"Not Hispanic or Latino Black or African American alone","17,277","2.7%","101","0.5%","0","0.0%","493","3.5%","16","0.8%","19","1.2%","83","2.4%","3","0.1%","0","0.0%","6","0.2%","777","1.6%","3","0.2%","75","1.2%","1","0.4%","251","1.3%","2","0.0%","0","0.0%","6","0.2%","13","0.2%","6","0.3%","0","0.0%","2,513","5.3%","0","0.0%","3","0.2%","0","0.0%","88","0.3%","644","1.5%","85","1.4%","5","0.1%","2,139","2.0%","123","0.4%","88","9.5%","136","0.7%","643","1.6%","2","0.8%","10","0.4%","14","0.5%","10","0.6%","11","0.8%","6","0.5%","17","0.6%","187","1.1%","4","0.2%","0","0.0%","62","1.7%","2","0.6%","1","0.2%","1","0.8%","13","0.3%","1","0.2%","33","1.0%","2,217","4.3%","11","0.5%","233","1.5%","3","0.3%","8","0.3%","6","0.4%","0","0.0%","2","0.2%","52","0.4%","132","1.0%","25","0.4%","54","1.3%","174","0.8%","29","0.5%","212","0.9%","27","0.3%","48","0.2%","7","0.1%","6","0.2%","4","0.5%","2,160","5.1%","5","0.1%","101","0.6%","33","0.6%","0","0.0%","0","0.0%","1","0.2%","88","1.3%","8","0.2%","0","0.0%","5","0.4%","27","0.8%","20","0.3%","6","0.2%","40","0.5%","30","0.3%","15","0.5%","4","0.7%","5","2.5%","5","0.3%","2","0.2%","436","2.6%","13","0.3%","10","0.2%","2,791","2.1%","9","0.1%","68","0.3%","53","0.3%","404","0.7%","10","0.1%","0","0.0%","3","0.1%","16","0.1%","0","0.0%","233","1.2%","23","0.4%","0","0.0%","8","0.4%","851","0.9%","70","0.4%","300","0.7%","62","0.7%","8","0.3%","3","3.6%","10","0.3%","108","0.8%","5","0.1%","4","0.3%","0","0.0%","21","0.6%","83","0.4%","8","0.3%","9","0.8%","103","0.8%","18","0.9%","3","0.4%","62","1.9%","192","1.0%","555","1.0%"
"Not Hispanic or Latino American Indian and Alaska Native alone","26,434","4.1%","201","1.1%","2,012","84.8%","1,981","14.1%","40","2.0%","7","0.4%","40","1.2%","10","0.4%","1","0.7%","9","0.3%","322","0.7%","3","0.2%","26","0.4%","6","2.4%","5,880","29.4%","3,706","84.9%","2,175","83.9%","24","0.7%","49","0.7%","35","1.8%","0","0.0%","233","0.5%","16","1.5%","4","0.3%","0","0.0%","82","0.3%","298","0.7%","29","0.5%","15","0.3%","984","0.9%","53","0.2%","2","0.2%","191","1.0%","307","0.8%","4","1.6%","16","0.7%","31","1.1%","7","0.4%","19","1.4%","12","0.9%","28","1.1%","133","0.8%","35","1.6%","2","0.4%","38","1.1%","0","0.0%","0","0.0%","0","0.0%","11","0.3%","3","0.7%","17","0.5%","370","0.7%","11","0.5%","75","0.5%","4","0.3%","16","0.5%","29","2.1%","0","0.0%","10","1.0%","374","2.6%","75","0.6%","41","0.7%","47","1.1%","96","0.5%","5,319","92.2%","11,822","49.2%","9,557","96.0%","21,667","84.3%","7,036","94.4%","14","0.4%","8","1.0%","388","0.9%","3,444","85.6%","134","0.8%","207","3.6%","0","0.0%","6","0.5%","5","1.2%","46","0.7%","14","0.4%","19","1.5%","10","0.7%","2,868","82.6%","1,542","23.4%","42","1.2%","1,268","15.6%","177","2.0%","81","2.7%","6","1.0%","108","54.5%","13","0.9%","5","0.5%","145","0.9%","2,442","56.7%","2,819","60.4%","5,289","4.0%","6,341","79.2%","3,608","15.2%","3,246","21.2%","17,564","32.0%","3,869","57.6%","1,702","96.3%","4,122","95.3%","14,302","95.5%","2","0.6%","220","1.2%","39","0.7%","0","0.0%","17","0.8%","1,333","1.4%","2,022","10.6%","514","1.2%","89","1.0%","17","0.6%","7","8.3%","1,525","47.9%","414","3.1%","63","1.4%","17","1.5%","185","11.4%","30","0.8%","453","2.3%","1,068","38.1%","14","1.2%","210","1.6%","27","1.3%","3","0.4%","54","1.6%","312","1.6%","2,041","3.6%"
"Not Hispanic or Latino Asian alone","18,736","2.9%","112","0.6%","5","0.2%","373","2.6%","8","0.4%","0","0.0%","3","0.1%","11","0.4%","3","2.1%","5","0.2%","561","1.2%","2","0.2%","26","0.4%","0","0.0%","182","0.9%","2","0.0%","17","0.7%","18","0.6%","30","0.4%","12","0.6%","1","0.3%","731","1.6%","1","0.1%","4","0.3%","0","0.0%","28","0.1%","393","0.9%","54","0.9%","4","0.1%","1,884","1.7%","69","0.2%","26","2.8%","112","0.6%","455","1.1%","1","0.4%","10","0.4%","6","0.2%","0","0.0%","7","0.5%","7","0.5%","5","0.2%","152","0.9%","14","0.7%","0","0.0%","45","1.3%","4","1.1%","0","0.0%","0","0.0%","10","0.3%","1","0.2%","3","0.1%","538","1.0%","0","0.0%","93","0.6%","2","0.2%","12","0.4%","5","0.4%","1","0.3%","8","0.8%","112","0.8%","1,052","7.8%","171","2.9%","6","0.1%","154","0.7%","51","0.9%","679","2.8%","52","0.5%","76","0.3%","77","1.0%","9","0.3%","5","0.6%","935","2.2%","5","0.1%","42","0.3%","19","0.3%","0","0.0%","0","0.0%","4","1.0%","44","0.6%","1","0.0%","6","0.5%","2","0.1%","47","1.4%","38","0.6%","6","0.2%","42","0.5%","40","0.4%","37","1.2%","1","0.2%","13","6.6%","2","0.1%","1","0.1%","170","1.0%","11","0.3%","24","0.5%","2,265","1.7%","20","0.2%","87","0.4%","70","0.5%","553","1.0%","14","0.2%","4","0.2%","6","0.1%","138","0.9%","2","0.6%","112","0.6%","13","0.2%","1","0.6%","4","0.2%","1,653","1.8%","142","0.7%","443","1.0%","115","1.3%","4","0.1%","1","1.2%","11","0.3%","283","2.1%","32","0.7%","4","0.3%","3","0.2%","18","0.5%","126","0.6%","8","0.3%","5","0.4%","47","0.4%","4","0.2%","1","0.1%","5","0.2%","82","0.4%","259","0.5%"
"Not Hispanic or Latino Native Hawaiian and Other Pacific Islander alone","538","0.1%","5","0.0%","0","0.0%","21","0.1%","0","0.0%","0","0.0%","1","0.0%","1","0.0%","0","0.0%","3","0.1%","23","0.0%","0","0.0%","1","0.0%","0","0.0%","2","0.0%","5","0.1%","0","0.0%","5","0.2%","1","0.0%","5","0.3%","0","0.0%","35","0.1%","0","0.0%","4","0.3%","0","0.0%","8","0.0%","33","0.1%","2","0.0%","1","0.0%","60","0.1%","10","0.0%","1","0.1%","10","0.1%","33","0.1%","0","0.0%","0","0.0%","0","0.0%","0","0.0%","0","0.0%","0","0.0%","0","0.0%","17","0.1%","1","0.0%","0","0.0%","0","0.0%","0","0.0%","0","0.0%","0","0.0%","5","0.1%","0","0.0%","0","0.0%","19","0.0%","0","0.0%","2","0.0%","0","0.0%","0","0.0%","1","0.1%","0","0.0%","1","0.1%","6","0.0%","12","0.1%","3","0.1%","2","0.0%","10","0.0%","5","0.1%","19","0.1%","1","0.0%","8","0.0%","1","0.0%","0","0.0%","0","0.0%","143","0.3%","0","0.0%","2","0.0%","0","0.0%","1","0.3%","1","0.1%","0","0.0%","0","0.0%","0","0.0%","0","0.0%","0","0.0%","1","0.0%","2","0.0%","0","0.0%","1","0.0%","1","0.0%","0","0.0%","0","0.0%","0","0.0%","0","0.0%","0","0.0%","18","0.1%","0","0.0%","0","0.0%","163","0.1%","3","0.0%","5","0.0%","10","0.1%","39","0.1%","2","0.0%","1","0.1%","1","0.0%","9","0.1%","0","0.0%","2","0.0%","0","0.0%","0","0.0%","0","0.0%","35","0.0%","15","0.1%","22","0.1%","0","0.0%","3","0.1%","0","0.0%","0","0.0%","8","0.1%","1","0.0%","0","0.0%","0","0.0%","1","0.0%","2","0.0%","0","0.0%","0","0.0%","2","0.0%","0","0.0%","0","0.0%","4","0.1%","8","0.0%","24","0.0%"
"Not Hispanic or Latino Some Other Race alone","3,265","0.5%","183","1.0%","4","0.2%","53","0.4%","21","1.1%","16","1.0%","20","0.6%","0","0.0%","1","0.7%","9","0.3%","195","0.4%","2","0.2%","31","0.5%","0","0.0%","58","0.3%","135","3.1%","3","0.1%","16","0.5%","18","0.3%","5","0.3%","1","0.3%","206","0.4%","4","0.4%","0","0.0%","0","0.0%","76","0.3%","127","0.3%","30","0.5%","14","0.3%","487","0.4%","96","0.3%","9","1.0%","152","0.8%","250","0.6%","1","0.4%","1","0.0%","18","0.6%","11","0.7%","14","1.1%","12","0.9%","15","0.6%","94","0.6%","4","0.2%","2","0.4%","19","0.5%","0","0.0%","1","0.2%","0","0.0%","26","0.7%","2","0.5%","13","0.4%","213","0.4%","0","0.0%","68","0.4%","0","0.0%","34","1.1%","8","0.6%","4","1.2%","10","1.0%","81","0.6%","102","0.8%","36","0.6%","3","0.1%","47","0.2%","1","0.0%","97","0.4%","11","0.1%","16","0.1%","2","0.0%","6","0.2%","4","0.5%","250","0.6%","4","0.1%","88","0.5%","35","0.6%","1","0.3%","4","0.4%","3","0.7%","28","0.4%","7","0.2%","7","0.6%","10","0.7%","23","0.7%","24","0.4%","12","0.3%","29","0.4%","55","0.6%","16","0.5%","0","0.0%","1","0.5%","5","0.3%","11","1.1%","98","0.6%","16","0.4%","13","0.3%","644","0.5%","6","0.1%","147","0.6%","63","0.4%","222","0.4%","20","0.3%","0","0.0%","0","0.0%","2","0.0%","0","0.0%","79","0.4%","42","0.7%","0","0.0%","11","0.5%","601","0.6%","96","0.5%","272","0.6%","26","0.3%","5","0.2%","0","0.0%","3","0.1%","72","0.5%","45","1.0%","6","0.5%","13","0.8%","12","0.3%","149","0.8%","18","0.6%","31","2.7%","67","0.5%","23","1.1%","6","0.8%","9","0.3%","122","0.6%","325","0.6%"
"Not Hispanic or Latino Two or More Races","20,585","3.2%","705","3.7%","33","1.4%","491","3.5%","62","3.2%","50","3.1%","51","1.5%","43","1.7%","0","0.0%","113","3.6%","1,069","2.2%","10","0.8%","73","1.2%","14","5.6%","443","2.2%","52","1.2%","56","2.2%","126","3.9%","123","1.7%","63","3.2%","7","2.1%","1,787","3.8%","47","4.5%","42","2.7%","4","2.4%","196","0.7%","932","2.2%","119","1.9%","39","0.8%","2,542","2.3%","192","0.7%","73","7.8%","463","2.4%","1,051","2.6%","4","1.6%","16","0.7%","28","1.0%","54","3.3%","38","2.9%","36","2.7%","37","1.4%","456","2.8%","62","2.9%","1","0.2%","56","1.6%","16","4.4%","14","2.7%","6","4.5%","59","1.6%","12","3.0%","101","3.0%","1,152","2.2%","54","2.3%","226","1.4%","29","2.5%","119","3.9%","40","2.9%","10","2.9%","25","2.5%","460","3.2%","632","4.7%","257","4.4%","111","2.6%","382","1.8%","74","1.3%","873","3.6%","102","1.0%","412","1.6%","64","0.9%","44","1.3%","24","2.9%","2,250","5.4%","57","1.4%","253","1.6%","201","3.5%","13","4.2%","27","2.4%","11","2.7%","181","2.6%","36","1.1%","29","2.4%","32","2.3%","52","1.5%","91","1.4%","44","1.3%","125","1.5%","74","0.8%","41","1.3%","16","2.8%","2","1.0%","26","1.7%","19","1.9%","510","3.1%","80","1.9%","86","1.8%","4,682","3.6%","64","0.8%","931","3.9%","453","3.0%","2,282","4.2%","165","2.5%","9","0.5%","81","1.9%","167","1.1%","9","2.8%","272","1.4%","113","1.9%","4","2.5%","58","2.9%","2,463","2.6%","368","1.9%","1,385","3.3%","355","4.0%","74","2.7%","5","6.0%","69","2.2%","362","2.7%","138","3.0%","27","2.3%","28","1.7%","63","1.7%","546","2.8%","66","2.4%","51","4.4%","472","3.6%","46","2.2%","32","4.0%","70","2.1%","415","2.1%","1,444","2.6%"
"RELATIONSHIP","","","","","","","","","","","","","","","","","","","","","","","","","","","","","","","","","","","","","","","","","","","","","","","","","","","","","","","","","","","","","","","","","","","","","","","","","","","","","","","","","","","","","","","","","","","","","","","","","","","","","","","","","","","","","","","","","","","","","","","","","","","","","","","","","","","","","","","","","","","","","","","","","","","","","","","","","","","","","","","","","","","","","","","","","","","","","","","","","","","","","","","","","","","","","","","","","","","","","","","","","","","","","","","","","","","","","","","","","","","","","","","","","","","","","","","","","","","","","","","","","","","","","","","","","","","","","","","","","","","",""
"Total population","641,085","100.0%","18,910","100.0%","2,372","100.0%","14,077","100.0%","1,967","100.0%","1,612","100.0%","3,430","100.0%","2,556","100.0%","142","100.0%","3,128","100.0%","48,478","100.0%","1,305","100.0%","6,118","100.0%","248","100.0%","19,968","100.0%","4,365","100.0%","2,591","100.0%","3,263","100.0%","7,131","100.0%","1,993","100.0%","331","100.0%","47,049","100.0%","1,050","100.0%","1,532","100.0%","166","100.0%","27,889","100.0%","42,695","100.0%","6,139","100.0%","4,868","100.0%","108,288","100.0%","28,752","100.0%","930","100.0%","19,177","100.0%","40,665","100.0%","249","100.0%","2,223","100.0%","2,847","100.0%","1,650","100.0%","1,312","100.0%","1,331","100.0%","2,627","100.0%","16,285","100.0%","2,133","100.0%","530","100.0%","3,562","100.0%","360","100.0%","524","100.0%","133","100.0%","3,774","100.0%","404","100.0%","3,329","100.0%","51,736","100.0%","2,333","100.0%","15,903","100.0%","1,154","100.0%","3,059","100.0%","1,385","100.0%","341","100.0%","988","100.0%","14,496","100.0%","13,551","100.0%","5,868","100.0%","4,266","100.0%","21,161","100.0%","5,771","100.0%","24,025","100.0%","9,957","100.0%","25,692","100.0%","7,457","100.0%","3,361","100.0%","828","100.0%","41,956","100.0%","4,022","100.0%","16,176","100.0%","5,685","100.0%","311","100.0%","1,129","100.0%","411","100.0%","6,895","100.0%","3,233","100.0%","1,234","100.0%","1,409","100.0%","3,472","100.0%","6,580","100.0%","3,504","100.0%","8,104","100.0%","8,997","100.0%","3,051","100.0%","581","100.0%","198","100.0%","1,490","100.0%","1,016","100.0%","16,685","100.0%","4,309","100.0%","4,666","100.0%","131,852","100.0%","8,007","100.0%","23,676","100.0%","15,283","100.0%","54,911","100.0%","6,722","100.0%","1,768","100.0%","4,326","100.0%","14,975","100.0%","316","100.0%","18,804","100.0%","5,904","100.0%","159","100.0%","2,018","100.0%","93,162","100.0%","19,154","100.0%","42,507","100.0%","8,867","100.0%","2,709","100.0%","84","100.0%","3,184","100.0%","13,327","100.0%","4,598","100.0%","1,157","100.0%","1,623","100.0%","3,739","100.0%","19,414","100.0%","2,805","100.0%","1,153","100.0%","12,990","100.0%","2,055","100.0%","791","100.0%","3,288","100.0%","19,622","100.0%","56,583","100.0%"
"In households","631,606","98.5%","18,894","99.9%","2,372","100.0%","12,430","88.3%","1,964","99.8%","1,577","97.8%","2,439","71.1%","2,556","100.0%","142","100.0%","3,128","100.0%","47,591","98.2%","1,305","100.0%","5,875","96.0%","248","100.0%","17,842","89.4%","4,306","98.6%","2,591","100.0%","3,214","98.5%","6,869","96.3%","1,686","84.6%","331","100.0%","46,206","98.2%","1,050","100.0%","1,517","99.0%","166","100.0%","27,870","99.9%","42,558","99.7%","5,476","89.2%","4,868","100.0%","104,651","96.6%","28,705","99.8%","815","87.6%","18,994","99.0%","39,916","98.2%","249","100.0%","2,223","100.0%","2,847","100.0%","1,650","100.0%","1,312","100.0%","1,302","97.8%","2,494","94.9%","15,809","97.1%","2,121","99.4%","530","100.0%","2,965","83.2%","360","100.0%","524","100.0%","133","100.0%","3,707","98.2%","404","100.0%","3,329","100.0%","49,877","96.4%","2,333","100.0%","15,650","98.4%","1,154","100.0%","3,055","99.9%","1,300","93.9%","341","100.0%","988","100.0%","14,495","100.0%","13,469","99.4%","5,868","100.0%","3,564","83.5%","21,063","99.5%","5,677","98.4%","23,366","97.3%","9,884","99.3%","25,662","99.9%","7,436","99.7%","3,354","99.8%","828","100.0%","39,911","95.1%","3,997","99.4%","14,614","90.3%","5,685","100.0%","311","100.0%","1,129","100.0%","411","100.0%","6,843","99.2%","3,233","100.0%","1,226","99.4%","1,409","100.0%","3,470","99.9%","6,522","99.1%","3,504","100.0%","8,087","99.8%","8,972","99.7%","2,975","97.5%","581","100.0%","194","98.0%","1,490","100.0%","1,016","100.0%","15,626","93.7%","4,302","99.8%","4,662","99.9%","130,821","99.2%","8,001","99.9%","23,205","98.0%","15,197","99.4%","54,219","98.7%","6,699","99.7%","1,767","99.9%","4,326","100.0%","14,923","99.7%","316","100.0%","17,775","94.5%","5,877","99.5%","159","100.0%","2,018","100.0%","91,625","98.4%","19,150","100.0%","41,402","97.4%","8,685","97.9%","2,709","100.0%","84","100.0%","3,184","100.0%","12,480","93.6%","4,585","99.7%","1,147","99.1%","1,623","100.0%","3,739","100.0%","19,189","98.8%","2,795","99.6%","1,153","100.0%","12,704","97.8%","2,038","99.2%","791","100.0%","2,834","86.2%","19,467","99.2%","54,734","96.7%"
"Householder","266,388","41.6%","7,999","42.3%","918","38.7%","4,027","28.6%","1,017","51.7%","815","50.6%","818","23.8%","857","33.5%","56","39.4%","1,185","37.9%","18,197","37.5%","467","35.8%","1,946","31.8%","118","47.6%","6,730","33.7%","1,341","30.7%","912","35.2%","1,570","48.1%","3,163","44.4%","774","38.8%","147","44.4%","17,979","38.2%","449","42.8%","667","43.5%","94","56.6%","8,911","32.0%","15,579","36.5%","2,407","39.2%","1,564","32.1%","44,184","40.8%","9,426","32.8%","281","30.2%","7,069","36.9%","14,840","36.5%","89","35.7%","760","34.2%","1,201","42.2%","693","42.0%","614","46.8%","666","50.0%","1,030","39.2%","7,066","43.4%","996","46.7%","210","39.6%","1,271","35.7%","161","44.7%","265","50.6%","61","45.9%","1,513","40.1%","206","51.0%","1,205","36.2%","17,292","33.4%","891","38.2%","5,209","32.8%","456","39.5%","1,399","45.7%","622","44.9%","154","45.2%","418","42.3%","6,559","45.2%","5,817","42.9%","2,332","39.7%","1,332","31.2%","8,478","40.1%","1,719","29.8%","8,170","34.0%","2,869","28.8%","7,893","30.7%","1,979","26.5%","1,504","44.7%","382","46.1%","17,398","41.5%","1,145","28.5%","5,013","31.0%","2,406","42.3%","145","46.6%","558","49.4%","190","46.2%","3,024","43.9%","1,361","42.1%","555","45.0%","648","46.0%","1,111","32.0%","2,453","37.3%","1,491","42.6%","3,320","41.0%","3,503","38.9%","1,358","44.5%","271","46.6%","74","37.4%","549","36.8%","412","40.6%","6,200","37.2%","1,528","35.5%","1,623","34.8%","49,671","37.7%","2,038","25.5%","8,664","36.6%","5,545","36.3%","19,640","35.8%","2,253","33.5%","565","32.0%","1,238","28.6%","4,649","31.0%","172","54.4%","7,800","41.5%","2,482","42.0%","75","47.2%","820","40.6%","42,169","45.3%","7,918","41.3%","17,933","42.2%","4,499","50.7%","1,226","45.3%","32","38.1%","1,133","35.6%","5,316","39.9%","2,194","47.7%","526","45.5%","697","42.9%","1,697","45.4%","8,729","45.0%","1,239","44.2%","657","57.0%","5,044","38.8%","888","43.2%","308","38.9%","1,236","37.6%","7,743","39.5%","20,004","35.4%"
"Opposite-sex spouse","98,645","15.4%","4,639","24.5%","287","12.1%","2,360","16.8%","473","24.0%","345","21.4%","421","12.3%","470","18.4%","28","19.7%","719","23.0%","7,501","15.5%","274","21.0%","934","15.3%","55","22.2%","2,536","12.7%","443","10.1%","270","10.4%","733","22.5%","1,178","16.5%","324","16.3%","77","23.3%","7,712","16.4%","222","21.1%","328","21.4%","35","21.1%","4,301","15.4%","7,489","17.5%","1,346","21.9%","821","16.9%","16,087","14.9%","4,784","16.6%","187","20.1%","3,444","18.0%","6,731","16.6%","49","19.7%","341","15.3%","450","15.8%","308","18.7%","277","21.1%","303","22.8%","405","15.4%","2,801","17.2%","455","21.3%","80","15.1%","452","12.7%","69","19.2%","99","18.9%","41","30.8%","624","16.5%","84","20.8%","633","19.0%","8,162","15.8%","419","18.0%","2,798","17.6%","225","19.5%","687","22.5%","269","19.4%","91","26.7%","187","18.9%","2,959","20.4%","2,893","21.3%","1,528","26.0%","571","13.4%","3,499","16.5%","563","9.8%","3,019","12.6%","929","9.3%","2,822","11.0%","607","8.1%","632","18.8%","144","17.4%","7,311","17.4%","348","8.7%","2,638","16.3%","1,012","17.8%","62","19.9%","288","25.5%","85","20.7%","1,116","16.2%","554","17.1%","251","20.3%","276","19.6%","329","9.5%","817","12.4%","626","17.9%","1,192","14.7%","1,352","15.0%","575","18.8%","93","16.0%","30","15.2%","316","21.2%","202","19.9%","2,540","15.2%","620","14.4%","642","13.8%","25,921","19.7%","645","8.1%","4,252","18.0%","2,542","16.6%","8,899","16.2%","950","14.1%","198","11.2%","428","9.9%","1,531","10.2%","73","23.1%","2,375","12.6%","1,093","18.5%","28","17.6%","373","18.5%","14,406","15.5%","3,106","16.2%","9,378","22.1%","1,428","16.1%","591","21.8%","11","13.1%","430","13.5%","1,893","14.2%","891","19.4%","221","19.1%","254","15.7%","667","17.8%","3,038","15.6%","342","12.2%","168","14.6%","2,292","17.6%","389","18.9%","185","23.4%","523","15.9%","3,254","16.6%","9,471","16.7%"
"Same-sex spouse","2,039","0.3%","65","0.3%","3","0.1%","47","0.3%","4","0.2%","2","0.1%","0","0.0%","5","0.2%","0","0.0%","6","0.2%","82","0.2%","2","0.2%","6","0.1%","1","0.4%","25","0.1%","3","0.1%","2","0.1%","10","0.3%","6","0.1%","2","0.1%","0","0.0%","85","0.2%","1","0.1%","2","0.1%","0","0.0%","36","0.1%","96","0.2%","13","0.2%","5","0.1%","224","0.2%","43","0.1%","0","0.0%","18","0.1%","57","0.1%","1","0.4%","6","0.3%","4","0.1%","4","0.2%","5","0.4%","1","0.1%","4","0.2%","40","0.2%","5","0.2%","0","0.0%","4","0.1%","2","0.6%","1","0.2%","0","0.0%","9","0.2%","1","0.2%","2","0.1%","67","0.1%","0","0.0%","24","0.2%","4","0.3%","7","0.2%","3","0.2%","1","0.3%","0","0.0%","25","0.2%","16","0.1%","8","0.1%","5","0.1%","24","0.1%","8","0.1%","24","0.1%","3","0.0%","21","0.1%","2","0.0%","1","0.0%","1","0.1%","69","0.2%","0","0.0%","8","0.0%","10","0.2%","0","0.0%","0","0.0%","0","0.0%","4","0.1%","7","0.2%","4","0.3%","3","0.2%","1","0.0%","13","0.2%","10","0.3%","15","0.2%","20","0.2%","6","0.2%","2","0.3%","1","0.5%","1","0.1%","3","0.3%","15","0.1%","11","0.3%","10","0.2%","398","0.3%","6","0.1%","27","0.1%","17","0.1%","71","0.1%","7","0.1%","4","0.2%","1","0.0%","6","0.0%","0","0.0%","50","0.3%","18","0.3%","0","0.0%","9","0.4%","520","0.6%","53","0.3%","302","0.7%","19","0.2%","8","0.3%","0","0.0%","6","0.2%","12","0.1%","13","0.3%","1","0.1%","3","0.2%","11","0.3%","77","0.4%","4","0.1%","2","0.2%","20","0.2%","12","0.6%","1","0.1%","0","0.0%","35","0.2%","90","0.2%"
"Opposite-sex unmarried partner","21,252","3.3%","438","2.3%","75","3.2%","278","2.0%","38","1.9%","33","2.0%","49","1.4%","68","2.7%","1","0.7%","66","2.1%","1,431","3.0%","27","2.1%","141","2.3%","4","1.6%","607","3.0%","119","2.7%","76","2.9%","71","2.2%","256","3.6%","51","2.6%","5","1.5%","1,265","2.7%","10","1.0%","38","2.5%","3","1.8%","518","1.9%","1,255","2.9%","136","2.2%","81","1.7%","3,431","3.2%","494","1.7%","9","1.0%","507","2.6%","1,222","3.0%","5","2.0%","60","2.7%","90","3.2%","55","3.3%","50","3.8%","34","2.6%","70","2.7%","510","3.1%","43","2.0%","21","4.0%","120","3.4%","11","3.1%","16","3.1%","2","1.5%","103","2.7%","7","1.7%","65","2.0%","1,374","2.7%","39","1.7%","329","2.1%","20","1.7%","82","2.7%","27","1.9%","7","2.1%","23","2.3%","428","3.0%","281","2.1%","87","1.5%","85","2.0%","572","2.7%","116","2.0%","793","3.3%","276","2.8%","586","2.3%","274","3.7%","101","3.0%","25","3.0%","1,125","2.7%","164","4.1%","288","1.8%","186","3.3%","12","3.9%","16","1.4%","2","0.5%","215","3.1%","102","3.2%","29","2.4%","39","2.8%","127","3.7%","264","4.0%","105","3.0%","294","3.6%","320","3.6%","86","2.8%","21","3.6%","2","1.0%","36","2.4%","14","1.4%","422","2.5%","129","3.0%","96","2.1%","3,396","2.6%","183","2.3%","696","2.9%","476","3.1%","1,755","3.2%","177","2.6%","20","1.1%","99","2.3%","351","2.3%","6","1.9%","717","3.8%","171","2.9%","5","3.1%","77","3.8%","3,097","3.3%","652","3.4%","1,128","2.7%","349","3.9%","79","2.9%","2","2.4%","83","2.6%","418","3.1%","191","4.2%","27","2.3%","57","3.5%","126","3.4%","722","3.7%","122","4.3%","46","4.0%","331","2.5%","53","2.6%","15","1.9%","88","2.7%","570","2.9%","1,567","2.8%"
"Same-sex unmarried partner","1,879","0.3%","37","0.2%","4","0.2%","25","0.2%","2","0.1%","2","0.1%","2","0.1%","4","0.2%","0","0.0%","0","0.0%","77","0.2%","0","0.0%","3","0.0%","0","0.0%","29","0.1%","6","0.1%","5","0.2%","7","0.2%","14","0.2%","0","0.0%","0","0.0%","53","0.1%","0","0.0%","1","0.1%","0","0.0%","18","0.1%","61","0.1%","7","0.1%","0","0.0%","262","0.2%","31","0.1%","0","0.0%","20","0.1%","38","0.1%","0","0.0%","1","0.0%","5","0.2%","5","0.3%","1","0.1%","5","0.4%","6","0.2%","23","0.1%","5","0.2%","1","0.2%","5","0.1%","2","0.6%","1","0.2%","0","0.0%","4","0.1%","0","0.0%","8","0.2%","45","0.1%","3","0.1%","7","0.0%","1","0.1%","3","0.1%","4","0.3%","0","0.0%","0","0.0%","19","0.1%","9","0.1%","1","0.0%","3","0.1%","25","0.1%","3","0.1%","36","0.1%","2","0.0%","30","0.1%","7","0.1%","6","0.2%","1","0.1%","49","0.1%","2","0.0%","8","0.0%","6","0.1%","0","0.0%","1","0.1%","0","0.0%","9","0.1%","5","0.2%","0","0.0%","5","0.4%","6","0.2%","14","0.2%","12","0.3%","12","0.1%","19","0.2%","5","0.2%","0","0.0%","1","0.5%","2","0.1%","1","0.1%","14","0.1%","7","0.2%","7","0.2%","242","0.2%","5","0.1%","19","0.1%","16","0.1%","91","0.2%","10","0.1%","4","0.2%","6","0.1%","13","0.1%","0","0.0%","34","0.2%","10","0.2%","1","0.6%","3","0.1%","329","0.4%","45","0.2%","155","0.4%","7","0.1%","5","0.2%","2","2.4%","2","0.1%","30","0.2%","16","0.3%","1","0.1%","5","0.3%","10","0.3%","34","0.2%","3","0.1%","3","0.3%","21","0.2%","1","0.0%","0","0.0%","2","0.1%","25","0.1%","73","0.1%"
"Child [2]","173,385","27.0%","4,423","23.4%","766","32.3%","4,541","32.3%","263","13.4%","261","16.2%","851","24.8%","816","31.9%","33","23.2%","841","26.9%","15,074","31.1%","408","31.3%","2,061","33.7%","50","20.2%","5,158","25.8%","1,297","29.7%","906","35.0%","648","19.9%","1,637","23.0%","406","20.4%","80","24.2%","14,436","30.7%","291","27.7%","384","25.1%","25","15.1%","10,040","36.0%","13,714","32.1%","1,096","17.9%","1,822","37.4%","28,804","26.6%","10,007","34.8%","316","34.0%","6,110","31.9%","12,092","29.7%","74","29.7%","747","33.6%","774","27.2%","422","25.6%","244","18.6%","180","13.5%","679","25.8%","3,923","24.1%","480","22.5%","155","29.2%","819","23.0%","82","22.8%","106","20.2%","24","18.0%","1,099","29.1%","72","17.8%","1,109","33.3%","17,195","33.2%","720","30.9%","5,631","35.4%","335","29.0%","625","20.4%","246","17.8%","61","17.9%","223","22.6%","3,190","22.0%","3,753","27.7%","1,654","28.2%","1,099","25.8%","6,139","29.0%","1,991","34.5%","7,979","33.2%","3,626","36.4%","8,847","34.4%","2,440","32.7%","805","24.0%","179","21.6%","10,262","24.5%","1,342","33.4%","4,836","29.9%","1,395","24.5%","71","22.8%","207","18.3%","98","23.8%","1,860","27.0%","835","25.8%","271","22.0%","309","21.9%","1,345","38.7%","1,955","29.7%","888","25.3%","2,302","28.4%","2,588","28.8%","658","21.6%","117","20.1%","43","21.7%","428","28.7%","273","26.9%","4,662","27.9%","1,317","30.6%","1,241","26.6%","39,348","29.8%","2,590","32.3%","7,078","29.9%","4,789","31.3%","17,640","32.1%","2,168","32.3%","563","31.8%","1,450","33.5%","5,053","33.7%","41","13.0%","4,779","25.4%","1,460","24.7%","37","23.3%","501","24.8%","21,699","23.3%","5,151","26.9%","9,042","21.3%","1,603","18.1%","588","21.7%","15","17.9%","891","28.0%","3,219","24.2%","848","18.4%","242","20.9%","430","26.5%","915","24.5%","4,696","24.2%","664","23.7%","151","13.1%","3,465","26.7%","441","21.5%","226","28.6%","755","23.0%","5,531","28.2%","16,975","30.0%"
"Under 18 years","115,696","18.0%","2,961","15.7%","428","18.0%","3,366","23.9%","135","6.9%","138","8.6%","548","16.0%","531","20.8%","25","17.6%","601","19.2%","10,879","22.4%","285","21.8%","1,377","22.5%","30","12.1%","3,295","16.5%","534","12.2%","532","20.5%","479","14.7%","1,126","15.8%","278","13.9%","64","19.3%","10,993","23.4%","220","21.0%","271","17.7%","22","13.3%","6,130","22.0%","9,588","22.5%","676","11.0%","1,208","24.8%","19,493","18.0%","6,206","21.6%","279","30.0%","4,503","23.5%","8,595","21.1%","51","20.5%","528","23.8%","513","18.0%","290","17.6%","126","9.6%","102","7.7%","437","16.6%","2,664","16.4%","345","16.2%","99","18.7%","525","14.7%","54","15.0%","66","12.6%","14","10.5%","697","18.5%","47","11.6%","834","25.1%","12,873","24.9%","510","21.9%","4,171","26.2%","244","21.1%","383","12.5%","164","11.8%","35","10.3%","142","14.4%","2,216","15.3%","2,883","21.3%","1,209","20.6%","773","18.1%","4,324","20.4%","967","16.8%","5,396","22.5%","1,856","18.6%","4,290","16.7%","1,070","14.3%","460","13.7%","99","12.0%","7,632","18.2%","759","18.9%","3,288","20.3%","924","16.3%","52","16.7%","147","13.0%","68","16.5%","1,325","19.2%","423","13.1%","161","13.0%","160","11.4%","879","25.3%","1,053","16.0%","510","14.6%","1,371","16.9%","1,479","16.4%","398","13.0%","71","12.2%","15","7.6%","313","21.0%","191","18.8%","3,406","20.4%","715","16.6%","478","10.2%","26,861","20.4%","821","10.3%","4,929","20.8%","3,296","21.6%","12,492","22.7%","1,269","18.9%","203","11.5%","660","15.3%","2,263","15.1%","22","7.0%","3,050","16.2%","864","14.6%","22","13.8%","276","13.7%","13,984","15.0%","2,963","15.5%","5,689","13.4%","1,064","12.0%","366","13.5%","13","15.5%","481","15.1%","2,184","16.4%","516","11.2%","134","11.6%","238","14.7%","572","15.3%","2,945","15.2%","302","10.8%","106","9.2%","2,177","16.8%","239","11.6%","182","23.0%","515","15.7%","3,586","18.3%","11,079","19.6%"
"Grandchild","17,329","2.7%","377","2.0%","186","7.8%","369","2.6%","49","2.5%","33","2.0%","111","3.2%","119","4.7%","5","3.5%","120","3.8%","1,835","3.8%","38","2.9%","314","5.1%","2","0.8%","1,238","6.2%","634","14.5%","200","7.7%","65","2.0%","245","3.4%","46","2.3%","5","1.5%","1,348","2.9%","19","1.8%","38","2.5%","4","2.4%","1,717","6.2%","1,456","3.4%","156","2.5%","274","5.6%","2,864","2.6%","1,430","5.0%","7","0.8%","722","3.8%","1,682","4.1%","9","3.6%","114","5.1%","176","6.2%","69","4.2%","47","3.6%","32","2.4%","127","4.8%","507","3.1%","33","1.5%","26","4.9%","128","3.6%","11","3.1%","12","2.3%","1","0.8%","156","4.1%","14","3.5%","104","3.1%","1,858","3.6%","106","4.5%","583","3.7%","41","3.6%","77","2.5%","43","3.1%","10","2.9%","54","5.5%","379","2.6%","133","1.0%","56","1.0%","173","4.1%","891","4.2%","669","11.6%","1,187","4.9%","1,141","11.5%","2,731","10.6%","1,147","15.4%","117","3.5%","37","4.5%","1,083","2.6%","543","13.5%","705","4.4%","304","5.3%","8","2.6%","26","2.3%","9","2.2%","242","3.5%","179","5.5%","47","3.8%","50","3.5%","254","7.3%","450","6.8%","142","4.1%","398","4.9%","477","5.3%","124","4.1%","32","5.5%","15","7.6%","55","3.7%","39","3.8%","486","2.9%","310","7.2%","606","13.0%","3,484","2.6%","1,641","20.5%","829","3.5%","706","4.6%","2,045","3.7%","507","7.5%","211","11.9%","582","13.5%","1,688","11.3%","7","2.2%","674","3.6%","222","3.8%","1","0.6%","90","4.5%","2,185","2.3%","870","4.5%","958","2.3%","203","2.3%","75","2.8%","7","8.3%","307","9.6%","502","3.8%","118","2.6%","53","4.6%","79","4.9%","117","3.1%","625","3.2%","183","6.5%","37","3.2%","515","4.0%","86","4.2%","12","1.5%","76","2.3%","834","4.3%","2,392","4.2%"
"Grandchild Under 18 years","12,681","2.0%","308","1.6%","119","5.0%","293","2.1%","27","1.4%","21","1.3%","78","2.3%","91","3.6%","5","3.5%","96","3.1%","1,448","3.0%","28","2.1%","242","4.0%","1","0.4%","920","4.6%","454","10.4%","160","6.2%","45","1.4%","193","2.7%","36","1.8%","4","1.2%","1,036","2.2%","15","1.4%","32","2.1%","3","1.8%","1,412","5.1%","1,120","2.6%","113","1.8%","236","4.8%","2,174","2.0%","1,155","4.0%","4","0.4%","565","2.9%","1,312","3.2%","8","3.2%","89","4.0%","118","4.1%","46","2.8%","41","3.1%","22","1.7%","78","3.0%","317","1.9%","22","1.0%","24","4.5%","102","2.9%","9","2.5%","12","2.3%","1","0.8%","123","3.3%","14","3.5%","79","2.4%","1,456","2.8%","92","3.9%","458","2.9%","34","2.9%","48","1.6%","30","2.2%","6","1.8%","39","3.9%","296","2.0%","98","0.7%","35","0.6%","133","3.1%","675","3.2%","553","9.6%","913","3.8%","926","9.3%","2,221","8.6%","854","11.5%","77","2.3%","21","2.5%","803","1.9%","435","10.8%","606","3.7%","243","4.3%","8","2.6%","25","2.2%","9","2.2%","201","2.9%","117","3.6%","37","3.0%","32","2.3%","197","5.7%","301","4.6%","114","3.3%","261","3.2%","354","3.9%","94","3.1%","21","3.6%","8","4.0%","43","2.9%","32","3.1%","359","2.2%","238","5.5%","459","9.8%","2,591","2.0%","1,195","14.9%","665","2.8%","544","3.6%","1,676","3.1%","427","6.4%","151","8.5%","462","10.7%","1,310","8.7%","5","1.6%","474","2.5%","157","2.7%","1","0.6%","74","3.7%","1,641","1.8%","662","3.5%","671","1.6%","174","2.0%","62","2.3%","5","6.0%","218","6.8%","371","2.8%","80","1.7%","36","3.1%","73","4.5%","78","2.1%","457","2.4%","136","4.8%","26","2.3%","441","3.4%","65","3.2%","11","1.4%","63","1.9%","626","3.2%","1,783","3.2%"
"Other relatives","30,198","4.7%","528","2.8%","101","4.3%","571","4.1%","48","2.4%","52","3.2%","134","3.9%","133","5.2%","13","9.2%","121","3.9%","2,109","4.4%","60","4.6%","301","4.9%","11","4.4%","1,028","5.1%","365","8.4%","173","6.7%","55","1.7%","240","3.4%","56","2.8%","12","3.6%","1,771","3.8%","41","3.9%","38","2.5%","5","3.0%","1,894","6.8%","1,995","4.7%","202","3.3%","229","4.7%","4,881","4.5%","2,020","7.0%","8","0.9%","726","3.8%","1,868","4.6%","14","5.6%","133","6.0%","85","3.0%","70","4.2%","32","2.4%","44","3.3%","107","4.1%","483","3.0%","60","2.8%","15","2.8%","112","3.1%","13","3.6%","21","4.0%","4","3.0%","129","3.4%","16","4.0%","151","4.5%","2,470","4.8%","97","4.2%","775","4.9%","52","4.5%","108","3.5%","54","3.9%","13","3.8%","58","5.9%","566","3.9%","259","1.9%","111","1.9%","173","4.1%","968","4.6%","517","9.0%","1,546","6.4%","908","9.1%","2,303","9.0%","892","12.0%","126","3.7%","30","3.6%","1,421","3.4%","328","8.2%","891","5.5%","225","4.0%","8","2.6%","20","1.8%","17","4.1%","231","3.4%","132","4.1%","49","4.0%","48","3.4%","212","6.1%","392","6.0%","153","4.4%","365","4.5%","447","5.0%","112","3.7%","29","5.0%","13","6.6%","64","4.3%","46","4.5%","637","3.8%","290","6.7%","317","6.8%","5,399","4.1%","733","9.2%","1,061","4.5%","712","4.7%","2,705","4.9%","492","7.3%","179","10.1%","416","9.6%","1,340","8.9%","13","4.1%","785","4.2%","257","4.4%","9","5.7%","84","4.2%","3,951","4.2%","805","4.2%","1,443","3.4%","311","3.5%","74","2.7%","13","15.5%","257","8.1%","561","4.2%","140","3.0%","51","4.4%","66","4.1%","117","3.1%","629","3.2%","128","4.6%","38","3.3%","639","4.9%","90","4.4%","25","3.2%","107","3.3%","911","4.6%","2,771","4.9%"
"Nonrelatives","20,491","3.2%","388","2.1%","32","1.3%","212","1.5%","70","3.6%","34","2.1%","53","1.5%","84","3.3%","6","4.2%","70","2.2%","1,285","2.7%","29","2.2%","169","2.8%","7","2.8%","491","2.5%","98","2.2%","47","1.8%","55","1.7%","130","1.8%","27","1.4%","5","1.5%","1,557","3.3%","17","1.6%","21","1.4%","0","0.0%","435","1.6%","913","2.1%","113","1.8%","72","1.5%","3,914","3.6%","470","1.6%","7","0.8%","378","2.0%","1,386","3.4%","8","3.2%","61","2.7%","62","2.2%","24","1.5%","42","3.2%","37","2.8%","66","2.5%","456","2.8%","44","2.1%","22","4.2%","54","1.5%","9","2.5%","3","0.6%","0","0.0%","70","1.9%","4","1.0%","52","1.6%","1,414","2.7%","58","2.5%","294","1.8%","20","1.7%","67","2.2%","32","2.3%","4","1.2%","25","2.5%","370","2.6%","308","2.3%","91","1.6%","123","2.9%","467","2.2%","91","1.6%","612","2.5%","130","1.3%","429","1.7%","88","1.2%","62","1.8%","29","3.5%","1,193","2.8%","125","3.1%","227","1.4%","141","2.5%","5","1.6%","13","1.2%","10","2.4%","142","2.1%","58","1.8%","20","1.6%","31","2.2%","85","2.4%","164","2.5%","77","2.2%","189","2.3%","246","2.7%","51","1.7%","16","2.8%","15","7.6%","39","2.6%","26","2.6%","650","3.9%","90","2.1%","120","2.6%","2,962","2.2%","160","2.0%","579","2.4%","394","2.6%","1,373","2.5%","135","2.0%","23","1.3%","106","2.5%","292","1.9%","4","1.3%","561","3.0%","164","2.8%","3","1.9%","61","3.0%","3,269","3.5%","550","2.9%","1,063","2.5%","266","3.0%","63","2.3%","2","2.4%","75","2.4%","529","4.0%","174","3.8%","25","2.2%","32","2.0%","79","2.1%","639","3.3%","110","3.9%","51","4.4%","377","2.9%","78","3.8%","19","2.4%","47","1.4%","564","2.9%","1,391","2.5%"
"In group quarters","9,479","1.5%","16","0.1%","0","0.0%","1,647","11.7%","3","0.2%","35","2.2%","991","28.9%","0","0.0%","0","0.0%","0","0.0%","887","1.8%","0","0.0%","243","4.0%","0","0.0%","2,126","10.6%","59","1.4%","0","0.0%","49","1.5%","262","3.7%","307","15.4%","0","0.0%","843","1.8%","0","0.0%","15","1.0%","0","0.0%","19","0.1%","137","0.3%","663","10.8%","0","0.0%","3,637","3.4%","47","0.2%","115","12.4%","183","1.0%","749","1.8%","0","0.0%","0","0.0%","0","0.0%","0","0.0%","0","0.0%","29","2.2%","133","5.1%","476","2.9%","12","0.6%","0","0.0%","597","16.8%","0","0.0%","0","0.0%","0","0.0%","67","1.8%","0","0.0%","0","0.0%","1,859","3.6%","0","0.0%","253","1.6%","0","0.0%","4","0.1%","85","6.1%","0","0.0%","0","0.0%","1","0.0%","82","0.6%","0","0.0%","702","16.5%","98","0.5%","94","1.6%","659","2.7%","73","0.7%","30","0.1%","21","0.3%","7","0.2%","0","0.0%","2,045","4.9%","25","0.6%","1,562","9.7%","0","0.0%","0","0.0%","0","0.0%","0","0.0%","52","0.8%","0","0.0%","8","0.6%","0","0.0%","2","0.1%","58","0.9%","0","0.0%","17","0.2%","25","0.3%","76","2.5%","0","0.0%","4","2.0%","0","0.0%","0","0.0%","1,059","6.3%","7","0.2%","4","0.1%","1,031","0.8%","6","0.1%","471","2.0%","86","0.6%","692","1.3%","23","0.3%","1","0.1%","0","0.0%","52","0.3%","0","0.0%","1,029","5.5%","27","0.5%","0","0.0%","0","0.0%","1,537","1.6%","4","0.0%","1,105","2.6%","182","2.1%","0","0.0%","0","0.0%","0","0.0%","847","6.4%","13","0.3%","10","0.9%","0","0.0%","0","0.0%","225","1.2%","10","0.4%","0","0.0%","286","2.2%","17","0.8%","0","0.0%","454","13.8%","155","0.8%","1,849","3.3%"
"Institutionalized population:","3,101","0.5%","13","0.1%","0","0.0%","1,297","9.2%","0","0.0%","1","0.1%","739","21.5%","0","0.0%","0","0.0%","0","0.0%","528","1.1%","0","0.0%","0","0.0%","0","0.0%","2,086","10.4%","55","1.3%","0","0.0%","23","0.7%","262","3.7%","307","15.4%","0","0.0%","305","0.6%","0","0.0%","15","1.0%","0","0.0%","0","0.0%","137","0.3%","663","10.8%","0","0.0%","800","0.7%","32","0.1%","38","4.1%","179","0.9%","351","0.9%","0","0.0%","0","0.0%","0","0.0%","0","0.0%","0","0.0%","0","0.0%","133","5.1%","172","1.1%","0","0.0%","0","0.0%","585","16.4%","0","0.0%","0","0.0%","0","0.0%","67","1.8%","0","0.0%","0","0.0%","1,342","2.6%","0","0.0%","236","1.5%","0","0.0%","0","0.0%","64","4.6%","0","0.0%","0","0.0%","0","0.0%","56","0.4%","0","0.0%","288","6.8%","44","0.2%","42","0.7%","314","1.3%","0","0.0%","0","0.0%","4","0.1%","0","0.0%","0","0.0%","361","0.9%","22","0.5%","1,533","9.5%","0","0.0%","0","0.0%","0","0.0%","0","0.0%","42","0.6%","0","0.0%","0","0.0%","0","0.0%","2","0.1%","0","0.0%","0","0.0%","3","0.0%","0","0.0%","41","1.3%","0","0.0%","0","0.0%","0","0.0%","0","0.0%","192","1.2%","5","0.1%","0","0.0%","559","0.4%","6","0.1%","442","1.9%","79","0.5%","264","0.5%","0","0.0%","0","0.0%","0","0.0%","4","0.0%","0","0.0%","358","1.9%","0","0.0%","0","0.0%","0","0.0%","607","0.7%","0","0.0%","1,007","2.4%","162","1.8%","0","0.0%","0","0.0%","0","0.0%","146","1.1%","0","0.0%","0","0.0%","0","0.0%","0","0.0%","167","0.9%","10","0.4%","0","0.0%","262","2.0%","0","0.0%","0","0.0%","454","13.8%","105","0.5%","997","1.8%"
"Institutionalized population Male","1,381","0.2%","11","0.1%","0","0.0%","1,087","7.7%","0","0.0%","1","0.1%","573","16.7%","0","0.0%","0","0.0%","0","0.0%","327","0.7%","0","0.0%","0","0.0%","0","0.0%","1,314","6.6%","31","0.7%","0","0.0%","12","0.4%","171","2.4%","10","0.5%","0","0.0%","180","0.4%","0","0.0%","13","0.8%","0","0.0%","0","0.0%","49","0.1%","606","9.9%","0","0.0%","540","0.5%","19","0.1%","27","2.9%","122","0.6%","219","0.5%","0","0.0%","0","0.0%","0","0.0%","0","0.0%","0","0.0%","0","0.0%","58","2.2%","105","0.6%","0","0.0%","0","0.0%","580","16.3%","0","0.0%","0","0.0%","0","0.0%","57","1.5%","0","0.0%","0","0.0%","1,285","2.5%","0","0.0%","181","1.1%","0","0.0%","0","0.0%","63","4.5%","0","0.0%","0","0.0%","0","0.0%","22","0.2%","0","0.0%","251","5.9%","16","0.1%","27","0.5%","205","0.9%","0","0.0%","0","0.0%","2","0.0%","0","0.0%","0","0.0%","199","0.5%","2","0.0%","1,441","8.9%","0","0.0%","0","0.0%","0","0.0%","0","0.0%","29","0.4%","0","0.0%","0","0.0%","0","0.0%","2","0.1%","0","0.0%","0","0.0%","2","0.0%","0","0.0%","35","1.1%","0","0.0%","0","0.0%","0","0.0%","0","0.0%","120","0.7%","5","0.1%","0","0.0%","253","0.2%","5","0.1%","337","1.4%","35","0.2%","88","0.2%","0","0.0%","0","0.0%","0","0.0%","2","0.0%","0","0.0%","204","1.1%","0","0.0%","0","0.0%","0","0.0%","353","0.4%","0","0.0%","966","2.3%","103","1.2%","0","0.0%","0","0.0%","0","0.0%","89","0.7%","0","0.0%","0","0.0%","0","0.0%","0","0.0%","82","0.4%","7","0.2%","0","0.0%","258","2.0%","0","0.0%","0","0.0%","423","12.9%","42","0.2%","834","1.5%"
"Institutionalized population Female","1,720","0.3%","2","0.0%","0","0.0%","210","1.5%","0","0.0%","0","0.0%","166","4.8%","0","0.0%","0","0.0%","0","0.0%","201","0.4%","0","0.0%","0","0.0%","0","0.0%","772","3.9%","24","0.5%","0","0.0%","11","0.3%","91","1.3%","297","14.9%","0","0.0%","125","0.3%","0","0.0%","2","0.1%","0","0.0%","0","0.0%","88","0.2%","57","0.9%","0","0.0%","260","0.2%","13","0.0%","11","1.2%","57","0.3%","132","0.3%","0","0.0%","0","0.0%","0","0.0%","0","0.0%","0","0.0%","0","0.0%","75","2.9%","67","0.4%","0","0.0%","0","0.0%","5","0.1%","0","0.0%","0","0.0%","0","0.0%","10","0.3%","0","0.0%","0","0.0%","57","0.1%","0","0.0%","55","0.3%","0","0.0%","0","0.0%","1","0.1%","0","0.0%","0","0.0%","0","0.0%","34","0.3%","0","0.0%","37","0.9%","28","0.1%","15","0.3%","109","0.5%","0","0.0%","0","0.0%","2","0.0%","0","0.0%","0","0.0%","162","0.4%","20","0.5%","92","0.6%","0","0.0%","0","0.0%","0","0.0%","0","0.0%","13","0.2%","0","0.0%","0","0.0%","0","0.0%","0","0.0%","0","0.0%","0","0.0%","1","0.0%","0","0.0%","6","0.2%","0","0.0%","0","0.0%","0","0.0%","0","0.0%","72","0.4%","0","0.0%","0","0.0%","306","0.2%","1","0.0%","105","0.4%","44","0.3%","176","0.3%","0","0.0%","0","0.0%","0","0.0%","2","0.0%","0","0.0%","154","0.8%","0","0.0%","0","0.0%","0","0.0%","254","0.3%","0","0.0%","41","0.1%","59","0.7%","0","0.0%","0","0.0%","0","0.0%","57","0.4%","0","0.0%","0","0.0%","0","0.0%","0","0.0%","85","0.4%","3","0.1%","0","0.0%","4","0.0%","0","0.0%","0","0.0%","31","0.9%","63","0.3%","163","0.3%"
"Noninstitutionalized population:","6,378","1.0%","3","0.0%","0","0.0%","350","2.5%","3","0.2%","34","2.1%","252","7.3%","0","0.0%","0","0.0%","0","0.0%","359","0.7%","0","0.0%","243","4.0%","0","0.0%","40","0.2%","4","0.1%","0","0.0%","26","0.8%","0","0.0%","0","0.0%","0","0.0%","538","1.1%","0","0.0%","0","0.0%","0","0.0%","19","0.1%","0","0.0%","0","0.0%","0","0.0%","2,837","2.6%","15","0.1%","77","8.3%","4","0.0%","398","1.0%","0","0.0%","0","0.0%","0","0.0%","0","0.0%","0","0.0%","29","2.2%","0","0.0%","304","1.9%","12","0.6%","0","0.0%","12","0.3%","0","0.0%","0","0.0%","0","0.0%","0","0.0%","0","0.0%","0","0.0%","517","1.0%","0","0.0%","17","0.1%","0","0.0%","4","0.1%","21","1.5%","0","0.0%","0","0.0%","1","0.0%","26","0.2%","0","0.0%","414","9.7%","54","0.3%","52","0.9%","345","1.4%","73","0.7%","30","0.1%","17","0.2%","7","0.2%","0","0.0%","1,684","4.0%","3","0.1%","29","0.2%","0","0.0%","0","0.0%","0","0.0%","0","0.0%","10","0.1%","0","0.0%","8","0.6%","0","0.0%","0","0.0%","58","0.9%","0","0.0%","14","0.2%","25","0.3%","35","1.1%","0","0.0%","4","2.0%","0","0.0%","0","0.0%","867","5.2%","2","0.0%","4","0.1%","472","0.4%","0","0.0%","29","0.1%","7","0.0%","428","0.8%","23","0.3%","1","0.1%","0","0.0%","48","0.3%","0","0.0%","671","3.6%","27","0.5%","0","0.0%","0","0.0%","930","1.0%","4","0.0%","98","0.2%","20","0.2%","0","0.0%","0","0.0%","0","0.0%","701","5.3%","13","0.3%","10","0.9%","0","0.0%","0","0.0%","58","0.3%","0","0.0%","0","0.0%","24","0.2%","17","0.8%","0","0.0%","0","0.0%","50","0.3%","852","1.5%"
"Noninstitutionalized population Male","3,678","0.6%","1","0.0%","0","0.0%","258","1.8%","2","0.1%","28","1.7%","251","7.3%","0","0.0%","0","0.0%","0","0.0%","261","0.5%","0","0.0%","140","2.3%","0","0.0%","19","0.1%","2","0.0%","0","0.0%","7","0.2%","0","0.0%","0","0.0%","0","0.0%","412","0.9%","0","0.0%","0","0.0%","0","0.0%","8","0.0%","0","0.0%","0","0.0%","0","0.0%","1,797","1.7%","5","0.0%","48","5.2%","2","0.0%","189","0.5%","0","0.0%","0","0.0%","0","0.0%","0","0.0%","0","0.0%","27","2.0%","0","0.0%","155","1.0%","2","0.1%","0","0.0%","7","0.2%","0","0.0%","0","0.0%","0","0.0%","0","0.0%","0","0.0%","0","0.0%","310","0.6%","0","0.0%","2","0.0%","0","0.0%","4","0.1%","7","0.5%","0","0.0%","0","0.0%","1","0.0%","18","0.1%","0","0.0%","281","6.6%","36","0.2%","8","0.1%","236","1.0%","37","0.4%","21","0.1%","3","0.0%","6","0.2%","0","0.0%","1,177","2.8%","3","0.1%","21","0.1%","0","0.0%","0","0.0%","0","0.0%","0","0.0%","4","0.1%","0","0.0%","4","0.3%","0","0.0%","0","0.0%","47","0.7%","0","0.0%","8","0.1%","17","0.2%","29","1.0%","0","0.0%","0","0.0%","0","0.0%","0","0.0%","382","2.3%","1","0.0%","3","0.1%","137","0.1%","0","0.0%","13","0.1%","2","0.0%","249","0.5%","9","0.1%","1","0.1%","0","0.0%","35","0.2%","0","0.0%","409","2.2%","18","0.3%","0","0.0%","0","0.0%","512","0.5%","2","0.0%","43","0.1%","15","0.2%","0","0.0%","0","0.0%","0","0.0%","514","3.9%","5","0.1%","4","0.3%","0","0.0%","0","0.0%","23","0.1%","0","0.0%","0","0.0%","11","0.1%","9","0.4%","0","0.0%","0","0.0%","35","0.2%","806","1.4%"
"Noninstitutionalized population Female","2,700","0.4%","2","0.0%","0","0.0%","92","0.7%","1","0.1%","6","0.4%","1","0.0%","0","0.0%","0","0.0%","0","0.0%","98","0.2%","0","0.0%","103","1.7%","0","0.0%","21","0.1%","2","0.0%","0","0.0%","19","0.6%","0","0.0%","0","0.0%","0","0.0%","126","0.3%","0","0.0%","0","0.0%","0","0.0%","11","0.0%","0","0.0%","0","0.0%","0","0.0%","1,040","1.0%","10","0.0%","29","3.1%","2","0.0%","209","0.5%","0","0.0%","0","0.0%","0","0.0%","0","0.0%","0","0.0%","2","0.2%","0","0.0%","149","0.9%","10","0.5%","0","0.0%","5","0.1%","0","0.0%","0","0.0%","0","0.0%","0","0.0%","0","0.0%","0","0.0%","207","0.4%","0","0.0%","15","0.1%","0","0.0%","0","0.0%","14","1.0%","0","0.0%","0","0.0%","0","0.0%","8","0.1%","0","0.0%","133","3.1%","18","0.1%","44","0.8%","109","0.5%","36","0.4%","9","0.0%","14","0.2%","1","0.0%","0","0.0%","507","1.2%","0","0.0%","8","0.0%","0","0.0%","0","0.0%","0","0.0%","0","0.0%","6","0.1%","0","0.0%","4","0.3%","0","0.0%","0","0.0%","11","0.2%","0","0.0%","6","0.1%","8","0.1%","6","0.2%","0","0.0%","4","2.0%","0","0.0%","0","0.0%","485","2.9%","1","0.0%","1","0.0%","335","0.3%","0","0.0%","16","0.1%","5","0.0%","179","0.3%","14","0.2%","0","0.0%","0","0.0%","13","0.1%","0","0.0%","262","1.4%","9","0.2%","0","0.0%","0","0.0%","418","0.4%","2","0.0%","55","0.1%","5","0.1%","0","0.0%","0","0.0%","0","0.0%","187","1.4%","8","0.2%","6","0.5%","0","0.0%","0","0.0%","35","0.2%","0","0.0%","0","0.0%","13","0.1%","8","0.4%","0","0.0%","0","0.0%","15","0.1%","46","0.1%"
"HOUSEHOLDS BY TYPE","","","","","","","","","","","","","","","","","","","","","","","","","","","","","","","","","","","","","","","","","","","","","","","","","","","","","","","","","","","","","","","","","","","","","","","","","","","","","","","","","","","","","","","","","","","","","","","","","","","","","","","","","","","","","","","","","","","","","","","","","","","","","","","","","","","","","","","","","","","","","","","","","","","","","","","","","","","","","","","","","","","","","","","","","","","","","","","","","","","","","","","","","","","","","","","","","","","","","","","","","","","","","","","","","","","","","","","","","","","","","","","","","","","","","","","","","","","","","","","","","","","","","","","","","","","","","","","","","","","",""
"Total households","266,417","100.0%","7,960","100.0%","906","100.0%","4,015","100.0%","1,017","100.0%","818","100.0%","818","100.0%","866","100.0%","37","100.0%","1,170","100.0%","18,208","100.0%","480","100.0%","1,942","100.0%","115","100.0%","6,715","100.0%","1,345","100.0%","905","100.0%","1,540","100.0%","3,173","100.0%","806","100.0%","137","100.0%","17,977","100.0%","449","100.0%","687","100.0%","83","100.0%","8,889","100.0%","15,549","100.0%","2,401","100.0%","1,584","100.0%","44,228","100.0%","9,428","100.0%","287","100.0%","7,077","100.0%","14,833","100.0%","78","100.0%","763","100.0%","1,210","100.0%","708","100.0%","612","100.0%","668","100.0%","1,031","100.0%","7,053","100.0%","987","100.0%","201","100.0%","1,273","100.0%","185","100.0%","270","100.0%","61","100.0%","1,478","100.0%","236","100.0%","1,207","100.0%","17,294","100.0%","889","100.0%","5,215","100.0%","444","100.0%","1,391","100.0%","618","100.0%","162","100.0%","412","100.0%","6,565","100.0%","5,818","100.0%","2,329","100.0%","1,303","100.0%","8,519","100.0%","1,729","100.0%","8,222","100.0%","2,881","100.0%","7,841","100.0%","1,986","100.0%","1,534","100.0%","361","100.0%","17,398","100.0%","1,136","100.0%","4,992","100.0%","2,406","100.0%","124","100.0%","571","100.0%","187","100.0%","3,040","100.0%","1,368","100.0%","552","100.0%","617","100.0%","1,122","100.0%","2,447","100.0%","1,485","100.0%","3,316","100.0%","3,525","100.0%","1,362","100.0%","271","100.0%","57","100.0%","546","100.0%","399","100.0%","6,214","100.0%","1,515","100.0%","1,630","100.0%","49,688","100.0%","2,023","100.0%","8,661","100.0%","5,534","100.0%","19,640","100.0%","2,264","100.0%","559","100.0%","1,240","100.0%","4,638","100.0%","150","100.0%","7,808","100.0%","2,478","100.0%","86","100.0%","829","100.0%","42,168","100.0%","7,907","100.0%","17,945","100.0%","4,512","100.0%","1,229","100.0%","22","100.0%","1,125","100.0%","5,324","100.0%","2,171","100.0%","518","100.0%","703","100.0%","1,752","100.0%","8,761","100.0%","1,250","100.0%","592","100.0%","5,048","100.0%","905","100.0%","301","100.0%","1,251","100.0%","7,756","100.0%","20,000","100.0%"
"Married couple household","100,679","37.8%","4,682","58.8%","290","32.0%","2,410","60.0%","480","47.2%","348","42.5%","431","52.7%","475","54.8%","21","56.8%","708","60.5%","7,588","41.7%","280","58.3%","953","49.1%","52","45.2%","2,562","38.2%","452","33.6%","266","29.4%","741","48.1%","1,189","37.5%","336","41.7%","79","57.7%","7,780","43.3%","221","49.2%","325","47.3%","39","47.0%","4,333","48.7%","7,585","48.8%","1,361","56.7%","827","52.2%","16,294","36.8%","4,821","51.1%","193","67.2%","3,480","49.2%","6,786","45.7%","38","48.7%","337","44.2%","459","37.9%","312","44.1%","286","46.7%","303","45.4%","428","41.5%","2,833","40.2%","450","45.6%","75","37.3%","464","36.4%","75","40.5%","115","42.6%","35","57.4%","611","41.3%","114","48.3%","650","53.9%","8,220","47.5%","408","45.9%","2,803","53.7%","235","52.9%","695","50.0%","266","43.0%","92","56.8%","195","47.3%","2,991","45.6%","2,908","50.0%","1,531","65.7%","573","44.0%","3,524","41.4%","574","33.2%","3,019","36.7%","933","32.4%","2,854","36.4%","611","30.8%","654","42.6%","135","37.4%","7,374","42.4%","340","29.9%","2,645","53.0%","1,033","42.9%","64","51.6%","281","49.2%","86","46.0%","1,136","37.4%","565","41.3%","248","44.9%","249","40.4%","330","29.4%","845","34.5%","643","43.3%","1,197","36.1%","1,397","39.6%","595","43.7%","88","32.5%","24","42.1%","307","56.2%","231","57.9%","2,549","41.0%","622","41.1%","662","40.6%","26,305","52.9%","660","32.6%","4,264","49.2%","2,564","46.3%","8,966","45.7%","975","43.1%","206","36.9%","435","35.1%","1,523","32.8%","63","42.0%","2,421","31.0%","1,118","45.1%","44","51.2%","369","44.5%","14,971","35.5%","3,121","39.5%","9,683","54.0%","1,464","32.4%","596","48.5%","9","40.9%","443","39.4%","1,899","35.7%","860","39.6%","205","39.6%","252","35.8%","715","40.8%","3,178","36.3%","338","27.0%","166","28.0%","2,307","45.7%","401","44.3%","181","60.1%","538","43.0%","3,292","42.4%","9,549","47.7%"
"Married couple household With own children under 18 [3]","35,480","13.3%","1,139","14.3%","85","9.4%","1,273","31.7%","46","4.5%","49","6.0%","194","23.7%","183","21.1%","7","18.9%","217","18.5%","3,057","16.8%","119","24.8%","392","20.2%","10","8.7%","717","10.7%","102","7.6%","89","9.8%","146","9.5%","280","8.8%","99","12.3%","25","18.2%","3,213","17.9%","84","18.7%","83","12.1%","10","12.0%","1,685","19.0%","2,901","18.7%","244","10.2%","357","22.5%","5,133","11.6%","1,950","20.7%","123","42.9%","1,407","19.9%","2,718","18.3%","14","17.9%","116","15.2%","119","9.8%","78","11.0%","37","6.0%","40","6.0%","120","11.6%","717","10.2%","118","12.0%","25","12.4%","126","9.9%","21","11.4%","16","5.9%","10","16.4%","194","13.1%","31","13.1%","301","24.9%","3,873","22.4%","167","18.8%","1,333","25.6%","95","21.4%","135","9.7%","47","7.6%","23","14.2%","40","9.7%","697","10.6%","1,203","20.7%","554","23.8%","169","13.0%","1,155","13.6%","219","12.7%","1,279","15.6%","375","13.0%","1,004","12.8%","242","12.2%","137","8.9%","31","8.6%","2,384","13.7%","151","13.3%","952","19.1%","275","11.4%","16","12.9%","58","10.2%","15","8.0%","312","10.3%","124","9.1%","35","6.3%","54","8.8%","146","13.0%","259","10.6%","147","9.9%","334","10.1%","437","12.4%","110","8.1%","20","7.4%","5","8.8%","104","19.0%","92","23.1%","1,008","16.2%","179","11.8%","120","7.4%","9,196","18.5%","170","8.4%","1,534","17.7%","920","16.6%","3,601","18.3%","338","14.9%","65","11.6%","138","11.1%","492","10.6%","18","12.0%","646","8.3%","252","10.2%","7","8.1%","95","11.5%","4,341","10.3%","780","9.9%","2,168","12.1%","276","6.1%","126","10.3%","5","22.7%","119","10.6%","582","10.9%","146","6.7%","38","7.3%","44","6.3%","169","9.6%","802","9.2%","66","5.3%","31","5.2%","660","13.1%","59","6.5%","56","18.6%","152","12.2%","983","12.7%","3,355","16.8%"
"Cohabiting couple household","23,118","8.7%","475","6.0%","76","8.4%","305","7.6%","43","4.2%","40","4.9%","45","5.5%","72","8.3%","5","13.5%","63","5.4%","1,511","8.3%","28","5.8%","145","7.5%","4","3.5%","638","9.5%","129","9.6%","81","9.0%","74","4.8%","272","8.6%","54","6.7%","7","5.1%","1,321","7.3%","12","2.7%","38","5.5%","6","7.2%","541","6.1%","1,298","8.3%","146","6.1%","85","5.4%","3,719","8.4%","500","5.3%","12","4.2%","516","7.3%","1,270","8.6%","5","6.4%","61","8.0%","97","8.0%","53","7.5%","41","6.7%","47","7.0%","76","7.4%","533","7.6%","52","5.3%","22","10.9%","124","9.7%","16","8.6%","16","5.9%","3","4.9%","99","6.7%","13","5.5%","69","5.7%","1,410","8.2%","37","4.2%","347","6.7%","28","6.3%","85","6.1%","27","4.4%","9","5.6%","21","5.1%","446","6.8%","294","5.1%","93","4.0%","72","5.5%","610","7.2%","120","6.9%","819","10.0%","274","9.5%","646","8.2%","274","13.8%","99","6.5%","34","9.4%","1,173","6.7%","164","14.4%","298","6.0%","175","7.3%","5","4.0%","16","2.8%","7","3.7%","227","7.5%","106","7.7%","24","4.3%","41","6.6%","131","11.7%","270","11.0%","111","7.5%","306","9.2%","350","9.9%","92","6.8%","22","8.1%","1","1.8%","28","5.1%","23","5.8%","440","7.1%","140","9.2%","104","6.4%","3,641","7.3%","181","8.9%","708","8.2%","485","8.8%","1,848","9.4%","193","8.5%","22","3.9%","101","8.1%","365","7.9%","9","6.0%","747","9.6%","176","7.1%","2","2.3%","86","10.4%","3,416","8.1%","689","8.7%","1,276","7.1%","360","8.0%","81","6.6%","3","13.6%","80","7.1%","446","8.4%","190","8.8%","20","3.9%","65","9.2%","138","7.9%","783","8.9%","129","10.3%","46","7.8%","362","7.2%","61","6.7%","8","2.7%","95","7.6%","600","7.7%","1,640","8.2%"
"Cohabiting couple household With own children under 18 [3]","7,744","2.9%","120","1.5%","35","3.9%","134","3.3%","5","0.5%","11","1.3%","26","3.2%","41","4.7%","2","5.4%","30","2.6%","766","4.2%","13","2.7%","67","3.5%","2","1.7%","296","4.4%","67","5.0%","40","4.4%","29","1.9%","111","3.5%","20","2.5%","4","2.9%","571","3.2%","6","1.3%","19","2.8%","2","2.4%","295","3.3%","590","3.8%","38","1.6%","50","3.2%","1,432","3.2%","244","2.6%","6","2.1%","262","3.7%","583","3.9%","3","3.8%","36","4.7%","38","3.1%","26","3.7%","5","0.8%","7","1.0%","33","3.2%","205","2.9%","22","2.2%","7","3.5%","57","4.5%","10","5.4%","3","1.1%","1","1.6%","54","3.7%","3","1.3%","32","2.7%","751","4.3%","17","1.9%","191","3.7%","15","3.4%","17","1.2%","12","1.9%","6","3.7%","9","2.2%","157","2.4%","73","1.3%","27","1.2%","32","2.5%","310","3.6%","59","3.4%","475","5.8%","143","5.0%","321","4.1%","144","7.3%","31","2.0%","12","3.3%","430","2.5%","88","7.7%","136","2.7%","71","3.0%","3","2.4%","6","1.1%","3","1.6%","95","3.1%","50","3.7%","5","0.9%","6","1.0%","70","6.2%","140","5.7%","45","3.0%","121","3.6%","140","4.0%","33","2.4%","12","4.4%","0","0.0%","13","2.4%","14","3.5%","184","3.0%","50","3.3%","50","3.1%","1,481","3.0%","77","3.8%","336","3.9%","248","4.5%","910","4.6%","89","3.9%","13","2.3%","42","3.4%","186","4.0%","0","0.0%","317","4.1%","72","2.9%","2","2.3%","30","3.6%","1,000","2.4%","258","3.3%","261","1.5%","103","2.3%","18","1.5%","1","4.5%","33","2.9%","190","3.6%","40","1.8%","9","1.7%","23","3.3%","46","2.6%","235","2.7%","49","3.9%","12","2.0%","125","2.5%","23","2.5%","2","0.7%","50","4.0%","240","3.1%","705","3.5%"
"Male householder, no spouse or partner present:","60,032","22.5%","1,464","18.4%","190","21.0%","517","12.9%","292","28.7%","214","26.2%","144","17.6%","151","17.4%","5","13.5%","194","16.6%","3,690","20.3%","102","21.3%","388","20.0%","42","36.5%","1,406","20.9%","295","21.9%","227","25.1%","373","24.2%","737","23.2%","187","23.2%","29","21.2%","4,043","22.5%","104","23.2%","135","19.7%","27","32.5%","1,400","15.7%","2,677","17.2%","385","16.0%","261","16.5%","9,670","21.9%","1,505","16.0%","45","15.7%","1,392","19.7%","3,307","22.3%","20","25.6%","188","24.6%","251","20.7%","143","20.2%","148","24.2%","161","24.1%","225","21.8%","1,499","21.3%","250","25.3%","48","23.9%","294","23.1%","35","18.9%","78","28.9%","13","21.3%","342","23.1%","51","21.6%","248","20.5%","3,642","21.1%","247","27.8%","917","17.6%","75","16.9%","244","17.5%","134","21.7%","26","16.0%","99","24.0%","1,290","19.6%","1,350","23.2%","324","13.9%","309","23.7%","1,800","21.1%","385","22.3%","1,598","19.4%","609","21.1%","1,632","20.8%","278","14.0%","375","24.4%","105","29.1%","4,180","24.0%","202","17.8%","886","17.7%","503","20.9%","37","29.8%","137","24.0%","38","20.3%","694","22.8%","279","20.4%","138","25.0%","125","20.3%","273","24.3%","541","22.1%","346","23.3%","718","21.7%","771","21.9%","349","25.6%","88","32.5%","13","22.8%","105","19.2%","65","16.3%","1,439","23.2%","341","22.5%","371","22.8%","7,731","15.6%","382","18.9%","1,598","18.5%","1,042","18.8%","3,414","17.4%","497","22.0%","126","22.5%","253","20.4%","1,038","22.4%","45","30.0%","1,933","24.8%","563","22.7%","20","23.3%","181","21.8%","8,989","21.3%","1,744","22.1%","2,889","16.1%","1,233","27.3%","278","22.6%","7","31.8%","292","26.0%","1,392","26.1%","512","23.6%","147","28.4%","187","26.6%","414","23.6%","1,885","21.5%","335","26.8%","211","35.6%","1,142","22.6%","185","20.4%","49","16.3%","271","21.7%","1,653","21.3%","3,746","18.7%"
"Male householder, no spouse or partner present Living alone","41,322","15.5%","1,085","13.6%","117","12.9%","298","7.4%","238","23.4%","184","22.5%","93","11.4%","76","8.8%","3","8.1%","141","12.1%","2,507","13.8%","72","15.0%","239","12.3%","28","24.3%","917","13.7%","164","12.2%","154","17.0%","294","19.1%","574","18.1%","131","16.3%","15","10.9%","2,781","15.5%","73","16.3%","90","13.1%","22","26.5%","857","9.6%","1,672","10.8%","276","11.5%","158","10.0%","6,526","14.8%","892","9.5%","37","12.9%","925","13.1%","2,126","14.3%","18","23.1%","79","10.4%","180","14.9%","98","13.8%","129","21.1%","136","20.4%","170","16.5%","1,137","16.1%","194","19.7%","44","21.9%","206","16.2%","20","10.8%","42","15.6%","9","14.8%","253","17.1%","42","17.8%","163","13.5%","2,313","13.4%","161","18.1%","552","10.6%","46","10.4%","196","14.1%","101","16.3%","20","12.3%","73","17.7%","978","14.9%","1,074","18.5%","233","10.0%","212","16.3%","1,314","15.4%","217","12.6%","1,042","12.7%","314","10.9%","983","12.5%","131","6.6%","284","18.5%","71","19.7%","3,055","17.6%","98","8.6%","628","12.6%","371","15.4%","28","22.6%","108","18.9%","25","13.4%","521","17.1%","186","13.6%","93","16.8%","81","13.1%","152","13.5%","290","11.9%","249","16.8%","481","14.5%","498","14.1%","255","18.7%","75","27.7%","7","12.3%","70","12.8%","42","10.5%","1,040","16.7%","223","14.7%","254","15.6%","4,877","9.8%","188","9.3%","1,080","12.5%","688","12.4%","2,217","11.3%","287","12.7%","72","12.9%","128","10.3%","580","12.5%","38","25.3%","1,357","17.4%","387","15.6%","10","11.6%","130","15.7%","6,442","15.3%","1,165","14.7%","2,133","11.9%","1,007","22.3%","238","19.4%","6","27.3%","166","14.8%","1,030","19.3%","390","18.0%","112","21.6%","149","21.2%","311","17.8%","1,358","15.5%","216","17.3%","178","30.1%","791","15.7%","129","14.3%","34","11.3%","208","16.6%","1,035","13.3%","2,272","11.4%"
"Male householder, no spouse or partner present Living alone 65 years and over","11,606","4.4%","483","6.1%","32","3.5%","68","1.7%","144","14.2%","115","14.1%","40","4.9%","23","2.7%","0","0.0%","52","4.4%","825","4.5%","20","4.2%","83","4.3%","12","10.4%","352","5.2%","60","4.5%","51","5.6%","135","8.8%","238","7.5%","56","6.9%","7","5.1%","653","3.6%","21","4.7%","36","5.2%","16","19.3%","341","3.8%","566","3.6%","133","5.5%","69","4.4%","2,020","4.6%","308","3.3%","7","2.4%","259","3.7%","565","3.8%","2","2.6%","29","3.8%","73","6.0%","46","6.5%","81","13.2%","69","10.3%","71","6.9%","529","7.5%","113","11.4%","17","8.5%","81","6.4%","8","4.3%","16","5.9%","2","3.3%","88","6.0%","19","8.1%","38","3.1%","515","3.0%","57","6.4%","132","2.5%","20","4.5%","116","8.3%","68","11.0%","9","5.6%","32","7.8%","426","6.5%","260","4.5%","98","4.2%","96","7.4%","663","7.8%","57","3.3%","313","3.8%","108","3.7%","284","3.6%","24","1.2%","128","8.3%","31","8.6%","960","5.5%","15","1.3%","261","5.2%","176","7.3%","8","6.5%","66","11.6%","14","7.5%","232","7.6%","74","5.4%","50","9.1%","48","7.8%","34","3.0%","109","4.5%","107","7.2%","169","5.1%","163","4.6%","110","8.1%","41","15.1%","5","8.8%","29","5.3%","14","3.5%","269","4.3%","72","4.8%","107","6.6%","1,896","3.8%","68","3.4%","368","4.2%","241","4.4%","661","3.4%","80","3.5%","32","5.7%","33","2.7%","160","3.4%","22","14.7%","478","6.1%","150","6.1%","3","3.5%","53","6.4%","2,556","6.1%","483","6.1%","1,005","5.6%","571","12.7%","133","10.8%","3","13.6%","75","6.7%","365","6.9%","149","6.9%","45","8.7%","53","7.5%","138","7.9%","556","6.3%","84","6.7%","73","12.3%","371","7.3%","63","7.0%","13","4.3%","78","6.2%","426","5.5%","817","4.1%"
"Male householder, no spouse or partner present With own children under 18 [3]","5,317","2.0%","94","1.2%","16","1.8%","108","2.7%","13","1.3%","3","0.4%","11","1.3%","13","1.5%","0","0.0%","18","1.5%","406","2.2%","6","1.3%","30","1.5%","1","0.9%","178","2.7%","19","1.4%","16","1.8%","26","1.7%","52","1.6%","20","2.5%","1","0.7%","411","2.3%","4","0.9%","10","1.5%","0","0.0%","167","1.9%","344","2.2%","16","0.7%","35","2.2%","779","1.8%","158","1.7%","2","0.7%","162","2.3%","345","2.3%","1","1.3%","34","4.5%","15","1.2%","15","2.1%","6","1.0%","4","0.6%","10","1.0%","109","1.5%","16","1.6%","1","0.5%","23","1.8%","8","4.3%","4","1.5%","0","0.0%","24","1.6%","2","0.8%","23","1.9%","452","2.6%","19","2.1%","131","2.5%","7","1.6%","15","1.1%","9","1.5%","1","0.6%","7","1.7%","76","1.2%","94","1.6%","26","1.1%","29","2.2%","134","1.6%","45","2.6%","133","1.6%","68","2.4%","162","2.1%","27","1.4%","16","1.0%","3","0.8%","325","1.9%","25","2.2%","86","1.7%","21","0.9%","3","2.4%","8","1.4%","7","3.7%","53","1.7%","27","2.0%","8","1.4%","7","1.1%","40","3.6%","86","3.5%","29","2.0%","100","3.0%","86","2.4%","30","2.2%","3","1.1%","4","7.0%","11","2.0%","3","0.8%","120","1.9%","29","1.9%","23","1.4%","1,040","2.1%","33","1.6%","165","1.9%","108","2.0%","366","1.9%","51","2.3%","6","1.1%","26","2.1%","74","1.6%","2","1.3%","164","2.1%","50","2.0%","1","1.2%","15","1.8%","760","1.8%","174","2.2%","227","1.3%","50","1.1%","11","0.9%","0","0.0%","36","3.2%","95","1.8%","45","2.1%","12","2.3%","16","2.3%","28","1.6%","158","1.8%","37","3.0%","5","0.8%","91","1.8%","13","1.4%","2","0.7%","18","1.4%","215","2.8%","464","2.3%"
"Female householder, no spouse or partner present:","82,588","31.0%","1,339","16.8%","350","38.6%","783","19.5%","202","19.9%","216","26.4%","198","24.2%","168","19.4%","6","16.2%","205","17.5%","5,419","29.8%","70","14.6%","456","23.5%","17","14.8%","2,109","31.4%","469","34.9%","331","36.6%","352","22.9%","975","30.7%","229","28.4%","22","16.1%","4,833","26.9%","112","24.9%","189","27.5%","11","13.3%","2,615","29.4%","3,989","25.7%","509","21.2%","411","25.9%","14,545","32.9%","2,602","27.6%","37","12.9%","1,689","23.9%","3,470","23.4%","15","19.2%","177","23.2%","403","33.3%","200","28.2%","137","22.4%","157","23.5%","302","29.3%","2,188","31.0%","235","23.8%","56","27.9%","391","30.7%","59","31.9%","61","22.6%","10","16.4%","426","28.8%","58","24.6%","240","19.9%","4,022","23.3%","197","22.2%","1,148","22.0%","106","23.9%","367","26.4%","191","30.9%","35","21.6%","97","23.5%","1,838","28.0%","1,266","21.8%","381","16.4%","349","26.8%","2,585","30.3%","650","37.6%","2,786","33.9%","1,065","37.0%","2,709","34.5%","823","41.4%","406","26.5%","87","24.1%","4,671","26.8%","430","37.9%","1,163","23.3%","695","28.9%","18","14.5%","137","24.0%","56","29.9%","983","32.3%","418","30.6%","142","25.7%","202","32.7%","388","34.6%","791","32.3%","385","25.9%","1,095","33.0%","1,007","28.6%","326","23.9%","73","26.9%","19","33.3%","106","19.4%","80","20.1%","1,786","28.7%","412","27.2%","493","30.2%","12,011","24.2%","800","39.5%","2,091","24.1%","1,443","26.1%","5,412","27.6%","599","26.5%","205","36.7%","451","36.4%","1,712","36.9%","33","22.0%","2,707","34.7%","621","25.1%","20","23.3%","193","23.3%","14,792","35.1%","2,353","29.8%","4,097","22.8%","1,455","32.2%","274","22.3%","3","13.6%","310","27.6%","1,587","29.8%","609","28.1%","146","28.2%","199","28.3%","485","27.7%","2,915","33.3%","448","35.8%","169","28.5%","1,237","24.5%","258","28.5%","63","20.9%","347","27.7%","2,211","28.5%","5,065","25.3%"
"Female householder, no spouse or partner present Living alone","45,605","17.1%","824","10.4%","154","17.0%","307","7.6%","143","14.1%","153","18.7%","68","8.3%","51","5.9%","3","8.1%","114","9.7%","2,722","14.9%","30","6.3%","153","7.9%","8","7.0%","974","14.5%","118","8.8%","113","12.5%","244","15.8%","610","19.2%","152","18.9%","12","8.8%","2,295","12.8%","77","17.1%","114","16.6%","9","10.8%","826","9.3%","1,842","11.8%","332","13.8%","141","8.9%","7,670","17.3%","860","9.1%","9","3.1%","851","12.0%","1,668","11.2%","1","1.3%","80","10.5%","213","17.6%","109","15.4%","83","13.6%","114","17.1%","142","13.8%","1,321","18.7%","157","15.9%","33","16.4%","215","16.9%","36","19.5%","44","16.3%","7","11.5%","220","14.9%","38","16.1%","109","9.0%","1,739","10.1%","103","11.6%","507","9.7%","52","11.7%","241","17.3%","137","22.2%","12","7.4%","40","9.7%","1,152","17.5%","826","14.2%","260","11.2%","135","10.4%","1,374","16.1%","190","11.0%","1,099","13.4%","272","9.4%","814","10.4%","161","8.1%","245","16.0%","50","13.9%","2,709","15.6%","86","7.6%","487","9.8%","393","16.3%","12","9.7%","101","17.7%","31","16.6%","556","18.3%","203","14.8%","90","16.3%","131","21.2%","125","11.1%","314","12.8%","254","17.1%","548","16.5%","449","12.7%","197","14.5%","39","14.4%","8","14.0%","56","10.3%","44","11.0%","886","14.3%","174","11.5%","167","10.2%","6,218","12.5%","185","9.1%","1,004","11.6%","691","12.5%","2,597","13.2%","195","8.6%","63","11.3%","114","9.2%","433","9.3%","27","18.0%","1,436","18.4%","360","14.5%","12","14.0%","86","10.4%","9,619","22.8%","1,223","15.5%","2,628","14.6%","984","21.8%","187","15.2%","2","9.1%","138","12.3%","845","15.9%","427","19.7%","76","14.7%","88","12.5%","282","16.1%","1,776","20.3%","252","20.2%","119","20.1%","673","13.3%","122","13.5%","36","12.0%","179","14.3%","1,084","14.0%","2,329","11.6%"
"Female householder, no spouse or partner present Living alone 65 years and over","21,033","7.9%","449","5.6%","78","8.6%","105","2.6%","88","8.7%","106","13.0%","41","5.0%","26","3.0%","0","0.0%","73","6.2%","1,494","8.2%","19","4.0%","74","3.8%","5","4.3%","528","7.9%","69","5.1%","64","7.1%","125","8.1%","319","10.1%","78","9.7%","6","4.4%","1,088","6.1%","48","10.7%","65","9.5%","6","7.2%","414","4.7%","899","5.8%","225","9.4%","78","4.9%","3,632","8.2%","439","4.7%","2","0.7%","460","6.5%","876","5.9%","0","0.0%","45","5.9%","125","10.3%","65","9.2%","58","9.5%","77","11.5%","75","7.3%","767","10.9%","94","9.5%","19","9.5%","112","8.8%","28","15.1%","27","10.0%","5","8.2%","107","7.2%","30","12.7%","58","4.8%","848","4.9%","52","5.8%","277","5.3%","35","7.9%","151","10.9%","82","13.3%","7","4.3%","24","5.8%","656","10.0%","370","6.4%","157","6.7%","80","6.1%","801","9.4%","84","4.9%","526","6.4%","138","4.8%","425","5.4%","78","3.9%","149","9.7%","16","4.4%","1,346","7.7%","34","3.0%","271","5.4%","231","9.6%","7","5.6%","68","11.9%","19","10.2%","317","10.4%","135","9.9%","55","10.0%","87","14.1%","34","3.0%","163","6.7%","139","9.4%","318","9.6%","237","6.7%","121","8.9%","19","7.0%","4","7.0%","28","5.1%","26","6.5%","430","6.9%","103","6.8%","93","5.7%","3,540","7.1%","114","5.6%","522","6.0%","368","6.6%","1,312","6.7%","108","4.8%","40","7.2%","57","4.6%","230","5.0%","13","8.7%","703","9.0%","177","7.1%","7","8.1%","50","6.0%","5,281","12.5%","658","8.3%","1,520","8.5%","592","13.1%","127","10.3%","1","4.5%","77","6.8%","386","7.3%","222","10.2%","43","8.3%","58","8.3%","145","8.3%","998","11.4%","159","12.7%","77","13.0%","366","7.3%","70","7.7%","26","8.6%","114","9.1%","631","8.1%","1,279","6.4%"
"Female householder, no spouse or partner present With own children under 18 [3]","14,789","5.6%","147","1.8%","76","8.4%","213","5.3%","6","0.6%","14","1.7%","52","6.4%","45","5.2%","0","0.0%","32","2.7%","1,247","6.8%","12","2.5%","144","7.4%","5","4.3%","434","6.5%","75","5.6%","79","8.7%","47","3.1%","156","4.9%","33","4.1%","6","4.4%","1,237","6.9%","13","2.9%","24","3.5%","0","0.0%","805","9.1%","1,048","6.7%","63","2.6%","127","8.0%","2,958","6.7%","784","8.3%","15","5.2%","442","6.2%","753","5.1%","5","6.4%","42","5.5%","87","7.2%","23","3.2%","16","2.6%","4","0.6%","50","4.8%","332","4.7%","31","3.1%","6","3.0%","74","5.8%","3","1.6%","6","2.2%","0","0.0%","70","4.7%","6","2.5%","65","5.4%","1,211","7.0%","31","3.5%","306","5.9%","21","4.7%","39","2.8%","25","4.0%","4","2.5%","23","5.6%","270","4.1%","235","4.0%","49","2.1%","116","8.9%","541","6.4%","138","8.0%","758","9.2%","242","8.4%","538","6.9%","150","7.6%","35","2.3%","8","2.2%","846","4.9%","119","10.5%","351","7.0%","109","4.5%","4","3.2%","11","1.9%","12","6.4%","189","6.2%","59","4.3%","12","2.2%","13","2.1%","102","9.1%","138","5.6%","45","3.0%","195","5.9%","200","5.7%","43","3.2%","16","5.9%","1","1.8%","19","3.5%","14","3.5%","396","6.4%","64","4.2%","79","4.8%","2,388","4.8%","132","6.5%","450","5.2%","322","5.8%","1,251","6.4%","135","6.0%","32","5.7%","96","7.7%","358","7.7%","3","2.0%","528","6.8%","84","3.4%","3","3.5%","21","2.5%","1,921","4.6%","403","5.1%","488","2.7%","166","3.7%","26","2.1%","0","0.0%","47","4.2%","251","4.7%","57","2.6%","16","3.1%","38","5.4%","73","4.2%","468","5.3%","61","4.9%","11","1.9%","217","4.3%","41","4.5%","10","3.3%","58","4.6%","409","5.3%","1,047","5.2%"
"Households with individuals under 18 years","73,084","27.4%","1,742","21.9%","305","33.7%","1,935","48.2%","102","10.0%","107","13.1%","369","45.1%","371","42.8%","11","29.7%","342","29.2%","6,367","35.0%","169","35.2%","791","40.7%","20","17.4%","2,200","32.8%","505","37.5%","321","35.5%","311","20.2%","710","22.4%","216","26.8%","49","35.8%","6,222","34.6%","132","29.4%","181","26.3%","16","19.3%","3,708","41.7%","5,575","35.9%","434","18.1%","699","44.1%","11,990","27.1%","3,876","41.1%","159","55.4%","2,628","37.1%","5,188","35.0%","25","32.1%","296","38.8%","334","27.6%","184","26.0%","78","12.7%","80","12.0%","292","28.3%","1,638","23.2%","200","20.3%","48","23.9%","375","29.5%","61","33.0%","60","22.2%","12","19.7%","460","31.1%","54","22.9%","499","41.3%","7,190","41.6%","292","32.8%","2,266","43.5%","163","36.7%","260","18.7%","116","18.8%","43","26.5%","100","24.3%","1,448","22.1%","1,757","30.2%","700","30.1%","431","33.1%","2,631","30.9%","738","42.7%","3,229","39.3%","1,271","44.1%","3,123","39.8%","1,008","50.8%","319","20.8%","100","27.7%","4,612","26.5%","584","51.4%","1,826","36.6%","629","26.1%","35","28.2%","108","18.9%","46","24.6%","810","26.6%","353","25.8%","98","17.8%","113","18.3%","462","41.2%","872","35.6%","352","23.7%","972","29.3%","1,137","32.3%","290","21.3%","59","21.8%","19","33.3%","172","31.5%","146","36.6%","1,997","32.1%","448","29.6%","481","29.5%","16,168","32.5%","913","45.1%","2,910","33.6%","1,916","34.6%","7,164","36.5%","820","36.2%","197","35.2%","540","43.5%","1,807","39.0%","24","16.0%","2,088","26.7%","615","24.8%","19","22.1%","220","26.5%","9,341","22.2%","2,136","27.0%","3,789","21.1%","776","17.2%","225","18.3%","9","40.9%","382","34.0%","1,413","26.5%","369","17.0%","105","20.3%","169","24.0%","407","23.2%","2,059","23.5%","324","25.9%","76","12.8%","1,384","27.4%","215","23.8%","83","27.6%","338","27.0%","2,362","30.5%","6,792","34.0%"
"Households with individuals 65 years and over","82,266","30.9%","3,331","41.8%","335","37.0%","841","20.9%","618","60.8%","494","60.4%","249","30.4%","265","30.6%","9","24.3%","457","39.1%","6,032","33.1%","163","34.0%","607","31.3%","57","49.6%","2,597","38.7%","565","42.0%","324","35.8%","725","47.1%","1,352","42.6%","335","41.6%","47","34.3%","4,823","26.8%","184","41.0%","292","42.5%","46","55.4%","2,868","32.3%","4,850","31.2%","1,293","53.9%","496","31.3%","14,653","33.1%","2,957","31.4%","33","11.5%","2,145","30.3%","4,397","29.6%","32","41.0%","241","31.6%","536","44.3%","319","45.1%","377","61.6%","378","56.6%","431","41.8%","3,198","45.3%","495","50.2%","76","37.8%","478","37.5%","79","42.7%","116","43.0%","26","42.6%","574","38.8%","119","50.4%","327","27.1%","4,239","24.5%","309","34.8%","1,425","27.3%","161","36.3%","753","54.1%","324","52.4%","67","41.4%","202","49.0%","3,010","45.8%","1,695","29.1%","891","38.3%","512","39.3%","3,585","42.1%","585","33.8%","2,457","29.9%","1,028","35.7%","2,809","35.8%","673","33.9%","730","47.6%","143","39.6%","5,908","34.0%","297","26.1%","1,815","36.4%","1,071","44.5%","57","46.0%","302","52.9%","95","50.8%","1,292","42.5%","640","46.8%","301","54.5%","328","53.2%","304","27.1%","889","36.3%","656","44.2%","1,349","40.7%","1,245","35.3%","633","46.5%","129","47.6%","31","54.4%","209","38.3%","169","42.4%","1,864","30.0%","595","39.3%","709","43.5%","18,114","36.5%","884","43.7%","2,860","33.0%","1,932","34.9%","5,940","30.2%","784","34.6%","263","47.0%","458","36.9%","1,729","37.3%","77","51.3%","2,896","37.1%","1,011","40.8%","40","46.5%","334","40.3%","17,121","40.6%","3,317","42.0%","8,610","48.0%","2,383","52.8%","666","54.2%","7","31.8%","518","46.0%","1,956","36.7%","993","45.7%","223","43.1%","307","43.7%","755","43.1%","3,738","42.7%","568","45.4%","288","48.6%","2,052","40.6%","428","47.3%","122","40.5%","517","41.3%","3,037","39.2%","7,070","35.4%"
"HOUSING OCCUPANCY","","","","","","","","","","","","","","","","","","","","","","","","","","","","","","","","","","","","","","","","","","","","","","","","","","","","","","","","","","","","","","","","","","","","","","","","","","","","","","","","","","","","","","","","","","","","","","","","","","","","","","","","","","","","","","","","","","","","","","","","","","","","","","","","","","","","","","","","","","","","","","","","","","","","","","","","","","","","","","","","","","","","","","","","","","","","","","","","","","","","","","","","","","","","","","","","","","","","","","","","","","","","","","","","","","","","","","","","","","","","","","","","","","","","","","","","","","","","","","","","","","","","","","","","","","","","","","","","","","","",""
"Total housing units","285,214","100.0%","8,916","100.0%","1,007","100.0%","4,314","100.0%","1,890","100.0%","1,341","100.0%","939","100.0%","1,016","100.0%","51","100.0%","1,298","100.0%","20,577","100.0%","562","100.0%","2,215","100.0%","178","100.0%","8,378","100.0%","1,512","100.0%","1,031","100.0%","4,569","100.0%","3,901","100.0%","1,033","100.0%","206","100.0%","20,339","100.0%","557","100.0%","928","100.0%","197","100.0%","9,648","100.0%","16,575","100.0%","2,699","100.0%","1,770","100.0%","48,561","100.0%","10,197","100.0%","354","100.0%","7,962","100.0%","17,349","100.0%","105","100.0%","861","100.0%","1,470","100.0%","849","100.0%","803","100.0%","898","100.0%","1,269","100.0%","8,100","100.0%","1,195","100.0%","309","100.0%","1,629","100.0%","249","100.0%","507","100.0%","93","100.0%","1,915","100.0%","275","100.0%","1,357","100.0%","19,170","100.0%","1,125","100.0%","5,747","100.0%","551","100.0%","1,853","100.0%","802","100.0%","253","100.0%","574","100.0%","14,142","100.0%","6,213","100.0%","2,421","100.0%","1,528","100.0%","9,980","100.0%","2,000","100.0%","9,047","100.0%","3,118","100.0%","8,795","100.0%","2,097","100.0%","2,282","100.0%","584","100.0%","19,821","100.0%","1,189","100.0%","8,311","100.0%","2,889","100.0%","179","100.0%","1,191","100.0%","253","100.0%","3,848","100.0%","1,579","100.0%","826","100.0%","764","100.0%","1,370","100.0%","2,594","100.0%","1,738","100.0%","3,571","100.0%","3,942","100.0%","2,587","100.0%","437","100.0%","137","100.0%","685","100.0%","507","100.0%","7,291","100.0%","1,981","100.0%","2,313","100.0%","52,061","100.0%","2,248","100.0%","9,742","100.0%","6,486","100.0%","21,720","100.0%","2,573","100.0%","722","100.0%","1,346","100.0%","5,155","100.0%","541","100.0%","9,590","100.0%","3,444","100.0%","131","100.0%","1,062","100.0%","47,567","100.0%","9,213","100.0%","20,097","100.0%","6,393","100.0%","1,663","100.0%","26","100.0%","1,354","100.0%","6,193","100.0%","3,142","100.0%","804","100.0%","866","100.0%","3,302","100.0%","10,436","100.0%","1,491","100.0%","863","100.0%","6,019","100.0%","1,150","100.0%","449","100.0%","1,628","100.0%","8,622","100.0%","21,307","100.0%"
"Occupied housing units","266,417","93.4%","7,960","89.3%","906","90.0%","4,015","93.1%","1,017","53.8%","818","61.0%","818","87.1%","866","85.2%","37","72.5%","1,170","90.1%","18,208","88.5%","480","85.4%","1,942","87.7%","115","64.6%","6,715","80.2%","1,345","89.0%","905","87.8%","1,540","33.7%","3,173","81.3%","806","78.0%","137","66.5%","17,977","88.4%","449","80.6%","687","74.0%","83","42.1%","8,889","92.1%","15,549","93.8%","2,401","89.0%","1,584","89.5%","44,228","91.1%","9,428","92.5%","287","81.1%","7,077","88.9%","14,833","85.5%","78","74.3%","763","88.6%","1,210","82.3%","708","83.4%","612","76.2%","668","74.4%","1,031","81.2%","7,053","87.1%","987","82.6%","201","65.0%","1,273","78.1%","185","74.3%","270","53.3%","61","65.6%","1,478","77.2%","236","85.8%","1,207","88.9%","17,294","90.2%","889","79.0%","5,215","90.7%","444","80.6%","1,391","75.1%","618","77.1%","162","64.0%","412","71.8%","6,565","46.4%","5,818","93.6%","2,329","96.2%","1,303","85.3%","8,519","85.4%","1,729","86.5%","8,222","90.9%","2,881","92.4%","7,841","89.2%","1,986","94.7%","1,534","67.2%","361","61.8%","17,398","87.8%","1,136","95.5%","4,992","60.1%","2,406","83.3%","124","69.3%","571","47.9%","187","73.9%","3,040","79.0%","1,368","86.6%","552","66.8%","617","80.8%","1,122","81.9%","2,447","94.3%","1,485","85.4%","3,316","92.9%","3,525","89.4%","1,362","52.6%","271","62.0%","57","41.6%","546","79.7%","399","78.7%","6,214","85.2%","1,515","76.5%","1,630","70.5%","49,688","95.4%","2,023","90.0%","8,661","88.9%","5,534","85.3%","19,640","90.4%","2,264","88.0%","559","77.4%","1,240","92.1%","4,638","90.0%","150","27.7%","7,808","81.4%","2,478","72.0%","86","65.6%","829","78.1%","42,168","88.6%","7,907","85.8%","17,945","89.3%","4,512","70.6%","1,229","73.9%","22","84.6%","1,125","83.1%","5,324","86.0%","2,171","69.1%","518","64.4%","703","81.2%","1,752","53.1%","8,761","83.9%","1,250","83.8%","592","68.6%","5,048","83.9%","905","78.7%","301","67.0%","1,251","76.8%","7,756","90.0%","20,000","93.9%"
"Vacant housing units","18,797","6.6%","956","10.7%","101","10.0%","299","6.9%","873","46.2%","523","39.0%","121","12.9%","150","14.8%","14","27.5%","128","9.9%","2,369","11.5%","82","14.6%","273","12.3%","63","35.4%","1,663","19.8%","167","11.0%","126","12.2%","3,029","66.3%","728","18.7%","227","22.0%","69","33.5%","2,362","11.6%","108","19.4%","241","26.0%","114","57.9%","759","7.9%","1,026","6.2%","298","11.0%","186","10.5%","4,333","8.9%","769","7.5%","67","18.9%","885","11.1%","2,516","14.5%","27","25.7%","98","11.4%","260","17.7%","141","16.6%","191","23.8%","230","25.6%","238","18.8%","1,047","12.9%","208","17.4%","108","35.0%","356","21.9%","64","25.7%","237","46.7%","32","34.4%","437","22.8%","39","14.2%","150","11.1%","1,876","9.8%","236","21.0%","532","9.3%","107","19.4%","462","24.9%","184","22.9%","91","36.0%","162","28.2%","7,577","53.6%","395","6.4%","92","3.8%","225","14.7%","1,461","14.6%","271","13.6%","825","9.1%","237","7.6%","954","10.8%","111","5.3%","748","32.8%","223","38.2%","2,423","12.2%","53","4.5%","3,319","39.9%","483","16.7%","55","30.7%","620","52.1%","66","26.1%","808","21.0%","211","13.4%","274","33.2%","147","19.2%","248","18.1%","147","5.7%","253","14.6%","255","7.1%","417","10.6%","1,225","47.4%","166","38.0%","80","58.4%","139","20.3%","108","21.3%","1,077","14.8%","466","23.5%","683","29.5%","2,373","4.6%","225","10.0%","1,081","11.1%","952","14.7%","2,080","9.6%","309","12.0%","163","22.6%","106","7.9%","517","10.0%","391","72.3%","1,782","18.6%","966","28.0%","45","34.4%","233","21.9%","5,399","11.4%","1,306","14.2%","2,152","10.7%","1,881","29.4%","434","26.1%","4","15.4%","229","16.9%","869","14.0%","971","30.9%","286","35.6%","163","18.8%","1,550","46.9%","1,675","16.1%","241","16.2%","271","31.4%","971","16.1%","245","21.3%","148","33.0%","377","23.2%","866","10.0%","1,307","6.1%"
"For rent","9,079","3.2%","80","0.9%","1","0.1%","41","1.0%","15","0.8%","14","1.0%","29","3.1%","29","2.9%","3","5.9%","6","0.5%","683","3.3%","14","2.5%","43","1.9%","0","0.0%","281","3.4%","0","0.0%","23","2.2%","94","2.1%","86","2.2%","14","1.4%","12","5.8%","1,067","5.2%","19","3.4%","25","2.7%","0","0.0%","148","1.5%","247","1.5%","26","1.0%","29","1.6%","1,912","3.9%","149","1.5%","56","15.8%","306","3.8%","926","5.3%","10","9.5%","17","2.0%","33","2.2%","4","0.5%","0","0.0%","12","1.3%","71","5.6%","258","3.2%","18","1.5%","12","3.9%","63","3.9%","0","0.0%","12","2.4%","1","1.1%","114","6.0%","2","0.7%","59","4.3%","996","5.2%","46","4.1%","174","3.0%","13","2.4%","28","1.5%","13","1.6%","7","2.8%","11","1.9%","694","4.9%","96","1.5%","14","0.6%","49","3.2%","312","3.1%","40","2.0%","309","3.4%","23","0.7%","59","0.7%","30","1.4%","16","0.7%","2","0.3%","692","3.5%","6","0.5%","147","1.8%","88","3.0%","0","0.0%","11","0.9%","2","0.8%","163","4.2%","6","0.4%","11","1.3%","5","0.7%","75","5.5%","33","1.3%","34","2.0%","31","0.9%","41","1.0%","28","1.1%","1","0.2%","16","11.7%","25","3.6%","15","3.0%","489","6.7%","15","0.8%","26","1.1%","628","1.2%","18","0.8%","268","2.8%","224","3.5%","810","3.7%","36","1.4%","2","0.3%","16","1.2%","59","1.1%","0","0.0%","341","3.6%","40","1.2%","0","0.0%","3","0.3%","1,264","2.7%","196","2.1%","224","1.1%","289","4.5%","24","1.4%","0","0.0%","20","1.5%","230","3.7%","86","2.7%","6","0.7%","7","0.8%","70","2.1%","228","2.2%","33","2.2%","22","2.5%","88","1.5%","13","1.1%","5","1.1%","56","3.4%","210","2.4%","246","1.2%"
"Rented, not occupied","738","0.3%","9","0.1%","0","0.0%","5","0.1%","2","0.1%","0","0.0%","0","0.0%","6","0.6%","1","2.0%","4","0.3%","144","0.7%","0","0.0%","17","0.8%","2","1.1%","19","0.2%","0","0.0%","3","0.3%","20","0.4%","31","0.8%","1","0.1%","0","0.0%","44","0.2%","4","0.7%","7","0.8%","0","0.0%","25","0.3%","57","0.3%","11","0.4%","13","0.7%","139","0.3%","39","0.4%","5","1.4%","60","0.8%","116","0.7%","0","0.0%","6","0.7%","0","0.0%","5","0.6%","5","0.6%","1","0.1%","0","0.0%","27","0.3%","5","0.4%","3","1.0%","32","2.0%","1","0.4%","0","0.0%","0","0.0%","10","0.5%","0","0.0%","1","0.1%","46","0.2%","4","0.4%","30","0.5%","2","0.4%","9","0.5%","0","0.0%","0","0.0%","0","0.0%","40","0.3%","42","0.7%","4","0.2%","3","0.2%","48","0.5%","6","0.3%","39","0.4%","8","0.3%","17","0.2%","8","0.4%","1","0.0%","4","0.7%","92","0.5%","0","0.0%","33","0.4%","3","0.1%","0","0.0%","0","0.0%","0","0.0%","8","0.2%","3","0.2%","0","0.0%","5","0.7%","6","0.4%","6","0.2%","4","0.2%","5","0.1%","4","0.1%","3","0.1%","0","0.0%","3","2.2%","10","1.5%","2","0.4%","26","0.4%","1","0.1%","10","0.4%","60","0.1%","0","0.0%","12","0.1%","21","0.3%","98","0.5%","2","0.1%","3","0.4%","0","0.0%","10","0.2%","0","0.0%","60","0.6%","12","0.3%","0","0.0%","6","0.6%","154","0.3%","41","0.4%","38","0.2%","26","0.4%","1","0.1%","0","0.0%","10","0.7%","22","0.4%","7","0.2%","2","0.2%","1","0.1%","4","0.1%","33","0.3%","0","0.0%","5","0.6%","19","0.3%","7","0.6%","3","0.7%","3","0.2%","15","0.2%","28","0.1%"
"For sale only","2,447","0.9%","148","1.7%","1","0.1%","136","3.2%","62","3.3%","16","1.2%","1","0.1%","18","1.8%","0","0.0%","4","0.3%","298","1.4%","0","0.0%","35","1.6%","5","2.8%","79","0.9%","0","0.0%","12","1.2%","97","2.1%","75","1.9%","10","1.0%","0","0.0%","281","1.4%","10","1.8%","23","2.5%","3","1.5%","40","0.4%","198","1.2%","60","2.2%","12","0.7%","498","1.0%","87","0.9%","0","0.0%","72","0.9%","247","1.4%","2","1.9%","3","0.3%","17","1.2%","9","1.1%","15","1.9%","26","2.9%","15","1.2%","119","1.5%","32","2.7%","4","1.3%","13","0.8%","1","0.4%","2","0.4%","0","0.0%","24","1.3%","0","0.0%","9","0.7%","119","0.6%","9","0.8%","44","0.8%","9","1.6%","31","1.7%","16","2.0%","3","1.2%","7","1.2%","224","1.6%","42","0.7%","15","0.6%","23","1.5%","179","1.8%","1","0.1%","69","0.8%","0","0.0%","40","0.5%","0","0.0%","24","1.1%","13","2.2%","367","1.9%","2","0.2%","101","1.2%","69","2.4%","0","0.0%","17","1.4%","2","0.8%","43","1.1%","9","0.6%","6","0.7%","18","2.4%","10","0.7%","4","0.2%","26","1.5%","13","0.4%","35","0.9%","39","1.5%","2","0.5%","2","1.5%","12","1.8%","4","0.8%","116","1.6%","23","1.2%","34","1.5%","501","1.0%","7","0.3%","151","1.5%","85","1.3%","289","1.3%","9","0.3%","2","0.3%","0","0.0%","1","0.0%","3","0.6%","144","1.5%","32","0.9%","5","3.8%","10","0.9%","363","0.8%","67","0.7%","291","1.4%","82","1.3%","43","2.6%","0","0.0%","8","0.6%","72","1.2%","31","1.0%","3","0.4%","9","1.0%","35","1.1%","102","1.0%","12","0.8%","11","1.3%","108","1.8%","23","2.0%","2","0.4%","28","1.7%","111","1.3%","204","1.0%"
"Sold, not occupied","743","0.3%","67","0.8%","1","0.1%","48","1.1%","19","1.0%","18","1.3%","3","0.3%","11","1.1%","2","3.9%","14","1.1%","91","0.4%","5","0.9%","10","0.5%","0","0.0%","49","0.6%","6","0.4%","2","0.2%","29","0.6%","99","2.5%","7","0.7%","3","1.5%","64","0.3%","1","0.2%","69","7.4%","26","13.2%","49","0.5%","64","0.4%","21","0.8%","17","1.0%","166","0.3%","26","0.3%","1","0.3%","31","0.4%","45","0.3%","0","0.0%","9","1.0%","9","0.6%","8","0.9%","23","2.9%","8","0.9%","41","3.2%","59","0.7%","12","1.0%","1","0.3%","2","0.1%","2","0.8%","9","1.8%","0","0.0%","21","1.1%","0","0.0%","15","1.1%","59","0.3%","4","0.4%","40","0.7%","4","0.7%","7","0.4%","9","1.1%","3","1.2%","0","0.0%","103","0.7%","18","0.3%","16","0.7%","11","0.7%","80","0.8%","15","0.8%","20","0.2%","25","0.8%","27","0.3%","4","0.2%","17","0.7%","12","2.1%","195","1.0%","5","0.4%","99","1.2%","3","0.1%","2","1.1%","12","1.0%","6","2.4%","178","4.6%","4","0.3%","4","0.5%","6","0.8%","8","0.6%","4","0.2%","7","0.4%","24","0.7%","25","0.6%","12","0.5%","2","0.5%","1","0.7%","9","1.3%","19","3.7%","41","0.6%","15","0.8%","1","0.0%","167","0.3%","11","0.5%","63","0.6%","52","0.8%","72","0.3%","7","0.3%","1","0.1%","10","0.7%","9","0.2%","4","0.7%","98","1.0%","14","0.4%","1","0.8%","14","1.3%","122","0.3%","30","0.3%","86","0.4%","53","0.8%","36","2.2%","0","0.0%","6","0.4%","36","0.6%","13","0.4%","6","0.7%","7","0.8%","8","0.2%","52","0.5%","0","0.0%","4","0.5%","75","1.2%","24","2.1%","10","2.2%","24","1.5%","56","0.6%","91","0.4%"
"For seasonal, recreational, or occasional use","1,461","0.5%","275","3.1%","12","1.2%","16","0.4%","608","32.2%","293","21.8%","20","2.1%","16","1.6%","1","2.0%","11","0.8%","169","0.8%","16","2.8%","24","1.1%","42","23.6%","749","8.9%","52","3.4%","40","3.9%","2,660","58.2%","179","4.6%","71","6.9%","6","2.9%","67","0.3%","8","1.4%","24","2.6%","60","30.5%","93","1.0%","108","0.7%","72","2.7%","13","0.7%","380","0.8%","120","1.2%","4","1.1%","73","0.9%","258","1.5%","1","1.0%","2","0.2%","46","3.1%","13","1.5%","81","10.1%","124","13.8%","11","0.9%","189","2.3%","58","4.9%","24","7.8%","56","3.4%","17","6.8%","60","11.8%","15","16.1%","44","2.3%","20","7.3%","10","0.7%","69","0.4%","40","3.6%","21","0.4%","11","2.0%","301","16.2%","37","4.6%","49","19.4%","89","15.5%","6,143","43.4%","61","1.0%","30","1.2%","53","3.5%","221","2.2%","67","3.4%","74","0.8%","48","1.5%","240","2.7%","10","0.5%","452","19.8%","87","14.9%","217","1.1%","11","0.9%","2,513","30.2%","67","2.3%","12","6.7%","509","42.7%","9","3.6%","51","1.3%","38","2.4%","193","23.4%","34","4.5%","46","3.4%","13","0.5%","87","5.0%","43","1.2%","82","2.1%","970","37.5%","99","22.7%","33","24.1%","3","0.4%","10","2.0%","23","0.3%","264","13.3%","532","23.0%","393","0.8%","118","5.2%","143","1.5%","189","2.9%","166","0.8%","45","1.7%","63","8.7%","16","1.2%","110","2.1%","352","65.1%","530","5.5%","676","19.6%","16","12.2%","77","7.3%","2,626","5.5%","491","5.3%","1,010","5.0%","994","15.5%","223","13.4%","4","15.4%","81","6.0%","80","1.3%","738","23.5%","208","25.9%","49","5.7%","1,194","36.2%","852","8.2%","116","7.8%","101","11.7%","122","2.0%","70","6.1%","85","18.9%","92","5.7%","99","1.1%","113","0.5%"
"All other vacants","4,329","1.5%","377","4.2%","86","8.5%","53","1.2%","167","8.8%","182","13.6%","68","7.2%","70","6.9%","7","13.7%","89","6.9%","984","4.8%","47","8.4%","144","6.5%","14","7.9%","486","5.8%","109","7.2%","46","4.5%","129","2.8%","258","6.6%","124","12.0%","48","23.3%","839","4.1%","66","11.8%","93","10.0%","25","12.7%","404","4.2%","352","2.1%","108","4.0%","102","5.8%","1,238","2.5%","348","3.4%","1","0.3%","343","4.3%","924","5.3%","14","13.3%","61","7.1%","155","10.5%","102","12.0%","67","8.3%","59","6.6%","100","7.9%","395","4.9%","83","6.9%","64","20.7%","190","11.7%","43","17.3%","154","30.4%","16","17.2%","224","11.7%","17","6.2%","56","4.1%","587","3.1%","133","11.8%","223","3.9%","68","12.3%","86","4.6%","109","13.6%","29","11.5%","55","9.6%","373","2.6%","136","2.2%","13","0.5%","86","5.6%","621","6.2%","142","7.1%","314","3.5%","133","4.3%","571","6.5%","59","2.8%","238","10.4%","105","18.0%","860","4.3%","29","2.4%","426","5.1%","253","8.8%","41","22.9%","71","6.0%","47","18.6%","365","9.5%","151","9.6%","60","7.3%","79","10.3%","103","7.5%","87","3.4%","95","5.5%","139","3.9%","230","5.8%","173","6.7%","62","14.2%","25","18.2%","80","11.7%","58","11.4%","382","5.2%","148","7.5%","80","3.5%","624","1.2%","71","3.2%","444","4.6%","381","5.9%","645","3.0%","210","8.2%","92","12.7%","64","4.8%","328","6.4%","32","5.9%","609","6.4%","192","5.6%","23","17.6%","123","11.6%","870","1.8%","481","5.2%","503","2.5%","437","6.8%","107","6.4%","0","0.0%","104","7.7%","429","6.9%","96","3.1%","61","7.6%","90","10.4%","239","7.2%","408","3.9%","80","5.4%","128","14.8%","559","9.3%","108","9.4%","43","9.6%","174","10.7%","375","4.3%","625","2.9%"
"VACANCY RATES","","","","","","","","","","","","","","","","","","","","","","","","","","","","","","","","","","","","","","","","","","","","","","","","","","","","","","","","","","","","","","","","","","","","","","","","","","","","","","","","","","","","","","","","","","","","","","","","","","","","","","","","","","","","","","","","","","","","","","","","","","","","","","","","","","","","","","","","","","","","","","","","","","","","","","","","","","","","","","","","","","","","","","","","","","","","","","","","","","","","","","","","","","","","","","","","","","","","","","","","","","","","","","","","","","","","","","","","","","","","","","","","","","","","","","","","","","","","","","","","","","","","","","","","","","","","","","","","","","","",""
"Homeowner vacancy rate (percent) [4]","1.5","(X)","2.0","(X)","0.1","(X)","3.8","(X)","6.3","(X)","2.3","(X)","0.2","(X)","2.7","(X)","0.0","(X)","0.4","(X)","2.4","(X)","0.0","(X)","2.5","(X)","4.8","(X)","1.6","(X)","0.0","(X)","1.9","(X)","7.5","(X)","3.2","(X)","1.8","(X)","0.0","(X)","2.6","(X)","2.7","(X)","3.8","(X)","3.1","(X)","0.6","(X)","1.6","(X)","2.8","(X)","1.0","(X)","2.0","(X)","1.2","(X)","0.0","(X)","1.5","(X)","2.3","(X)","2.9","(X)","0.5","(X)","1.9","(X)","1.5","(X)","2.6","(X)","4.5","(X)","1.8","(X)","2.4","(X)","3.9","(X)","2.2","(X)","1.6","(X)","0.7","(X)","0.9","(X)","0.0","(X)","2.2","(X)","0.0","(X)","1.0","(X)","1.1","(X)","1.3","(X)","1.1","(X)","2.4","(X)","2.6","(X)","3.1","(X)","2.4","(X)","2.0","(X)","4.3","(X)","1.1","(X)","0.7","(X)","2.7","(X)","3.0","(X)","0.1","(X)","1.5","(X)","0.0","(X)","0.6","(X)","0.0","(X)","1.8","(X)","4.3","(X)","3.2","(X)","0.3","(X)","2.4","(X)","3.5","(X)","0.0","(X)","3.6","(X)","1.3","(X)","1.9","(X)","0.8","(X)","1.2","(X)","3.4","(X)","1.3","(X)","0.2","(X)","1.9","(X)","0.5","(X)","1.3","(X)","3.4","(X)","0.9","(X)","3.4","(X)","2.8","(X)","1.2","(X)","3.1","(X)","1.8","(X)","2.3","(X)","1.2","(X)","0.4","(X)","2.2","(X)","2.0","(X)","2.2","(X)","0.5","(X)","0.4","(X)","0.0","(X)","0.0","(X)","2.3","(X)","2.7","(X)","1.5","(X)","7.2","(X)","1.3","(X)","1.4","(X)","1.1","(X)","1.8","(X)","2.6","(X)","3.8","(X)","0.0","(X)","0.8","(X)","2.0","(X)","1.8","(X)","0.6","(X)","1.6","(X)","2.6","(X)","1.7","(X)","1.5","(X)","2.1","(X)","2.5","(X)","2.9","(X)","0.8","(X)","3.3","(X)","1.8","(X)","1.2","(X)"
"Rental vacancy rate (percent) [5]","7.9","(X)","9.8","(X)","0.8","(X)","5.8","(X)","10.9","(X)","8.5","(X)","12.1","(X)","11.2","(X)","18.8","(X)","3.7","(X)","9.7","(X)","8.6","(X)","6.6","(X)","0.0","(X)","13.2","(X)","0.0","(X)","7.3","(X)","19.2","(X)","7.7","(X)","5.2","(X)","22.6","(X)","12.2","(X)","16.0","(X)","12.0","(X)","0.0","(X)","6.0","(X)","6.5","(X)","6.9","(X)","6.3","(X)","8.7","(X)","5.7","(X)","16.3","(X)","11.7","(X)","16.5","(X)","47.6","(X)","7.6","(X)","8.6","(X)","2.8","(X)","0.0","(X)","9.0","(X)","20.5","(X)","10.3","(X)","7.6","(X)","28.6","(X)","10.7","(X)","0.0","(X)","17.4","(X)","8.3","(X)","20.5","(X)","3.0","(X)","14.2","(X)","13.5","(X)","17.7","(X)","11.1","(X)","13.0","(X)","11.1","(X)","9.2","(X)","14.3","(X)","13.8","(X)","28.2","(X)","4.7","(X)","7.5","(X)","9.4","(X)","10.1","(X)","6.0","(X)","7.5","(X)","2.6","(X)","3.9","(X)","5.8","(X)","6.7","(X)","2.2","(X)","9.3","(X)","1.7","(X)","12.8","(X)","15.1","(X)","0.0","(X)","8.3","(X)","4.7","(X)","13.6","(X)","3.0","(X)","13.4","(X)","4.2","(X)","16.9","(X)","6.7","(X)","15.5","(X)","3.2","(X)","4.9","(X)","9.6","(X)","1.7","(X)","76.2","(X)","14.0","(X)","14.2","(X)","15.3","(X)","5.5","(X)","10.5","(X)","6.3","(X)","7.3","(X)","11.9","(X)","12.7","(X)","10.5","(X)","5.8","(X)","2.0","(X)","5.4","(X)","3.9","(X)","0.0","(X)","10.7","(X)","8.7","(X)","0.0","(X)","2.6","(X)","7.1","(X)","8.4","(X)","7.9","(X)","16.3","(X)","11.9","(X)","0.0","(X)","9.3","(X)","10.8","(X)","14.4","(X)","8.6","(X)","4.5","(X)","13.9","(X)","7.4","(X)","6.9","(X)","21.8","(X)","8.1","(X)","6.8","(X)","5.9","(X)","10.8","(X)","9.8","(X)","6.0","(X)"
"HOUSING TENURE","","","","","","","","","","","","","","","","","","","","","","","","","","","","","","","","","","","","","","","","","","","","","","","","","","","","","","","","","","","","","","","","","","","","","","","","","","","","","","","","","","","","","","","","","","","","","","","","","","","","","","","","","","","","","","","","","","","","","","","","","","","","","","","","","","","","","","","","","","","","","","","","","","","","","","","","","","","","","","","","","","","","","","","","","","","","","","","","","","","","","","","","","","","","","","","","","","","","","","","","","","","","","","","","","","","","","","","","","","","","","","","","","","","","","","","","","","","","","","","","","","","","","","","","","","","","","","","","","","","",""
"Occupied housing units","266,417","100.0%","7,960","100.0%","906","100.0%","4,015","100.0%","1,017","100.0%","818","100.0%","818","100.0%","866","100.0%","37","100.0%","1,170","100.0%","18,208","100.0%","480","100.0%","1,942","100.0%","115","100.0%","6,715","100.0%","1,345","100.0%","905","100.0%","1,540","100.0%","3,173","100.0%","806","100.0%","137","100.0%","17,977","100.0%","449","100.0%","687","100.0%","83","100.0%","8,889","100.0%","15,549","100.0%","2,401","100.0%","1,584","100.0%","44,228","100.0%","9,428","100.0%","287","100.0%","7,077","100.0%","14,833","100.0%","78","100.0%","763","100.0%","1,210","100.0%","708","100.0%","612","100.0%","668","100.0%","1,031","100.0%","7,053","100.0%","987","100.0%","201","100.0%","1,273","100.0%","185","100.0%","270","100.0%","61","100.0%","1,478","100.0%","236","100.0%","1,207","100.0%","17,294","100.0%","889","100.0%","5,215","100.0%","444","100.0%","1,391","100.0%","618","100.0%","162","100.0%","412","100.0%","6,565","100.0%","5,818","100.0%","2,329","100.0%","1,303","100.0%","8,519","100.0%","1,729","100.0%","8,222","100.0%","2,881","100.0%","7,841","100.0%","1,986","100.0%","1,534","100.0%","361","100.0%","17,398","100.0%","1,136","100.0%","4,992","100.0%","2,406","100.0%","124","100.0%","571","100.0%","187","100.0%","3,040","100.0%","1,368","100.0%","552","100.0%","617","100.0%","1,122","100.0%","2,447","100.0%","1,485","100.0%","3,316","100.0%","3,525","100.0%","1,362","100.0%","271","100.0%","57","100.0%","546","100.0%","399","100.0%","6,214","100.0%","1,515","100.0%","1,630","100.0%","49,688","100.0%","2,023","100.0%","8,661","100.0%","5,534","100.0%","19,640","100.0%","2,264","100.0%","559","100.0%","1,240","100.0%","4,638","100.0%","150","100.0%","7,808","100.0%","2,478","100.0%","86","100.0%","829","100.0%","42,168","100.0%","7,907","100.0%","17,945","100.0%","4,512","100.0%","1,229","100.0%","22","100.0%","1,125","100.0%","5,324","100.0%","2,171","100.0%","518","100.0%","703","100.0%","1,752","100.0%","8,761","100.0%","1,250","100.0%","592","100.0%","5,048","100.0%","905","100.0%","301","100.0%","1,251","100.0%","7,756","100.0%","20,000","100.0%"
"Owner-occupied housing units","160,921","60.4%","7,230","90.8%","777","85.8%","3,353","83.5%","896","88.1%","667","81.5%","608","74.3%","641","74.0%","25","67.6%","1,019","87.1%","11,977","65.8%","332","69.2%","1,355","69.8%","100","87.0%","4,882","72.7%","1,157","86.0%","615","68.0%","1,164","75.6%","2,168","68.3%","554","68.7%","96","70.1%","10,312","57.4%","353","78.6%","510","74.2%","67","80.7%","6,576","74.0%","12,062","77.6%","2,061","85.8%","1,166","73.6%","24,386","55.1%","7,015","74.4%","5","1.7%","4,820","68.1%","10,261","69.2%","67","85.9%","562","73.7%","858","70.9%","575","81.2%","535","87.4%","547","81.9%","755","73.2%","4,823","68.4%","774","78.4%","174","86.6%","781","61.4%","136","73.5%","213","78.9%","50","82.0%","1,047","70.8%","172","72.9%","851","70.5%","10,943","63.3%","679","76.4%","3,851","73.8%","359","80.9%","1,175","84.5%","489","79.1%","120","74.1%","343","83.3%","4,834","73.6%","3,923","67.4%","2,160","92.7%","832","63.9%","5,795","68.0%","1,106","64.0%","4,424","53.8%","2,018","70.0%","6,417","81.8%","1,503","75.7%","1,311","85.5%","276","76.5%","10,769","61.9%","779","68.6%","4,024","80.6%","1,914","79.6%","106","85.5%","449","78.6%","146","78.1%","2,016","66.3%","1,175","85.9%","481","87.1%","509","82.5%","759","67.6%","1,990","81.3%","1,304","87.8%","2,390","72.1%","2,738","77.7%","1,101","80.8%","213","78.6%","55","96.5%","403","73.8%","310","77.7%","3,534","56.9%","1,260","83.2%","1,419","87.1%","40,473","81.5%","1,794","88.7%","6,690","77.2%","4,020","72.6%","12,849","65.4%","1,679","74.2%","464","83.0%","961","77.5%","3,203","69.1%","122","81.3%","5,016","64.2%","2,071","83.6%","63","73.3%","723","87.2%","25,697","60.9%","5,803","73.4%","15,371","85.7%","3,059","67.8%","1,053","85.7%","15","68.2%","939","83.5%","3,455","64.9%","1,668","76.8%","456","88.0%","557","79.2%","1,323","75.5%","5,931","67.7%","802","64.2%","518","87.5%","4,071","80.6%","733","81.0%","224","74.4%","792","63.3%","5,845","75.4%","16,146","80.7%"
"Renter-occupied housing units","105,496","39.6%","730","9.2%","129","14.2%","662","16.5%","121","11.9%","151","18.5%","210","25.7%","225","26.0%","12","32.4%","151","12.9%","6,231","34.2%","148","30.8%","587","30.2%","15","13.0%","1,833","27.3%","188","14.0%","290","32.0%","376","24.4%","1,005","31.7%","252","31.3%","41","29.9%","7,665","42.6%","96","21.4%","177","25.8%","16","19.3%","2,313","26.0%","3,487","22.4%","340","14.2%","418","26.4%","19,842","44.9%","2,413","25.6%","282","98.3%","2,257","31.9%","4,572","30.8%","11","14.1%","201","26.3%","352","29.1%","133","18.8%","77","12.6%","121","18.1%","276","26.8%","2,230","31.6%","213","21.6%","27","13.4%","492","38.6%","49","26.5%","57","21.1%","11","18.0%","431","29.2%","64","27.1%","356","29.5%","6,351","36.7%","210","23.6%","1,364","26.2%","85","19.1%","216","15.5%","129","20.9%","42","25.9%","69","16.7%","1,731","26.4%","1,895","32.6%","169","7.3%","471","36.1%","2,724","32.0%","623","36.0%","3,798","46.2%","863","30.0%","1,424","18.2%","483","24.3%","223","14.5%","85","23.5%","6,629","38.1%","357","31.4%","968","19.4%","492","20.4%","18","14.5%","122","21.4%","41","21.9%","1,024","33.7%","193","14.1%","71","12.9%","108","17.5%","363","32.4%","457","18.7%","181","12.2%","926","27.9%","787","22.3%","261","19.2%","58","21.4%","2","3.5%","143","26.2%","89","22.3%","2,680","43.1%","255","16.8%","211","12.9%","9,215","18.5%","229","11.3%","1,971","22.8%","1,514","27.4%","6,791","34.6%","585","25.8%","95","17.0%","279","22.5%","1,435","30.9%","28","18.7%","2,792","35.8%","407","16.4%","23","26.7%","106","12.8%","16,471","39.1%","2,104","26.6%","2,574","14.3%","1,453","32.2%","176","14.3%","7","31.8%","186","16.5%","1,869","35.1%","503","23.2%","62","12.0%","146","20.8%","429","24.5%","2,830","32.3%","448","35.8%","74","12.5%","977","19.4%","172","19.0%","77","25.6%","459","36.7%","1,911","24.6%","3,854","19.3%"
