"Label (Grouping)","East Albany CCD, Albany County, Wyoming!!Count","East Albany CCD, Albany County, Wyoming!!Percent","Laramie CCD, Albany County, Wyoming!!Count","Laramie CCD, Albany County, Wyoming!!Percent","Rock River CCD, Albany County, Wyoming!!Count","Rock River CCD, Albany County, Wyoming!!Percent","South Albany CCD, Albany County, Wyoming!!Count","South Albany CCD, Albany County, Wyoming!!Percent","Central Big Horn CCD, Big Horn County, Wyoming!!Count","Central Big Horn CCD, Big Horn County, Wyoming!!Percent","North Big Horn CCD, Big Horn County, Wyoming!!Count","North Big Horn CCD, Big Horn County, Wyoming!!Percent","South Big Horn CCD, Big Horn County, Wyoming!!Count","South Big Horn CCD, Big Horn County, Wyoming!!Percent","Gillette North CCD, Campbell County, Wyoming!!Count","Gillette North CCD, Campbell County, Wyoming!!Percent","Gillette South CCD, Campbell County, Wyoming!!Count","Gillette South CCD, Campbell County, Wyoming!!Percent","Hanna CCD, Carbon County, Wyoming!!Count","Hanna CCD, Carbon County, Wyoming!!Percent","Rawlins CCD, Carbon County, Wyoming!!Count","Rawlins CCD, Carbon County, Wyoming!!Percent","Saratoga CCD, Carbon County, Wyoming!!Count","Saratoga CCD, Carbon County, Wyoming!!Percent","Douglas CCD, Converse County, Wyoming!!Count","Douglas CCD, Converse County, Wyoming!!Percent","Glenrock CCD, Converse County, Wyoming!!Count","Glenrock CCD, Converse County, Wyoming!!Percent","Hulett CCD, Crook County, Wyoming!!Count","Hulett CCD, Crook County, Wyoming!!Percent","Moorcroft CCD, Crook County, Wyoming!!Count","Moorcroft CCD, Crook County, Wyoming!!Percent","Sundance CCD, Crook County, Wyoming!!Count","Sundance CCD, Crook County, Wyoming!!Percent","Dubois CCD, Fremont County, Wyoming!!Count","Dubois CCD, Fremont County, Wyoming!!Percent","Jeffrey City CCD, Fremont County, Wyoming!!Count","Jeffrey City CCD, Fremont County, Wyoming!!Percent","Lander CCD, Fremont County, Wyoming!!Count","Lander CCD, Fremont County, Wyoming!!Percent","Shoshoni CCD, Fremont County, Wyoming!!Count","Shoshoni CCD, Fremont County, Wyoming!!Percent","Wind River Reservation CCD, Fremont County, Wyoming!!Count","Wind River Reservation CCD, Fremont County, Wyoming!!Percent","Goshen Hole CCD, Goshen County, Wyoming!!Count","Goshen Hole CCD, Goshen County, Wyoming!!Percent","Rawhide Creek CCD, Goshen County, Wyoming!!Count","Rawhide Creek CCD, Goshen County, Wyoming!!Percent","Torrington CCD, Goshen County, Wyoming!!Count","Torrington CCD, Goshen County, Wyoming!!Percent","Thermopolis East CCD, Hot Springs County, Wyoming!!Count","Thermopolis East CCD, Hot Springs County, Wyoming!!Percent","Thermopolis West CCD, Hot Springs County, Wyoming!!Count","Thermopolis West CCD, Hot Springs County, Wyoming!!Percent","Wind River Reservation CCD, Hot Springs County, Wyoming!!Count","Wind River Reservation CCD, Hot Springs County, Wyoming!!Percent","Buffalo CCD, Johnson County, Wyoming!!Count","Buffalo CCD, Johnson County, Wyoming!!Percent","Kaycee CCD, Johnson County, Wyoming!!Count","Kaycee CCD, Johnson County, Wyoming!!Percent","Cheyenne CCD, Laramie County, Wyoming!!Count","Cheyenne CCD, Laramie County, Wyoming!!Percent","Cheyenne East CCD, Laramie County, Wyoming!!Count","Cheyenne East CCD, Laramie County, Wyoming!!Percent","Cheyenne West CCD, Laramie County, Wyoming!!Count","Cheyenne West CCD, Laramie County, Wyoming!!Percent","Pine Bluffs CCD, Laramie County, Wyoming!!Count","Pine Bluffs CCD, Laramie County, Wyoming!!Percent","Afton CCD, Lincoln County, Wyoming!!Count","Afton CCD, Lincoln County, Wyoming!!Percent","Kemmerer East CCD, Lincoln County, Wyoming!!Count","Kemmerer East CCD, Lincoln County, Wyoming!!Percent","Kemmerer West CCD, Lincoln County, Wyoming!!Count","Kemmerer West CCD, Lincoln County, Wyoming!!Percent","Casper CCD, Natrona County, Wyoming!!Count","Casper CCD, Natrona County, Wyoming!!Percent","Casper North CCD, Natrona County, Wyoming!!Count","Casper North CCD, Natrona County, Wyoming!!Percent","Casper South CCD, Natrona County, Wyoming!!Count","Casper South CCD, Natrona County, Wyoming!!Percent","Hells Half Acre CCD, Natrona County, Wyoming!!Count","Hells Half Acre CCD, Natrona County, Wyoming!!Percent","East Niobrara CCD, Niobrara County, Wyoming!!Count","East Niobrara CCD, Niobrara County, Wyoming!!Percent","West Niobrara CCD, Niobrara County, Wyoming!!Count","West Niobrara CCD, Niobrara County, Wyoming!!Percent","Cody CCD, Park County, Wyoming!!Count","Cody CCD, Park County, Wyoming!!Percent","Meeteetse CCD, Park County, Wyoming!!Count","Meeteetse CCD, Park County, Wyoming!!Percent","Powell CCD, Park County, Wyoming!!Count","Powell CCD, Park County, Wyoming!!Percent","Yellowstone National Park CCD, Park County, Wyoming!!Count","Yellowstone National Park CCD, Park County, Wyoming!!Percent","Chugwater CCD, Platte County, Wyoming!!Count","Chugwater CCD, Platte County, Wyoming!!Percent","Glendo CCD, Platte County, Wyoming!!Count","Glendo CCD, Platte County, Wyoming!!Percent","Guernsey CCD, Platte County, Wyoming!!Count","Guernsey CCD, Platte County, Wyoming!!Percent","Wheatland CCD, Platte County, Wyoming!!Count","Wheatland CCD, Platte County, Wyoming!!Percent","Sheridan CCD, Sheridan County, Wyoming!!Count","Sheridan CCD, Sheridan County, Wyoming!!Percent","Sheridan South CCD, Sheridan County, Wyoming!!Count","Sheridan South CCD, Sheridan County, Wyoming!!Percent","Sheridan West CCD, Sheridan County, Wyoming!!Count","Sheridan West CCD, Sheridan County, Wyoming!!Percent","Big Piney CCD, Sublette County, Wyoming!!Count","Big Piney CCD, Sublette County, Wyoming!!Percent","Boulder CCD, Sublette County, Wyoming!!Count","Boulder CCD, Sublette County, Wyoming!!Percent","Pinedale CCD, Sublette County, Wyoming!!Count","Pinedale CCD, Sublette County, Wyoming!!Percent","Green River North CCD, Sweetwater County, Wyoming!!Count","Green River North CCD, Sweetwater County, Wyoming!!Percent","Green River South CCD, Sweetwater County, Wyoming!!Count","Green River South CCD, Sweetwater County, Wyoming!!Percent","Rock Springs North CCD, Sweetwater County, Wyoming!!Count","Rock Springs North CCD, Sweetwater County, Wyoming!!Percent","Rock Springs South CCD, Sweetwater County, Wyoming!!Count","Rock Springs South CCD, Sweetwater County, Wyoming!!Percent","Wamsutter CCD, Sweetwater County, Wyoming!!Count","Wamsutter CCD, Sweetwater County, Wyoming!!Percent","Alta CCD, Teton County, Wyoming!!Count","Alta CCD, Teton County, Wyoming!!Percent","Jackson Hole CCD, Teton County, Wyoming!!Count","Jackson Hole CCD, Teton County, Wyoming!!Percent","Yellowstone National Park CCD, Teton County, Wyoming!!Count","Yellowstone National Park CCD, Teton County, Wyoming!!Percent","Bridger Valley CCD, Uinta County, Wyoming!!Count","Bridger Valley CCD, Uinta County, Wyoming!!Percent","Evanston CCD, Uinta County, Wyoming!!Count","Evanston CCD, Uinta County, Wyoming!!Percent","Ten Sleep CCD, Washakie County, Wyoming!!Count","Ten Sleep CCD, Washakie County, Wyoming!!Percent","Worland CCD, Washakie County, Wyoming!!Count","Worland CCD, Washakie County, Wyoming!!Percent","Newcastle CCD, Weston County, Wyoming!!Count","Newcastle CCD, Weston County, Wyoming!!Percent","Upton CCD, Weston County, Wyoming!!Count","Upton CCD, Weston County, Wyoming!!Percent"
"SEX AND AGE","","","","","","","","","","","","","","","","","","","","","","","","","","","","","","","","","","","","","","","","","","","","","","","","","","","","","","","","","","","","","","","","","","","","","","","","","","","","","","","","","","","","","","","","","","","","","","","","","","","","","","","","","","","","","","","","","","","","","","","","","","","","","","","","","","","","","","","","","","","","","",""
"Total population","214","100.0%","34,909","100.0%","358","100.0%","1,585","100.0%","3,372","100.0%","5,662","100.0%","2,487","100.0%","29,506","100.0%","17,520","100.0%","1,405","100.0%","9,903","100.0%","3,229","100.0%","9,699","100.0%","4,052","100.0%","1,213","100.0%","3,415","100.0%","2,553","100.0%","1,783","100.0%","146","100.0%","11,100","100.0%","624","100.0%","25,581","100.0%","1,310","100.0%","487","100.0%","10,701","100.0%","487","100.0%","3,958","100.0%","176","100.0%","7,589","100.0%","858","100.0%","76,510","100.0%","12,714","100.0%","7,725","100.0%","3,563","100.0%","14,817","100.0%","3,790","100.0%","974","100.0%","52,542","100.0%","6,195","100.0%","13,786","100.0%","7,432","100.0%","1,056","100.0%","1,411","100.0%","16,643","100.0%","968","100.0%","11,700","100.0%","313","100.0%","494","100.0%","616","100.0%","1,560","100.0%","5,935","100.0%","22,274","100.0%","5,669","100.0%","2,978","100.0%","2,010","100.0%","441","100.0%","6,277","100.0%","9,652","100.0%","3,816","100.0%","28,344","100.0%","127","100.0%","333","100.0%","557","100.0%","22,695","100.0%","79","100.0%","6,520","100.0%","13,930","100.0%","742","100.0%","6,943","100.0%","5,492","100.0%","1,346","100.0%"
"Under 5 years","8","3.7%","1,706","4.9%","22","6.1%","47","3.0%","187","5.5%","380","6.7%","95","3.8%","2,053","7.0%","1,273","7.3%","84","6.0%","644","6.5%","137","4.2%","642","6.6%","247","6.1%","72","5.9%","261","7.6%","147","5.8%","77","4.3%","8","5.5%","614","5.5%","30","4.8%","1,718","6.7%","59","4.5%","26","5.3%","505","4.7%","21","4.3%","204","5.2%","8","4.5%","381","5.0%","45","5.2%","4,444","5.8%","782","6.2%","648","8.4%","211","5.9%","931","6.3%","216","5.7%","73","7.5%","3,232","6.2%","418","6.7%","835","6.1%","441","5.9%","53","5.0%","60","4.3%","801","4.8%","29","3.0%","643","5.5%","19","6.1%","20","4.0%","25","4.1%","76","4.9%","312","5.3%","1,149","5.2%","220","3.9%","169","5.7%","102","5.1%","22","5.0%","346","5.5%","588","6.1%","248","6.5%","1,829","6.5%","2","1.6%","15","4.5%","10","1.8%","1,126","5.0%","3","3.8%","472","7.2%","928","6.7%","33","4.4%","384","5.5%","268","4.9%","71","5.3%"
"5 to 9 years","11","5.1%","1,688","4.8%","13","3.6%","59","3.7%","218","6.5%","444","7.8%","146","5.9%","2,266","7.7%","1,413","8.1%","71","5.1%","679","6.9%","166","5.1%","709","7.3%","279","6.9%","73","6.0%","293","8.6%","139","5.4%","71","4.0%","10","6.8%","672","6.1%","22","3.5%","1,883","7.4%","66","5.0%","20","4.1%","583","5.4%","15","3.1%","254","6.4%","12","6.8%","436","5.7%","57","6.6%","4,836","6.3%","914","7.2%","575","7.4%","238","6.7%","1,057","7.1%","286","7.5%","80","8.2%","3,470","6.6%","527","8.5%","1,034","7.5%","542","7.3%","75","7.1%","60","4.3%","954","5.7%","46","4.8%","708","6.1%","18","5.8%","27","5.5%","18","2.9%","88","5.6%","338","5.7%","1,310","5.9%","311","5.5%","206","6.9%","155","7.7%","19","4.3%","399","6.4%","723","7.5%","308","8.1%","2,115","7.5%","4","3.1%","16","4.8%","24","4.3%","1,239","5.5%","8","10.1%","568","8.7%","1,078","7.7%","39","5.3%","439","6.3%","307","5.6%","89","6.6%"
"10 to 14 years","12","5.6%","1,608","4.6%","19","5.3%","69","4.4%","275","8.2%","450","7.9%","139","5.6%","2,481","8.4%","1,557","8.9%","82","5.8%","706","7.1%","177","5.5%","703","7.2%","299","7.4%","59","4.9%","314","9.2%","128","5.0%","59","3.3%","8","5.5%","781","7.0%","42","6.7%","2,015","7.9%","85","6.5%","33","6.8%","676","6.3%","29","6.0%","250","6.3%","10","5.7%","533","7.0%","47","5.5%","5,164","6.7%","993","7.8%","499","6.5%","256","7.2%","1,145","7.7%","294","7.8%","112","11.5%","3,580","6.8%","545","8.8%","1,107","8.0%","542","7.3%","65","6.2%","33","2.3%","955","5.7%","61","6.3%","780","6.7%","9","2.9%","27","5.5%","40","6.5%","104","6.7%","355","6.0%","1,495","6.7%","373","6.6%","235","7.9%","157","7.8%","35","7.9%","491","7.8%","830","8.6%","342","9.0%","2,283","8.1%","11","8.7%","14","4.2%","51","9.2%","1,336","5.9%","4","5.1%","609","9.3%","1,124","8.1%","42","5.7%","479","6.9%","323","5.9%","100","7.4%"
"15 to 19 years","3","1.4%","3,570","10.2%","11","3.1%","61","3.8%","235","7.0%","433","7.6%","143","5.7%","2,070","7.0%","1,263","7.2%","103","7.3%","612","6.2%","164","5.1%","605","6.2%","232","5.7%","74","6.1%","179","5.2%","131","5.1%","52","2.9%","9","6.2%","749","6.7%","46","7.4%","1,956","7.6%","107","8.2%","18","3.7%","655","6.1%","26","5.3%","217","5.5%","9","5.1%","360","4.7%","50","5.8%","4,441","5.8%","839","6.6%","545","7.1%","271","7.6%","1,015","6.9%","222","5.9%","99","10.2%","3,465","6.6%","447","7.2%","932","6.8%","468","6.3%","52","4.9%","68","4.8%","810","4.9%","54","5.6%","899","7.7%","10","3.2%","25","5.1%","34","5.5%","77","4.9%","305","5.1%","1,466","6.6%","278","4.9%","199","6.7%","144","7.2%","31","7.0%","386","6.1%","682","7.1%","285","7.5%","2,051","7.2%","5","3.9%","15","4.5%","22","3.9%","1,130","5.0%","8","10.1%","526","8.1%","1,004","7.2%","33","4.4%","537","7.7%","317","5.8%","75","5.6%"
"20 to 24 years","7","3.3%","6,695","19.2%","17","4.7%","60","3.8%","176","5.2%","250","4.4%","90","3.6%","1,668","5.7%","952","5.4%","56","4.0%","517","5.2%","105","3.3%","457","4.7%","172","4.2%","31","2.6%","158","4.6%","72","2.8%","58","3.3%","13","8.9%","423","3.8%","24","3.8%","1,517","5.9%","121","9.2%","22","4.5%","580","5.4%","15","3.1%","140","3.5%","7","4.0%","255","3.4%","37","4.3%","4,694","6.1%","519","4.1%","874","11.3%","169","4.7%","642","4.3%","124","3.3%","28","2.9%","3,346","6.4%","217","3.5%","679","4.9%","353","4.7%","50","4.7%","86","6.1%","664","4.0%","40","4.1%","718","6.1%","9","2.9%","16","3.2%","13","2.1%","48","3.1%","247","4.2%","1,271","5.7%","200","3.5%","101","3.4%","85","4.2%","30","6.8%","188","3.0%","482","5.0%","161","4.2%","1,823","6.4%","7","5.5%","22","6.6%","18","3.2%","1,102","4.9%","1","1.3%","258","4.0%","733","5.3%","22","3.0%","259","3.7%","220","4.0%","44","3.3%"
"25 to 29 years","16","7.5%","3,355","9.6%","13","3.6%","51","3.2%","140","4.2%","268","4.7%","88","3.5%","1,963","6.7%","1,187","6.8%","52","3.7%","726","7.3%","147","4.6%","510","5.3%","217","5.4%","38","3.1%","159","4.7%","94","3.7%","70","3.9%","3","2.1%","545","4.9%","31","5.0%","1,362","5.3%","79","6.0%","16","3.3%","540","5.0%","18","3.7%","180","4.5%","4","2.3%","334","4.4%","35","4.1%","5,531","7.2%","504","4.0%","527","6.8%","167","4.7%","680","4.6%","181","4.8%","45","4.6%","3,597","6.8%","330","5.3%","734","5.3%","410","5.5%","41","3.9%","77","5.5%","727","4.4%","36","3.7%","613","5.2%","20","6.4%","20","4.0%","23","3.7%","65","4.2%","303","5.1%","1,292","5.8%","173","3.1%","98","3.3%","88","4.4%","35","7.9%","301","4.8%","562","5.8%","156","4.1%","1,787","6.3%","8","6.3%","21","6.3%","16","2.9%","1,819","8.0%","8","10.1%","292","4.5%","767","5.5%","22","3.0%","323","4.7%","260","4.7%","60","4.5%"
"30 to 34 years","9","4.2%","2,439","7.0%","24","6.7%","52","3.3%","165","4.9%","328","5.8%","133","5.3%","2,167","7.3%","1,362","7.8%","63","4.5%","794","8.0%","175","5.4%","637","6.6%","216","5.3%","69","5.7%","187","5.5%","132","5.2%","80","4.5%","8","5.5%","712","6.4%","29","4.6%","1,477","5.8%","57","4.4%","16","3.3%","613","5.7%","14","2.9%","205","5.2%","3","1.7%","395","5.2%","37","4.3%","5,697","7.4%","769","6.0%","579","7.5%","195","5.5%","795","5.4%","218","5.8%","41","4.2%","3,732","7.1%","466","7.5%","895","6.5%","606","8.2%","51","4.8%","114","8.1%","914","5.5%","49","5.1%","676","5.8%","24","7.7%","31","6.3%","16","2.6%","69","4.4%","300","5.1%","1,371","6.2%","252","4.4%","174","5.8%","133","6.6%","23","5.2%","387","6.2%","637","6.6%","207","5.4%","2,046","7.2%","5","3.9%","12","3.6%","26","4.7%","1,819","8.0%","3","3.8%","368","5.6%","886","6.4%","35","4.7%","373","5.4%","299","5.4%","64","4.8%"
"35 to 39 years","13","6.1%","2,067","5.9%","16","4.5%","63","4.0%","172","5.1%","383","6.8%","138","5.5%","2,250","7.6%","1,453","8.3%","49","3.5%","723","7.3%","168","5.2%","661","6.8%","257","6.3%","70","5.8%","183","5.4%","130","5.1%","75","4.2%","3","2.1%","723","6.5%","39","6.3%","1,616","6.3%","72","5.5%","23","4.7%","646","6.0%","19","3.9%","210","5.3%","14","8.0%","443","5.8%","38","4.4%","5,313","6.9%","943","7.4%","447","5.8%","227","6.4%","900","6.1%","226","6.0%","49","5.0%","3,722","7.1%","518","8.4%","970","7.0%","578","7.8%","48","4.5%","118","8.4%","980","5.9%","46","4.8%","694","5.9%","21","6.7%","24","4.9%","35","5.7%","107","6.9%","322","5.4%","1,426","6.4%","323","5.7%","199","6.7%","133","6.6%","19","4.3%","468","7.5%","678","7.0%","292","7.7%","2,140","7.6%","8","6.3%","19","5.7%","53","9.5%","1,855","8.2%","0","0.0%","502","7.7%","928","6.7%","49","6.6%","411","5.9%","363","6.6%","75","5.6%"
"40 to 44 years","12","5.6%","1,639","4.7%","20","5.6%","84","5.3%","218","6.5%","306","5.4%","158","6.4%","1,921","6.5%","1,229","7.0%","114","8.1%","676","6.8%","200","6.2%","588","6.1%","259","6.4%","65","5.4%","186","5.4%","108","4.2%","82","4.6%","6","4.1%","631","5.7%","37","5.9%","1,372","5.4%","62","4.7%","21","4.3%","564","5.3%","23","4.7%","206","5.2%","7","4.0%","415","5.5%","51","5.9%","4,363","5.7%","864","6.8%","392","5.1%","199","5.6%","1,025","6.9%","238","6.3%","83","8.5%","3,159","6.0%","403","6.5%","934","6.8%","513","6.9%","72","6.8%","96","6.8%","837","5.0%","42","4.3%","661","5.6%","18","5.8%","20","4.0%","42","6.8%","72","4.6%","316","5.3%","1,378","6.2%","314","5.5%","149","5.0%","132","6.6%","39","8.8%","425","6.8%","700","7.3%","266","7.0%","2,005","7.1%","7","5.5%","19","5.7%","46","8.3%","1,708","7.5%","4","5.1%","457","7.0%","906","6.5%","38","5.1%","374","5.4%","368","6.7%","91","6.8%"
"45 to 49 years","9","4.2%","1,444","4.1%","22","6.1%","107","6.8%","184","5.5%","253","4.5%","113","4.5%","1,737","5.9%","1,075","6.1%","87","6.2%","573","5.8%","162","5.0%","595","6.1%","205","5.1%","84","6.9%","148","4.3%","118","4.6%","70","3.9%","5","3.4%","593","5.3%","39","6.3%","1,345","5.3%","45","3.4%","34","7.0%","600","5.6%","28","5.7%","206","5.2%","8","4.5%","423","5.6%","59","6.9%","4,106","5.4%","880","6.9%","380","4.9%","203","5.7%","893","6.0%","231","6.1%","44","4.5%","2,872","5.5%","380","6.1%","857","6.2%","384","5.2%","49","4.6%","81","5.7%","816","4.9%","44","4.5%","647","5.5%","27","8.6%","22","4.5%","24","3.9%","69","4.4%","324","5.5%","1,225","5.5%","297","5.2%","189","6.3%","150","7.5%","8","1.8%","404","6.4%","565","5.9%","243","6.4%","1,644","5.8%","8","6.3%","18","5.4%","42","7.5%","1,623","7.2%","2","2.5%","343","5.3%","863","6.2%","46","6.2%","398","5.7%","310","5.6%","54","4.0%"
"50 to 54 years","15","7.0%","1,393","4.0%","25","7.0%","120","7.6%","202","6.0%","272","4.8%","137","5.5%","1,514","5.1%","920","5.3%","78","5.6%","544","5.5%","178","5.5%","612","6.3%","231","5.7%","70","5.8%","164","4.8%","166","6.5%","102","5.7%","11","7.5%","606","5.5%","48","7.7%","1,297","5.1%","51","3.9%","29","6.0%","584","5.5%","22","4.5%","204","5.2%","6","3.4%","432","5.7%","42","4.9%","4,252","5.6%","925","7.3%","334","4.3%","217","6.1%","799","5.4%","180","4.7%","53","5.4%","2,757","5.2%","362","5.8%","832","6.0%","399","5.4%","32","3.0%","75","5.3%","950","5.7%","48","5.0%","608","5.2%","39","12.5%","32","6.5%","47","7.6%","98","6.3%","399","6.7%","1,184","5.3%","346","6.1%","190","6.4%","93","4.6%","15","3.4%","374","6.0%","558","5.8%","180","4.7%","1,483","5.2%","9","7.1%","26","7.8%","37","6.6%","1,403","6.2%","6","7.6%","290","4.4%","742","5.3%","38","5.1%","396","5.7%","346","6.3%","73","5.4%"
"55 to 59 years","22","10.3%","1,454","4.2%","25","7.0%","124","7.8%","225","6.7%","367","6.5%","160","6.4%","1,832","6.2%","1,088","6.2%","100","7.1%","636","6.4%","255","7.9%","663","6.8%","270","6.7%","95","7.8%","250","7.3%","190","7.4%","167","9.4%","3","2.1%","730","6.6%","47","7.5%","1,627","6.4%","86","6.6%","29","6.0%","756","7.1%","32","6.6%","309","7.8%","10","5.7%","522","6.9%","70","8.2%","5,077","6.6%","964","7.6%","459","5.9%","254","7.1%","952","6.4%","306","8.1%","40","4.1%","3,278","6.2%","404","6.5%","903","6.6%","511","6.9%","96","9.1%","82","5.8%","1,281","7.7%","63","6.5%","711","6.1%","48","15.3%","33","6.7%","50","8.1%","135","8.7%","431","7.3%","1,352","6.1%","466","8.2%","191","6.4%","160","8.0%","27","6.1%","445","7.1%","583","6.0%","236","6.2%","1,668","5.9%","14","11.0%","24","7.2%","41","7.4%","1,402","6.2%","3","3.8%","349","5.4%","927","6.7%","52","7.0%","453","6.5%","411","7.5%","110","8.2%"
"60 to 64 years","23","10.7%","1,645","4.7%","41","11.5%","189","11.9%","258","7.7%","380","6.7%","212","8.5%","2,010","6.8%","1,158","6.6%","120","8.5%","680","6.9%","299","9.3%","727","7.5%","330","8.1%","89","7.3%","296","8.7%","246","9.6%","219","12.3%","11","7.5%","906","8.2%","49","7.9%","1,727","6.8%","102","7.8%","38","7.8%","867","8.1%","45","9.2%","330","8.3%","16","9.1%","663","8.7%","91","10.6%","5,058","6.6%","925","7.3%","396","5.1%","282","7.9%","1,128","7.6%","351","9.3%","68","7.0%","3,547","6.8%","448","7.2%","987","7.2%","545","7.3%","88","8.3%","117","8.3%","1,448","8.7%","105","10.8%","870","7.4%","32","10.2%","60","12.1%","71","11.5%","133","8.5%","490","8.3%","1,603","7.2%","554","9.8%","250","8.4%","165","8.2%","42","9.5%","452","7.2%","730","7.6%","289","7.6%","1,884","6.6%","4","3.1%","34","10.2%","60","10.8%","1,535","6.8%","10","12.7%","496","7.6%","970","7.0%","54","7.3%","547","7.9%","487","8.9%","137","10.2%"
"65 to 69 years","9","4.2%","1,554","4.5%","21","5.9%","186","11.7%","251","7.4%","352","6.2%","220","8.8%","1,532","5.2%","772","4.4%","112","8.0%","534","5.4%","294","9.1%","574","5.9%","300","7.4%","149","12.3%","272","8.0%","233","9.1%","224","12.6%","22","15.1%","825","7.4%","53","8.5%","1,679","6.6%","114","8.7%","48","9.9%","735","6.9%","46","9.4%","338","8.5%","22","12.5%","662","8.7%","89","10.4%","4,390","5.7%","731","5.7%","434","5.6%","235","6.6%","1,053","7.1%","295","7.8%","46","4.7%","2,938","5.6%","328","5.3%","810","5.9%","519","7.0%","106","10.0%","106","7.5%","1,530","9.2%","101","10.4%","837","7.2%","7","2.2%","45","9.1%","52","8.4%","112","7.2%","486","8.2%","1,611","7.2%","604","10.7%","236","7.9%","119","5.9%","43","9.8%","476","7.6%","567","5.9%","213","5.6%","1,409","5.0%","15","11.8%","31","9.3%","27","4.8%","1,319","5.8%","6","7.6%","419","6.4%","825","5.9%","81","10.9%","456","6.6%","431","7.8%","109","8.1%"
"70 to 74 years","23","10.7%","1,135","3.3%","25","7.0%","116","7.3%","190","5.6%","319","5.6%","192","7.7%","956","3.2%","437","2.5%","99","7.0%","366","3.7%","243","7.5%","401","4.1%","235","5.8%","86","7.1%","172","5.0%","195","7.6%","136","7.6%","10","6.8%","638","5.7%","37","5.9%","1,223","4.8%","67","5.1%","54","11.1%","662","6.2%","58","11.9%","282","7.1%","17","9.7%","560","7.4%","39","4.5%","3,578","4.7%","563","4.4%","311","4.0%","199","5.6%","810","5.5%","185","4.9%","47","4.8%","2,185","4.2%","217","3.5%","632","4.6%","285","3.8%","60","5.7%","81","5.7%","1,221","7.3%","90","9.3%","605","5.2%","6","1.9%","27","5.5%","56","9.1%","127","8.1%","382","6.4%","1,204","5.4%","463","8.2%","171","5.7%","87","4.3%","24","5.4%","334","5.3%","360","3.7%","153","4.0%","971","3.4%","4","3.1%","19","5.7%","22","3.9%","1,050","4.6%","5","6.3%","260","4.0%","539","3.9%","57","7.7%","419","6.0%","312","5.7%","66","4.9%"
"75 to 79 years","10","4.7%","653","1.9%","16","4.5%","112","7.1%","136","4.0%","197","3.5%","136","5.5%","533","1.8%","215","1.2%","71","5.1%","252","2.5%","179","5.5%","281","2.9%","119","2.9%","40","3.3%","105","3.1%","157","6.1%","134","7.5%","8","5.5%","435","3.9%","25","4.0%","778","3.0%","74","5.6%","39","8.0%","467","4.4%","26","5.3%","187","4.7%","7","4.0%","321","4.2%","44","5.1%","2,406","3.1%","342","2.7%","194","2.5%","82","2.3%","500","3.4%","118","3.1%","27","2.8%","1,435","2.7%","102","1.6%","331","2.4%","164","2.2%","35","3.3%","70","5.0%","870","5.2%","69","7.1%","473","4.0%","3","1.0%","32","6.5%","32","5.2%","87","5.6%","296","5.0%","791","3.6%","282","5.0%","112","3.8%","50","2.5%","10","2.3%","219","3.5%","222","2.3%","99","2.6%","555","2.0%","5","3.9%","8","2.4%","19","3.4%","685","3.0%","4","5.1%","163","2.5%","364","2.6%","55","7.4%","292","4.2%","194","3.5%","47","3.5%"
"80 to 84 years","4","1.9%","451","1.3%","13","3.6%","60","3.8%","77","2.3%","158","2.8%","88","3.5%","309","1.0%","98","0.6%","35","2.5%","124","1.3%","99","3.1%","177","1.8%","114","2.8%","25","2.1%","48","1.4%","103","4.0%","65","3.6%","3","2.1%","268","2.4%","13","2.1%","534","2.1%","39","3.0%","11","2.3%","337","3.1%","31","6.4%","136","3.4%","13","7.4%","240","3.2%","12","1.4%","1,589","2.1%","165","1.3%","80","1.0%","72","2.0%","296","2.0%","73","1.9%","24","2.5%","1,047","2.0%","57","0.9%","191","1.4%","109","1.5%","43","4.1%","47","3.3%","470","2.8%","30","3.1%","277","2.4%","0","0.0%","20","4.0%","21","3.4%","44","2.8%","165","2.8%","523","2.3%","132","2.3%","68","2.3%","37","1.8%","11","2.5%","99","1.6%","110","1.1%","78","2.0%","352","1.2%","11","8.7%","12","3.6%","20","3.6%","286","1.3%","1","1.3%","76","1.2%","182","1.3%","33","4.4%","200","2.9%","154","2.8%","45","3.3%"
"85 years and over","8","3.7%","413","1.2%","15","4.2%","25","1.6%","63","1.9%","122","2.2%","99","4.0%","244","0.8%","68","0.4%","29","2.1%","117","1.2%","81","2.5%","157","1.6%","70","1.7%","24","2.0%","40","1.2%","64","2.5%","42","2.4%","5","3.4%","249","2.2%","13","2.1%","455","1.8%","24","1.8%","10","2.1%","331","3.1%","19","3.9%","100","2.5%","3","1.7%","214","2.8%","15","1.7%","1,571","2.1%","92","0.7%","51","0.7%","86","2.4%","196","1.3%","46","1.2%","15","1.5%","1,180","2.2%","26","0.4%","123","0.9%","63","0.8%","40","3.8%","40","2.8%","415","2.5%","15","1.5%","280","2.4%","3","1.0%","13","2.6%","17","2.8%","49","3.1%","164","2.8%","623","2.8%","81","1.4%","41","1.4%","20","1.0%","8","1.8%","83","1.3%","75","0.8%","60","1.6%","299","1.1%","0","0.0%","8","2.4%","23","4.1%","258","1.1%","3","3.8%","72","1.1%","164","1.2%","13","1.8%","203","2.9%","122","2.2%","36","2.7%"
"Selected Age Categories","","","","","","","","","","","","","","","","","","","","","","","","","","","","","","","","","","","","","","","","","","","","","","","","","","","","","","","","","","","","","","","","","","","","","","","","","","","","","","","","","","","","","","","","","","","","","","","","","","","","","","","","","","","","","","","","","","","","","","","","","","","","","","","","","","","","","","","","","","","","","",""
"16 years and over","181","84.6%","29,595","84.8%","303","84.6%","1,396","88.1%","2,638","78.2%","4,268","75.4%","2,071","83.3%","22,233","75.4%","13,003","74.2%","1,150","81.9%","7,742","78.2%","2,707","83.8%","7,501","77.3%","3,182","78.5%","980","80.8%","2,509","73.5%","2,110","82.6%","1,559","87.4%","116","79.5%","8,892","80.1%","517","82.9%","19,600","76.6%","1,086","82.9%","405","83.2%","8,804","82.3%","416","85.4%","3,198","80.8%","145","82.4%","6,143","80.9%","697","81.2%","61,109","79.9%","9,820","77.2%","5,929","76.8%","2,791","78.3%","11,437","77.2%","2,934","77.4%","687","70.5%","41,585","79.1%","4,606","74.4%","10,617","77.0%","5,792","77.9%","849","80.4%","1,244","88.2%","13,752","82.6%","817","84.4%","9,402","80.4%","267","85.3%","416","84.2%","524","85.1%","1,270","81.4%","4,866","82.0%","18,057","81.1%","4,699","82.9%","2,317","77.8%","1,552","77.2%","361","81.9%","4,940","78.7%","7,364","76.3%","2,859","74.9%","21,687","76.5%","109","85.8%","287","86.2%","470","84.4%","18,714","82.5%","61","77.2%","4,762","73.0%","10,585","76.0%","620","83.6%","5,498","79.2%","4,502","82.0%","1,069","79.4%"
"18 years and over","180","84.1%","28,993","83.1%","301","84.1%","1,378","86.9%","2,528","75.0%","4,082","72.1%","2,017","81.1%","21,398","72.5%","12,449","71.1%","1,099","78.2%","7,490","75.6%","2,632","81.5%","7,251","74.8%","3,080","76.0%","960","79.1%","2,424","71.0%","2,048","80.2%","1,541","86.4%","113","77.4%","8,615","77.6%","498","79.8%","18,830","73.6%","1,048","80.0%","400","82.1%","8,557","80.0%","404","83.0%","3,109","78.5%","140","79.5%","6,003","79.1%","677","78.9%","59,248","77.4%","9,458","74.4%","5,761","74.6%","2,667","74.9%","10,983","74.1%","2,836","74.8%","641","65.8%","40,235","76.6%","4,414","71.3%","10,179","73.8%","5,609","75.5%","825","78.1%","1,208","85.6%","13,384","80.4%","795","82.1%","9,100","77.8%","262","83.7%","404","81.8%","507","82.3%","1,244","79.7%","4,734","79.8%","17,485","78.5%","4,580","80.8%","2,238","75.2%","1,500","74.6%","346","78.5%","4,763","75.9%","7,051","73.1%","2,738","71.8%","20,893","73.7%","106","83.5%","282","84.7%","461","82.8%","18,236","80.4%","58","73.4%","4,498","69.0%","10,129","72.7%","606","81.7%","5,240","75.5%","4,353","79.3%","1,035","76.9%"
"21 years and over","178","83.2%","24,721","70.8%","293","81.8%","1,337","84.4%","2,418","71.7%","3,895","68.8%","1,939","78.0%","20,257","68.7%","11,833","67.5%","1,059","75.4%","7,162","72.3%","2,569","79.6%","6,944","71.6%","2,952","72.9%","926","76.3%","2,347","68.7%","1,995","78.1%","1,516","85.0%","108","74.0%","8,170","73.6%","482","77.2%","17,666","69.1%","942","71.9%","387","79.5%","8,134","76.0%","394","80.9%","3,001","75.8%","136","77.3%","5,825","76.8%","655","76.3%","56,697","74.1%","9,075","71.4%","5,220","67.6%","2,537","71.2%","10,538","71.1%","2,750","72.6%","609","62.5%","38,027","72.4%","4,224","68.2%","9,739","70.6%","5,373","72.3%","805","76.2%","1,179","83.6%","12,989","78.0%","776","80.2%","8,464","72.3%","256","81.8%","388","78.5%","493","80.0%","1,208","77.4%","4,558","76.8%","16,509","74.1%","4,422","78.0%","2,149","72.2%","1,420","70.6%","322","73.0%","4,601","73.3%","6,719","69.6%","2,589","67.8%","19,707","69.5%","100","78.7%","265","79.6%","444","79.7%","17,662","77.8%","56","70.9%","4,296","65.9%","9,656","69.3%","589","79.4%","5,016","72.2%","4,237","77.1%","999","74.2%"
"62 years and over","68","31.8%","5,197","14.9%","108","30.2%","628","39.6%","862","25.6%","1,376","24.3%","858","34.5%","4,754","16.1%","2,223","12.7%","422","30.0%","1,786","18.0%","1,080","33.4%","2,050","21.1%","1,013","25.0%","378","31.2%","825","24.2%","893","35.0%","739","41.4%","52","35.6%","2,978","26.8%","174","27.9%","5,662","22.1%","383","29.2%","183","37.6%","3,082","28.8%","202","41.5%","1,243","31.4%","73","41.5%","2,416","31.8%","256","29.8%","16,482","21.5%","2,445","19.2%","1,304","16.9%","835","23.4%","3,577","24.1%","919","24.2%","208","21.4%","10,920","20.8%","992","16.0%","2,672","19.4%","1,466","19.7%","347","32.9%","423","30.0%","5,419","32.6%","354","36.6%","2,989","25.5%","36","11.5%","172","34.8%","229","37.2%","484","31.0%","1,780","30.0%","5,769","25.9%","1,870","33.0%","791","26.6%","412","20.5%","118","26.8%","1,491","23.8%","1,765","18.3%","784","20.5%","4,712","16.6%","36","28.3%","100","30.0%","144","25.9%","4,524","19.9%","27","34.2%","1,296","19.9%","2,649","19.0%","263","35.4%","1,875","27.0%","1,505","27.4%","404","30.0%"
"65 years and over","54","25.2%","4,206","12.0%","90","25.1%","499","31.5%","717","21.3%","1,148","20.3%","735","29.6%","3,574","12.1%","1,590","9.1%","346","24.6%","1,393","14.1%","896","27.7%","1,590","16.4%","838","20.7%","324","26.7%","637","18.7%","752","29.5%","601","33.7%","48","32.9%","2,415","21.8%","141","22.6%","4,669","18.3%","318","24.3%","162","33.3%","2,532","23.7%","180","37.0%","1,043","26.4%","62","35.2%","1,997","26.3%","199","23.2%","13,534","17.7%","1,893","14.9%","1,070","13.9%","674","18.9%","2,855","19.3%","717","18.9%","159","16.3%","8,785","16.7%","730","11.8%","2,087","15.1%","1,140","15.3%","284","26.9%","344","24.4%","4,506","27.1%","305","31.5%","2,472","21.1%","19","6.1%","137","27.7%","178","28.9%","419","26.9%","1,493","25.2%","4,752","21.3%","1,562","27.6%","628","21.1%","313","15.6%","96","21.8%","1,211","19.3%","1,334","13.8%","603","15.8%","3,586","12.7%","35","27.6%","78","23.4%","111","19.9%","3,598","15.9%","19","24.1%","990","15.2%","2,074","14.9%","239","32.2%","1,570","22.6%","1,213","22.1%","303","22.5%"
"Male population","119","100.0%","17,985","100.0%","180","100.0%","853","100.0%","1,700","100.0%","2,831","100.0%","1,295","100.0%","14,973","100.0%","9,109","100.0%","730","100.0%","5,368","100.0%","1,698","100.0%","4,940","100.0%","2,053","100.0%","608","100.0%","1,740","100.0%","1,283","100.0%","939","100.0%","70","100.0%","5,451","100.0%","337","100.0%","12,922","100.0%","664","100.0%","245","100.0%","5,620","100.0%","231","100.0%","2,007","100.0%","89","100.0%","3,753","100.0%","458","100.0%","38,161","100.0%","6,493","100.0%","4,108","100.0%","1,836","100.0%","7,504","100.0%","1,937","100.0%","502","100.0%","26,147","100.0%","3,192","100.0%","6,965","100.0%","3,842","100.0%","517","100.0%","612","100.0%","8,198","100.0%","486","100.0%","5,769","100.0%","162","100.0%","255","100.0%","330","100.0%","781","100.0%","2,933","100.0%","10,960","100.0%","2,876","100.0%","1,547","100.0%","1,085","100.0%","241","100.0%","3,277","100.0%","4,929","100.0%","1,886","100.0%","14,529","100.0%","70","100.0%","193","100.0%","298","100.0%","11,603","100.0%","40","100.0%","3,295","100.0%","7,016","100.0%","397","100.0%","3,508","100.0%","2,992","100.0%","690","100.0%"
"Male population Under 5 years","6","5.0%","855","4.8%","11","6.1%","27","3.2%","98","5.8%","197","7.0%","46","3.6%","1,032","6.9%","616","6.8%","45","6.2%","331","6.2%","76","4.5%","341","6.9%","116","5.7%","28","4.6%","118","6.8%","59","4.6%","55","5.9%","4","5.7%","324","5.9%","15","4.5%","897","6.9%","27","4.1%","12","4.9%","290","5.2%","14","6.1%","115","5.7%","4","4.5%","189","5.0%","22","4.8%","2,298","6.0%","399","6.1%","315","7.7%","120","6.5%","470","6.3%","104","5.4%","35","7.0%","1,677","6.4%","217","6.8%","444","6.4%","232","6.0%","24","4.6%","31","5.1%","419","5.1%","19","3.9%","317","5.5%","15","9.3%","9","3.5%","12","3.6%","46","5.9%","150","5.1%","595","5.4%","105","3.7%","85","5.5%","64","5.9%","10","4.1%","197","6.0%","291","5.9%","118","6.3%","994","6.8%","2","2.9%","13","6.7%","3","1.0%","585","5.0%","1","2.5%","243","7.4%","491","7.0%","16","4.0%","220","6.3%","143","4.8%","29","4.2%"
"Male population 5 to 9 years","5","4.2%","892","5.0%","6","3.3%","31","3.6%","103","6.1%","219","7.7%","84","6.5%","1,174","7.8%","712","7.8%","37","5.1%","359","6.7%","80","4.7%","367","7.4%","156","7.6%","37","6.1%","149","8.6%","70","5.5%","38","4.0%","1","1.4%","368","6.8%","12","3.6%","974","7.5%","27","4.1%","7","2.9%","294","5.2%","4","1.7%","136","6.8%","4","4.5%","224","6.0%","33","7.2%","2,427","6.4%","474","7.3%","302","7.4%","126","6.9%","541","7.2%","149","7.7%","48","9.6%","1,844","7.1%","279","8.7%","525","7.5%","235","6.1%","33","6.4%","31","5.1%","484","5.9%","21","4.3%","367","6.4%","1","0.6%","16","6.3%","7","2.1%","43","5.5%","185","6.3%","689","6.3%","168","5.8%","117","7.6%","79","7.3%","9","3.7%","205","6.3%","368","7.5%","141","7.5%","1,075","7.4%","1","1.4%","7","3.6%","9","3.0%","622","5.4%","3","7.5%","302","9.2%","573","8.2%","23","5.8%","247","7.0%","146","4.9%","38","5.5%"
"Male population 10 to 14 years","5","4.2%","827","4.6%","11","6.1%","31","3.6%","136","8.0%","220","7.8%","77","5.9%","1,234","8.2%","786","8.6%","44","6.0%","370","6.9%","90","5.3%","352","7.1%","153","7.5%","31","5.1%","168","9.7%","73","5.7%","31","3.3%","1","1.4%","409","7.5%","21","6.2%","1,038","8.0%","52","7.8%","12","4.9%","346","6.2%","18","7.8%","131","6.5%","4","4.5%","266","7.1%","24","5.2%","2,652","6.9%","553","8.5%","260","6.3%","131","7.1%","567","7.6%","148","7.6%","58","11.6%","1,887","7.2%","273","8.6%","596","8.6%","277","7.2%","44","8.5%","15","2.5%","478","5.8%","30","6.2%","389","6.7%","4","2.5%","17","6.7%","26","7.9%","52","6.7%","175","6.0%","758","6.9%","171","5.9%","124","8.0%","88","8.1%","22","9.1%","267","8.1%","428","8.7%","176","9.3%","1,188","8.2%","8","11.4%","7","3.6%","29","9.7%","690","5.9%","0","0.0%","302","9.2%","589","8.4%","26","6.5%","217","6.2%","173","5.8%","53","7.7%"
"Male population 15 to 19 years","2","1.7%","1,807","10.0%","4","2.2%","33","3.9%","129","7.6%","226","8.0%","85","6.6%","1,103","7.4%","677","7.4%","53","7.3%","335","6.2%","82","4.8%","301","6.1%","108","5.3%","47","7.7%","93","5.3%","88","6.9%","31","3.3%","5","7.1%","363","6.7%","30","8.9%","1,033","8.0%","51","7.7%","10","4.1%","348","6.2%","15","6.5%","118","5.9%","7","7.9%","171","4.6%","31","6.8%","2,239","5.9%","452","7.0%","296","7.2%","153","8.3%","538","7.2%","123","6.4%","50","10.0%","1,703","6.5%","226","7.1%","466","6.7%","266","6.9%","26","5.0%","42","6.9%","443","5.4%","22","4.5%","462","8.0%","10","6.2%","8","3.1%","16","4.8%","33","4.2%","153","5.2%","739","6.7%","168","5.8%","109","7.0%","89","8.2%","15","6.2%","212","6.5%","368","7.5%","148","7.8%","1,038","7.1%","3","4.3%","9","4.7%","8","2.7%","599","5.2%","5","12.5%","261","7.9%","534","7.6%","22","5.5%","318","9.1%","163","5.4%","42","6.1%"
"Male population 20 to 24 years","5","4.2%","3,553","19.8%","10","5.6%","34","4.0%","99","5.8%","134","4.7%","48","3.7%","858","5.7%","496","5.4%","28","3.8%","305","5.7%","58","3.4%","228","4.6%","103","5.0%","13","2.1%","88","5.1%","35","2.7%","35","3.7%","5","7.1%","233","4.3%","12","3.6%","808","6.3%","55","8.3%","9","3.7%","302","5.4%","6","2.6%","77","3.8%","5","5.6%","135","3.6%","20","4.4%","2,423","6.3%","263","4.1%","577","14.0%","83","4.5%","330","4.4%","60","3.1%","20","4.0%","1,668","6.4%","124","3.9%","353","5.1%","178","4.6%","21","4.1%","36","5.9%","332","4.0%","21","4.3%","366","6.3%","6","3.7%","4","1.6%","7","2.1%","28","3.6%","131","4.5%","637","5.8%","100","3.5%","45","2.9%","45","4.1%","16","6.6%","84","2.6%","256","5.2%","93","4.9%","969","6.7%","3","4.3%","13","6.7%","11","3.7%","532","4.6%","0","0.0%","130","3.9%","376","5.4%","11","2.8%","139","4.0%","135","4.5%","25","3.6%"
"Male population 25 to 29 years","8","6.7%","1,877","10.4%","4","2.2%","24","2.8%","77","4.5%","124","4.4%","44","3.4%","1,020","6.8%","610","6.7%","28","3.8%","417","7.8%","80","4.7%","260","5.3%","119","5.8%","13","2.1%","81","4.7%","40","3.1%","30","3.2%","2","2.9%","267","4.9%","13","3.9%","701","5.4%","40","6.0%","10","4.1%","308","5.5%","14","6.1%","93","4.6%","1","1.1%","159","4.2%","19","4.1%","2,858","7.5%","250","3.9%","287","7.0%","88","4.8%","338","4.5%","94","4.9%","18","3.6%","1,795","6.9%","158","4.9%","380","5.5%","229","6.0%","17","3.3%","29","4.7%","359","4.4%","19","3.9%","279","4.8%","9","5.6%","8","3.1%","17","5.2%","33","4.2%","149","5.1%","647","5.9%","85","3.0%","47","3.0%","36","3.3%","21","8.7%","155","4.7%","277","5.6%","79","4.2%","879","6.0%","5","7.1%","15","7.8%","7","2.3%","936","8.1%","4","10.0%","143","4.3%","390","5.6%","10","2.5%","148","4.2%","148","4.9%","35","5.1%"
"Male population 30 to 34 years","1","0.8%","1,321","7.3%","10","5.6%","30","3.5%","86","5.1%","161","5.7%","74","5.7%","1,117","7.5%","697","7.7%","30","4.1%","461","8.6%","108","6.4%","330","6.7%","101","4.9%","41","6.7%","87","5.0%","61","4.8%","44","4.7%","5","7.1%","353","6.5%","15","4.5%","767","5.9%","38","5.7%","6","2.4%","344","6.1%","6","2.6%","98","4.9%","2","2.2%","181","4.8%","21","4.6%","2,936","7.7%","362","5.6%","289","7.0%","102","5.6%","403","5.4%","104","5.4%","19","3.8%","1,932","7.4%","239","7.5%","438","6.3%","325","8.5%","25","4.8%","40","6.5%","452","5.5%","23","4.7%","345","6.0%","13","8.0%","22","8.6%","3","0.9%","35","4.5%","149","5.1%","689","6.3%","136","4.7%","85","5.5%","80","7.4%","9","3.7%","193","5.9%","323","6.6%","95","5.0%","1,044","7.2%","3","4.3%","10","5.2%","18","6.0%","955","8.2%","0","0.0%","172","5.2%","428","6.1%","19","4.8%","193","5.5%","174","5.8%","30","4.3%"
"Male population 35 to 39 years","10","8.4%","1,104","6.1%","8","4.4%","32","3.8%","86","5.1%","189","6.7%","79","6.1%","1,168","7.8%","752","8.3%","23","3.2%","419","7.8%","81","4.8%","340","6.9%","132","6.4%","31","5.1%","92","5.3%","66","5.1%","37","3.9%","3","4.3%","349","6.4%","15","4.5%","822","6.4%","28","4.2%","11","4.5%","379","6.7%","13","5.6%","104","5.2%","6","6.7%","221","5.9%","18","3.9%","2,763","7.2%","481","7.4%","217","5.3%","119","6.5%","474","6.3%","110","5.7%","22","4.4%","1,932","7.4%","275","8.6%","484","6.9%","307","8.0%","20","3.9%","30","4.9%","476","5.8%","20","4.1%","331","5.7%","9","5.6%","11","4.3%","21","6.4%","51","6.5%","161","5.5%","723","6.6%","148","5.1%","92","5.9%","62","5.7%","12","5.0%","238","7.3%","354","7.2%","160","8.5%","1,098","7.6%","1","1.4%","6","3.1%","26","8.7%","931","8.0%","0","0.0%","247","7.5%","483","6.9%","25","6.3%","204","5.8%","215","7.2%","38","5.5%"
"Male population 40 to 44 years","11","9.2%","831","4.6%","14","7.8%","39","4.6%","104","6.1%","153","5.4%","82","6.3%","997","6.7%","663","7.3%","60","8.2%","388","7.2%","111","6.5%","298","6.0%","128","6.2%","41","6.7%","100","5.7%","63","4.9%","42","4.5%","3","4.3%","309","5.7%","22","6.5%","720","5.6%","36","5.4%","13","5.3%","318","5.7%","10","4.3%","102","5.1%","4","4.5%","232","6.2%","24","5.2%","2,193","5.7%","425","6.5%","215","5.2%","113","6.2%","505","6.7%","133","6.9%","43","8.6%","1,577","6.0%","208","6.5%","465","6.7%","279","7.3%","38","7.4%","38","6.2%","424","5.2%","24","4.9%","329","5.7%","10","6.2%","8","3.1%","21","6.4%","36","4.6%","153","5.2%","683","6.2%","160","5.6%","88","5.7%","80","7.4%","16","6.6%","220","6.7%","327","6.6%","132","7.0%","1,061","7.3%","6","8.6%","11","5.7%","26","8.7%","851","7.3%","3","7.5%","233","7.1%","444","6.3%","23","5.8%","184","5.2%","225","7.5%","53","7.7%"
"Male population 45 to 49 years","6","5.0%","762","4.2%","9","5.0%","56","6.6%","90","5.3%","129","4.6%","59","4.6%","893","6.0%","577","6.3%","46","6.3%","306","5.7%","97","5.7%","328","6.6%","91","4.4%","45","7.4%","73","4.2%","52","4.1%","35","3.7%","2","2.9%","289","5.3%","20","5.9%","666","5.2%","26","3.9%","16","6.5%","313","5.6%","12","5.2%","98","4.9%","5","5.6%","221","5.9%","25","5.5%","2,161","5.7%","415","6.4%","187","4.6%","89","4.8%","456","6.1%","122","6.3%","21","4.2%","1,461","5.6%","193","6.0%","440","6.3%","199","5.2%","30","5.8%","24","3.9%","393","4.8%","17","3.5%","337","5.8%","15","9.3%","14","5.5%","10","3.0%","35","4.5%","154","5.3%","638","5.8%","147","5.1%","92","5.9%","85","7.8%","5","2.1%","197","6.0%","300","6.1%","123","6.5%","829","5.7%","3","4.3%","10","5.2%","28","9.4%","877","7.6%","2","5.0%","176","5.3%","425","6.1%","23","5.8%","199","5.7%","192","6.4%","26","3.8%"
"Male population 50 to 54 years","6","5.0%","705","3.9%","11","6.1%","74","8.7%","98","5.8%","138","4.9%","75","5.8%","765","5.1%","479","5.3%","44","6.0%","293","5.5%","90","5.3%","292","5.9%","111","5.4%","24","3.9%","91","5.2%","81","6.3%","53","5.6%","7","10.0%","301","5.5%","28","8.3%","617","4.8%","19","2.9%","14","5.7%","337","6.0%","10","4.3%","98","4.9%","3","3.4%","202","5.4%","16","3.5%","2,184","5.7%","478","7.4%","165","4.0%","110","6.0%","396","5.3%","84","4.3%","18","3.6%","1,368","5.2%","184","5.8%","423","6.1%","199","5.2%","18","3.5%","33","5.4%","447","5.5%","24","4.9%","304","5.3%","20","12.3%","11","4.3%","20","6.1%","53","6.8%","204","7.0%","589","5.4%","179","6.2%","93","6.0%","50","4.6%","6","2.5%","206","6.3%","282","5.7%","94","5.0%","756","5.2%","6","8.6%","17","8.8%","23","7.7%","711","6.1%","1","2.5%","148","4.5%","348","5.0%","24","6.0%","196","5.6%","191","6.4%","34","4.9%"
"Male population 55 to 59 years","12","10.1%","715","4.0%","12","6.7%","54","6.3%","109","6.4%","194","6.9%","76","5.9%","889","5.9%","560","6.1%","49","6.7%","332","6.2%","119","7.0%","349","7.1%","143","7.0%","59","9.7%","117","6.7%","86","6.7%","76","8.1%","1","1.4%","338","6.2%","26","7.7%","779","6.0%","48","7.2%","18","7.3%","398","7.1%","11","4.8%","163","8.1%","6","6.7%","238","6.3%","44","9.6%","2,483","6.5%","496","7.6%","245","6.0%","132","7.2%","503","6.7%","168","8.7%","28","5.6%","1,609","6.2%","204","6.4%","448","6.4%","251","6.5%","45","8.7%","25","4.1%","587","7.2%","36","7.4%","323","5.6%","25","15.4%","20","7.8%","22","6.7%","65","8.3%","210","7.2%","629","5.7%","228","7.9%","92","5.9%","82","7.6%","19","7.9%","243","7.4%","284","5.8%","105","5.6%","869","6.0%","8","11.4%","11","5.7%","15","5.0%","711","6.1%","2","5.0%","184","5.6%","431","6.1%","22","5.5%","220","6.3%","221","7.4%","56","8.1%"
"Male population 60 to 64 years","11","9.2%","770","4.3%","29","16.1%","115","13.5%","134","7.9%","203","7.2%","108","8.3%","1,048","7.0%","632","6.9%","71","9.7%","360","6.7%","158","9.3%","360","7.3%","159","7.7%","42","6.9%","141","8.1%","128","10.0%","119","12.7%","4","5.7%","441","8.1%","30","8.9%","861","6.7%","47","7.1%","18","7.3%","438","7.8%","19","8.2%","150","7.5%","6","6.7%","335","8.9%","52","11.4%","2,408","6.3%","450","6.9%","199","4.8%","147","8.0%","534","7.1%","166","8.6%","36","7.2%","1,808","6.9%","232","7.3%","488","7.0%","278","7.2%","49","9.5%","57","9.3%","668","8.1%","51","10.5%","433","7.5%","13","8.0%","38","14.9%","47","14.2%","71","9.1%","239","8.1%","759","6.9%","263","9.1%","129","8.3%","86","7.9%","34","14.1%","228","7.0%","390","7.9%","139","7.4%","994","6.8%","3","4.3%","25","13.0%","27","9.1%","773","6.7%","4","10.0%","249","7.6%","508","7.2%","23","5.8%","276","7.9%","274","9.2%","78","11.3%"
"Male population 65 to 69 years","7","5.9%","765","4.3%","14","7.8%","96","11.3%","130","7.6%","171","6.0%","106","8.2%","758","5.1%","430","4.7%","55","7.5%","275","5.1%","141","8.3%","313","6.3%","153","7.5%","76","12.5%","158","9.1%","120","9.4%","120","12.8%","9","12.9%","386","7.1%","31","9.2%","809","6.3%","65","9.8%","27","11.0%","377","6.7%","21","9.1%","167","8.3%","10","11.2%","322","8.6%","44","9.6%","2,103","5.5%","374","5.8%","228","5.6%","113","6.2%","536","7.1%","173","8.9%","24","4.8%","1,432","5.5%","170","5.3%","407","5.8%","270","7.0%","42","8.1%","57","9.3%","775","9.5%","52","10.7%","419","7.3%","2","1.2%","15","5.9%","28","8.5%","45","5.8%","241","8.2%","800","7.3%","303","10.5%","120","7.8%","64","5.9%","21","8.7%","243","7.4%","300","6.1%","110","5.8%","715","4.9%","7","10.0%","14","7.3%","14","4.7%","680","5.9%","5","12.5%","219","6.6%","425","6.1%","40","10.1%","224","6.4%","227","7.6%","58","8.4%"
"Male population 70 to 74 years","14","11.8%","552","3.1%","14","7.8%","66","7.7%","97","5.7%","145","5.1%","106","8.2%","474","3.2%","225","2.5%","52","7.1%","195","3.6%","128","7.5%","197","4.0%","133","6.5%","44","7.2%","89","5.1%","93","7.2%","72","7.7%","8","11.4%","292","5.4%","22","6.5%","594","4.6%","29","4.4%","30","12.2%","331","5.9%","20","8.7%","152","7.6%","7","7.9%","292","7.8%","22","4.8%","1,712","4.5%","282","4.3%","159","3.9%","109","5.9%","420","5.6%","95","4.9%","27","5.4%","1,036","4.0%","108","3.4%","307","4.4%","151","3.9%","35","6.8%","43","7.0%","633","7.7%","46","9.5%","278","4.8%","5","3.1%","17","6.7%","26","7.9%","59","7.6%","205","7.0%","608","5.5%","258","9.0%","92","5.9%","40","3.7%","8","3.3%","191","5.8%","186","3.8%","74","3.9%","495","3.4%","1","1.4%","14","7.3%","17","5.7%","528","4.6%","4","10.0%","132","4.0%","260","3.7%","30","7.6%","214","6.1%","161","5.4%","37","5.4%"
"Male population 75 to 79 years","3","2.5%","306","1.7%","5","2.8%","57","6.7%","56","3.3%","108","3.8%","70","5.4%","232","1.5%","115","1.3%","31","4.2%","121","2.3%","105","6.2%","139","2.8%","62","3.0%","14","2.3%","57","3.3%","80","6.2%","70","7.5%","4","5.7%","216","4.0%","12","3.6%","414","3.2%","36","5.4%","20","8.2%","231","4.1%","14","6.1%","96","4.8%","6","6.7%","159","4.2%","28","6.1%","1,070","2.8%","201","3.1%","103","2.5%","36","2.0%","260","3.5%","62","3.2%","13","2.6%","620","2.4%","61","1.9%","164","2.4%","82","2.1%","16","3.1%","34","5.6%","424","5.2%","35","7.2%","249","4.3%","3","1.9%","20","7.8%","21","6.4%","52","6.7%","146","5.0%","334","3.0%","153","5.3%","69","4.5%","28","2.6%","7","2.9%","111","3.4%","114","2.3%","47","2.5%","264","1.8%","4","5.7%","4","2.1%","16","5.4%","354","3.1%","3","7.5%","86","2.6%","178","2.5%","33","8.3%","150","4.3%","91","3.0%","28","4.1%"
"Male population 80 to 84 years","2","1.7%","214","1.2%","2","1.1%","42","4.9%","38","2.2%","70","2.5%","40","3.1%","123","0.8%","50","0.5%","21","2.9%","54","1.0%","52","3.1%","82","1.7%","56","2.7%","13","2.1%","20","1.1%","60","4.7%","33","3.5%","3","4.3%","127","2.3%","5","1.5%","252","2.0%","19","2.9%","6","2.4%","145","2.6%","15","6.5%","61","3.0%","8","9.0%","115","3.1%","7","1.5%","689","1.8%","87","1.3%","39","0.9%","35","1.9%","149","2.0%","26","1.3%","14","2.8%","425","1.6%","28","0.9%","91","1.3%","55","1.4%","17","3.3%","26","4.2%","236","2.9%","19","3.9%","144","2.5%","0","0.0%","10","3.9%","13","3.9%","19","2.4%","67","2.3%","223","2.0%","76","2.6%","42","2.7%","18","1.7%","7","2.9%","50","1.5%","49","1.0%","37","2.0%","166","1.1%","6","8.6%","5","2.6%","8","2.7%","154","1.3%","0","0.0%","37","1.1%","83","1.2%","17","4.3%","95","2.7%","61","2.0%","16","2.3%"
"Male population 85 years and over","5","4.2%","129","0.7%","6","3.3%","12","1.4%","30","1.8%","50","1.8%","36","2.8%","88","0.6%","32","0.4%","13","1.8%","47","0.9%","42","2.5%","63","1.3%","29","1.4%","9","1.5%","18","1.0%","28","2.2%","18","1.9%","3","4.3%","86","1.6%","8","2.4%","170","1.3%","21","3.2%","6","2.4%","121","2.2%","9","3.9%","48","2.4%","1","1.1%","91","2.4%","8","1.7%","562","1.5%","51","0.8%","25","0.6%","30","1.6%","84","1.1%","16","0.8%","8","1.6%","373","1.4%","13","0.4%","46","0.7%","29","0.8%","17","3.3%","21","3.4%","168","2.0%","7","1.4%","97","1.7%","2","1.2%","7","2.7%","13","3.9%","25","3.2%","61","2.1%","220","2.0%","28","1.0%","26","1.7%","9","0.8%","4","1.7%","37","1.1%","32","0.6%","15","0.8%","95","0.7%","0","0.0%","2","1.0%","13","4.4%","114","1.0%","3","7.5%","31","0.9%","50","0.7%","10","2.5%","64","1.8%","52","1.7%","14","2.0%"
"Selected Age Categories","","","","","","","","","","","","","","","","","","","","","","","","","","","","","","","","","","","","","","","","","","","","","","","","","","","","","","","","","","","","","","","","","","","","","","","","","","","","","","","","","","","","","","","","","","","","","","","","","","","","","","","","","","","","","","","","","","","","","","","","","","","","","","","","","","","","","","","","","","","","","",""
"16 years and over","101","84.9%","15,245","84.8%","152","84.4%","758","88.9%","1,329","78.2%","2,129","75.2%","1,067","82.4%","11,301","75.5%","6,868","75.4%","594","81.4%","4,243","79.0%","1,432","84.3%","3,817","77.3%","1,603","78.1%","495","81.4%","1,283","73.7%","1,065","83.0%","807","85.9%","60","85.7%","4,272","78.4%","279","82.8%","9,797","75.8%","547","82.4%","213","86.9%","4,621","82.2%","194","84.0%","1,600","79.7%","76","85.4%","3,036","80.9%","369","80.6%","30,340","79.5%","4,960","76.4%","3,200","77.9%","1,416","77.1%","5,800","77.3%","1,500","77.4%","349","69.5%","20,417","78.1%","2,379","74.5%","5,298","76.1%","3,035","79.0%","410","79.3%","526","85.9%","6,720","82.0%","411","84.6%","4,604","79.8%","142","87.7%","212","83.1%","282","85.5%","625","80.0%","2,394","81.6%","8,773","80.0%","2,397","83.3%","1,192","77.1%","824","75.9%","198","82.2%","2,557","78.0%","3,759","76.3%","1,419","75.2%","11,061","76.1%","58","82.9%","166","86.0%","255","85.6%","9,567","82.5%","35","87.5%","2,396","72.7%","5,260","75.0%","330","83.1%","2,737","78.0%","2,485","83.1%","556","80.6%"
"18 years and over","101","84.9%","14,946","83.1%","150","83.3%","747","87.6%","1,273","74.9%","2,042","72.1%","1,036","80.0%","10,860","72.5%","6,558","72.0%","572","78.4%","4,111","76.6%","1,395","82.2%","3,693","74.8%","1,549","75.5%","481","79.1%","1,245","71.6%","1,025","79.9%","797","84.9%","60","85.7%","4,136","75.9%","268","79.5%","9,401","72.8%","534","80.4%","210","85.7%","4,500","80.1%","186","80.5%","1,547","77.1%","73","82.0%","2,962","78.9%","357","77.9%","29,365","77.0%","4,759","73.3%","3,122","76.0%","1,352","73.6%","5,564","74.1%","1,451","74.9%","331","65.9%","19,745","75.5%","2,283","71.5%","5,083","73.0%","2,928","76.2%","395","76.4%","503","82.2%","6,533","79.7%","401","82.5%","4,455","77.2%","137","84.6%","209","82.0%","276","83.6%","619","79.3%","2,326","79.3%","8,486","77.4%","2,328","80.9%","1,140","73.7%","792","73.0%","191","79.3%","2,454","74.9%","3,595","72.9%","1,356","71.9%","10,645","73.3%","56","80.0%","162","83.9%","251","84.2%","9,295","80.1%","32","80.0%","2,267","68.8%","5,009","71.4%","320","80.6%","2,580","73.5%","2,415","80.7%","541","78.4%"
"21 years and over","100","84.0%","12,795","71.1%","148","82.2%","728","85.3%","1,216","71.5%","1,941","68.6%","992","76.6%","10,243","68.4%","6,232","68.4%","546","74.8%","3,902","72.7%","1,361","80.2%","3,531","71.5%","1,493","72.7%","463","76.2%","1,200","69.0%","984","76.7%","780","83.1%","58","82.9%","3,927","72.0%","259","76.9%","8,786","68.0%","492","74.1%","202","82.4%","4,276","76.1%","178","77.1%","1,492","74.3%","69","77.5%","2,877","76.7%","348","76.0%","28,034","73.5%","4,567","70.3%","2,767","67.4%","1,288","70.2%","5,312","70.8%","1,400","72.3%","310","61.8%","18,629","71.2%","2,175","68.1%","4,861","69.8%","2,797","72.8%","390","75.4%","487","79.6%","6,309","77.0%","394","81.1%","4,126","71.5%","132","81.5%","205","80.4%","266","80.6%","604","77.3%","2,238","76.3%","7,985","72.9%","2,236","77.7%","1,099","71.0%","744","68.6%","178","73.9%","2,376","72.5%","3,420","69.4%","1,271","67.4%","10,030","69.0%","54","77.1%","151","78.2%","248","83.2%","8,998","77.5%","31","77.5%","2,158","65.5%","4,741","67.6%","308","77.6%","2,466","70.3%","2,343","78.3%","520","75.4%"
"62 years and over","41","34.5%","2,415","13.4%","55","30.6%","342","40.1%","432","25.4%","667","23.6%","413","31.9%","2,308","15.4%","1,201","13.2%","214","29.3%","903","16.8%","567","33.4%","1,033","20.9%","523","25.5%","179","29.4%","438","25.2%","449","35.0%","388","41.3%","28","40.0%","1,378","25.3%","100","29.7%","2,724","21.1%","198","29.8%","98","40.0%","1,490","26.5%","91","39.4%","620","30.9%","36","40.4%","1,197","31.9%","138","30.1%","7,508","19.7%","1,256","19.3%","675","16.4%","408","22.2%","1,785","23.8%","465","24.0%","112","22.3%","4,949","18.9%","507","15.9%","1,317","18.9%","762","19.8%","157","30.4%","223","36.4%","2,675","32.6%","183","37.7%","1,445","25.0%","18","11.1%","94","36.9%","138","41.8%","235","30.1%","861","29.4%","2,676","24.4%","965","33.6%","426","27.5%","207","19.1%","66","27.4%","778","23.7%","914","18.5%","367","19.5%","2,350","16.2%","19","27.1%","57","29.5%","84","28.2%","2,302","19.8%","19","47.5%","652","19.8%","1,298","18.5%","143","36.0%","898","25.6%","762","25.5%","207","30.0%"
"65 years and over","31","26.1%","1,966","10.9%","41","22.8%","273","32.0%","351","20.6%","544","19.2%","358","27.6%","1,675","11.2%","852","9.4%","172","23.6%","692","12.9%","468","27.6%","794","16.1%","433","21.1%","156","25.7%","342","19.7%","381","29.7%","313","33.3%","27","38.6%","1,107","20.3%","78","23.1%","2,239","17.3%","170","25.6%","89","36.3%","1,205","21.4%","79","34.2%","524","26.1%","32","36.0%","979","26.1%","109","23.8%","6,136","16.1%","995","15.3%","554","13.5%","323","17.6%","1,449","19.3%","372","19.2%","86","17.1%","3,886","14.9%","380","11.9%","1,015","14.6%","587","15.3%","127","24.6%","181","29.6%","2,236","27.3%","159","32.7%","1,187","20.6%","12","7.4%","69","27.1%","101","30.6%","200","25.6%","720","24.5%","2,185","19.9%","818","28.4%","349","22.6%","159","14.7%","47","19.5%","632","19.3%","681","13.8%","283","15.0%","1,735","11.9%","18","25.7%","39","20.2%","68","22.8%","1,830","15.8%","15","37.5%","505","15.3%","996","14.2%","130","32.7%","747","21.3%","592","19.8%","153","22.2%"
"Female population","95","100.0%","16,924","100.0%","178","100.0%","732","100.0%","1,672","100.0%","2,831","100.0%","1,192","100.0%","14,533","100.0%","8,411","100.0%","675","100.0%","4,535","100.0%","1,531","100.0%","4,759","100.0%","1,999","100.0%","605","100.0%","1,675","100.0%","1,270","100.0%","844","100.0%","76","100.0%","5,649","100.0%","287","100.0%","12,659","100.0%","646","100.0%","242","100.0%","5,081","100.0%","256","100.0%","1,951","100.0%","87","100.0%","3,836","100.0%","400","100.0%","38,349","100.0%","6,221","100.0%","3,617","100.0%","1,727","100.0%","7,313","100.0%","1,853","100.0%","472","100.0%","26,395","100.0%","3,003","100.0%","6,821","100.0%","3,590","100.0%","539","100.0%","799","100.0%","8,445","100.0%","482","100.0%","5,931","100.0%","151","100.0%","239","100.0%","286","100.0%","779","100.0%","3,002","100.0%","11,314","100.0%","2,793","100.0%","1,431","100.0%","925","100.0%","200","100.0%","3,000","100.0%","4,723","100.0%","1,930","100.0%","13,815","100.0%","57","100.0%","140","100.0%","259","100.0%","11,092","100.0%","39","100.0%","3,225","100.0%","6,914","100.0%","345","100.0%","3,435","100.0%","2,500","100.0%","656","100.0%"
"Female population Under 5 years","2","2.1%","851","5.0%","11","6.2%","20","2.7%","89","5.3%","183","6.5%","49","4.1%","1,021","7.0%","657","7.8%","39","5.8%","313","6.9%","61","4.0%","301","6.3%","131","6.6%","44","7.3%","143","8.5%","88","6.9%","22","2.6%","4","5.3%","290","5.1%","15","5.2%","821","6.5%","32","5.0%","14","5.8%","215","4.2%","7","2.7%","89","4.6%","4","4.6%","192","5.0%","23","5.8%","2,146","5.6%","383","6.2%","333","9.2%","91","5.3%","461","6.3%","112","6.0%","38","8.1%","1,555","5.9%","201","6.7%","391","5.7%","209","5.8%","29","5.4%","29","3.6%","382","4.5%","10","2.1%","326","5.5%","4","2.6%","11","4.6%","13","4.5%","30","3.9%","162","5.4%","554","4.9%","115","4.1%","84","5.9%","38","4.1%","12","6.0%","149","5.0%","297","6.3%","130","6.7%","835","6.0%","0","0.0%","2","1.4%","7","2.7%","541","4.9%","2","5.1%","229","7.1%","437","6.3%","17","4.9%","164","4.8%","125","5.0%","42","6.4%"
"Female population 5 to 9 years","6","6.3%","796","4.7%","7","3.9%","28","3.8%","115","6.9%","225","7.9%","62","5.2%","1,092","7.5%","701","8.3%","34","5.0%","320","7.1%","86","5.6%","342","7.2%","123","6.2%","36","6.0%","144","8.6%","69","5.4%","33","3.9%","9","11.8%","304","5.4%","10","3.5%","909","7.2%","39","6.0%","13","5.4%","289","5.7%","11","4.3%","118","6.0%","8","9.2%","212","5.5%","24","6.0%","2,409","6.3%","440","7.1%","273","7.5%","112","6.5%","516","7.1%","137","7.4%","32","6.8%","1,626","6.2%","248","8.3%","509","7.5%","307","8.6%","42","7.8%","29","3.6%","470","5.6%","25","5.2%","341","5.7%","17","11.3%","11","4.6%","11","3.8%","45","5.8%","153","5.1%","621","5.5%","143","5.1%","89","6.2%","76","8.2%","10","5.0%","194","6.5%","355","7.5%","167","8.7%","1,040","7.5%","3","5.3%","9","6.4%","15","5.8%","617","5.6%","5","12.8%","266","8.2%","505","7.3%","16","4.6%","192","5.6%","161","6.4%","51","7.8%"
"Female population 10 to 14 years","7","7.4%","781","4.6%","8","4.5%","38","5.2%","139","8.3%","230","8.1%","62","5.2%","1,247","8.6%","771","9.2%","38","5.6%","336","7.4%","87","5.7%","351","7.4%","146","7.3%","28","4.6%","146","8.7%","55","4.3%","28","3.3%","7","9.2%","372","6.6%","21","7.3%","977","7.7%","33","5.1%","21","8.7%","330","6.5%","11","4.3%","119","6.1%","6","6.9%","267","7.0%","23","5.8%","2,512","6.6%","440","7.1%","239","6.6%","125","7.2%","578","7.9%","146","7.9%","54","11.4%","1,693","6.4%","272","9.1%","511","7.5%","265","7.4%","21","3.9%","18","2.3%","477","5.6%","31","6.4%","391","6.6%","5","3.3%","10","4.2%","14","4.9%","52","6.7%","180","6.0%","737","6.5%","202","7.2%","111","7.8%","69","7.5%","13","6.5%","224","7.5%","402","8.5%","166","8.6%","1,095","7.9%","3","5.3%","7","5.0%","22","8.5%","646","5.8%","4","10.3%","307","9.5%","535","7.7%","16","4.6%","262","7.6%","150","6.0%","47","7.2%"
"Female population 15 to 19 years","1","1.1%","1,763","10.4%","7","3.9%","28","3.8%","106","6.3%","207","7.3%","58","4.9%","967","6.7%","586","7.0%","50","7.4%","277","6.1%","82","5.4%","304","6.4%","124","6.2%","27","4.5%","86","5.1%","43","3.4%","21","2.5%","4","5.3%","386","6.8%","16","5.6%","923","7.3%","56","8.7%","8","3.3%","307","6.0%","11","4.3%","99","5.1%","2","2.3%","189","4.9%","19","4.8%","2,202","5.7%","387","6.2%","249","6.9%","118","6.8%","477","6.5%","99","5.3%","49","10.4%","1,762","6.7%","221","7.4%","466","6.8%","202","5.6%","26","4.8%","26","3.3%","367","4.3%","32","6.6%","437","7.4%","0","0.0%","17","7.1%","18","6.3%","44","5.6%","152","5.1%","727","6.4%","110","3.9%","90","6.3%","55","5.9%","16","8.0%","174","5.8%","314","6.6%","137","7.1%","1,013","7.3%","2","3.5%","6","4.3%","14","5.4%","531","4.8%","3","7.7%","265","8.2%","470","6.8%","11","3.2%","219","6.4%","154","6.2%","33","5.0%"
"Female population 20 to 24 years","2","2.1%","3,142","18.6%","7","3.9%","26","3.6%","77","4.6%","116","4.1%","42","3.5%","810","5.6%","456","5.4%","28","4.1%","212","4.7%","47","3.1%","229","4.8%","69","3.5%","18","3.0%","70","4.2%","37","2.9%","23","2.7%","8","10.5%","190","3.4%","12","4.2%","709","5.6%","66","10.2%","13","5.4%","278","5.5%","9","3.5%","63","3.2%","2","2.3%","120","3.1%","17","4.3%","2,271","5.9%","256","4.1%","297","8.2%","86","5.0%","312","4.3%","64","3.5%","8","1.7%","1,678","6.4%","93","3.1%","326","4.8%","175","4.9%","29","5.4%","50","6.3%","332","3.9%","19","3.9%","352","5.9%","3","2.0%","12","5.0%","6","2.1%","20","2.6%","116","3.9%","634","5.6%","100","3.6%","56","3.9%","40","4.3%","14","7.0%","104","3.5%","226","4.8%","68","3.5%","854","6.2%","4","7.0%","9","6.4%","7","2.7%","570","5.1%","1","2.6%","128","4.0%","357","5.2%","11","3.2%","120","3.5%","85","3.4%","19","2.9%"
"Female population 25 to 29 years","8","8.4%","1,478","8.7%","9","5.1%","27","3.7%","63","3.8%","144","5.1%","44","3.7%","943","6.5%","577","6.9%","24","3.6%","309","6.8%","67","4.4%","250","5.3%","98","4.9%","25","4.1%","78","4.7%","54","4.3%","40","4.7%","1","1.3%","278","4.9%","18","6.3%","661","5.2%","39","6.0%","6","2.5%","232","4.6%","4","1.6%","87","4.5%","3","3.4%","175","4.6%","16","4.0%","2,673","7.0%","254","4.1%","240","6.6%","79","4.6%","342","4.7%","87","4.7%","27","5.7%","1,802","6.8%","172","5.7%","354","5.2%","181","5.0%","24","4.5%","48","6.0%","368","4.4%","17","3.5%","334","5.6%","11","7.3%","12","5.0%","6","2.1%","32","4.1%","154","5.1%","645","5.7%","88","3.2%","51","3.6%","52","5.6%","14","7.0%","146","4.9%","285","6.0%","77","4.0%","908","6.6%","3","5.3%","6","4.3%","9","3.5%","883","8.0%","4","10.3%","149","4.6%","377","5.5%","12","3.5%","175","5.1%","112","4.5%","25","3.8%"
"Female population 30 to 34 years","8","8.4%","1,118","6.6%","14","7.9%","22","3.0%","79","4.7%","167","5.9%","59","4.9%","1,050","7.2%","665","7.9%","33","4.9%","333","7.3%","67","4.4%","307","6.5%","115","5.8%","28","4.6%","100","6.0%","71","5.6%","36","4.3%","3","3.9%","359","6.4%","14","4.9%","710","5.6%","19","2.9%","10","4.1%","269","5.3%","8","3.1%","107","5.5%","1","1.1%","214","5.6%","16","4.0%","2,761","7.2%","407","6.5%","290","8.0%","93","5.4%","392","5.4%","114","6.2%","22","4.7%","1,800","6.8%","227","7.6%","457","6.7%","281","7.8%","26","4.8%","74","9.3%","462","5.5%","26","5.4%","331","5.6%","11","7.3%","9","3.8%","13","4.5%","34","4.4%","151","5.0%","682","6.0%","116","4.2%","89","6.2%","53","5.7%","14","7.0%","194","6.5%","314","6.6%","112","5.8%","1,002","7.3%","2","3.5%","2","1.4%","8","3.1%","864","7.8%","3","7.7%","196","6.1%","458","6.6%","16","4.6%","180","5.2%","125","5.0%","34","5.2%"
"Female population 35 to 39 years","3","3.2%","963","5.7%","8","4.5%","31","4.2%","86","5.1%","194","6.9%","59","4.9%","1,082","7.4%","701","8.3%","26","3.9%","304","6.7%","87","5.7%","321","6.7%","125","6.3%","39","6.4%","91","5.4%","64","5.0%","38","4.5%","0","0.0%","374","6.6%","24","8.4%","794","6.3%","44","6.8%","12","5.0%","267","5.3%","6","2.3%","106","5.4%","8","9.2%","222","5.8%","20","5.0%","2,550","6.6%","462","7.4%","230","6.4%","108","6.3%","426","5.8%","116","6.3%","27","5.7%","1,790","6.8%","243","8.1%","486","7.1%","271","7.5%","28","5.2%","88","11.0%","504","6.0%","26","5.4%","363","6.1%","12","7.9%","13","5.4%","14","4.9%","56","7.2%","161","5.4%","703","6.2%","175","6.3%","107","7.5%","71","7.7%","7","3.5%","230","7.7%","324","6.9%","132","6.8%","1,042","7.5%","7","12.3%","13","9.3%","27","10.4%","924","8.3%","0","0.0%","255","7.9%","445","6.4%","24","7.0%","207","6.0%","148","5.9%","37","5.6%"
"Female population 40 to 44 years","1","1.1%","808","4.8%","6","3.4%","45","6.1%","114","6.8%","153","5.4%","76","6.4%","924","6.4%","566","6.7%","54","8.0%","288","6.4%","89","5.8%","290","6.1%","131","6.6%","24","4.0%","86","5.1%","45","3.5%","40","4.7%","3","3.9%","322","5.7%","15","5.2%","652","5.2%","26","4.0%","8","3.3%","246","4.8%","13","5.1%","104","5.3%","3","3.4%","183","4.8%","27","6.8%","2,170","5.7%","439","7.1%","177","4.9%","86","5.0%","520","7.1%","105","5.7%","40","8.5%","1,582","6.0%","195","6.5%","469","6.9%","234","6.5%","34","6.3%","58","7.3%","413","4.9%","18","3.7%","332","5.6%","8","5.3%","12","5.0%","21","7.3%","36","4.6%","163","5.4%","695","6.1%","154","5.5%","61","4.3%","52","5.6%","23","11.5%","205","6.8%","373","7.9%","134","6.9%","944","6.8%","1","1.8%","8","5.7%","20","7.7%","857","7.7%","1","2.6%","224","6.9%","462","6.7%","15","4.3%","190","5.5%","143","5.7%","38","5.8%"
"Female population 45 to 49 years","3","3.2%","682","4.0%","13","7.3%","51","7.0%","94","5.6%","124","4.4%","54","4.5%","844","5.8%","498","5.9%","41","6.1%","267","5.9%","65","4.2%","267","5.6%","114","5.7%","39","6.4%","75","4.5%","66","5.2%","35","4.1%","3","3.9%","304","5.4%","19","6.6%","679","5.4%","19","2.9%","18","7.4%","287","5.6%","16","6.3%","108","5.5%","3","3.4%","202","5.3%","34","8.5%","1,945","5.1%","465","7.5%","193","5.3%","114","6.6%","437","6.0%","109","5.9%","23","4.9%","1,411","5.3%","187","6.2%","417","6.1%","185","5.2%","19","3.5%","57","7.1%","423","5.0%","27","5.6%","310","5.2%","12","7.9%","8","3.3%","14","4.9%","34","4.4%","170","5.7%","587","5.2%","150","5.4%","97","6.8%","65","7.0%","3","1.5%","207","6.9%","265","5.6%","120","6.2%","815","5.9%","5","8.8%","8","5.7%","14","5.4%","746","6.7%","0","0.0%","167","5.2%","438","6.3%","23","6.7%","199","5.8%","118","4.7%","28","4.3%"
"Female population 50 to 54 years","9","9.5%","688","4.1%","14","7.9%","46","6.3%","104","6.2%","134","4.7%","62","5.2%","749","5.2%","441","5.2%","34","5.0%","251","5.5%","88","5.7%","320","6.7%","120","6.0%","46","7.6%","73","4.4%","85","6.7%","49","5.8%","4","5.3%","305","5.4%","20","7.0%","680","5.4%","32","5.0%","15","6.2%","247","4.9%","12","4.7%","106","5.4%","3","3.4%","230","6.0%","26","6.5%","2,068","5.4%","447","7.2%","169","4.7%","107","6.2%","403","5.5%","96","5.2%","35","7.4%","1,389","5.3%","178","5.9%","409","6.0%","200","5.6%","14","2.6%","42","5.3%","503","6.0%","24","5.0%","304","5.1%","19","12.6%","21","8.8%","27","9.4%","45","5.8%","195","6.5%","595","5.3%","167","6.0%","97","6.8%","43","4.6%","9","4.5%","168","5.6%","276","5.8%","86","4.5%","727","5.3%","3","5.3%","9","6.4%","14","5.4%","692","6.2%","5","12.8%","142","4.4%","394","5.7%","14","4.1%","200","5.8%","155","6.2%","39","5.9%"
"Female population 55 to 59 years","10","10.5%","739","4.4%","13","7.3%","70","9.6%","116","6.9%","173","6.1%","84","7.0%","943","6.5%","528","6.3%","51","7.6%","304","6.7%","136","8.9%","314","6.6%","127","6.4%","36","6.0%","133","7.9%","104","8.2%","91","10.8%","2","2.6%","392","6.9%","21","7.3%","848","6.7%","38","5.9%","11","4.5%","358","7.0%","21","8.2%","146","7.5%","4","4.6%","284","7.4%","26","6.5%","2,594","6.8%","468","7.5%","214","5.9%","122","7.1%","449","6.1%","138","7.4%","12","2.5%","1,669","6.3%","200","6.7%","455","6.7%","260","7.2%","51","9.5%","57","7.1%","694","8.2%","27","5.6%","388","6.5%","23","15.2%","13","5.4%","28","9.8%","70","9.0%","221","7.4%","723","6.4%","238","8.5%","99","6.9%","78","8.4%","8","4.0%","202","6.7%","299","6.3%","131","6.8%","799","5.8%","6","10.5%","13","9.3%","26","10.0%","691","6.2%","1","2.6%","165","5.1%","496","7.2%","30","8.7%","233","6.8%","190","7.6%","54","8.2%"
"Female population 60 to 64 years","12","12.6%","875","5.2%","12","6.7%","74","10.1%","124","7.4%","177","6.3%","104","8.7%","962","6.6%","526","6.3%","49","7.3%","320","7.1%","141","9.2%","367","7.7%","171","8.6%","47","7.8%","155","9.3%","118","9.3%","100","11.8%","7","9.2%","465","8.2%","19","6.6%","866","6.8%","55","8.5%","20","8.3%","429","8.4%","26","10.2%","180","9.2%","10","11.5%","328","8.6%","39","9.8%","2,650","6.9%","475","7.6%","197","5.4%","135","7.8%","594","8.1%","185","10.0%","32","6.8%","1,739","6.6%","216","7.2%","499","7.3%","267","7.4%","39","7.2%","60","7.5%","780","9.2%","54","11.2%","437","7.4%","19","12.6%","22","9.2%","24","8.4%","62","8.0%","251","8.4%","844","7.5%","291","10.4%","121","8.5%","79","8.5%","8","4.0%","224","7.5%","340","7.2%","150","7.8%","890","6.4%","1","1.8%","9","6.4%","33","12.7%","762","6.9%","6","15.4%","247","7.7%","462","6.7%","31","9.0%","271","7.9%","213","8.5%","59","9.0%"
"Female population 65 to 69 years","2","2.1%","789","4.7%","7","3.9%","90","12.3%","121","7.2%","181","6.4%","114","9.6%","774","5.3%","342","4.1%","57","8.4%","259","5.7%","153","10.0%","261","5.5%","147","7.4%","73","12.1%","114","6.8%","113","8.9%","104","12.3%","13","17.1%","439","7.8%","22","7.7%","870","6.9%","49","7.6%","21","8.7%","358","7.0%","25","9.8%","171","8.8%","12","13.8%","340","8.9%","45","11.3%","2,287","6.0%","357","5.7%","206","5.7%","122","7.1%","517","7.1%","122","6.6%","22","4.7%","1,506","5.7%","158","5.3%","403","5.9%","249","6.9%","64","11.9%","49","6.1%","755","8.9%","49","10.2%","418","7.0%","5","3.3%","30","12.6%","24","8.4%","67","8.6%","245","8.2%","811","7.2%","301","10.8%","116","8.1%","55","5.9%","22","11.0%","233","7.8%","267","5.7%","103","5.3%","694","5.0%","8","14.0%","17","12.1%","13","5.0%","639","5.8%","1","2.6%","200","6.2%","400","5.8%","41","11.9%","232","6.8%","204","8.2%","51","7.8%"
"Female population 70 to 74 years","9","9.5%","583","3.4%","11","6.2%","50","6.8%","93","5.6%","174","6.1%","86","7.2%","482","3.3%","212","2.5%","47","7.0%","171","3.8%","115","7.5%","204","4.3%","102","5.1%","42","6.9%","83","5.0%","102","8.0%","64","7.6%","2","2.6%","346","6.1%","15","5.2%","629","5.0%","38","5.9%","24","9.9%","331","6.5%","38","14.8%","130","6.7%","10","11.5%","268","7.0%","17","4.3%","1,866","4.9%","281","4.5%","152","4.2%","90","5.2%","390","5.3%","90","4.9%","20","4.2%","1,149","4.4%","109","3.6%","325","4.8%","134","3.7%","25","4.6%","38","4.8%","588","7.0%","44","9.1%","327","5.5%","1","0.7%","10","4.2%","30","10.5%","68","8.7%","177","5.9%","596","5.3%","205","7.3%","79","5.5%","47","5.1%","16","8.0%","143","4.8%","174","3.7%","79","4.1%","476","3.4%","3","5.3%","5","3.6%","5","1.9%","522","4.7%","1","2.6%","128","4.0%","279","4.0%","27","7.8%","205","6.0%","151","6.0%","29","4.4%"
"Female population 75 to 79 years","7","7.4%","347","2.1%","11","6.2%","55","7.5%","80","4.8%","89","3.1%","66","5.5%","301","2.1%","100","1.2%","40","5.9%","131","2.9%","74","4.8%","142","3.0%","57","2.9%","26","4.3%","48","2.9%","77","6.1%","64","7.6%","4","5.3%","219","3.9%","13","4.5%","364","2.9%","38","5.9%","19","7.9%","236","4.6%","12","4.7%","91","4.7%","1","1.1%","162","4.2%","16","4.0%","1,336","3.5%","141","2.3%","91","2.5%","46","2.7%","240","3.3%","56","3.0%","14","3.0%","815","3.1%","41","1.4%","167","2.4%","82","2.3%","19","3.5%","36","4.5%","446","5.3%","34","7.1%","224","3.8%","0","0.0%","12","5.0%","11","3.8%","35","4.5%","150","5.0%","457","4.0%","129","4.6%","43","3.0%","22","2.4%","3","1.5%","108","3.6%","108","2.3%","52","2.7%","291","2.1%","1","1.8%","4","2.9%","3","1.2%","331","3.0%","1","2.6%","77","2.4%","186","2.7%","22","6.4%","142","4.1%","103","4.1%","19","2.9%"
"Female population 80 to 84 years","2","2.1%","237","1.4%","11","6.2%","18","2.5%","39","2.3%","88","3.1%","48","4.0%","186","1.3%","48","0.6%","14","2.1%","70","1.5%","47","3.1%","95","2.0%","58","2.9%","12","2.0%","28","1.7%","43","3.4%","32","3.8%","0","0.0%","141","2.5%","8","2.8%","282","2.2%","20","3.1%","5","2.1%","192","3.8%","16","6.3%","75","3.8%","5","5.7%","125","3.3%","5","1.3%","900","2.3%","78","1.3%","41","1.1%","37","2.1%","147","2.0%","47","2.5%","10","2.1%","622","2.4%","29","1.0%","100","1.5%","54","1.5%","26","4.8%","21","2.6%","234","2.8%","11","2.3%","133","2.2%","0","0.0%","10","4.2%","8","2.8%","25","3.2%","98","3.3%","300","2.7%","56","2.0%","26","1.8%","19","2.1%","4","2.0%","49","1.6%","61","1.3%","41","2.1%","186","1.3%","5","8.8%","7","5.0%","12","4.6%","132","1.2%","1","2.6%","39","1.2%","99","1.4%","16","4.6%","105","3.1%","93","3.7%","29","4.4%"
"Female population 85 years and over","3","3.2%","284","1.7%","9","5.1%","13","1.8%","33","2.0%","72","2.5%","63","5.3%","156","1.1%","36","0.4%","16","2.4%","70","1.5%","39","2.5%","94","2.0%","41","2.1%","15","2.5%","22","1.3%","36","2.8%","24","2.8%","2","2.6%","163","2.9%","5","1.7%","285","2.3%","3","0.5%","4","1.7%","210","4.1%","10","3.9%","52","2.7%","2","2.3%","123","3.2%","7","1.8%","1,009","2.6%","41","0.7%","26","0.7%","56","3.2%","112","1.5%","30","1.6%","7","1.5%","807","3.1%","13","0.4%","77","1.1%","34","0.9%","23","4.3%","19","2.4%","247","2.9%","8","1.7%","183","3.1%","1","0.7%","6","2.5%","4","1.4%","24","3.1%","103","3.4%","403","3.6%","53","1.9%","15","1.0%","11","1.2%","4","2.0%","46","1.5%","43","0.9%","45","2.3%","204","1.5%","0","0.0%","6","4.3%","10","3.9%","144","1.3%","0","0.0%","41","1.3%","114","1.6%","3","0.9%","139","4.0%","70","2.8%","22","3.4%"
"Selected Age Categories","","","","","","","","","","","","","","","","","","","","","","","","","","","","","","","","","","","","","","","","","","","","","","","","","","","","","","","","","","","","","","","","","","","","","","","","","","","","","","","","","","","","","","","","","","","","","","","","","","","","","","","","","","","","","","","","","","","","","","","","","","","","","","","","","","","","","","","","","","","","","",""
"16 years and over","80","84.2%","14,350","84.8%","151","84.8%","638","87.2%","1,309","78.3%","2,139","75.6%","1,004","84.2%","10,932","75.2%","6,135","72.9%","556","82.4%","3,499","77.2%","1,275","83.3%","3,684","77.4%","1,579","79.0%","485","80.2%","1,226","73.2%","1,045","82.3%","752","89.1%","56","73.7%","4,620","81.8%","238","82.9%","9,803","77.4%","539","83.4%","192","79.3%","4,183","82.3%","222","86.7%","1,598","81.9%","69","79.3%","3,107","81.0%","328","82.0%","30,769","80.2%","4,860","78.1%","2,729","75.4%","1,375","79.6%","5,637","77.1%","1,434","77.4%","338","71.6%","21,168","80.2%","2,227","74.2%","5,319","78.0%","2,757","76.8%","439","81.4%","718","89.9%","7,032","83.3%","406","84.2%","4,798","80.9%","125","82.8%","204","85.4%","242","84.6%","645","82.8%","2,472","82.3%","9,284","82.1%","2,302","82.4%","1,125","78.6%","728","78.7%","163","81.5%","2,383","79.4%","3,605","76.3%","1,440","74.6%","10,626","76.9%","51","89.5%","121","86.4%","215","83.0%","9,147","82.5%","26","66.7%","2,366","73.4%","5,325","77.0%","290","84.1%","2,761","80.4%","2,017","80.7%","513","78.2%"
"18 years and over","79","83.2%","14,047","83.0%","151","84.8%","631","86.2%","1,255","75.1%","2,040","72.1%","981","82.3%","10,538","72.5%","5,891","70.0%","527","78.1%","3,379","74.5%","1,237","80.8%","3,558","74.8%","1,531","76.6%","479","79.2%","1,179","70.4%","1,023","80.6%","744","88.2%","53","69.7%","4,479","79.3%","230","80.1%","9,429","74.5%","514","79.6%","190","78.5%","4,057","79.8%","218","85.2%","1,562","80.1%","67","77.0%","3,041","79.3%","320","80.0%","29,883","77.9%","4,699","75.5%","2,639","73.0%","1,315","76.1%","5,419","74.1%","1,385","74.7%","310","65.7%","20,490","77.6%","2,131","71.0%","5,096","74.7%","2,681","74.7%","430","79.8%","705","88.2%","6,851","81.1%","394","81.7%","4,645","78.3%","125","82.8%","195","81.6%","231","80.8%","625","80.2%","2,408","80.2%","8,999","79.5%","2,252","80.6%","1,098","76.7%","708","76.5%","155","77.5%","2,309","77.0%","3,456","73.2%","1,382","71.6%","10,248","74.2%","50","87.7%","120","85.7%","210","81.1%","8,941","80.6%","26","66.7%","2,231","69.2%","5,120","74.1%","286","82.9%","2,660","77.4%","1,938","77.5%","494","75.3%"
"21 years and over","78","82.1%","11,926","70.5%","145","81.5%","609","83.2%","1,202","71.9%","1,954","69.0%","947","79.4%","10,014","68.9%","5,601","66.6%","513","76.0%","3,260","71.9%","1,208","78.9%","3,413","71.7%","1,459","73.0%","463","76.5%","1,147","68.5%","1,011","79.6%","736","87.2%","50","65.8%","4,243","75.1%","223","77.7%","8,880","70.1%","450","69.7%","185","76.4%","3,858","75.9%","216","84.4%","1,509","77.3%","67","77.0%","2,948","76.9%","307","76.8%","28,663","74.7%","4,508","72.5%","2,453","67.8%","1,249","72.3%","5,226","71.5%","1,350","72.9%","299","63.3%","19,398","73.5%","2,049","68.2%","4,878","71.5%","2,576","71.8%","415","77.0%","692","86.6%","6,680","79.1%","382","79.3%","4,338","73.1%","124","82.1%","183","76.6%","227","79.4%","604","77.5%","2,320","77.3%","8,524","75.3%","2,186","78.3%","1,050","73.4%","676","73.1%","144","72.0%","2,225","74.2%","3,299","69.8%","1,318","68.3%","9,677","70.0%","46","80.7%","114","81.4%","196","75.7%","8,664","78.1%","25","64.1%","2,138","66.3%","4,915","71.1%","281","81.4%","2,550","74.2%","1,894","75.8%","479","73.0%"
"62 years and over","27","28.4%","2,782","16.4%","53","29.8%","286","39.1%","430","25.7%","709","25.0%","445","37.3%","2,446","16.8%","1,022","12.2%","208","30.8%","883","19.5%","513","33.5%","1,017","21.4%","490","24.5%","199","32.9%","387","23.1%","444","35.0%","351","41.6%","24","31.6%","1,600","28.3%","74","25.8%","2,938","23.2%","185","28.6%","85","35.1%","1,592","31.3%","111","43.4%","623","31.9%","37","42.5%","1,219","31.8%","118","29.5%","8,974","23.4%","1,189","19.1%","629","17.4%","427","24.7%","1,792","24.5%","454","24.5%","96","20.3%","5,971","22.6%","485","16.2%","1,355","19.9%","704","19.6%","190","35.3%","200","25.0%","2,744","32.5%","171","35.5%","1,544","26.0%","18","11.9%","78","32.6%","91","31.8%","249","32.0%","919","30.6%","3,093","27.3%","905","32.4%","365","25.5%","205","22.2%","52","26.0%","713","23.8%","851","18.0%","417","21.6%","2,362","17.1%","17","29.8%","43","30.7%","60","23.2%","2,222","20.0%","8","20.5%","644","20.0%","1,351","19.5%","120","34.8%","977","28.4%","743","29.7%","197","30.0%"
"65 years and over","23","24.2%","2,240","13.2%","49","27.5%","226","30.9%","366","21.9%","604","21.3%","377","31.6%","1,899","13.1%","738","8.8%","174","25.8%","701","15.5%","428","28.0%","796","16.7%","405","20.3%","168","27.8%","295","17.6%","371","29.2%","288","34.1%","21","27.6%","1,308","23.2%","63","22.0%","2,430","19.2%","148","22.9%","73","30.2%","1,327","26.1%","101","39.5%","519","26.6%","30","34.5%","1,018","26.5%","90","22.5%","7,398","19.3%","898","14.4%","516","14.3%","351","20.3%","1,406","19.2%","345","18.6%","73","15.5%","4,899","18.6%","350","11.7%","1,072","15.7%","553","15.4%","157","29.1%","163","20.4%","2,270","26.9%","146","30.3%","1,285","21.7%","7","4.6%","68","28.5%","77","26.9%","219","28.1%","773","25.7%","2,567","22.7%","744","26.6%","279","19.5%","154","16.6%","49","24.5%","579","19.3%","653","13.8%","320","16.6%","1,851","13.4%","17","29.8%","39","27.9%","43","16.6%","1,768","15.9%","4","10.3%","485","15.0%","1,078","15.6%","109","31.6%","823","24.0%","621","24.8%","150","22.9%"
"MEDIAN AGE BY SEX","","","","","","","","","","","","","","","","","","","","","","","","","","","","","","","","","","","","","","","","","","","","","","","","","","","","","","","","","","","","","","","","","","","","","","","","","","","","","","","","","","","","","","","","","","","","","","","","","","","","","","","","","","","","","","","","","","","","","","","","","","","","","","","","","","","","","","","","","","","","","",""
"Both sexes","52.7","(X)","28.1","(X)","50.5","(X)","55.9","(X)","42.5","(X)","38.9","(X)","50.0","(X)","35.2","(X)","34.2","(X)","46.6","(X)","36.9","(X)","50.3","(X)","39.5","(X)","42.1","(X)","48.2","(X)","39.0","(X)","52.2","(X)","58.1","(X)","50.0","(X)","42.6","(X)","46.8","(X)","37.6","(X)","40.6","(X)","53.6","(X)","44.9","(X)","56.9","(X)","47.7","(X)","54.5","(X)","47.9","(X)","48.2","(X)","38.2","(X)","40.5","(X)","31.6","(X)","40.8","(X)","41.0","(X)","42.7","(X)","35.6","(X)","37.4","(X)","36.3","(X)","38.5","(X)","38.0","(X)","47.4","(X)","44.5","(X)","49.1","(X)","53.6","(X)","40.8","(X)","46.6","(X)","52.1","(X)","54.0","(X)","50.2","(X)","47.5","(X)","41.2","(X)","51.5","(X)","43.4","(X)","40.2","(X)","40.7","(X)","42.1","(X)","37.4","(X)","38.5","(X)","35.6","(X)","48.9","(X)","48.9","(X)","46.2","(X)","39.8","(X)","47.5","(X)","36.8","(X)","37.5","(X)","51.3","(X)","43.4","(X)","45.3","(X)","45.2","(X)"
"Male","52.1","(X)","27.9","(X)","52.5","(X)","56.8","(X)","41.3","(X)","38.9","(X)","47.5","(X)","34.8","(X)","34.7","(X)","46.5","(X)","36.2","(X)","49.1","(X)","39.3","(X)","41.0","(X)","46.4","(X)","39.6","(X)","52.1","(X)","57.5","(X)","53.0","(X)","40.9","(X)","48.4","(X)","36.4","(X)","41.6","(X)","55.4","(X)","43.1","(X)","52.6","(X)","45.9","(X)","53.8","(X)","47.4","(X)","48.9","(X)","37.3","(X)","40.1","(X)","30.3","(X)","39.8","(X)","40.9","(X)","43.0","(X)","35.3","(X)","36.4","(X)","36.5","(X)","37.9","(X)","37.7","(X)","47.4","(X)","47.8","(X)","47.7","(X)","55.8","(X)","40.4","(X)","46.6","(X)","54.8","(X)","55.8","(X)","49.5","(X)","46.8","(X)","40.0","(X)","51.2","(X)","44.0","(X)","40.0","(X)","41.7","(X)","42.1","(X)","37.2","(X)","38.2","(X)","35.4","(X)","50.0","(X)","48.4","(X)","47.2","(X)","39.7","(X)","58.5","(X)","36.9","(X)","36.4","(X)","50.1","(X)","42.0","(X)","44.4","(X)","45.2","(X)"
"Female","54.4","(X)","28.6","(X)","49.8","(X)","55.4","(X)","43.5","(X)","39.0","(X)","52.3","(X)","35.6","(X)","33.4","(X)","46.7","(X)","38.1","(X)","51.4","(X)","39.7","(X)","43.0","(X)","49.1","(X)","38.5","(X)","52.2","(X)","58.7","(X)","43.0","(X)","44.1","(X)","43.8","(X)","38.8","(X)","38.9","(X)","48.8","(X)","47.4","(X)","59.5","(X)","48.7","(X)","55.5","(X)","48.4","(X)","47.4","(X)","39.3","(X)","40.9","(X)","32.9","(X)","43.2","(X)","41.1","(X)","42.3","(X)","36.1","(X)","38.5","(X)","36.2","(X)","39.0","(X)","38.2","(X)","47.4","(X)","42.3","(X)","50.2","(X)","51.9","(X)","41.2","(X)","46.5","(X)","51.1","(X)","52.6","(X)","50.8","(X)","48.0","(X)","42.4","(X)","51.8","(X)","42.9","(X)","40.7","(X)","39.5","(X)","42.1","(X)","37.6","(X)","39.2","(X)","35.8","(X)","48.5","(X)","50.0","(X)","45.1","(X)","39.8","(X)","32.2","(X)","36.7","(X)","38.7","(X)","52.9","(X)","45.2","(X)","46.9","(X)","45.2","(X)"
"RACE","","","","","","","","","","","","","","","","","","","","","","","","","","","","","","","","","","","","","","","","","","","","","","","","","","","","","","","","","","","","","","","","","","","","","","","","","","","","","","","","","","","","","","","","","","","","","","","","","","","","","","","","","","","","","","","","","","","","","","","","","","","","","","","","","","","","","","","","","","","","","",""
"Total population","214","100.0%","34,909","100.0%","358","100.0%","1,585","100.0%","3,372","100.0%","5,662","100.0%","2,487","100.0%","29,506","100.0%","17,520","100.0%","1,405","100.0%","9,903","100.0%","3,229","100.0%","9,699","100.0%","4,052","100.0%","1,213","100.0%","3,415","100.0%","2,553","100.0%","1,783","100.0%","146","100.0%","11,100","100.0%","624","100.0%","25,581","100.0%","1,310","100.0%","487","100.0%","10,701","100.0%","487","100.0%","3,958","100.0%","176","100.0%","7,589","100.0%","858","100.0%","76,510","100.0%","12,714","100.0%","7,725","100.0%","3,563","100.0%","14,817","100.0%","3,790","100.0%","974","100.0%","52,542","100.0%","6,195","100.0%","13,786","100.0%","7,432","100.0%","1,056","100.0%","1,411","100.0%","16,643","100.0%","968","100.0%","11,700","100.0%","313","100.0%","494","100.0%","616","100.0%","1,560","100.0%","5,935","100.0%","22,274","100.0%","5,669","100.0%","2,978","100.0%","2,010","100.0%","441","100.0%","6,277","100.0%","9,652","100.0%","3,816","100.0%","28,344","100.0%","127","100.0%","333","100.0%","557","100.0%","22,695","100.0%","79","100.0%","6,520","100.0%","13,930","100.0%","742","100.0%","6,943","100.0%","5,492","100.0%","1,346","100.0%"
"One Race","196","91.6%","32,066","91.9%","337","94.1%","1,493","94.2%","3,175","94.2%","5,288","93.4%","2,358","94.8%","27,580","93.5%","16,399","93.6%","1,322","94.1%","8,914","90.0%","3,049","94.4%","9,099","93.8%","3,823","94.3%","1,182","97.4%","3,269","95.7%","2,457","96.2%","1,707","95.7%","131","89.7%","10,334","93.1%","576","92.3%","23,793","93.0%","1,258","96.0%","480","98.6%","10,065","94.1%","453","93.0%","3,730","94.2%","154","87.5%","7,190","94.7%","817","95.2%","68,178","89.1%","11,753","92.4%","6,993","90.5%","3,275","91.9%","14,132","95.4%","3,603","95.1%","946","97.1%","48,505","92.3%","5,692","91.9%","12,784","92.7%","7,008","94.3%","1,011","95.7%","1,344","95.3%","15,780","94.8%","897","92.7%","10,903","93.2%","306","97.8%","475","96.2%","595","96.6%","1,448","92.8%","5,582","94.1%","20,910","93.9%","5,389","95.1%","2,851","95.7%","1,880","93.5%","393","89.1%","5,930","94.5%","8,708","90.2%","3,461","90.7%","25,489","89.9%","119","93.7%","284","85.3%","527","94.6%","20,593","90.7%","59","74.7%","6,282","96.3%","12,987","93.2%","709","95.6%","6,404","92.2%","5,216","95.0%","1,282","95.2%"
"One Race White","184","86.0%","28,952","82.9%","322","89.9%","1,460","92.1%","2,947","87.4%","5,070","89.5%","2,254","90.6%","25,236","85.5%","15,526","88.6%","1,270","90.4%","7,749","78.2%","2,938","91.0%","8,621","88.9%","3,745","92.4%","1,167","96.2%","3,208","93.9%","2,417","94.7%","1,659","93.0%","120","82.2%","9,489","85.5%","541","86.7%","15,429","60.3%","1,231","94.0%","477","97.9%","9,405","87.9%","441","90.6%","3,630","91.7%","148","84.1%","6,981","92.0%","790","92.1%","60,258","78.8%","11,045","86.9%","6,284","81.3%","3,011","84.5%","13,568","91.6%","3,480","91.8%","923","94.8%","45,087","85.8%","5,437","87.8%","12,097","87.7%","6,698","90.1%","999","94.6%","1,289","91.4%","15,370","92.4%","871","90.0%","10,326","88.3%","305","97.4%","467","94.5%","582","94.5%","1,388","89.0%","5,301","89.3%","19,995","89.8%","5,269","92.9%","2,736","91.9%","1,787","88.9%","358","81.2%","5,641","89.9%","8,022","83.1%","3,280","86.0%","22,713","80.1%","116","91.3%","258","77.5%","504","90.5%","18,648","82.2%","50","63.3%","6,151","94.3%","11,856","85.1%","690","93.0%","5,910","85.1%","4,941","90.0%","1,256","93.3%"
"One Race Black or African American","1","0.5%","423","1.2%","3","0.8%","5","0.3%","6","0.2%","10","0.2%","6","0.2%","152","0.5%","87","0.5%","4","0.3%","127","1.3%","9","0.3%","32","0.3%","9","0.2%","0","0.0%","0","0.0%","0","0.0%","3","0.2%","0","0.0%","60","0.5%","3","0.5%","126","0.5%","4","0.3%","1","0.2%","71","0.7%","1","0.2%","12","0.3%","0","0.0%","26","0.3%","0","0.0%","2,000","2.6%","128","1.0%","326","4.2%","18","0.5%","35","0.2%","4","0.1%","1","0.1%","595","1.1%","27","0.4%","118","0.9%","51","0.7%","0","0.0%","6","0.4%","30","0.2%","5","0.5%","26","0.2%","0","0.0%","2","0.4%","2","0.3%","3","0.2%","12","0.2%","90","0.4%","12","0.2%","13","0.4%","5","0.2%","1","0.2%","12","0.2%","31","0.3%","32","0.8%","301","1.1%","0","0.0%","2","0.6%","0","0.0%","55","0.2%","0","0.0%","6","0.1%","60","0.4%","1","0.1%","11","0.2%","26","0.5%","4","0.3%"
"One Race American Indian and Alaska Native","2","0.9%","387","1.1%","2","0.6%","6","0.4%","41","1.2%","76","1.3%","37","1.5%","427","1.4%","199","1.1%","8","0.6%","170","1.7%","17","0.5%","67","0.7%","23","0.6%","5","0.4%","35","1.0%","14","0.5%","8","0.4%","6","4.1%","536","4.8%","10","1.6%","7,630","29.8%","9","0.7%","0","0.0%","102","1.0%","7","1.4%","38","1.0%","6","3.4%","71","0.9%","3","0.3%","961","1.3%","74","0.6%","66","0.9%","22","0.6%","72","0.5%","35","0.9%","3","0.3%","787","1.5%","42","0.7%","154","1.1%","70","0.9%","7","0.7%","23","1.6%","78","0.5%","10","1.0%","67","0.6%","0","0.0%","0","0.0%","6","1.0%","21","1.3%","46","0.8%","267","1.2%","47","0.8%","65","2.2%","12","0.6%","5","1.1%","33","0.5%","95","1.0%","31","0.8%","303","1.1%","1","0.8%","3","0.9%","1","0.2%","184","0.8%","0","0.0%","30","0.5%","161","1.2%","7","0.9%","70","1.0%","89","1.6%","8","0.6%"
"One Race Asian","5","2.3%","1,026","2.9%","2","0.6%","8","0.5%","14","0.4%","26","0.5%","10","0.4%","246","0.8%","84","0.5%","1","0.1%","85","0.9%","7","0.2%","45","0.5%","10","0.2%","4","0.3%","4","0.1%","3","0.1%","16","0.9%","1","0.7%","108","1.0%","0","0.0%","92","0.4%","0","0.0%","0","0.0%","49","0.5%","0","0.0%","18","0.5%","0","0.0%","15","0.2%","0","0.0%","1,011","1.3%","176","1.4%","95","1.2%","14","0.4%","76","0.5%","20","0.5%","3","0.3%","437","0.8%","42","0.7%","138","1.0%","32","0.4%","3","0.3%","10","0.7%","120","0.7%","4","0.4%","89","0.8%","1","0.3%","0","0.0%","1","0.2%","5","0.3%","39","0.7%","146","0.7%","22","0.4%","13","0.4%","1","0.0%","6","1.4%","43","0.7%","59","0.6%","14","0.4%","222","0.8%","0","0.0%","0","0.0%","10","1.8%","304","1.3%","3","3.8%","25","0.4%","89","0.6%","1","0.1%","32","0.5%","22","0.4%","5","0.4%"
"One Race Native Hawaiian and Other Pacific Islander","0","0.0%","37","0.1%","0","0.0%","0","0.0%","2","0.1%","5","0.1%","2","0.1%","20","0.1%","5","0.0%","6","0.4%","10","0.1%","0","0.0%","3","0.0%","0","0.0%","1","0.1%","3","0.1%","3","0.1%","0","0.0%","0","0.0%","0","0.0%","0","0.0%","11","0.0%","0","0.0%","0","0.0%","1","0.0%","0","0.0%","3","0.1%","0","0.0%","7","0.1%","0","0.0%","143","0.2%","16","0.1%","10","0.1%","3","0.1%","13","0.1%","2","0.1%","6","0.6%","45","0.1%","12","0.2%","16","0.1%","19","0.3%","0","0.0%","5","0.4%","7","0.0%","0","0.0%","10","0.1%","0","0.0%","1","0.2%","1","0.2%","4","0.3%","3","0.1%","17","0.1%","0","0.0%","2","0.1%","4","0.2%","1","0.2%","6","0.1%","19","0.2%","2","0.1%","49","0.2%","0","0.0%","0","0.0%","0","0.0%","5","0.0%","0","0.0%","8","0.1%","19","0.1%","0","0.0%","3","0.0%","9","0.2%","0","0.0%"
"One Race Some Other Race","4","1.9%","1,241","3.6%","8","2.2%","14","0.9%","165","4.9%","101","1.8%","49","2.0%","1,499","5.1%","498","2.8%","33","2.3%","773","7.8%","78","2.4%","331","3.4%","36","0.9%","5","0.4%","19","0.6%","20","0.8%","21","1.2%","4","2.7%","141","1.3%","22","3.5%","505","2.0%","14","1.1%","2","0.4%","437","4.1%","4","0.8%","29","0.7%","0","0.0%","90","1.2%","24","2.8%","3,805","5.0%","314","2.5%","212","2.7%","207","5.8%","368","2.5%","62","1.6%","10","1.0%","1,554","3.0%","132","2.1%","261","1.9%","138","1.9%","2","0.2%","11","0.8%","175","1.1%","7","0.7%","385","3.3%","0","0.0%","5","1.0%","3","0.5%","27","1.7%","181","3.0%","395","1.8%","39","0.7%","22","0.7%","71","3.5%","22","5.0%","195","3.1%","482","5.0%","102","2.7%","1,901","6.7%","2","1.6%","21","6.3%","12","2.2%","1,397","6.2%","6","7.6%","62","1.0%","802","5.8%","10","1.3%","378","5.4%","129","2.3%","9","0.7%"
"Two or More Races","18","8.4%","2,843","8.1%","21","5.9%","92","5.8%","197","5.8%","374","6.6%","129","5.2%","1,926","6.5%","1,121","6.4%","83","5.9%","989","10.0%","180","5.6%","600","6.2%","229","5.7%","31","2.6%","146","4.3%","96","3.8%","76","4.3%","15","10.3%","766","6.9%","48","7.7%","1,788","7.0%","52","4.0%","7","1.4%","636","5.9%","34","7.0%","228","5.8%","22","12.5%","399","5.3%","41","4.8%","8,332","10.9%","961","7.6%","732","9.5%","288","8.1%","685","4.6%","187","4.9%","28","2.9%","4,037","7.7%","503","8.1%","1,002","7.3%","424","5.7%","45","4.3%","67","4.7%","863","5.2%","71","7.3%","797","6.8%","7","2.2%","19","3.8%","21","3.4%","112","7.2%","353","5.9%","1,364","6.1%","280","4.9%","127","4.3%","130","6.5%","48","10.9%","347","5.5%","944","9.8%","355","9.3%","2,855","10.1%","8","6.3%","49","14.7%","30","5.4%","2,102","9.3%","20","25.3%","238","3.7%","943","6.8%","33","4.4%","539","7.8%","276","5.0%","64","4.8%"
"TOTAL RACES TALLIED [1]","","","","","","","","","","","","","","","","","","","","","","","","","","","","","","","","","","","","","","","","","","","","","","","","","","","","","","","","","","","","","","","","","","","","","","","","","","","","","","","","","","","","","","","","","","","","","","","","","","","","","","","","","","","","","","","","","","","","","","","","","","","","","","","","","","","","","","","","","","","","","",""
"Total races tallied","234","109.3%","37,892","108.5%","382","106.7%","1,684","106.2%","3,584","106.3%","6,048","106.8%","2,626","105.6%","31,517","106.8%","18,705","106.8%","1,494","106.3%","10,912","110.2%","3,418","105.9%","10,332","106.5%","4,297","106.0%","1,247","102.8%","3,575","104.7%","2,665","104.4%","1,871","104.9%","162","111.0%","11,926","107.4%","672","107.7%","27,505","107.5%","1,364","104.1%","494","101.4%","11,362","106.2%","525","107.8%","4,214","106.5%","215","122.2%","8,027","105.8%","899","104.8%","85,377","111.6%","13,714","107.9%","8,509","110.1%","3,866","108.5%","15,537","104.9%","3,985","105.1%","1,003","103.0%","56,811","108.1%","6,725","108.6%","14,835","107.6%","7,878","106.0%","1,110","105.1%","1,494","105.9%","17,567","105.6%","1,041","107.5%","12,532","107.1%","320","102.2%","515","104.3%","638","103.6%","1,678","107.6%","6,302","106.2%","23,714","106.5%","5,960","105.1%","3,112","104.5%","2,141","106.5%","490","111.1%","6,633","105.7%","10,648","110.3%","4,185","109.7%","31,317","110.5%","135","106.3%","383","115.0%","592","106.3%","24,876","109.6%","100","126.6%","6,771","103.8%","14,921","107.1%","781","105.3%","7,521","108.3%","5,804","105.7%","1,416","105.2%"
"White alone or in combination with one or more other races","202","94.4%","31,750","91.0%","342","95.5%","1,545","97.5%","3,135","93.0%","5,437","96.0%","2,378","95.6%","27,131","92.0%","16,626","94.9%","1,348","95.9%","8,721","88.1%","3,103","96.1%","9,208","94.9%","3,963","97.8%","1,196","98.6%","3,344","97.9%","2,508","98.2%","1,732","97.1%","133","91.1%","10,236","92.2%","588","94.2%","17,080","66.8%","1,281","97.8%","484","99.4%","10,028","93.7%","474","97.3%","3,848","97.2%","162","92.0%","7,370","97.1%","831","96.9%","68,276","89.2%","11,967","94.1%","6,984","90.4%","3,291","92.4%","14,236","96.1%","3,666","96.7%","949","97.4%","49,045","93.3%","5,934","95.8%","13,084","94.9%","7,103","95.6%","1,042","98.7%","1,356","96.1%","16,208","97.4%","942","97.3%","11,109","94.9%","312","99.7%","486","98.4%","603","97.9%","1,498","96.0%","5,644","95.1%","21,336","95.8%","5,542","97.8%","2,859","96.0%","1,914","95.2%","404","91.6%","5,982","95.3%","8,942","92.6%","3,625","95.0%","25,507","90.0%","123","96.9%","306","91.9%","534","95.9%","20,713","91.3%","70","88.6%","6,378","97.8%","12,773","91.7%","722","97.3%","6,430","92.6%","5,194","94.6%","1,317","97.8%"
"Black or African American alone or in combination with one or more other races","1","0.5%","718","2.1%","4","1.1%","13","0.8%","15","0.4%","30","0.5%","13","0.5%","337","1.1%","186","1.1%","20","1.4%","180","1.8%","15","0.5%","84","0.9%","24","0.6%","3","0.2%","11","0.3%","13","0.5%","18","1.0%","2","1.4%","119","1.1%","5","0.8%","294","1.1%","6","0.5%","1","0.2%","113","1.1%","7","1.4%","55","1.4%","7","4.0%","61","0.8%","1","0.1%","3,166","4.1%","243","1.9%","450","5.8%","40","1.1%","78","0.5%","14","0.4%","2","0.2%","1,202","2.3%","83","1.3%","256","1.9%","109","1.5%","7","0.7%","15","1.1%","94","0.6%","7","0.7%","92","0.8%","1","0.3%","2","0.4%","5","0.8%","8","0.5%","39","0.7%","224","1.0%","19","0.3%","20","0.7%","10","0.5%","6","1.4%","32","0.5%","76","0.8%","45","1.2%","544","1.9%","0","0.0%","2","0.6%","3","0.5%","124","0.5%","1","1.3%","34","0.5%","136","1.0%","4","0.5%","46","0.7%","55","1.0%","11","0.8%"
"American Indian and Alaska Native alone or in combination with one or more other races","8","3.7%","1,116","3.2%","16","4.5%","40","2.5%","106","3.1%","199","3.5%","65","2.6%","1,153","3.9%","640","3.7%","37","2.6%","365","3.7%","87","2.7%","248","2.6%","100","2.5%","18","1.5%","107","3.1%","53","2.1%","39","2.2%","17","11.6%","893","8.0%","21","3.4%","8,737","34.2%","32","2.4%","1","0.2%","277","2.6%","18","3.7%","157","4.0%","17","9.7%","222","2.9%","20","2.3%","3,166","4.1%","318","2.5%","243","3.1%","106","3.0%","286","1.9%","104","2.7%","9","0.9%","2,184","4.2%","247","4.0%","474","3.4%","235","3.2%","23","2.2%","43","3.0%","414","2.5%","44","4.5%","303","2.6%","2","0.6%","9","1.8%","11","1.8%","47","3.0%","179","3.0%","755","3.4%","164","2.9%","125","4.2%","67","3.3%","21","4.8%","114","1.8%","321","3.3%","115","3.0%","1,011","3.6%","5","3.9%","26","7.8%","8","1.4%","403","1.8%","6","7.6%","131","2.0%","482","3.5%","25","3.4%","172","2.5%","240","4.4%","33","2.5%"
"Asian alone or in combination with one or more other races","11","5.1%","1,476","4.2%","5","1.4%","11","0.7%","28","0.8%","46","0.8%","35","1.4%","395","1.3%","175","1.0%","6","0.4%","138","1.4%","27","0.8%","94","1.0%","26","0.6%","7","0.6%","20","0.6%","11","0.4%","23","1.3%","2","1.4%","213","1.9%","4","0.6%","194","0.8%","0","0.0%","1","0.2%","95","0.9%","2","0.4%","41","1.0%","6","3.4%","54","0.7%","2","0.2%","1,889","2.5%","291","2.3%","253","3.3%","38","1.1%","152","1.0%","34","0.9%","6","0.6%","797","1.5%","70","1.1%","243","1.8%","79","1.1%","13","1.2%","25","1.8%","221","1.3%","9","0.9%","136","1.2%","1","0.3%","1","0.2%","1","0.2%","6","0.4%","65","1.1%","283","1.3%","51","0.9%","21","0.7%","4","0.2%","12","2.7%","68","1.1%","138","1.4%","57","1.5%","419","1.5%","0","0.0%","1","0.3%","14","2.5%","564","2.5%","11","13.9%","40","0.6%","177","1.3%","2","0.3%","67","1.0%","51","0.9%","15","1.1%"
"Native Hawaiian and Other Pacific Islander alone or in combination with one or more other races","0","0.0%","97","0.3%","0","0.0%","3","0.2%","7","0.2%","11","0.2%","10","0.4%","51","0.2%","20","0.1%","6","0.4%","17","0.2%","8","0.2%","14","0.1%","7","0.2%","3","0.2%","12","0.4%","5","0.2%","4","0.2%","1","0.7%","39","0.4%","1","0.2%","77","0.3%","0","0.0%","0","0.0%","6","0.1%","0","0.0%","7","0.2%","15","8.5%","12","0.2%","0","0.0%","360","0.5%","38","0.3%","42","0.5%","8","0.2%","31","0.2%","14","0.4%","19","2.0%","141","0.3%","32","0.5%","52","0.4%","30","0.4%","2","0.2%","13","0.9%","29","0.2%","1","0.1%","38","0.3%","0","0.0%","2","0.4%","1","0.2%","5","0.3%","9","0.2%","56","0.3%","3","0.1%","5","0.2%","6","0.3%","2","0.5%","15","0.2%","46","0.5%","14","0.4%","112","0.4%","0","0.0%","1","0.3%","1","0.2%","35","0.2%","0","0.0%","22","0.3%","58","0.4%","0","0.0%","16","0.2%","20","0.4%","2","0.1%"
"Some Other Race alone or in combination with one or more other races","12","5.6%","2,735","7.8%","15","4.2%","72","4.5%","293","8.7%","325","5.7%","125","5.0%","2,450","8.3%","1,058","6.0%","77","5.5%","1,491","15.1%","178","5.5%","684","7.1%","177","4.4%","20","1.6%","81","2.4%","75","2.9%","55","3.1%","7","4.8%","426","3.8%","53","8.5%","1,123","4.4%","45","3.4%","7","1.4%","843","7.9%","24","4.9%","106","2.7%","8","4.5%","308","4.1%","45","5.2%","8,520","11.1%","857","6.7%","537","7.0%","383","10.7%","754","5.1%","153","4.0%","18","1.8%","3,442","6.6%","359","5.8%","726","5.3%","322","4.3%","23","2.2%","42","3.0%","601","3.6%","38","3.9%","854","7.3%","4","1.3%","15","3.0%","17","2.8%","114","7.3%","366","6.2%","1,060","4.8%","181","3.2%","82","2.8%","140","7.0%","45","10.2%","422","6.7%","1,125","11.7%","329","8.6%","3,724","13.1%","7","5.5%","47","14.1%","32","5.7%","3,037","13.4%","12","15.2%","166","2.5%","1,295","9.3%","28","3.8%","790","11.4%","244","4.4%","38","2.8%"
"HISPANIC OR LATINO","","","","","","","","","","","","","","","","","","","","","","","","","","","","","","","","","","","","","","","","","","","","","","","","","","","","","","","","","","","","","","","","","","","","","","","","","","","","","","","","","","","","","","","","","","","","","","","","","","","","","","","","","","","","","","","","","","","","","","","","","","","","","","","","","","","","","","","","","","","","","",""
"Total population","214","100.0%","34,909","100.0%","358","100.0%","1,585","100.0%","3,372","100.0%","5,662","100.0%","2,487","100.0%","29,506","100.0%","17,520","100.0%","1,405","100.0%","9,903","100.0%","3,229","100.0%","9,699","100.0%","4,052","100.0%","1,213","100.0%","3,415","100.0%","2,553","100.0%","1,783","100.0%","146","100.0%","11,100","100.0%","624","100.0%","25,581","100.0%","1,310","100.0%","487","100.0%","10,701","100.0%","487","100.0%","3,958","100.0%","176","100.0%","7,589","100.0%","858","100.0%","76,510","100.0%","12,714","100.0%","7,725","100.0%","3,563","100.0%","14,817","100.0%","3,790","100.0%","974","100.0%","52,542","100.0%","6,195","100.0%","13,786","100.0%","7,432","100.0%","1,056","100.0%","1,411","100.0%","16,643","100.0%","968","100.0%","11,700","100.0%","313","100.0%","494","100.0%","616","100.0%","1,560","100.0%","5,935","100.0%","22,274","100.0%","5,669","100.0%","2,978","100.0%","2,010","100.0%","441","100.0%","6,277","100.0%","9,652","100.0%","3,816","100.0%","28,344","100.0%","127","100.0%","333","100.0%","557","100.0%","22,695","100.0%","79","100.0%","6,520","100.0%","13,930","100.0%","742","100.0%","6,943","100.0%","5,492","100.0%","1,346","100.0%"
"Hispanic or Latino (of any race)","16","7.5%","3,819","10.9%","13","3.6%","62","3.9%","405","12.0%","502","8.9%","162","6.5%","2,975","10.1%","1,308","7.5%","92","6.5%","2,317","23.4%","191","5.9%","856","8.8%","206","5.1%","10","0.8%","60","1.8%","42","1.6%","31","1.7%","2","1.4%","584","5.3%","58","9.3%","1,746","6.8%","43","3.3%","8","1.6%","1,161","10.8%","18","3.7%","153","3.9%","6","3.4%","310","4.1%","37","4.3%","13,181","17.2%","1,082","8.5%","867","11.2%","472","13.2%","744","5.0%","185","4.9%","30","3.1%","5,144","9.8%","468","7.6%","1,051","7.6%","506","6.8%","27","2.6%","49","3.5%","669","4.0%","27","2.8%","995","8.5%","6","1.9%","20","4.0%","19","3.1%","169","10.8%","487","8.2%","1,158","5.2%","142","2.5%","116","3.9%","157","7.8%","48","10.9%","431","6.9%","1,436","14.9%","401","10.5%","5,063","17.9%","5","3.9%","52","15.6%","23","4.1%","3,264","14.4%","8","10.1%","228","3.5%","1,758","12.6%","22","3.0%","1,048","15.1%","267","4.9%","28","2.1%"
"Not Hispanic or Latino","198","92.5%","31,090","89.1%","345","96.4%","1,523","96.1%","2,967","88.0%","5,160","91.1%","2,325","93.5%","26,531","89.9%","16,212","92.5%","1,313","93.5%","7,586","76.6%","3,038","94.1%","8,843","91.2%","3,846","94.9%","1,203","99.2%","3,355","98.2%","2,511","98.4%","1,752","98.3%","144","98.6%","10,516","94.7%","566","90.7%","23,835","93.2%","1,267","96.7%","479","98.4%","9,540","89.2%","469","96.3%","3,805","96.1%","170","96.6%","7,279","95.9%","821","95.7%","63,329","82.8%","11,632","91.5%","6,858","88.8%","3,091","86.8%","14,073","95.0%","3,605","95.1%","944","96.9%","47,398","90.2%","5,727","92.4%","12,735","92.4%","6,926","93.2%","1,029","97.4%","1,362","96.5%","15,974","96.0%","941","97.2%","10,705","91.5%","307","98.1%","474","96.0%","597","96.9%","1,391","89.2%","5,448","91.8%","21,116","94.8%","5,527","97.5%","2,862","96.1%","1,853","92.2%","393","89.1%","5,846","93.1%","8,216","85.1%","3,415","89.5%","23,281","82.1%","122","96.1%","281","84.4%","534","95.9%","19,431","85.6%","71","89.9%","6,292","96.5%","12,172","87.4%","720","97.0%","5,895","84.9%","5,225","95.1%","1,318","97.9%"
"HISPANIC OR LATINO BY RACE","","","","","","","","","","","","","","","","","","","","","","","","","","","","","","","","","","","","","","","","","","","","","","","","","","","","","","","","","","","","","","","","","","","","","","","","","","","","","","","","","","","","","","","","","","","","","","","","","","","","","","","","","","","","","","","","","","","","","","","","","","","","","","","","","","","","","","","","","","","","","",""
"Total population","214","100.0%","34,909","100.0%","358","100.0%","1,585","100.0%","3,372","100.0%","5,662","100.0%","2,487","100.0%","29,506","100.0%","17,520","100.0%","1,405","100.0%","9,903","100.0%","3,229","100.0%","9,699","100.0%","4,052","100.0%","1,213","100.0%","3,415","100.0%","2,553","100.0%","1,783","100.0%","146","100.0%","11,100","100.0%","624","100.0%","25,581","100.0%","1,310","100.0%","487","100.0%","10,701","100.0%","487","100.0%","3,958","100.0%","176","100.0%","7,589","100.0%","858","100.0%","76,510","100.0%","12,714","100.0%","7,725","100.0%","3,563","100.0%","14,817","100.0%","3,790","100.0%","974","100.0%","52,542","100.0%","6,195","100.0%","13,786","100.0%","7,432","100.0%","1,056","100.0%","1,411","100.0%","16,643","100.0%","968","100.0%","11,700","100.0%","313","100.0%","494","100.0%","616","100.0%","1,560","100.0%","5,935","100.0%","22,274","100.0%","5,669","100.0%","2,978","100.0%","2,010","100.0%","441","100.0%","6,277","100.0%","9,652","100.0%","3,816","100.0%","28,344","100.0%","127","100.0%","333","100.0%","557","100.0%","22,695","100.0%","79","100.0%","6,520","100.0%","13,930","100.0%","742","100.0%","6,943","100.0%","5,492","100.0%","1,346","100.0%"
"Hispanic or Latino","16","7.5%","3,819","10.9%","13","3.6%","62","3.9%","405","12.0%","502","8.9%","162","6.5%","2,975","10.1%","1,308","7.5%","92","6.5%","2,317","23.4%","191","5.9%","856","8.8%","206","5.1%","10","0.8%","60","1.8%","42","1.6%","31","1.7%","2","1.4%","584","5.3%","58","9.3%","1,746","6.8%","43","3.3%","8","1.6%","1,161","10.8%","18","3.7%","153","3.9%","6","3.4%","310","4.1%","37","4.3%","13,181","17.2%","1,082","8.5%","867","11.2%","472","13.2%","744","5.0%","185","4.9%","30","3.1%","5,144","9.8%","468","7.6%","1,051","7.6%","506","6.8%","27","2.6%","49","3.5%","669","4.0%","27","2.8%","995","8.5%","6","1.9%","20","4.0%","19","3.1%","169","10.8%","487","8.2%","1,158","5.2%","142","2.5%","116","3.9%","157","7.8%","48","10.9%","431","6.9%","1,436","14.9%","401","10.5%","5,063","17.9%","5","3.9%","52","15.6%","23","4.1%","3,264","14.4%","8","10.1%","228","3.5%","1,758","12.6%","22","3.0%","1,048","15.1%","267","4.9%","28","2.1%"
"Hispanic or Latino White alone","2","0.9%","1,299","3.7%","5","1.4%","28","1.8%","113","3.4%","204","3.6%","70","2.8%","742","2.5%","419","2.4%","36","2.6%","857","8.7%","58","1.8%","284","2.9%","86","2.1%","1","0.1%","17","0.5%","8","0.3%","7","0.4%","1","0.7%","200","1.8%","14","2.2%","430","1.7%","12","0.9%","4","0.8%","402","3.8%","3","0.6%","74","1.9%","0","0.0%","119","1.6%","12","1.4%","4,462","5.8%","390","3.1%","340","4.4%","127","3.6%","158","1.1%","61","1.6%","15","1.5%","1,913","3.6%","151","2.4%","405","2.9%","236","3.2%","10","0.9%","23","1.6%","266","1.6%","3","0.3%","285","2.4%","2","0.6%","5","1.0%","7","1.1%","64","4.1%","193","3.3%","401","1.8%","36","0.6%","54","1.8%","34","1.7%","13","2.9%","88","1.4%","447","4.6%","136","3.6%","1,437","5.1%","0","0.0%","7","2.1%","3","0.5%","445","2.0%","0","0.0%","92","1.4%","471","3.4%","3","0.4%","329","4.7%","80","1.5%","11","0.8%"
"Hispanic or Latino Black or African American alone","1","0.5%","47","0.1%","0","0.0%","0","0.0%","0","0.0%","0","0.0%","0","0.0%","15","0.1%","5","0.0%","0","0.0%","9","0.1%","1","0.0%","2","0.0%","0","0.0%","0","0.0%","0","0.0%","0","0.0%","0","0.0%","0","0.0%","11","0.1%","0","0.0%","15","0.1%","0","0.0%","0","0.0%","0","0.0%","1","0.2%","3","0.1%","0","0.0%","0","0.0%","0","0.0%","230","0.3%","11","0.1%","27","0.3%","4","0.1%","6","0.0%","0","0.0%","0","0.0%","50","0.1%","0","0.0%","9","0.1%","3","0.0%","0","0.0%","0","0.0%","2","0.0%","0","0.0%","0","0.0%","0","0.0%","0","0.0%","0","0.0%","0","0.0%","0","0.0%","3","0.0%","2","0.0%","0","0.0%","0","0.0%","0","0.0%","1","0.0%","3","0.0%","3","0.1%","9","0.0%","0","0.0%","0","0.0%","0","0.0%","6","0.0%","0","0.0%","3","0.0%","13","0.1%","0","0.0%","0","0.0%","2","0.0%","0","0.0%"
"Hispanic or Latino American Indian and Alaska Native alone","2","0.9%","113","0.3%","0","0.0%","0","0.0%","28","0.8%","25","0.4%","3","0.1%","84","0.3%","33","0.2%","4","0.3%","32","0.3%","4","0.1%","18","0.2%","0","0.0%","0","0.0%","4","0.1%","7","0.3%","0","0.0%","0","0.0%","50","0.5%","1","0.2%","341","1.3%","3","0.2%","0","0.0%","25","0.2%","1","0.2%","8","0.2%","0","0.0%","5","0.1%","0","0.0%","471","0.6%","30","0.2%","17","0.2%","9","0.3%","9","0.1%","0","0.0%","0","0.0%","232","0.4%","3","0.0%","43","0.3%","8","0.1%","0","0.0%","3","0.2%","17","0.1%","1","0.1%","17","0.1%","0","0.0%","0","0.0%","0","0.0%","4","0.3%","2","0.0%","45","0.2%","1","0.0%","9","0.3%","0","0.0%","0","0.0%","6","0.1%","32","0.3%","6","0.2%","136","0.5%","0","0.0%","0","0.0%","0","0.0%","119","0.5%","0","0.0%","3","0.0%","66","0.5%","2","0.3%","30","0.4%","5","0.1%","0","0.0%"
"Hispanic or Latino Asian alone","0","0.0%","12","0.0%","0","0.0%","1","0.1%","2","0.1%","4","0.1%","0","0.0%","4","0.0%","6","0.0%","0","0.0%","4","0.0%","0","0.0%","0","0.0%","0","0.0%","2","0.2%","0","0.0%","0","0.0%","1","0.1%","0","0.0%","7","0.1%","0","0.0%","4","0.0%","0","0.0%","0","0.0%","3","0.0%","0","0.0%","0","0.0%","0","0.0%","0","0.0%","0","0.0%","50","0.1%","6","0.0%","10","0.1%","2","0.1%","3","0.0%","0","0.0%","0","0.0%","5","0.0%","4","0.1%","7","0.1%","0","0.0%","1","0.1%","0","0.0%","0","0.0%","0","0.0%","3","0.0%","0","0.0%","0","0.0%","0","0.0%","1","0.1%","1","0.0%","0","0.0%","1","0.0%","0","0.0%","0","0.0%","0","0.0%","4","0.1%","5","0.1%","0","0.0%","7","0.0%","0","0.0%","0","0.0%","0","0.0%","8","0.0%","0","0.0%","1","0.0%","5","0.0%","0","0.0%","0","0.0%","1","0.0%","0","0.0%"
"Hispanic or Latino Native Hawaiian and Other Pacific Islander alone","0","0.0%","7","0.0%","0","0.0%","0","0.0%","0","0.0%","2","0.0%","1","0.0%","0","0.0%","0","0.0%","1","0.1%","0","0.0%","0","0.0%","3","0.0%","0","0.0%","0","0.0%","0","0.0%","0","0.0%","0","0.0%","0","0.0%","0","0.0%","0","0.0%","4","0.0%","0","0.0%","0","0.0%","1","0.0%","0","0.0%","0","0.0%","0","0.0%","0","0.0%","0","0.0%","26","0.0%","5","0.0%","3","0.0%","2","0.1%","0","0.0%","0","0.0%","0","0.0%","7","0.0%","0","0.0%","4","0.0%","3","0.0%","0","0.0%","0","0.0%","0","0.0%","0","0.0%","0","0.0%","0","0.0%","1","0.2%","1","0.2%","2","0.1%","1","0.0%","0","0.0%","0","0.0%","2","0.1%","0","0.0%","0","0.0%","1","0.0%","1","0.0%","0","0.0%","8","0.0%","0","0.0%","0","0.0%","0","0.0%","2","0.0%","0","0.0%","0","0.0%","0","0.0%","0","0.0%","2","0.0%","0","0.0%","0","0.0%"
"Hispanic or Latino Some Other Race alone","3","1.4%","1,065","3.1%","5","1.4%","6","0.4%","148","4.4%","81","1.4%","42","1.7%","1,381","4.7%","428","2.4%","26","1.9%","740","7.5%","58","1.8%","295","3.0%","31","0.8%","2","0.2%","12","0.4%","14","0.5%","11","0.6%","1","0.7%","104","0.9%","19","3.0%","422","1.6%","10","0.8%","2","0.4%","399","3.7%","4","0.8%","13","0.3%","0","0.0%","69","0.9%","17","2.0%","3,435","4.5%","224","1.8%","174","2.3%","187","5.2%","292","2.0%","48","1.3%","9","0.9%","1,360","2.6%","104","1.7%","201","1.5%","114","1.5%","2","0.2%","11","0.8%","113","0.7%","6","0.6%","300","2.6%","0","0.0%","3","0.6%","3","0.5%","23","1.5%","154","2.6%","306","1.4%","16","0.3%","8","0.3%","64","3.2%","18","4.1%","161","2.6%","461","4.8%","96","2.5%","1,781","6.3%","2","1.6%","21","6.3%","4","0.7%","1,306","5.8%","6","7.6%","45","0.7%","743","5.3%","7","0.9%","338","4.9%","101","1.8%","3","0.2%"
"Hispanic or Latino Two or More Races","8","3.7%","1,276","3.7%","3","0.8%","27","1.7%","114","3.4%","186","3.3%","46","1.8%","749","2.5%","417","2.4%","25","1.8%","675","6.8%","70","2.2%","254","2.6%","89","2.2%","5","0.4%","27","0.8%","13","0.5%","12","0.7%","0","0.0%","212","1.9%","24","3.8%","530","2.1%","18","1.4%","2","0.4%","331","3.1%","9","1.8%","55","1.4%","6","3.4%","117","1.5%","8","0.9%","4,507","5.9%","416","3.3%","296","3.8%","141","4.0%","276","1.9%","76","2.0%","6","0.6%","1,577","3.0%","206","3.3%","382","2.8%","142","1.9%","14","1.3%","12","0.9%","271","1.6%","17","1.8%","390","3.3%","4","1.3%","11","2.2%","8","1.3%","75","4.8%","136","2.3%","403","1.8%","86","1.5%","43","1.4%","59","2.9%","17","3.9%","170","2.7%","487","5.0%","160","4.2%","1,685","5.9%","3","2.4%","24","7.2%","16","2.9%","1,378","6.1%","2","2.5%","84","1.3%","460","3.3%","10","1.3%","349","5.0%","78","1.4%","14","1.0%"
"Not Hispanic or Latino","198","92.5%","31,090","89.1%","345","96.4%","1,523","96.1%","2,967","88.0%","5,160","91.1%","2,325","93.5%","26,531","89.9%","16,212","92.5%","1,313","93.5%","7,586","76.6%","3,038","94.1%","8,843","91.2%","3,846","94.9%","1,203","99.2%","3,355","98.2%","2,511","98.4%","1,752","98.3%","144","98.6%","10,516","94.7%","566","90.7%","23,835","93.2%","1,267","96.7%","479","98.4%","9,540","89.2%","469","96.3%","3,805","96.1%","170","96.6%","7,279","95.9%","821","95.7%","63,329","82.8%","11,632","91.5%","6,858","88.8%","3,091","86.8%","14,073","95.0%","3,605","95.1%","944","96.9%","47,398","90.2%","5,727","92.4%","12,735","92.4%","6,926","93.2%","1,029","97.4%","1,362","96.5%","15,974","96.0%","941","97.2%","10,705","91.5%","307","98.1%","474","96.0%","597","96.9%","1,391","89.2%","5,448","91.8%","21,116","94.8%","5,527","97.5%","2,862","96.1%","1,853","92.2%","393","89.1%","5,846","93.1%","8,216","85.1%","3,415","89.5%","23,281","82.1%","122","96.1%","281","84.4%","534","95.9%","19,431","85.6%","71","89.9%","6,292","96.5%","12,172","87.4%","720","97.0%","5,895","84.9%","5,225","95.1%","1,318","97.9%"
"Not Hispanic or Latino White alone","182","85.0%","27,653","79.2%","317","88.5%","1,432","90.3%","2,834","84.0%","4,866","85.9%","2,184","87.8%","24,494","83.0%","15,107","86.2%","1,234","87.8%","6,892","69.6%","2,880","89.2%","8,337","86.0%","3,659","90.3%","1,166","96.1%","3,191","93.4%","2,409","94.4%","1,652","92.7%","119","81.5%","9,289","83.7%","527","84.5%","14,999","58.6%","1,219","93.1%","473","97.1%","9,003","84.1%","438","89.9%","3,556","89.8%","148","84.1%","6,862","90.4%","778","90.7%","55,796","72.9%","10,655","83.8%","5,944","76.9%","2,884","80.9%","13,410","90.5%","3,419","90.2%","908","93.2%","43,174","82.2%","5,286","85.3%","11,692","84.8%","6,462","86.9%","989","93.7%","1,266","89.7%","15,104","90.8%","868","89.7%","10,041","85.8%","303","96.8%","462","93.5%","575","93.3%","1,324","84.9%","5,108","86.1%","19,594","88.0%","5,233","92.3%","2,682","90.1%","1,753","87.2%","345","78.2%","5,553","88.5%","7,575","78.5%","3,144","82.4%","21,276","75.1%","116","91.3%","251","75.4%","501","89.9%","18,203","80.2%","50","63.3%","6,059","92.9%","11,385","81.7%","687","92.6%","5,581","80.4%","4,861","88.5%","1,245","92.5%"
"Not Hispanic or Latino Black or African American alone","0","0.0%","376","1.1%","3","0.8%","5","0.3%","6","0.2%","10","0.2%","6","0.2%","137","0.5%","82","0.5%","4","0.3%","118","1.2%","8","0.2%","30","0.3%","9","0.2%","0","0.0%","0","0.0%","0","0.0%","3","0.2%","0","0.0%","49","0.4%","3","0.5%","111","0.4%","4","0.3%","1","0.2%","71","0.7%","0","0.0%","9","0.2%","0","0.0%","26","0.3%","0","0.0%","1,770","2.3%","117","0.9%","299","3.9%","14","0.4%","29","0.2%","4","0.1%","1","0.1%","545","1.0%","27","0.4%","109","0.8%","48","0.6%","0","0.0%","6","0.4%","28","0.2%","5","0.5%","26","0.2%","0","0.0%","2","0.4%","2","0.3%","3","0.2%","12","0.2%","87","0.4%","10","0.2%","13","0.4%","5","0.2%","1","0.2%","11","0.2%","28","0.3%","29","0.8%","292","1.0%","0","0.0%","2","0.6%","0","0.0%","49","0.2%","0","0.0%","3","0.0%","47","0.3%","1","0.1%","11","0.2%","24","0.4%","4","0.3%"
"Not Hispanic or Latino American Indian and Alaska Native alone","0","0.0%","274","0.8%","2","0.6%","6","0.4%","13","0.4%","51","0.9%","34","1.4%","343","1.2%","166","0.9%","4","0.3%","138","1.4%","13","0.4%","49","0.5%","23","0.6%","5","0.4%","31","0.9%","7","0.3%","8","0.4%","6","4.1%","486","4.4%","9","1.4%","7,289","28.5%","6","0.5%","0","0.0%","77","0.7%","6","1.2%","30","0.8%","6","3.4%","66","0.9%","3","0.3%","490","0.6%","44","0.3%","49","0.6%","13","0.4%","63","0.4%","35","0.9%","3","0.3%","555","1.1%","39","0.6%","111","0.8%","62","0.8%","7","0.7%","20","1.4%","61","0.4%","9","0.9%","50","0.4%","0","0.0%","0","0.0%","6","1.0%","17","1.1%","44","0.7%","222","1.0%","46","0.8%","56","1.9%","12","0.6%","5","1.1%","27","0.4%","63","0.7%","25","0.7%","167","0.6%","1","0.8%","3","0.9%","1","0.2%","65","0.3%","0","0.0%","27","0.4%","95","0.7%","5","0.7%","40","0.6%","84","1.5%","8","0.6%"
"Not Hispanic or Latino Asian alone","5","2.3%","1,014","2.9%","2","0.6%","7","0.4%","12","0.4%","22","0.4%","10","0.4%","242","0.8%","78","0.4%","1","0.1%","81","0.8%","7","0.2%","45","0.5%","10","0.2%","2","0.2%","4","0.1%","3","0.1%","15","0.8%","1","0.7%","101","0.9%","0","0.0%","88","0.3%","0","0.0%","0","0.0%","46","0.4%","0","0.0%","18","0.5%","0","0.0%","15","0.2%","0","0.0%","961","1.3%","170","1.3%","85","1.1%","12","0.3%","73","0.5%","20","0.5%","3","0.3%","432","0.8%","38","0.6%","131","1.0%","32","0.4%","2","0.2%","10","0.7%","120","0.7%","4","0.4%","86","0.7%","1","0.3%","0","0.0%","1","0.2%","4","0.3%","38","0.6%","146","0.7%","21","0.4%","13","0.4%","1","0.0%","6","1.4%","39","0.6%","54","0.6%","14","0.4%","215","0.8%","0","0.0%","0","0.0%","10","1.8%","296","1.3%","3","3.8%","24","0.4%","84","0.6%","1","0.1%","32","0.5%","21","0.4%","5","0.4%"
"Not Hispanic or Latino Native Hawaiian and Other Pacific Islander alone","0","0.0%","30","0.1%","0","0.0%","0","0.0%","2","0.1%","3","0.1%","1","0.0%","20","0.1%","5","0.0%","5","0.4%","10","0.1%","0","0.0%","0","0.0%","0","0.0%","1","0.1%","3","0.1%","3","0.1%","0","0.0%","0","0.0%","0","0.0%","0","0.0%","7","0.0%","0","0.0%","0","0.0%","0","0.0%","0","0.0%","3","0.1%","0","0.0%","7","0.1%","0","0.0%","117","0.2%","11","0.1%","7","0.1%","1","0.0%","13","0.1%","2","0.1%","6","0.6%","38","0.1%","12","0.2%","12","0.1%","16","0.2%","0","0.0%","5","0.4%","7","0.0%","0","0.0%","10","0.1%","0","0.0%","0","0.0%","0","0.0%","2","0.1%","2","0.0%","17","0.1%","0","0.0%","0","0.0%","4","0.2%","1","0.2%","5","0.1%","18","0.2%","2","0.1%","41","0.1%","0","0.0%","0","0.0%","0","0.0%","3","0.0%","0","0.0%","8","0.1%","19","0.1%","0","0.0%","1","0.0%","9","0.2%","0","0.0%"
"Not Hispanic or Latino Some Other Race alone","1","0.5%","176","0.5%","3","0.8%","8","0.5%","17","0.5%","20","0.4%","7","0.3%","118","0.4%","70","0.4%","7","0.5%","33","0.3%","20","0.6%","36","0.4%","5","0.1%","3","0.2%","7","0.2%","6","0.2%","10","0.6%","3","2.1%","37","0.3%","3","0.5%","83","0.3%","4","0.3%","0","0.0%","38","0.4%","0","0.0%","16","0.4%","0","0.0%","21","0.3%","7","0.8%","370","0.5%","90","0.7%","38","0.5%","20","0.6%","76","0.5%","14","0.4%","1","0.1%","194","0.4%","28","0.5%","60","0.4%","24","0.3%","0","0.0%","0","0.0%","62","0.4%","1","0.1%","85","0.7%","0","0.0%","2","0.4%","0","0.0%","4","0.3%","27","0.5%","89","0.4%","23","0.4%","14","0.5%","7","0.3%","4","0.9%","34","0.5%","21","0.2%","6","0.2%","120","0.4%","0","0.0%","0","0.0%","8","1.4%","91","0.4%","0","0.0%","17","0.3%","59","0.4%","3","0.4%","40","0.6%","28","0.5%","6","0.4%"
"Not Hispanic or Latino Two or More Races","10","4.7%","1,567","4.5%","18","5.0%","65","4.1%","83","2.5%","188","3.3%","83","3.3%","1,177","4.0%","704","4.0%","58","4.1%","314","3.2%","110","3.4%","346","3.6%","140","3.5%","26","2.1%","119","3.5%","83","3.3%","64","3.6%","15","10.3%","554","5.0%","24","3.8%","1,258","4.9%","34","2.6%","5","1.0%","305","2.9%","25","5.1%","173","4.4%","16","9.1%","282","3.7%","33","3.8%","3,825","5.0%","545","4.3%","436","5.6%","147","4.1%","409","2.8%","111","2.9%","22","2.3%","2,460","4.7%","297","4.8%","620","4.5%","282","3.8%","31","2.9%","55","3.9%","592","3.6%","54","5.6%","407","3.5%","3","1.0%","8","1.6%","13","2.1%","37","2.4%","217","3.7%","961","4.3%","194","3.4%","84","2.8%","71","3.5%","31","7.0%","177","2.8%","457","4.7%","195","5.1%","1,170","4.1%","5","3.9%","25","7.5%","14","2.5%","724","3.2%","18","22.8%","154","2.4%","483","3.5%","23","3.1%","190","2.7%","198","3.6%","50","3.7%"
"RELATIONSHIP","","","","","","","","","","","","","","","","","","","","","","","","","","","","","","","","","","","","","","","","","","","","","","","","","","","","","","","","","","","","","","","","","","","","","","","","","","","","","","","","","","","","","","","","","","","","","","","","","","","","","","","","","","","","","","","","","","","","","","","","","","","","","","","","","","","","","","","","","","","","","",""
"Total population","214","100.0%","34,909","100.0%","358","100.0%","1,585","100.0%","3,372","100.0%","5,662","100.0%","2,487","100.0%","29,506","100.0%","17,520","100.0%","1,405","100.0%","9,903","100.0%","3,229","100.0%","9,699","100.0%","4,052","100.0%","1,213","100.0%","3,415","100.0%","2,553","100.0%","1,783","100.0%","146","100.0%","11,100","100.0%","624","100.0%","25,581","100.0%","1,310","100.0%","487","100.0%","10,701","100.0%","487","100.0%","3,958","100.0%","176","100.0%","7,589","100.0%","858","100.0%","76,510","100.0%","12,714","100.0%","7,725","100.0%","3,563","100.0%","14,817","100.0%","3,790","100.0%","974","100.0%","52,542","100.0%","6,195","100.0%","13,786","100.0%","7,432","100.0%","1,056","100.0%","1,411","100.0%","16,643","100.0%","968","100.0%","11,700","100.0%","313","100.0%","494","100.0%","616","100.0%","1,560","100.0%","5,935","100.0%","22,274","100.0%","5,669","100.0%","2,978","100.0%","2,010","100.0%","441","100.0%","6,277","100.0%","9,652","100.0%","3,816","100.0%","28,344","100.0%","127","100.0%","333","100.0%","557","100.0%","22,695","100.0%","79","100.0%","6,520","100.0%","13,930","100.0%","742","100.0%","6,943","100.0%","5,492","100.0%","1,346","100.0%"
"In households","206","96.3%","32,295","92.5%","358","100.0%","1,585","100.0%","3,372","100.0%","5,597","98.9%","2,279","91.6%","29,155","98.8%","17,350","99.0%","1,405","100.0%","9,315","94.1%","3,210","99.4%","9,597","98.9%","4,052","100.0%","1,213","100.0%","3,415","100.0%","2,526","98.9%","1,766","99.0%","146","100.0%","10,776","97.1%","624","100.0%","24,631","96.3%","1,181","90.2%","487","100.0%","9,755","91.2%","447","91.8%","3,891","98.3%","176","100.0%","7,441","98.0%","858","100.0%","75,610","98.8%","12,699","99.9%","7,129","92.3%","3,563","100.0%","14,776","99.7%","3,758","99.2%","974","100.0%","51,530","98.1%","6,183","99.8%","13,786","100.0%","7,204","96.9%","1,029","97.4%","1,142","80.9%","16,479","99.0%","968","100.0%","11,257","96.2%","293","93.6%","494","100.0%","616","100.0%","1,560","100.0%","5,824","98.1%","21,477","96.4%","5,669","100.0%","2,978","100.0%","2,010","100.0%","441","100.0%","6,220","99.1%","9,577","99.2%","3,758","98.5%","27,810","98.1%","127","100.0%","333","100.0%","557","100.0%","22,397","98.7%","79","100.0%","6,520","100.0%","13,706","98.4%","742","100.0%","6,810","98.1%","4,983","90.7%","1,346","100.0%"
"Householder","108","50.5%","14,981","42.9%","155","43.3%","737","46.5%","1,364","40.5%","2,127","37.6%","1,021","41.1%","11,409","38.7%","6,425","36.7%","608","43.3%","3,825","38.6%","1,495","46.3%","3,974","41.0%","1,719","42.4%","527","43.4%","1,290","37.8%","1,127","44.1%","902","50.6%","63","43.2%","4,614","41.6%","274","43.9%","9,265","36.2%","494","37.7%","203","41.7%","4,360","40.7%","237","48.7%","1,738","43.9%","73","41.5%","3,340","44.0%","363","42.3%","32,930","43.0%","4,546","35.8%","2,584","33.4%","1,364","38.3%","5,631","38.0%","1,589","41.9%","319","32.8%","22,433","42.7%","2,228","36.0%","5,304","38.5%","2,744","36.9%","461","43.7%","562","39.8%","7,433","44.7%","443","45.8%","4,693","40.1%","139","44.4%","221","44.7%","282","45.8%","697","44.7%","2,573","43.4%","9,791","44.0%","2,394","42.2%","1,168","39.2%","821","40.8%","184","41.7%","2,595","41.3%","3,807","39.4%","1,391","36.5%","11,190","39.5%","64","50.4%","160","48.0%","248","44.5%","9,335","41.1%","41","51.9%","2,364","36.3%","5,387","38.7%","342","46.1%","2,920","42.1%","2,192","39.9%","597","44.4%"
"Opposite-sex spouse","45","21.0%","5,244","15.0%","80","22.3%","451","28.5%","732","21.7%","1,185","20.9%","536","21.6%","5,438","18.4%","3,650","20.8%","288","20.5%","1,857","18.8%","759","23.5%","2,047","21.1%","867","21.4%","308","25.4%","765","22.4%","653","25.6%","426","23.9%","22","15.1%","2,337","21.1%","132","21.2%","4,140","16.2%","292","22.3%","158","32.4%","2,085","19.5%","95","19.5%","845","21.3%","42","23.9%","1,739","22.9%","198","23.1%","13,899","18.2%","3,273","25.7%","1,872","24.2%","771","21.6%","3,462","23.4%","883","23.3%","220","22.6%","8,920","17.0%","1,318","21.3%","3,146","22.8%","1,617","21.8%","226","21.4%","255","18.1%","3,977","23.9%","227","23.5%","2,486","21.2%","55","17.6%","118","23.9%","169","27.4%","362","23.2%","1,346","22.7%","4,247","19.1%","1,542","27.2%","742","24.9%","445","22.1%","97","22.0%","1,469","23.4%","1,995","20.7%","844","22.1%","5,404","19.1%","27","21.3%","78","23.4%","162","29.1%","4,457","19.6%","12","15.2%","1,491","22.9%","2,696","19.4%","196","26.4%","1,482","21.3%","1,123","20.4%","280","20.8%"
"Same-sex spouse","0","0.0%","50","0.1%","0","0.0%","2","0.1%","3","0.1%","4","0.1%","0","0.0%","27","0.1%","15","0.1%","4","0.3%","10","0.1%","6","0.2%","3","0.0%","5","0.1%","1","0.1%","6","0.2%","2","0.1%","4","0.2%","1","0.7%","18","0.2%","1","0.2%","21","0.1%","1","0.1%","0","0.0%","9","0.1%","0","0.0%","6","0.2%","1","0.6%","5","0.1%","0","0.0%","146","0.2%","15","0.1%","9","0.1%","12","0.3%","5","0.0%","1","0.0%","0","0.0%","92","0.2%","9","0.1%","14","0.1%","3","0.0%","2","0.2%","4","0.3%","21","0.1%","1","0.1%","5","0.0%","0","0.0%","0","0.0%","0","0.0%","3","0.2%","5","0.1%","25","0.1%","2","0.0%","2","0.1%","1","0.0%","1","0.2%","4","0.1%","8","0.1%","4","0.1%","28","0.1%","0","0.0%","0","0.0%","0","0.0%","38","0.2%","0","0.0%","4","0.1%","23","0.2%","1","0.1%","6","0.1%","3","0.1%","0","0.0%"
"Opposite-sex unmarried partner","7","3.3%","1,143","3.3%","9","2.5%","27","1.7%","67","2.0%","109","1.9%","43","1.7%","1,044","3.5%","521","3.0%","40","2.8%","262","2.6%","94","2.9%","262","2.7%","98","2.4%","20","1.6%","63","1.8%","46","1.8%","50","2.8%","4","2.7%","289","2.6%","21","3.4%","716","2.8%","20","1.5%","5","1.0%","252","2.4%","9","1.8%","96","2.4%","3","1.7%","163","2.1%","22","2.6%","2,381","3.1%","217","1.7%","75","1.0%","83","2.3%","291","2.0%","66","1.7%","10","1.0%","1,917","3.6%","173","2.8%","344","2.5%","187","2.5%","29","2.7%","20","1.4%","417","2.5%","16","1.7%","287","2.5%","7","2.2%","13","2.6%","12","1.9%","28","1.8%","142","2.4%","653","2.9%","113","2.0%","54","1.8%","50","2.5%","5","1.1%","167","2.7%","275","2.8%","86","2.3%","931","3.3%","5","3.9%","6","1.8%","5","0.9%","754","3.3%","1","1.3%","114","1.7%","343","2.5%","14","1.9%","142","2.0%","132","2.4%","33","2.5%"
"Same-sex unmarried partner","0","0.0%","46","0.1%","0","0.0%","1","0.1%","0","0.0%","0","0.0%","0","0.0%","33","0.1%","8","0.0%","3","0.2%","5","0.1%","1","0.0%","6","0.1%","0","0.0%","0","0.0%","1","0.0%","0","0.0%","2","0.1%","0","0.0%","10","0.1%","1","0.2%","14","0.1%","0","0.0%","0","0.0%","5","0.0%","2","0.4%","5","0.1%","0","0.0%","1","0.0%","0","0.0%","99","0.1%","10","0.1%","7","0.1%","3","0.1%","11","0.1%","7","0.2%","0","0.0%","49","0.1%","5","0.1%","11","0.1%","2","0.0%","0","0.0%","1","0.1%","10","0.1%","1","0.1%","14","0.1%","0","0.0%","0","0.0%","0","0.0%","0","0.0%","1","0.0%","5","0.0%","1","0.0%","2","0.1%","5","0.2%","0","0.0%","3","0.0%","8","0.1%","4","0.1%","32","0.1%","0","0.0%","1","0.3%","1","0.2%","28","0.1%","2","2.5%","2","0.0%","8","0.1%","0","0.0%","4","0.1%","2","0.0%","0","0.0%"
"Child [2]","39","18.2%","6,778","19.4%","81","22.6%","286","18.0%","984","29.2%","1,778","31.4%","549","22.1%","8,952","30.3%","5,547","31.7%","374","26.6%","2,718","27.4%","674","20.9%","2,804","28.9%","1,097","27.1%","301","24.8%","1,108","32.4%","585","22.9%","290","16.3%","44","30.1%","2,803","25.3%","142","22.8%","7,039","27.5%","330","25.2%","100","20.5%","2,439","22.8%","79","16.2%","960","24.3%","42","23.9%","1,886","24.9%","224","26.1%","20,086","26.3%","3,863","30.4%","2,284","29.6%","1,042","29.2%","4,485","30.3%","1,070","28.2%","394","40.5%","14,069","26.8%","1,968","31.8%","4,177","30.3%","2,149","28.9%","247","23.4%","239","16.9%","3,806","22.9%","228","23.6%","3,054","26.1%","74","23.6%","113","22.9%","116","18.8%","368","23.6%","1,457","24.5%","5,506","24.7%","1,361","24.0%","830","27.9%","594","29.6%","116","26.3%","1,716","27.3%","2,987","30.9%","1,252","32.8%","8,392","29.6%","26","20.5%","59","17.7%","113","20.3%","5,456","24.0%","19","24.1%","2,263","34.7%","4,316","31.0%","156","21.0%","1,910","27.5%","1,260","22.9%","343","25.5%"
"Under 18 years","31","14.5%","5,444","15.6%","51","14.2%","189","11.9%","764","22.7%","1,402","24.8%","413","16.6%","7,332","24.8%","4,645","26.5%","279","19.9%","2,195","22.2%","536","16.6%","2,252","23.2%","852","21.0%","246","20.3%","925","27.1%","466","18.3%","211","11.8%","27","18.5%","2,256","20.3%","110","17.6%","4,921","19.2%","237","18.1%","80","16.4%","1,851","17.3%","62","12.7%","743","18.8%","30","17.0%","1,492","19.7%","169","19.7%","15,385","20.1%","2,974","23.4%","1,881","24.3%","786","22.1%","3,507","23.7%","899","23.7%","319","32.8%","10,977","20.9%","1,593","25.7%","3,353","24.3%","1,670","22.5%","211","20.0%","180","12.8%","2,982","17.9%","157","16.2%","2,359","20.2%","43","13.7%","83","16.8%","92","14.9%","268","17.2%","1,098","18.5%","4,316","19.4%","1,014","17.9%","663","22.3%","472","23.5%","83","18.8%","1,437","22.9%","2,381","24.7%","1,009","26.4%","6,828","24.1%","19","15.0%","44","13.2%","87","15.6%","4,134","18.2%","17","21.5%","1,899","29.1%","3,416","24.5%","126","17.0%","1,517","21.8%","1,023","18.6%","273","20.3%"
"Grandchild","3","1.4%","277","0.8%","7","2.0%","15","0.9%","76","2.3%","125","2.2%","55","2.2%","502","1.7%","227","1.3%","28","2.0%","157","1.6%","39","1.2%","115","1.2%","100","2.5%","7","0.6%","48","1.4%","32","1.3%","24","1.3%","4","2.7%","173","1.6%","15","2.4%","1,599","6.3%","21","1.6%","9","1.8%","206","1.9%","5","1.0%","77","1.9%","0","0.0%","66","0.9%","5","0.6%","1,563","2.0%","218","1.7%","75","1.0%","82","2.3%","258","1.7%","35","0.9%","11","1.1%","1,012","1.9%","149","2.4%","212","1.5%","139","1.9%","10","0.9%","12","0.9%","220","1.3%","12","1.2%","201","1.7%","2","0.6%","8","1.6%","12","1.9%","33","2.1%","94","1.6%","283","1.3%","61","1.1%","56","1.9%","27","1.3%","8","1.8%","50","0.8%","163","1.7%","60","1.6%","465","1.6%","3","2.4%","5","1.5%","7","1.3%","182","0.8%","1","1.3%","106","1.6%","294","2.1%","10","1.3%","104","1.5%","71","1.3%","26","1.9%"
"Grandchild Under 18 years","3","1.4%","200","0.6%","5","1.4%","12","0.8%","56","1.7%","106","1.9%","39","1.6%","411","1.4%","200","1.1%","20","1.4%","114","1.2%","31","1.0%","92","0.9%","83","2.0%","4","0.3%","40","1.2%","24","0.9%","18","1.0%","3","2.1%","118","1.1%","8","1.3%","1,249","4.9%","16","1.2%","5","1.0%","168","1.6%","5","1.0%","59","1.5%","0","0.0%","45","0.6%","4","0.5%","1,180","1.5%","170","1.3%","48","0.6%","58","1.6%","226","1.5%","32","0.8%","9","0.9%","796","1.5%","116","1.9%","169","1.2%","109","1.5%","9","0.9%","10","0.7%","156","0.9%","9","0.9%","161","1.4%","2","0.6%","4","0.8%","9","1.5%","27","1.7%","70","1.2%","221","1.0%","42","0.7%","46","1.5%","20","1.0%","5","1.1%","31","0.5%","140","1.5%","43","1.1%","378","1.3%","1","0.8%","2","0.6%","5","0.9%","144","0.6%","1","1.3%","80","1.2%","229","1.6%","8","1.1%","73","1.1%","56","1.0%","19","1.4%"
"Other relatives","2","0.9%","686","2.0%","18","5.0%","33","2.1%","61","1.8%","147","2.6%","38","1.5%","755","2.6%","399","2.3%","30","2.1%","267","2.7%","50","1.5%","207","2.1%","86","2.1%","21","1.7%","74","2.2%","46","1.8%","39","2.2%","3","2.1%","246","2.2%","20","3.2%","1,159","4.5%","17","1.3%","9","1.8%","195","1.8%","11","2.3%","72","1.8%","7","4.0%","125","1.6%","20","2.3%","2,227","2.9%","322","2.5%","150","1.9%","111","3.1%","357","2.4%","68","1.8%","16","1.6%","1,501","2.9%","185","3.0%","302","2.2%","209","2.8%","33","3.1%","27","1.9%","297","1.8%","23","2.4%","241","2.1%","4","1.3%","10","2.0%","13","2.1%","46","2.9%","91","1.5%","439","2.0%","108","1.9%","62","2.1%","42","2.1%","10","2.3%","113","1.8%","194","2.0%","66","1.7%","736","2.6%","0","0.0%","12","3.6%","10","1.8%","483","2.1%","2","2.5%","99","1.5%","387","2.8%","16","2.2%","139","2.0%","112","2.0%","43","3.2%"
"Nonrelatives","2","0.9%","3,090","8.9%","8","2.2%","33","2.1%","85","2.5%","122","2.2%","37","1.5%","995","3.4%","558","3.2%","30","2.1%","214","2.2%","92","2.8%","179","1.8%","80","2.0%","28","2.3%","60","1.8%","35","1.4%","29","1.6%","5","3.4%","286","2.6%","18","2.9%","678","2.7%","6","0.5%","3","0.6%","204","1.9%","9","1.8%","92","2.3%","8","4.5%","116","1.5%","26","3.0%","2,279","3.0%","235","1.8%","73","0.9%","95","2.7%","276","1.9%","39","1.0%","4","0.4%","1,537","2.9%","148","2.4%","276","2.0%","154","2.1%","21","2.0%","22","1.6%","298","1.8%","17","1.8%","276","2.4%","12","3.8%","11","2.2%","12","1.9%","23","1.5%","115","1.9%","528","2.4%","87","1.5%","62","2.1%","25","1.2%","20","4.5%","103","1.6%","140","1.5%","51","1.3%","632","2.2%","2","1.6%","12","3.6%","11","2.0%","1,664","7.3%","1","1.3%","77","1.2%","252","1.8%","7","0.9%","103","1.5%","88","1.6%","24","1.8%"
"In group quarters","8","3.7%","2,614","7.5%","0","0.0%","0","0.0%","0","0.0%","65","1.1%","208","8.4%","351","1.2%","170","1.0%","0","0.0%","588","5.9%","19","0.6%","102","1.1%","0","0.0%","0","0.0%","0","0.0%","27","1.1%","17","1.0%","0","0.0%","324","2.9%","0","0.0%","950","3.7%","129","9.8%","0","0.0%","946","8.8%","40","8.2%","67","1.7%","0","0.0%","148","2.0%","0","0.0%","900","1.2%","15","0.1%","596","7.7%","0","0.0%","41","0.3%","32","0.8%","0","0.0%","1,012","1.9%","12","0.2%","0","0.0%","228","3.1%","27","2.6%","269","19.1%","164","1.0%","0","0.0%","443","3.8%","20","6.4%","0","0.0%","0","0.0%","0","0.0%","111","1.9%","797","3.6%","0","0.0%","0","0.0%","0","0.0%","0","0.0%","57","0.9%","75","0.8%","58","1.5%","534","1.9%","0","0.0%","0","0.0%","0","0.0%","298","1.3%","0","0.0%","0","0.0%","224","1.6%","0","0.0%","133","1.9%","509","9.3%","0","0.0%"
"Institutionalized population:","0","0.0%","216","0.6%","0","0.0%","0","0.0%","0","0.0%","65","1.1%","208","8.4%","258","0.9%","113","0.6%","0","0.0%","582","5.9%","17","0.5%","97","1.0%","0","0.0%","0","0.0%","0","0.0%","22","0.9%","17","1.0%","0","0.0%","110","1.0%","0","0.0%","435","1.7%","0","0.0%","0","0.0%","759","7.1%","40","8.2%","54","1.4%","0","0.0%","72","0.9%","0","0.0%","641","0.8%","15","0.1%","0","0.0%","0","0.0%","17","0.1%","25","0.7%","0","0.0%","512","1.0%","0","0.0%","0","0.0%","228","3.1%","27","2.6%","269","19.1%","136","0.8%","0","0.0%","95","0.8%","0","0.0%","0","0.0%","0","0.0%","0","0.0%","111","1.9%","304","1.4%","0","0.0%","0","0.0%","0","0.0%","0","0.0%","25","0.4%","75","0.8%","58","1.5%","108","0.4%","0","0.0%","0","0.0%","0","0.0%","81","0.4%","0","0.0%","0","0.0%","162","1.2%","0","0.0%","120","1.7%","509","9.3%","0","0.0%"
"Institutionalized population Male","0","0.0%","79","0.2%","0","0.0%","0","0.0%","0","0.0%","28","0.5%","144","5.8%","138","0.5%","86","0.5%","0","0.0%","562","5.7%","7","0.2%","54","0.6%","0","0.0%","0","0.0%","0","0.0%","8","0.3%","4","0.2%","0","0.0%","39","0.4%","0","0.0%","363","1.4%","0","0.0%","0","0.0%","647","6.0%","17","3.5%","24","0.6%","0","0.0%","26","0.3%","0","0.0%","370","0.5%","8","0.1%","0","0.0%","0","0.0%","6","0.0%","10","0.3%","0","0.0%","214","0.4%","0","0.0%","0","0.0%","214","2.9%","6","0.6%","13","0.9%","36","0.2%","0","0.0%","25","0.2%","0","0.0%","0","0.0%","0","0.0%","0","0.0%","56","0.9%","116","0.5%","0","0.0%","0","0.0%","0","0.0%","0","0.0%","2","0.0%","65","0.7%","12","0.3%","29","0.1%","0","0.0%","0","0.0%","0","0.0%","34","0.1%","0","0.0%","0","0.0%","104","0.7%","0","0.0%","70","1.0%","478","8.7%","0","0.0%"
"Institutionalized population Female","0","0.0%","137","0.4%","0","0.0%","0","0.0%","0","0.0%","37","0.7%","64","2.6%","120","0.4%","27","0.2%","0","0.0%","20","0.2%","10","0.3%","43","0.4%","0","0.0%","0","0.0%","0","0.0%","14","0.5%","13","0.7%","0","0.0%","71","0.6%","0","0.0%","72","0.3%","0","0.0%","0","0.0%","112","1.0%","23","4.7%","30","0.8%","0","0.0%","46","0.6%","0","0.0%","271","0.4%","7","0.1%","0","0.0%","0","0.0%","11","0.1%","15","0.4%","0","0.0%","298","0.6%","0","0.0%","0","0.0%","14","0.2%","21","2.0%","256","18.1%","100","0.6%","0","0.0%","70","0.6%","0","0.0%","0","0.0%","0","0.0%","0","0.0%","55","0.9%","188","0.8%","0","0.0%","0","0.0%","0","0.0%","0","0.0%","23","0.4%","10","0.1%","46","1.2%","79","0.3%","0","0.0%","0","0.0%","0","0.0%","47","0.2%","0","0.0%","0","0.0%","58","0.4%","0","0.0%","50","0.7%","31","0.6%","0","0.0%"
"Noninstitutionalized population:","8","3.7%","2,398","6.9%","0","0.0%","0","0.0%","0","0.0%","0","0.0%","0","0.0%","93","0.3%","57","0.3%","0","0.0%","6","0.1%","2","0.1%","5","0.1%","0","0.0%","0","0.0%","0","0.0%","5","0.2%","0","0.0%","0","0.0%","214","1.9%","0","0.0%","515","2.0%","129","9.8%","0","0.0%","187","1.7%","0","0.0%","13","0.3%","0","0.0%","76","1.0%","0","0.0%","259","0.3%","0","0.0%","596","7.7%","0","0.0%","24","0.2%","7","0.2%","0","0.0%","500","1.0%","12","0.2%","0","0.0%","0","0.0%","0","0.0%","0","0.0%","28","0.2%","0","0.0%","348","3.0%","20","6.4%","0","0.0%","0","0.0%","0","0.0%","0","0.0%","493","2.2%","0","0.0%","0","0.0%","0","0.0%","0","0.0%","32","0.5%","0","0.0%","0","0.0%","426","1.5%","0","0.0%","0","0.0%","0","0.0%","217","1.0%","0","0.0%","0","0.0%","62","0.4%","0","0.0%","13","0.2%","0","0.0%","0","0.0%"
"Noninstitutionalized population Male","2","0.9%","1,277","3.7%","0","0.0%","0","0.0%","0","0.0%","0","0.0%","0","0.0%","50","0.2%","29","0.2%","0","0.0%","1","0.0%","0","0.0%","2","0.0%","0","0.0%","0","0.0%","0","0.0%","3","0.1%","0","0.0%","0","0.0%","108","1.0%","0","0.0%","314","1.2%","60","4.6%","0","0.0%","89","0.8%","0","0.0%","8","0.2%","0","0.0%","68","0.9%","0","0.0%","147","0.2%","0","0.0%","483","6.3%","0","0.0%","8","0.1%","3","0.1%","0","0.0%","248","0.5%","7","0.1%","0","0.0%","0","0.0%","0","0.0%","0","0.0%","6","0.0%","0","0.0%","189","1.6%","10","3.2%","0","0.0%","0","0.0%","0","0.0%","0","0.0%","237","1.1%","0","0.0%","0","0.0%","0","0.0%","0","0.0%","22","0.4%","0","0.0%","0","0.0%","222","0.8%","0","0.0%","0","0.0%","0","0.0%","126","0.6%","0","0.0%","0","0.0%","35","0.3%","0","0.0%","3","0.0%","0","0.0%","0","0.0%"
"Noninstitutionalized population Female","6","2.8%","1,121","3.2%","0","0.0%","0","0.0%","0","0.0%","0","0.0%","0","0.0%","43","0.1%","28","0.2%","0","0.0%","5","0.1%","2","0.1%","3","0.0%","0","0.0%","0","0.0%","0","0.0%","2","0.1%","0","0.0%","0","0.0%","106","1.0%","0","0.0%","201","0.8%","69","5.3%","0","0.0%","98","0.9%","0","0.0%","5","0.1%","0","0.0%","8","0.1%","0","0.0%","112","0.1%","0","0.0%","113","1.5%","0","0.0%","16","0.1%","4","0.1%","0","0.0%","252","0.5%","5","0.1%","0","0.0%","0","0.0%","0","0.0%","0","0.0%","22","0.1%","0","0.0%","159","1.4%","10","3.2%","0","0.0%","0","0.0%","0","0.0%","0","0.0%","256","1.1%","0","0.0%","0","0.0%","0","0.0%","0","0.0%","10","0.2%","0","0.0%","0","0.0%","204","0.7%","0","0.0%","0","0.0%","0","0.0%","91","0.4%","0","0.0%","0","0.0%","27","0.2%","0","0.0%","10","0.1%","0","0.0%","0","0.0%"
"HOUSEHOLDS BY TYPE","","","","","","","","","","","","","","","","","","","","","","","","","","","","","","","","","","","","","","","","","","","","","","","","","","","","","","","","","","","","","","","","","","","","","","","","","","","","","","","","","","","","","","","","","","","","","","","","","","","","","","","","","","","","","","","","","","","","","","","","","","","","","","","","","","","","","","","","","","","","","",""
"Total households","77","100.0%","15,002","100.0%","179","100.0%","735","100.0%","1,355","100.0%","2,129","100.0%","1,009","100.0%","11,406","100.0%","6,416","100.0%","616","100.0%","3,808","100.0%","1,497","100.0%","4,008","100.0%","1,685","100.0%","542","100.0%","1,278","100.0%","1,123","100.0%","909","100.0%","57","100.0%","4,611","100.0%","285","100.0%","9,284","100.0%","500","100.0%","211","100.0%","4,346","100.0%","238","100.0%","1,720","100.0%","76","100.0%","3,350","100.0%","368","100.0%","32,912","100.0%","4,549","100.0%","2,594","100.0%","1,378","100.0%","5,632","100.0%","1,585","100.0%","328","100.0%","22,417","100.0%","2,231","100.0%","5,314","100.0%","2,737","100.0%","458","100.0%","566","100.0%","7,405","100.0%","452","100.0%","4,685","100.0%","137","100.0%","224","100.0%","309","100.0%","678","100.0%","2,565","100.0%","9,772","100.0%","2,400","100.0%","1,177","100.0%","848","100.0%","157","100.0%","2,601","100.0%","3,831","100.0%","1,394","100.0%","11,178","100.0%","49","100.0%","173","100.0%","246","100.0%","9,338","100.0%","25","100.0%","2,360","100.0%","5,373","100.0%","342","100.0%","2,929","100.0%","2,213","100.0%","583","100.0%"
"Married couple household","38","49.4%","5,297","35.3%","96","53.6%","432","58.8%","742","54.8%","1,181","55.5%","529","52.4%","5,452","47.8%","3,666","57.1%","301","48.9%","1,849","48.6%","772","51.6%","2,030","50.6%","886","52.6%","297","54.8%","788","61.7%","646","57.5%","431","47.4%","21","36.8%","2,366","51.3%","135","47.4%","4,165","44.9%","307","61.4%","137","64.9%","2,103","48.4%","92","38.7%","842","49.0%","45","59.2%","1,737","51.9%","213","57.9%","14,040","42.7%","3,272","71.9%","1,878","72.4%","813","59.0%","3,468","61.6%","890","56.2%","216","65.9%","9,013","40.2%","1,315","58.9%","3,162","59.5%","1,621","59.2%","220","48.0%","257","45.4%","3,982","53.8%","241","53.3%","2,489","53.1%","58","42.3%","130","58.0%","183","59.2%","356","52.5%","1,334","52.0%","4,286","43.9%","1,544","64.3%","721","61.3%","462","54.5%","86","54.8%","1,459","56.1%","2,017","52.6%","851","61.0%","5,422","48.5%","33","67.3%","80","46.2%","122","49.6%","4,531","48.5%","16","64.0%","1,501","63.6%","2,713","50.5%","201","58.8%","1,491","50.9%","1,140","51.5%","270","46.3%"
"Married couple household With own children under 18 [3]","5","6.5%","2,065","13.8%","32","17.9%","78","10.6%","256","18.9%","468","22.0%","142","14.1%","2,334","20.5%","1,703","26.5%","86","14.0%","762","20.0%","217","14.5%","777","19.4%","294","17.4%","81","14.9%","278","21.8%","176","15.7%","80","8.8%","6","10.5%","822","17.8%","34","11.9%","1,398","15.1%","99","19.8%","33","15.6%","626","14.4%","35","14.7%","246","14.3%","11","14.5%","554","16.5%","67","18.2%","5,106","15.5%","1,272","28.0%","833","32.1%","312","22.6%","1,220","21.7%","329","20.8%","94","28.7%","3,489","15.6%","548","24.6%","1,267","23.8%","617","22.5%","80","17.5%","55","9.7%","1,112","15.0%","63","13.9%","850","18.1%","17","12.4%","31","13.8%","49","15.9%","99","14.6%","404","15.8%","1,537","15.7%","395","16.5%","242","20.6%","175","20.6%","27","17.2%","555","21.3%","813","21.2%","369","26.5%","2,318","20.7%","10","20.4%","18","10.4%","31","12.6%","1,817","19.5%","4","16.0%","649","27.5%","1,085","20.2%","42","12.3%","525","17.9%","366","16.5%","83","14.2%"
"Cohabiting couple household","7","9.1%","1,185","7.9%","9","5.0%","31","4.2%","65","4.8%","106","5.0%","52","5.2%","1,086","9.5%","518","8.1%","35","5.7%","268","7.0%","96","6.4%","269","6.7%","99","5.9%","22","4.1%","62","4.9%","46","4.1%","51","5.6%","7","12.3%","294","6.4%","22","7.7%","720","7.8%","22","4.4%","5","2.4%","257","5.9%","14","5.9%","95","5.5%","1","1.3%","179","5.3%","11","3.0%","2,469","7.5%","234","5.1%","90","3.5%","80","5.8%","293","5.2%","79","5.0%","9","2.7%","1,967","8.8%","178","8.0%","349","6.6%","188","6.9%","33","7.2%","27","4.8%","411","5.6%","21","4.6%","303","6.5%","7","5.1%","7","3.1%","12","3.9%","30","4.4%","150","5.8%","648","6.6%","116","4.8%","66","5.6%","56","6.6%","17","10.8%","152","5.8%","300","7.8%","86","6.2%","955","8.5%","4","8.2%","8","4.6%","20","8.1%","765","8.2%","0","0.0%","118","5.0%","347","6.5%","16","4.7%","142","4.8%","128","5.8%","34","5.8%"
"Cohabiting couple household With own children under 18 [3]","1","1.3%","212","1.4%","4","2.2%","5","0.7%","20","1.5%","33","1.6%","13","1.3%","423","3.7%","187","2.9%","15","2.4%","95","2.5%","21","1.4%","109","2.7%","40","2.4%","7","1.3%","23","1.8%","18","1.6%","16","1.8%","3","5.3%","83","1.8%","11","3.9%","309","3.3%","6","1.2%","1","0.5%","76","1.7%","5","2.1%","26","1.5%","1","1.3%","48","1.4%","8","2.2%","864","2.6%","76","1.7%","20","0.8%","24","1.7%","98","1.7%","22","1.4%","6","1.8%","690","3.1%","76","3.4%","121","2.3%","85","3.1%","10","2.2%","7","1.2%","117","1.6%","4","0.9%","92","2.0%","1","0.7%","4","1.8%","4","1.3%","10","1.5%","43","1.7%","203","2.1%","21","0.9%","25","2.1%","21","2.5%","3","1.9%","36","1.4%","120","3.1%","43","3.1%","347","3.1%","1","2.0%","3","1.7%","2","0.8%","106","1.1%","0","0.0%","63","2.7%","156","2.9%","5","1.5%","57","1.9%","32","1.4%","12","2.1%"
"Male householder, no spouse or partner present:","24","31.2%","4,399","29.3%","36","20.1%","178","24.2%","257","19.0%","404","19.0%","193","19.1%","2,413","21.2%","1,311","20.4%","157","25.5%","863","22.7%","368","24.6%","857","21.4%","322","19.1%","118","21.8%","218","17.1%","212","18.9%","241","26.5%","16","28.1%","831","18.0%","77","27.0%","1,851","19.9%","101","20.2%","40","19.0%","916","21.1%","55","23.1%","362","21.0%","19","25.0%","623","18.6%","85","23.1%","7,475","22.7%","564","12.4%","358","13.8%","230","16.7%","938","16.7%","324","20.4%","56","17.1%","5,200","23.2%","406","18.2%","830","15.6%","482","17.6%","97","21.2%","137","24.2%","1,312","17.7%","93","20.6%","832","17.8%","42","30.7%","42","18.8%","69","22.3%","136","20.1%","480","18.7%","2,127","21.8%","387","16.1%","198","16.8%","187","22.1%","40","25.5%","568","21.8%","733","19.1%","213","15.3%","2,471","22.1%","5","10.2%","52","30.1%","59","24.0%","2,055","22.0%","3","12.0%","367","15.6%","1,020","19.0%","64","18.7%","588","20.1%","467","21.1%","151","25.9%"
"Male householder, no spouse or partner present Living alone","19","24.7%","3,040","20.3%","22","12.3%","145","19.7%","194","14.3%","321","15.1%","145","14.4%","1,650","14.5%","903","14.1%","121","19.6%","646","17.0%","304","20.3%","651","16.2%","254","15.1%","101","18.6%","148","11.6%","175","15.6%","208","22.9%","12","21.1%","652","14.1%","58","20.4%","1,243","13.4%","72","14.4%","32","15.2%","734","16.9%","47","19.7%","289","16.8%","9","11.8%","486","14.5%","80","21.7%","5,631","17.1%","392","8.6%","276","10.6%","153","11.1%","687","12.2%","247","15.6%","36","11.0%","3,879","17.3%","257","11.5%","573","10.8%","320","11.7%","84","18.3%","117","20.7%","1,094","14.8%","73","16.2%","633","13.5%","39","28.5%","30","13.4%","53","17.2%","98","14.5%","394","15.4%","1,647","16.9%","317","13.2%","150","12.7%","151","17.8%","31","19.7%","446","17.1%","534","13.9%","163","11.7%","1,837","16.4%","4","8.2%","31","17.9%","46","18.7%","1,306","14.0%","3","12.0%","296","12.5%","770","14.3%","51","14.9%","445","15.2%","359","16.2%","117","20.1%"
"Male householder, no spouse or partner present Living alone 65 years and over","9","11.7%","512","3.4%","10","5.6%","69","9.4%","88","6.5%","120","5.6%","54","5.4%","339","3.0%","149","2.3%","46","7.5%","185","4.9%","134","9.0%","194","4.8%","108","6.4%","33","6.1%","65","5.1%","89","7.9%","93","10.2%","4","7.0%","224","4.9%","28","9.8%","477","5.1%","38","7.6%","18","8.5%","278","6.4%","29","12.2%","131","7.6%","4","5.3%","217","6.5%","38","10.3%","1,617","4.9%","129","2.8%","90","3.5%","57","4.1%","245","4.4%","90","5.7%","13","4.0%","1,034","4.6%","82","3.7%","174","3.3%","115","4.2%","34","7.4%","48","8.5%","451","6.1%","31","6.9%","237","5.1%","8","5.8%","12","5.4%","13","4.2%","51","7.5%","180","7.0%","545","5.6%","145","6.0%","67","5.7%","49","5.8%","11","7.0%","143","5.5%","142","3.7%","59","4.2%","404","3.6%","2","4.1%","8","4.6%","14","5.7%","355","3.8%","0","0.0%","114","4.8%","234","4.4%","28","8.2%","171","5.8%","135","6.1%","42","7.2%"
"Male householder, no spouse or partner present With own children under 18 [3]","0","0.0%","213","1.4%","2","1.1%","5","0.7%","22","1.6%","28","1.3%","18","1.8%","278","2.4%","160","2.5%","13","2.1%","93","2.4%","20","1.3%","65","1.6%","22","1.3%","4","0.7%","22","1.7%","12","1.1%","11","1.2%","1","1.8%","56","1.2%","3","1.1%","189","2.0%","10","2.0%","4","1.9%","61","1.4%","2","0.8%","30","1.7%","4","5.3%","38","1.1%","1","0.3%","577","1.8%","61","1.3%","32","1.2%","30","2.2%","80","1.4%","35","2.2%","4","1.2%","425","1.9%","59","2.6%","92","1.7%","61","2.2%","7","1.5%","3","0.5%","73","1.0%","7","1.5%","54","1.2%","1","0.7%","1","0.4%","3","1.0%","11","1.6%","27","1.1%","143","1.5%","21","0.9%","22","1.9%","19","2.2%","2","1.3%","33","1.3%","71","1.9%","16","1.1%","226","2.0%","0","0.0%","3","1.7%","3","1.2%","145","1.6%","0","0.0%","27","1.1%","94","1.7%","2","0.6%","58","2.0%","41","1.9%","10","1.7%"
"Female householder, no spouse or partner present:","8","10.4%","4,121","27.5%","38","21.2%","94","12.8%","291","21.5%","438","20.6%","235","23.3%","2,455","21.5%","921","14.4%","123","20.0%","828","21.7%","261","17.4%","852","21.3%","378","22.4%","105","19.4%","210","16.4%","219","19.5%","186","20.5%","13","22.8%","1,120","24.3%","51","17.9%","2,548","27.4%","70","14.0%","29","13.7%","1,070","24.6%","77","32.4%","421","24.5%","11","14.5%","811","24.2%","59","16.0%","8,928","27.1%","479","10.5%","268","10.3%","255","18.5%","933","16.6%","292","18.4%","47","14.3%","6,237","27.8%","332","14.9%","973","18.3%","446","16.3%","108","23.6%","145","25.6%","1,700","23.0%","97","21.5%","1,061","22.6%","30","21.9%","45","20.1%","45","14.6%","156","23.0%","601","23.4%","2,711","27.7%","353","14.7%","192","16.3%","143","16.9%","14","8.9%","422","16.2%","781","20.4%","244","17.5%","2,330","20.8%","7","14.3%","33","19.1%","45","18.3%","1,987","21.3%","6","24.0%","374","15.8%","1,293","24.1%","61","17.8%","708","24.2%","478","21.6%","128","22.0%"
"Female householder, no spouse or partner present Living alone","7","9.1%","2,556","17.0%","11","6.1%","69","9.4%","196","14.5%","270","12.7%","161","16.0%","1,389","12.2%","453","7.1%","73","11.9%","493","12.9%","182","12.2%","510","12.7%","252","15.0%","75","13.8%","135","10.6%","165","14.7%","145","16.0%","11","19.3%","737","16.0%","34","11.9%","1,291","13.9%","49","9.8%","19","9.0%","734","16.9%","69","29.0%","282","16.4%","4","5.3%","570","17.0%","33","9.0%","5,635","17.1%","261","5.7%","163","6.3%","165","12.0%","606","10.8%","213","13.4%","25","7.6%","3,906","17.4%","152","6.8%","567","10.7%","243","8.9%","71","15.5%","103","18.2%","1,157","15.6%","76","16.8%","710","15.2%","22","16.1%","28","12.5%","35","11.3%","101","14.9%","404","15.8%","1,913","19.6%","244","10.2%","107","9.1%","84","9.9%","4","2.5%","272","10.5%","450","11.7%","151","10.8%","1,355","12.1%","5","10.2%","21","12.1%","23","9.3%","1,229","13.2%","6","24.0%","210","8.9%","762","14.2%","40","11.7%","471","16.1%","322","14.6%","80","13.7%"
"Female householder, no spouse or partner present Living alone 65 years and over","4","5.2%","785","5.2%","7","3.9%","38","5.2%","104","7.7%","173","8.1%","100","9.9%","598","5.2%","161","2.5%","47","7.6%","237","6.2%","105","7.0%","263","6.6%","131","7.8%","50","9.2%","86","6.7%","100","8.9%","83","9.1%","5","8.8%","415","9.0%","14","4.9%","726","7.8%","31","6.2%","14","6.6%","422","9.7%","39","16.4%","170","9.9%","2","2.6%","336","10.0%","14","3.8%","2,811","8.5%","114","2.5%","94","3.6%","94","6.8%","330","5.9%","112","7.1%","14","4.3%","1,958","8.7%","80","3.6%","241","4.5%","123","4.5%","35","7.6%","64","11.3%","630","8.5%","49","10.8%","388","8.3%","3","2.2%","18","8.0%","22","7.1%","58","8.6%","246","9.6%","987","10.1%","146","6.1%","55","4.7%","33","3.9%","3","1.9%","141","5.4%","203","5.3%","92","6.6%","588","5.3%","0","0.0%","5","2.9%","9","3.7%","487","5.2%","0","0.0%","129","5.5%","324","6.0%","31","9.1%","251","8.6%","196","8.9%","51","8.7%"
"Female householder, no spouse or partner present With own children under 18 [3]","1","1.3%","459","3.1%","10","5.6%","5","0.7%","44","3.2%","80","3.8%","33","3.3%","634","5.6%","262","4.1%","18","2.9%","168","4.4%","21","1.4%","187","4.7%","71","4.2%","11","2.0%","33","2.6%","20","1.8%","16","1.8%","0","0.0%","157","3.4%","5","1.8%","504","5.4%","10","2.0%","5","2.4%","148","3.4%","1","0.4%","51","3.0%","3","3.9%","117","3.5%","5","1.4%","1,536","4.7%","92","2.0%","52","2.0%","37","2.7%","162","2.9%","48","3.0%","12","3.7%","1,103","4.9%","81","3.6%","191","3.6%","81","3.0%","16","3.5%","21","3.7%","241","3.3%","5","1.1%","170","3.6%","2","1.5%","3","1.3%","2","0.6%","21","3.1%","100","3.9%","382","3.9%","48","2.0%","39","3.3%","30","3.5%","3","1.9%","78","3.0%","209","5.5%","45","3.2%","544","4.9%","2","4.1%","7","4.0%","5","2.0%","267","2.9%","0","0.0%","90","3.8%","285","5.3%","7","2.0%","123","4.2%","68","3.1%","23","3.9%"
"Households with individuals under 18 years","10","13.0%","3,197","21.3%","65","36.3%","113","15.4%","395","29.2%","696","32.7%","235","23.3%","3,995","35.0%","2,515","39.2%","151","24.5%","1,228","32.2%","306","20.4%","1,247","31.1%","488","29.0%","117","21.6%","400","31.3%","255","22.7%","145","16.0%","13","22.8%","1,256","27.2%","67","23.5%","3,206","34.5%","142","28.4%","48","22.7%","1,053","24.2%","53","22.3%","410","23.8%","27","35.5%","837","25.0%","97","26.4%","8,933","27.1%","1,662","36.5%","981","37.8%","459","33.3%","1,706","30.3%","469","29.6%","130","39.6%","6,304","28.1%","853","38.2%","1,829","34.4%","948","34.6%","128","27.9%","106","18.7%","1,657","22.4%","93","20.6%","1,280","27.3%","25","18.2%","52","23.2%","69","22.3%","165","24.3%","636","24.8%","2,463","25.2%","553","23.0%","368","31.3%","277","32.7%","41","26.1%","755","29.0%","1,313","34.3%","513","36.8%","3,760","33.6%","17","34.7%","43","24.9%","49","19.9%","2,566","27.5%","4","16.0%","892","37.8%","1,763","32.8%","67","19.6%","856","29.2%","552","24.9%","149","25.6%"
"Households with individuals 65 years and over","33","42.9%","3,137","20.9%","68","38.0%","327","44.5%","510","37.6%","802","37.7%","454","45.0%","2,618","23.0%","1,243","19.4%","252","40.9%","1,098","28.8%","626","41.8%","1,200","29.9%","609","36.1%","232","42.8%","473","37.0%","505","45.0%","390","42.9%","25","43.9%","1,725","37.4%","109","38.2%","3,694","39.8%","213","42.6%","96","45.5%","1,771","40.8%","114","47.9%","729","42.4%","40","52.6%","1,381","41.2%","144","39.1%","10,089","30.7%","1,301","28.6%","728","28.1%","477","34.6%","1,975","35.1%","499","31.5%","114","34.8%","6,478","28.9%","586","26.3%","1,493","28.1%","830","30.3%","172","37.6%","256","45.2%","3,047","41.1%","218","48.2%","1,703","36.4%","21","15.3%","105","46.9%","152","49.2%","286","42.2%","1,058","41.2%","3,426","35.1%","1,058","44.1%","464","39.4%","244","28.8%","52","33.1%","864","33.2%","1,062","27.7%","402","28.8%","2,696","24.1%","20","40.8%","62","35.8%","87","35.4%","2,613","28.0%","2","8.0%","750","31.8%","1,553","28.9%","173","50.6%","1,093","37.3%","872","39.4%","219","37.6%"
"HOUSING OCCUPANCY","","","","","","","","","","","","","","","","","","","","","","","","","","","","","","","","","","","","","","","","","","","","","","","","","","","","","","","","","","","","","","","","","","","","","","","","","","","","","","","","","","","","","","","","","","","","","","","","","","","","","","","","","","","","","","","","","","","","","","","","","","","","","","","","","","","","","","","","","","","","","",""
"Total housing units","108","100.0%","16,531","100.0%","337","100.0%","1,518","100.0%","1,596","100.0%","2,425","100.0%","1,306","100.0%","12,774","100.0%","7,042","100.0%","1,094","100.0%","5,016","100.0%","2,047","100.0%","4,710","100.0%","1,902","100.0%","662","100.0%","1,624","100.0%","1,386","100.0%","1,344","100.0%","106","100.0%","5,229","100.0%","375","100.0%","10,353","100.0%","612","100.0%","270","100.0%","4,971","100.0%","293","100.0%","2,169","100.0%","89","100.0%","3,922","100.0%","676","100.0%","35,072","100.0%","4,750","100.0%","2,817","100.0%","1,542","100.0%","6,873","100.0%","2,042","100.0%","574","100.0%","25,043","100.0%","2,490","100.0%","6,031","100.0%","3,244","100.0%","593","100.0%","729","100.0%","8,633","100.0%","586","100.0%","5,094","100.0%","210","100.0%","276","100.0%","460","100.0%","832","100.0%","3,027","100.0%","10,598","100.0%","2,908","100.0%","1,378","100.0%","1,185","100.0%","314","100.0%","3,668","100.0%","4,325","100.0%","1,532","100.0%","12,921","100.0%","75","100.0%","292","100.0%","332","100.0%","12,716","100.0%","185","100.0%","2,641","100.0%","6,157","100.0%","476","100.0%","3,373","100.0%","2,729","100.0%","677","100.0%"
"Occupied housing units","77","71.3%","15,002","90.8%","179","53.1%","735","48.4%","1,355","84.9%","2,129","87.8%","1,009","77.3%","11,406","89.3%","6,416","91.1%","616","56.3%","3,808","75.9%","1,497","73.1%","4,008","85.1%","1,685","88.6%","542","81.9%","1,278","78.7%","1,123","81.0%","909","67.6%","57","53.8%","4,611","88.2%","285","76.0%","9,284","89.7%","500","81.7%","211","78.1%","4,346","87.4%","238","81.2%","1,720","79.3%","76","85.4%","3,350","85.4%","368","54.4%","32,912","93.8%","4,549","95.8%","2,594","92.1%","1,378","89.4%","5,632","81.9%","1,585","77.6%","328","57.1%","22,417","89.5%","2,231","89.6%","5,314","88.1%","2,737","84.4%","458","77.2%","566","77.6%","7,405","85.8%","452","77.1%","4,685","92.0%","137","65.2%","224","81.2%","309","67.2%","678","81.5%","2,565","84.7%","9,772","92.2%","2,400","82.5%","1,177","85.4%","848","71.6%","157","50.0%","2,601","70.9%","3,831","88.6%","1,394","91.0%","11,178","86.5%","49","65.3%","173","59.2%","246","74.1%","9,338","73.4%","25","13.5%","2,360","89.4%","5,373","87.3%","342","71.8%","2,929","86.8%","2,213","81.1%","583","86.1%"
"Vacant housing units","31","28.7%","1,529","9.2%","158","46.9%","783","51.6%","241","15.1%","296","12.2%","297","22.7%","1,368","10.7%","626","8.9%","478","43.7%","1,208","24.1%","550","26.9%","702","14.9%","217","11.4%","120","18.1%","346","21.3%","263","19.0%","435","32.4%","49","46.2%","618","11.8%","90","24.0%","1,069","10.3%","112","18.3%","59","21.9%","625","12.6%","55","18.8%","449","20.7%","13","14.6%","572","14.6%","308","45.6%","2,160","6.2%","201","4.2%","223","7.9%","164","10.6%","1,241","18.1%","457","22.4%","246","42.9%","2,626","10.5%","259","10.4%","717","11.9%","507","15.6%","135","22.8%","163","22.4%","1,228","14.2%","134","22.9%","409","8.0%","73","34.8%","52","18.8%","151","32.8%","154","18.5%","462","15.3%","826","7.8%","508","17.5%","201","14.6%","337","28.4%","157","50.0%","1,067","29.1%","494","11.4%","138","9.0%","1,743","13.5%","26","34.7%","119","40.8%","86","25.9%","3,378","26.6%","160","86.5%","281","10.6%","784","12.7%","134","28.2%","444","13.2%","516","18.9%","94","13.9%"
"For rent","0","0.0%","717","4.3%","4","1.2%","4","0.3%","46","2.9%","65","2.7%","26","2.0%","566","4.4%","258","3.7%","37","3.4%","505","10.1%","46","2.2%","235","5.0%","70","3.7%","13","2.0%","31","1.9%","35","2.5%","11","0.8%","1","0.9%","144","2.8%","19","5.1%","240","2.3%","19","3.1%","7","2.6%","166","3.3%","14","4.8%","135","6.2%","0","0.0%","133","3.4%","11","1.6%","863","2.5%","22","0.5%","23","0.8%","26","1.7%","75","1.1%","122","6.0%","8","1.4%","1,293","5.2%","39","1.6%","165","2.7%","68","2.1%","40","6.7%","39","5.3%","185","2.1%","14","2.4%","143","2.8%","5","2.4%","6","2.2%","4","0.9%","29","3.5%","98","3.2%","236","2.2%","21","0.7%","43","3.1%","111","9.4%","4","1.3%","100","2.7%","258","6.0%","43","2.8%","917","7.1%","3","4.0%","60","20.5%","6","1.8%","231","1.8%","1","0.5%","66","2.5%","347","5.6%","11","2.3%","133","3.9%","116","4.3%","20","3.0%"
"Rented, not occupied","3","2.8%","130","0.8%","1","0.3%","8","0.5%","7","0.4%","17","0.7%","2","0.2%","23","0.2%","7","0.1%","1","0.1%","22","0.4%","3","0.1%","10","0.2%","3","0.2%","2","0.3%","9","0.6%","8","0.6%","1","0.1%","0","0.0%","29","0.6%","0","0.0%","33","0.3%","0","0.0%","2","0.7%","22","0.4%","1","0.3%","6","0.3%","0","0.0%","4","0.1%","4","0.6%","100","0.3%","2","0.0%","4","0.1%","2","0.1%","14","0.2%","16","0.8%","1","0.2%","90","0.4%","12","0.5%","11","0.2%","2","0.1%","0","0.0%","0","0.0%","44","0.5%","2","0.3%","13","0.3%","1","0.5%","2","0.7%","0","0.0%","4","0.5%","59","1.9%","40","0.4%","5","0.2%","2","0.1%","7","0.6%","1","0.3%","9","0.2%","6","0.1%","0","0.0%","44","0.3%","0","0.0%","5","1.7%","0","0.0%","44","0.3%","3","1.6%","5","0.2%","18","0.3%","0","0.0%","24","0.7%","21","0.8%","0","0.0%"
"For sale only","4","3.7%","106","0.6%","0","0.0%","22","1.4%","12","0.8%","34","1.4%","18","1.4%","193","1.5%","92","1.3%","42","3.8%","105","2.1%","17","0.8%","68","1.4%","14","0.7%","11","1.7%","18","1.1%","20","1.4%","7","0.5%","0","0.0%","51","1.0%","5","1.3%","110","1.1%","13","2.1%","0","0.0%","76","1.5%","8","2.7%","55","2.5%","0","0.0%","46","1.2%","13","1.9%","258","0.7%","40","0.8%","19","0.7%","24","1.6%","57","0.8%","47","2.3%","3","0.5%","267","1.1%","32","1.3%","59","1.0%","36","1.1%","4","0.7%","16","2.2%","95","1.1%","0","0.0%","45","0.9%","0","0.0%","1","0.4%","0","0.0%","18","2.2%","47","1.6%","87","0.8%","15","0.5%","11","0.8%","31","2.6%","15","4.8%","41","1.1%","48","1.1%","15","1.0%","222","1.7%","0","0.0%","2","0.7%","4","1.2%","66","0.5%","3","1.6%","29","1.1%","101","1.6%","6","1.3%","86","2.5%","65","2.4%","7","1.0%"
"Sold, not occupied","1","0.9%","48","0.3%","4","1.2%","12","0.8%","13","0.8%","16","0.7%","4","0.3%","54","0.4%","3","0.0%","19","1.7%","47","0.9%","9","0.4%","16","0.3%","9","0.5%","2","0.3%","25","1.5%","6","0.4%","22","1.6%","1","0.9%","27","0.5%","3","0.8%","59","0.6%","5","0.8%","0","0.0%","21","0.4%","2","0.7%","19","0.9%","0","0.0%","10","0.3%","2","0.3%","73","0.2%","20","0.4%","10","0.4%","4","0.3%","28","0.4%","21","1.0%","1","0.2%","162","0.6%","30","1.2%","29","0.5%","11","0.3%","22","3.7%","11","1.5%","55","0.6%","8","1.4%","22","0.4%","5","2.4%","5","1.8%","7","1.5%","6","0.7%","28","0.9%","60","0.6%","11","0.4%","1","0.1%","3","0.3%","1","0.3%","12","0.3%","3","0.1%","6","0.4%","69","0.5%","0","0.0%","2","0.7%","0","0.0%","60","0.5%","0","0.0%","11","0.4%","35","0.6%","8","1.7%","18","0.5%","9","0.3%","1","0.1%"
"For seasonal, recreational, or occasional use","17","15.7%","178","1.1%","123","36.5%","667","43.9%","65","4.1%","65","2.7%","171","13.1%","127","1.0%","91","1.3%","260","23.8%","211","4.2%","350","17.1%","215","4.6%","69","3.6%","61","9.2%","187","11.5%","120","8.7%","332","24.7%","20","18.9%","209","4.0%","11","2.9%","135","1.3%","15","2.5%","27","10.0%","108","2.2%","11","3.8%","122","5.6%","6","6.7%","252","6.4%","232","34.3%","189","0.5%","25","0.5%","93","3.3%","33","2.1%","887","12.9%","48","2.4%","195","34.0%","195","0.8%","25","1.0%","341","5.7%","322","9.9%","26","4.4%","36","4.9%","656","7.6%","70","11.9%","46","0.9%","55","26.2%","23","8.3%","121","26.3%","61","7.3%","67","2.2%","175","1.7%","374","12.9%","118","8.6%","55","4.6%","112","35.7%","767","20.9%","23","0.5%","33","2.2%","98","0.8%","7","9.3%","9","3.1%","68","20.5%","2,713","21.3%","153","82.7%","56","2.1%","107","1.7%","68","14.3%","39","1.2%","148","5.4%","15","2.2%"
"All other vacants","6","5.6%","350","2.1%","26","7.7%","70","4.6%","98","6.1%","99","4.1%","76","5.8%","405","3.2%","175","2.5%","119","10.9%","318","6.3%","125","6.1%","158","3.4%","52","2.7%","31","4.7%","76","4.7%","74","5.3%","62","4.6%","27","25.5%","158","3.0%","52","13.9%","492","4.8%","60","9.8%","23","8.5%","232","4.7%","19","6.5%","112","5.2%","7","7.9%","127","3.2%","46","6.8%","677","1.9%","92","1.9%","74","2.6%","75","4.9%","180","2.6%","203","9.9%","38","6.6%","619","2.5%","121","4.9%","112","1.9%","68","2.1%","43","7.3%","61","8.4%","193","2.2%","40","6.8%","140","2.7%","7","3.3%","15","5.4%","19","4.1%","36","4.3%","163","5.4%","228","2.2%","82","2.8%","26","1.9%","130","11.0%","24","7.6%","138","3.8%","156","3.6%","41","2.7%","393","3.0%","16","21.3%","41","14.0%","8","2.4%","264","2.1%","0","0.0%","114","4.3%","176","2.9%","41","8.6%","144","4.3%","157","5.8%","51","7.5%"
"VACANCY RATES","","","","","","","","","","","","","","","","","","","","","","","","","","","","","","","","","","","","","","","","","","","","","","","","","","","","","","","","","","","","","","","","","","","","","","","","","","","","","","","","","","","","","","","","","","","","","","","","","","","","","","","","","","","","","","","","","","","","","","","","","","","","","","","","","","","","","","","","","","","","","",""
"Homeowner vacancy rate (percent) [4]","5.3","(X)","1.5","(X)","0.0","(X)","3.5","(X)","1.2","(X)","2.1","(X)","2.3","(X)","2.3","(X)","1.9","(X)","8.2","(X)","3.7","(X)","1.5","(X)","2.3","(X)","1.1","(X)","2.5","(X)","1.6","(X)","2.1","(X)","1.0","(X)","0.0","(X)","1.5","(X)","2.3","(X)","1.6","(X)","3.5","(X)","0.0","(X)","2.3","(X)","5.3","(X)","4.1","(X)","0.0","(X)","1.8","(X)","4.5","(X)","1.2","(X)","1.0","(X)","1.1","(X)","2.2","(X)","1.2","(X)","3.6","(X)","1.1","(X)","1.8","(X)","1.6","(X)","1.5","(X)","1.5","(X)","1.1","(X)","3.5","(X)","1.7","(X)","0.0","(X)","1.3","(X)","0.0","(X)","0.5","(X)","0.0","(X)","3.5","(X)","2.4","(X)","1.3","(X)","0.7","(X)","1.2","(X)","4.8","(X)","11.4","(X)","2.1","(X)","1.7","(X)","1.4","(X)","2.7","(X)","0.0","(X)","2.0","(X)","2.7","(X)","1.2","(X)","23.1","(X)","1.4","(X)","2.6","(X)","2.2","(X)","3.8","(X)","3.6","(X)","1.5","(X)"
"Rental vacancy rate (percent) [5]","0.0","(X)","8.2","(X)","6.7","(X)","2.7","(X)","11.3","(X)","10.3","(X)","9.2","(X)","14.4","(X)","14.0","(X)","18.2","(X)","31.1","(X)","10.9","(X)","17.8","(X)","15.4","(X)","9.8","(X)","12.4","(X)","14.6","(X)","4.7","(X)","4.8","(X)","10.4","(X)","20.9","(X)","7.9","(X)","11.7","(X)","11.3","(X)","12.1","(X)","12.4","(X)","22.7","(X)","0.0","(X)","14.0","(X)","10.2","(X)","6.7","(X)","4.9","(X)","2.6","(X)","7.9","(X)","6.1","(X)","25.1","(X)","11.6","(X)","13.5","(X)","12.4","(X)","10.9","(X)","14.0","(X)","22.7","(X)","21.7","(X)","8.3","(X)","9.3","(X)","9.7","(X)","3.5","(X)","13.0","(X)","6.9","(X)","12.8","(X)","12.0","(X)","6.4","(X)","5.7","(X)","13.8","(X)","31.2","(X)","8.7","(X)","12.9","(X)","20.7","(X)","12.3","(X)","21.4","(X)","21.4","(X)","42.0","(X)","5.7","(X)","5.6","(X)","5.3","(X)","14.5","(X)","17.7","(X)","12.1","(X)","14.0","(X)","18.7","(X)","15.3","(X)"
"HOUSING TENURE","","","","","","","","","","","","","","","","","","","","","","","","","","","","","","","","","","","","","","","","","","","","","","","","","","","","","","","","","","","","","","","","","","","","","","","","","","","","","","","","","","","","","","","","","","","","","","","","","","","","","","","","","","","","","","","","","","","","","","","","","","","","","","","","","","","","","","","","","","","","","",""
"Occupied housing units","77","100.0%","15,002","100.0%","179","100.0%","735","100.0%","1,355","100.0%","2,129","100.0%","1,009","100.0%","11,406","100.0%","6,416","100.0%","616","100.0%","3,808","100.0%","1,497","100.0%","4,008","100.0%","1,685","100.0%","542","100.0%","1,278","100.0%","1,123","100.0%","909","100.0%","57","100.0%","4,611","100.0%","285","100.0%","9,284","100.0%","500","100.0%","211","100.0%","4,346","100.0%","238","100.0%","1,720","100.0%","76","100.0%","3,350","100.0%","368","100.0%","32,912","100.0%","4,549","100.0%","2,594","100.0%","1,378","100.0%","5,632","100.0%","1,585","100.0%","328","100.0%","22,417","100.0%","2,231","100.0%","5,314","100.0%","2,737","100.0%","458","100.0%","566","100.0%","7,405","100.0%","452","100.0%","4,685","100.0%","137","100.0%","224","100.0%","309","100.0%","678","100.0%","2,565","100.0%","9,772","100.0%","2,400","100.0%","1,177","100.0%","848","100.0%","157","100.0%","2,601","100.0%","3,831","100.0%","1,394","100.0%","11,178","100.0%","49","100.0%","173","100.0%","246","100.0%","9,338","100.0%","25","100.0%","2,360","100.0%","5,373","100.0%","342","100.0%","2,929","100.0%","2,213","100.0%","583","100.0%"
"Owner-occupied housing units","70","90.9%","7,087","47.2%","124","69.3%","600","81.6%","1,000","73.8%","1,582","74.3%","753","74.6%","8,076","70.8%","4,840","75.4%","451","73.2%","2,713","71.2%","1,124","75.1%","2,930","73.1%","1,302","77.3%","425","78.4%","1,069","83.6%","927","82.5%","685","75.4%","37","64.9%","3,396","73.6%","213","74.7%","6,518","70.2%","356","71.2%","158","74.9%","3,166","72.8%","140","58.8%","1,265","73.5%","60","78.9%","2,535","75.7%","275","74.7%","21,078","64.0%","4,125","90.7%","1,732","66.8%","1,076","78.1%","4,488","79.7%","1,237","78.0%","268","81.7%","14,248","63.6%","1,967","88.2%","3,977","74.8%","2,322","84.8%","322","70.3%","425","75.1%","5,403","73.0%","318","70.4%","3,373","72.0%","0","0.0%","186","83.0%","255","82.5%","484","71.4%","1,908","74.4%","6,360","65.1%","2,059","85.8%","911","77.4%","610","71.9%","116","73.9%","1,937","74.5%","2,851","74.4%","1,088","78.0%","7,849","70.2%","38","77.6%","95","54.9%","146","59.3%","5,486","58.7%","10","40.0%","1,976","83.7%","3,783","70.4%","262","76.6%","2,136","72.9%","1,730","78.2%","472","81.0%"
"Renter-occupied housing units","7","9.1%","7,915","52.8%","55","30.7%","135","18.4%","355","26.2%","547","25.7%","256","25.4%","3,330","29.2%","1,576","24.6%","165","26.8%","1,095","28.8%","373","24.9%","1,078","26.9%","383","22.7%","117","21.6%","209","16.4%","196","17.5%","224","24.6%","20","35.1%","1,215","26.4%","72","25.3%","2,766","29.8%","144","28.8%","53","25.1%","1,180","27.2%","98","41.2%","455","26.5%","16","21.1%","815","24.3%","93","25.3%","11,834","36.0%","424","9.3%","862","33.2%","302","21.9%","1,144","20.3%","348","22.0%","60","18.3%","8,169","36.4%","264","11.8%","1,337","25.2%","415","15.2%","136","29.7%","141","24.9%","2,002","27.0%","134","29.6%","1,312","28.0%","137","100.0%","38","17.0%","54","17.5%","194","28.6%","657","25.6%","3,412","34.9%","341","14.2%","266","22.6%","238","28.1%","41","26.1%","664","25.5%","980","25.6%","306","22.0%","3,329","29.8%","11","22.4%","78","45.1%","100","40.7%","3,852","41.3%","15","60.0%","384","16.3%","1,590","29.6%","80","23.4%","793","27.1%","483","21.8%","111","19.0%"
