"Label (Grouping)","Boise City CCD, Ada County, Idaho!!Count","Boise City CCD, Ada County, Idaho!!Percent","Boise Hills CCD, Ada County, Idaho!!Count","Boise Hills CCD, Ada County, Idaho!!Percent","Eagle CCD, Ada County, Idaho!!Count","Eagle CCD, Ada County, Idaho!!Percent","Kuna CCD, Ada County, Idaho!!Count","Kuna CCD, Ada County, Idaho!!Percent","Orchard CCD, Ada County, Idaho!!Count","Orchard CCD, Ada County, Idaho!!Percent","Council CCD, Adams County, Idaho!!Count","Council CCD, Adams County, Idaho!!Percent","New Meadows CCD, Adams County, Idaho!!Count","New Meadows CCD, Adams County, Idaho!!Percent","Fort Hall CCD, Bannock County, Idaho!!Count","Fort Hall CCD, Bannock County, Idaho!!Percent","Inkom CCD, Bannock County, Idaho!!Count","Inkom CCD, Bannock County, Idaho!!Percent","Pocatello CCD, Bannock County, Idaho!!Count","Pocatello CCD, Bannock County, Idaho!!Percent","South Bannock CCD, Bannock County, Idaho!!Count","South Bannock CCD, Bannock County, Idaho!!Percent","Georgetown CCD, Bear Lake County, Idaho!!Count","Georgetown CCD, Bear Lake County, Idaho!!Percent","Montpelier CCD, Bear Lake County, Idaho!!Count","Montpelier CCD, Bear Lake County, Idaho!!Percent","Paris CCD, Bear Lake County, Idaho!!Count","Paris CCD, Bear Lake County, Idaho!!Percent","Plummer CCD, Benewah County, Idaho!!Count","Plummer CCD, Benewah County, Idaho!!Percent","St. Maries CCD, Benewah County, Idaho!!Count","St. Maries CCD, Benewah County, Idaho!!Percent","Tensed CCD, Benewah County, Idaho!!Count","Tensed CCD, Benewah County, Idaho!!Percent","Aberdeen CCD, Bingham County, Idaho!!Count","Aberdeen CCD, Bingham County, Idaho!!Percent","Alridge CCD, Bingham County, Idaho!!Count","Alridge CCD, Bingham County, Idaho!!Percent","Atomic City CCD, Bingham County, Idaho!!Count","Atomic City CCD, Bingham County, Idaho!!Percent","Blackfoot CCD, Bingham County, Idaho!!Count","Blackfoot CCD, Bingham County, Idaho!!Percent","Firth CCD, Bingham County, Idaho!!Count","Firth CCD, Bingham County, Idaho!!Percent","Fort Hall CCD, Bingham County, Idaho!!Count","Fort Hall CCD, Bingham County, Idaho!!Percent","Moreland CCD, Bingham County, Idaho!!Count","Moreland CCD, Bingham County, Idaho!!Percent","Shelley CCD, Bingham County, Idaho!!Count","Shelley CCD, Bingham County, Idaho!!Percent","Carey CCD, Blaine County, Idaho!!Count","Carey CCD, Blaine County, Idaho!!Percent","Hailey-Bellevue CCD, Blaine County, Idaho!!Count","Hailey-Bellevue CCD, Blaine County, Idaho!!Percent","Ketchum CCD, Blaine County, Idaho!!Count","Ketchum CCD, Blaine County, Idaho!!Percent","Garden Valley CCD, Boise County, Idaho!!Count","Garden Valley CCD, Boise County, Idaho!!Percent","Horseshoe Bend CCD, Boise County, Idaho!!Count","Horseshoe Bend CCD, Boise County, Idaho!!Percent","Idaho City CCD, Boise County, Idaho!!Count","Idaho City CCD, Boise County, Idaho!!Percent","Blanchard-Glengary CCD, Bonner County, Idaho!!Count","Blanchard-Glengary CCD, Bonner County, Idaho!!Percent","Clark Fork CCD, Bonner County, Idaho!!Count","Clark Fork CCD, Bonner County, Idaho!!Percent","Priest River CCD, Bonner County, Idaho!!Count","Priest River CCD, Bonner County, Idaho!!Percent","Sandpoint CCD, Bonner County, Idaho!!Count","Sandpoint CCD, Bonner County, Idaho!!Percent","Idaho Falls CCD, Bonneville County, Idaho!!Count","Idaho Falls CCD, Bonneville County, Idaho!!Percent","Idaho Falls West CCD, Bonneville County, Idaho!!Count","Idaho Falls West CCD, Bonneville County, Idaho!!Percent","Swan Valley CCD, Bonneville County, Idaho!!Count","Swan Valley CCD, Bonneville County, Idaho!!Percent","Ucon CCD, Bonneville County, Idaho!!Count","Ucon CCD, Bonneville County, Idaho!!Percent","Bonners Ferry CCD, Boundary County, Idaho!!Count","Bonners Ferry CCD, Boundary County, Idaho!!Percent","Moyie Springs CCD, Boundary County, Idaho!!Count","Moyie Springs CCD, Boundary County, Idaho!!Percent","South and West Boundary CCD, Boundary County, Idaho!!Count","South and West Boundary CCD, Boundary County, Idaho!!Percent","Arco CCD, Butte County, Idaho!!Count","Arco CCD, Butte County, Idaho!!Percent","Howe CCD, Butte County, Idaho!!Count","Howe CCD, Butte County, Idaho!!Percent","East Camas CCD, Camas County, Idaho!!Count","East Camas CCD, Camas County, Idaho!!Percent","West Camas CCD, Camas County, Idaho!!Count","West Camas CCD, Camas County, Idaho!!Percent","Caldwell CCD, Canyon County, Idaho!!Count","Caldwell CCD, Canyon County, Idaho!!Percent","Huston CCD, Canyon County, Idaho!!Count","Huston CCD, Canyon County, Idaho!!Percent","Melba CCD, Canyon County, Idaho!!Count","Melba CCD, Canyon County, Idaho!!Percent","Middleton CCD, Canyon County, Idaho!!Count","Middleton CCD, Canyon County, Idaho!!Percent","Nampa CCD, Canyon County, Idaho!!Count","Nampa CCD, Canyon County, Idaho!!Percent","Notus CCD, Canyon County, Idaho!!Count","Notus CCD, Canyon County, Idaho!!Percent","Parma CCD, Canyon County, Idaho!!Count","Parma CCD, Canyon County, Idaho!!Percent","Wilder CCD, Canyon County, Idaho!!Count","Wilder CCD, Canyon County, Idaho!!Percent","Bancroft CCD, Caribou County, Idaho!!Count","Bancroft CCD, Caribou County, Idaho!!Percent","Fort Hall CCD, Caribou County, Idaho!!Count","Fort Hall CCD, Caribou County, Idaho!!Percent","Grace CCD, Caribou County, Idaho!!Count","Grace CCD, Caribou County, Idaho!!Percent","Soda Springs CCD, Caribou County, Idaho!!Count","Soda Springs CCD, Caribou County, Idaho!!Percent","Wayan CCD, Caribou County, Idaho!!Count","Wayan CCD, Caribou County, Idaho!!Percent","Albion CCD, Cassia County, Idaho!!Count","Albion CCD, Cassia County, Idaho!!Percent","Burley CCD, Cassia County, Idaho!!Count","Burley CCD, Cassia County, Idaho!!Percent","Declo CCD, Cassia County, Idaho!!Count","Declo CCD, Cassia County, Idaho!!Percent","Oakley CCD, Cassia County, Idaho!!Count","Oakley CCD, Cassia County, Idaho!!Percent","East Clark CCD, Clark County, Idaho!!Count","East Clark CCD, Clark County, Idaho!!Percent","West Clark CCD, Clark County, Idaho!!Count","West Clark CCD, Clark County, Idaho!!Percent","Elk River CCD, Clearwater County, Idaho!!Count","Elk River CCD, Clearwater County, Idaho!!Percent","Nez Perce CCD, Clearwater County, Idaho!!Count","Nez Perce CCD, Clearwater County, Idaho!!Percent","Pierce-Headquarters CCD, Clearwater County, Idaho!!Count","Pierce-Headquarters CCD, Clearwater County, Idaho!!Percent","Weippe CCD, Clearwater County, Idaho!!Count","Weippe CCD, Clearwater County, Idaho!!Percent","Challis CCD, Custer County, Idaho!!Count","Challis CCD, Custer County, Idaho!!Percent","Mackay CCD, Custer County, Idaho!!Count","Mackay CCD, Custer County, Idaho!!Percent","Stanley CCD, Custer County, Idaho!!Count","Stanley CCD, Custer County, Idaho!!Percent","Atlanta CCD, Elmore County, Idaho!!Count","Atlanta CCD, Elmore County, Idaho!!Percent","Glenns Ferry CCD, Elmore County, Idaho!!Count","Glenns Ferry CCD, Elmore County, Idaho!!Percent","Mountain Home CCD, Elmore County, Idaho!!Count","Mountain Home CCD, Elmore County, Idaho!!Percent","Dayton CCD, Franklin County, Idaho!!Count","Dayton CCD, Franklin County, Idaho!!Percent","Mink Creek CCD, Franklin County, Idaho!!Count","Mink Creek CCD, Franklin County, Idaho!!Percent","Preston CCD, Franklin County, Idaho!!Count","Preston CCD, Franklin County, Idaho!!Percent","Ashton CCD, Fremont County, Idaho!!Count","Ashton CCD, Fremont County, Idaho!!Percent","Island Park CCD, Fremont County, Idaho!!Count","Island Park CCD, Fremont County, Idaho!!Percent","St. Anthony CCD, Fremont County, Idaho!!Count","St. Anthony CCD, Fremont County, Idaho!!Percent","Teton-Newdale CCD, Fremont County, Idaho!!Count","Teton-Newdale CCD, Fremont County, Idaho!!Percent","Yellowstone National Park CCD, Fremont County, Idaho!!Count","Yellowstone National Park CCD, Fremont County, Idaho!!Percent","Emmett Bench CCD, Gem County, Idaho!!Count","Emmett Bench CCD, Gem County, Idaho!!Percent","Emmett Valley CCD, Gem County, Idaho!!Count","Emmett Valley CCD, Gem County, Idaho!!Percent","Sweet CCD, Gem County, Idaho!!Count","Sweet CCD, Gem County, Idaho!!Percent","Bliss CCD, Gooding County, Idaho!!Count","Bliss CCD, Gooding County, Idaho!!Percent","Gooding CCD, Gooding County, Idaho!!Count","Gooding CCD, Gooding County, Idaho!!Percent","Hagerman CCD, Gooding County, Idaho!!Count","Hagerman CCD, Gooding County, Idaho!!Percent","Wendell CCD, Gooding County, Idaho!!Count","Wendell CCD, Gooding County, Idaho!!Percent","Cottonwood CCD, Idaho County, Idaho!!Count","Cottonwood CCD, Idaho County, Idaho!!Percent","Elk City CCD, Idaho County, Idaho!!Count","Elk City CCD, Idaho County, Idaho!!Percent","Grangeville CCD, Idaho County, Idaho!!Count","Grangeville CCD, Idaho County, Idaho!!Percent","Nez Perce CCD, Idaho County, Idaho!!Count","Nez Perce CCD, Idaho County, Idaho!!Percent","Riggins CCD, Idaho County, Idaho!!Count","Riggins CCD, Idaho County, Idaho!!Percent","Lewisville-Menan CCD, Jefferson County, Idaho!!Count","Lewisville-Menan CCD, Jefferson County, Idaho!!Percent","Mud Lake-Hamer CCD, Jefferson County, Idaho!!Count","Mud Lake-Hamer CCD, Jefferson County, Idaho!!Percent","Rigby CCD, Jefferson County, Idaho!!Count","Rigby CCD, Jefferson County, Idaho!!Percent","Ririe CCD, Jefferson County, Idaho!!Count","Ririe CCD, Jefferson County, Idaho!!Percent","Roberts CCD, Jefferson County, Idaho!!Count","Roberts CCD, Jefferson County, Idaho!!Percent","Eden-Hazelton CCD, Jerome County, Idaho!!Count","Eden-Hazelton CCD, Jerome County, Idaho!!Percent","Hunt CCD, Jerome County, Idaho!!Count","Hunt CCD, Jerome County, Idaho!!Percent","Jerome CCD, Jerome County, Idaho!!Count","Jerome CCD, Jerome County, Idaho!!Percent","Coeur d'Alene CCD, Kootenai County, Idaho!!Count","Coeur d'Alene CCD, Kootenai County, Idaho!!Percent","Harrison CCD, Kootenai County, Idaho!!Count","Harrison CCD, Kootenai County, Idaho!!Percent","Post Falls-Rathdrum CCD, Kootenai County, Idaho!!Count","Post Falls-Rathdrum CCD, Kootenai County, Idaho!!Percent","Spirit Lake-Athol CCD, Kootenai County, Idaho!!Count","Spirit Lake-Athol CCD, Kootenai County, Idaho!!Percent","Worley CCD, Kootenai County, Idaho!!Count","Worley CCD, Kootenai County, Idaho!!Percent","Deary-Bovill CCD, Latah County, Idaho!!Count","Deary-Bovill CCD, Latah County, Idaho!!Percent","Genesee CCD, Latah County, Idaho!!Count","Genesee CCD, Latah County, Idaho!!Percent","Moscow CCD, Latah County, Idaho!!Count","Moscow CCD, Latah County, Idaho!!Percent","Potlatch CCD, Latah County, Idaho!!Count","Potlatch CCD, Latah County, Idaho!!Percent","Troy-Juliaetta-Kendrick CCD, Latah County, Idaho!!Count","Troy-Juliaetta-Kendrick CCD, Latah County, Idaho!!Percent","Forney CCD, Lemhi County, Idaho!!Count","Forney CCD, Lemhi County, Idaho!!Percent","Leadore CCD, Lemhi County, Idaho!!Count","Leadore CCD, Lemhi County, Idaho!!Percent","Patterson CCD, Lemhi County, Idaho!!Count","Patterson CCD, Lemhi County, Idaho!!Percent","Salmon CCD, Lemhi County, Idaho!!Count","Salmon CCD, Lemhi County, Idaho!!Percent","Craigmont CCD, Lewis County, Idaho!!Count","Craigmont CCD, Lewis County, Idaho!!Percent","Kamiah CCD, Lewis County, Idaho!!Count","Kamiah CCD, Lewis County, Idaho!!Percent","Nezperce CCD, Lewis County, Idaho!!Count","Nezperce CCD, Lewis County, Idaho!!Percent","South Lewis CCD, Lewis County, Idaho!!Count","South Lewis CCD, Lewis County, Idaho!!Percent","Winchester CCD, Lewis County, Idaho!!Count","Winchester CCD, Lewis County, Idaho!!Percent","Richfield CCD, Lincoln County, Idaho!!Count","Richfield CCD, Lincoln County, Idaho!!Percent","Shoshone CCD, Lincoln County, Idaho!!Count","Shoshone CCD, Lincoln County, Idaho!!Percent","East Madison CCD, Madison County, Idaho!!Count","East Madison CCD, Madison County, Idaho!!Percent","Rexburg CCD, Madison County, Idaho!!Count","Rexburg CCD, Madison County, Idaho!!Percent","Sugar City CCD, Madison County, Idaho!!Count","Sugar City CCD, Madison County, Idaho!!Percent","Heyburn CCD, Minidoka County, Idaho!!Count","Heyburn CCD, Minidoka County, Idaho!!Percent","Minidoka CCD, Minidoka County, Idaho!!Count","Minidoka CCD, Minidoka County, Idaho!!Percent","Paul CCD, Minidoka County, Idaho!!Count","Paul CCD, Minidoka County, Idaho!!Percent","Rupert CCD, Minidoka County, Idaho!!Count","Rupert CCD, Minidoka County, Idaho!!Percent","Leland CCD, Nez Perce County, Idaho!!Count","Leland CCD, Nez Perce County, Idaho!!Percent","Lewiston CCD, Nez Perce County, Idaho!!Count","Lewiston CCD, Nez Perce County, Idaho!!Percent","Nez Perce CCD, Nez Perce County, Idaho!!Count","Nez Perce CCD, Nez Perce County, Idaho!!Percent","Holbrook CCD, Oneida County, Idaho!!Count","Holbrook CCD, Oneida County, Idaho!!Percent","Malad City CCD, Oneida County, Idaho!!Count","Malad City CCD, Oneida County, Idaho!!Percent","Bruneau CCD, Owyhee County, Idaho!!Count","Bruneau CCD, Owyhee County, Idaho!!Percent","Duck Valley CCD, Owyhee County, Idaho!!Count","Duck Valley CCD, Owyhee County, Idaho!!Percent","Grand View CCD, Owyhee County, Idaho!!Count","Grand View CCD, Owyhee County, Idaho!!Percent","Homedale CCD, Owyhee County, Idaho!!Count","Homedale CCD, Owyhee County, Idaho!!Percent","Marsing CCD, Owyhee County, Idaho!!Count","Marsing CCD, Owyhee County, Idaho!!Percent","Murphy CCD, Owyhee County, Idaho!!Count","Murphy CCD, Owyhee County, Idaho!!Percent","Fruitland CCD, Payette County, Idaho!!Count","Fruitland CCD, Payette County, Idaho!!Percent","New Plymouth CCD, Payette County, Idaho!!Count","New Plymouth CCD, Payette County, Idaho!!Percent","Payette CCD, Payette County, Idaho!!Count","Payette CCD, Payette County, Idaho!!Percent","American Falls CCD, Power County, Idaho!!Count","American Falls CCD, Power County, Idaho!!Percent","Arbon CCD, Power County, Idaho!!Count","Arbon CCD, Power County, Idaho!!Percent","Fort Hall CCD, Power County, Idaho!!Count","Fort Hall CCD, Power County, Idaho!!Percent","Rockland CCD, Power County, Idaho!!Count","Rockland CCD, Power County, Idaho!!Percent","Avery-Clarkia CCD, Shoshone County, Idaho!!Count","Avery-Clarkia CCD, Shoshone County, Idaho!!Percent","Kellogg CCD, Shoshone County, Idaho!!Count","Kellogg CCD, Shoshone County, Idaho!!Percent","Mullan CCD, Shoshone County, Idaho!!Count","Mullan CCD, Shoshone County, Idaho!!Percent","Murray CCD, Shoshone County, Idaho!!Count","Murray CCD, Shoshone County, Idaho!!Percent","Osburn-Wallace CCD, Shoshone County, Idaho!!Count","Osburn-Wallace CCD, Shoshone County, Idaho!!Percent","Driggs CCD, Teton County, Idaho!!Count","Driggs CCD, Teton County, Idaho!!Percent","Tetonia CCD, Teton County, Idaho!!Count","Tetonia CCD, Teton County, Idaho!!Percent","Victor CCD, Teton County, Idaho!!Count","Victor CCD, Teton County, Idaho!!Percent","Buhl CCD, Twin Falls County, Idaho!!Count","Buhl CCD, Twin Falls County, Idaho!!Percent","Filer CCD, Twin Falls County, Idaho!!Count","Filer CCD, Twin Falls County, Idaho!!Percent","Hollister CCD, Twin Falls County, Idaho!!Count","Hollister CCD, Twin Falls County, Idaho!!Percent","Kimberly CCD, Twin Falls County, Idaho!!Count","Kimberly CCD, Twin Falls County, Idaho!!Percent","Murtaugh CCD, Twin Falls County, Idaho!!Count","Murtaugh CCD, Twin Falls County, Idaho!!Percent","Twin Falls CCD, Twin Falls County, Idaho!!Count","Twin Falls CCD, Twin Falls County, Idaho!!Percent","West Salmon Falls CCD, Twin Falls County, Idaho!!Count","West Salmon Falls CCD, Twin Falls County, Idaho!!Percent","Cascade CCD, Valley County, Idaho!!Count","Cascade CCD, Valley County, Idaho!!Percent","McCall CCD, Valley County, Idaho!!Count","McCall CCD, Valley County, Idaho!!Percent","Stibnite CCD, Valley County, Idaho!!Count","Stibnite CCD, Valley County, Idaho!!Percent","Cambridge CCD, Washington County, Idaho!!Count","Cambridge CCD, Washington County, Idaho!!Percent","Midvale CCD, Washington County, Idaho!!Count","Midvale CCD, Washington County, Idaho!!Percent","Weiser CCD, Washington County, Idaho!!Count","Weiser CCD, Washington County, Idaho!!Percent"
"SEX AND AGE","","","","","","","","","","","","","","","","","","","","","","","","","","","","","","","","","","","","","","","","","","","","","","","","","","","","","","","","","","","","","","","","","","","","","","","","","","","","","","","","","","","","","","","","","","","","","","","","","","","","","","","","","","","","","","","","","","","","","","","","","","","","","","","","","","","","","","","","","","","","","","","","","","","","","","","","","","","","","","","","","","","","","","","","","","","","","","","","","","","","","","","","","","","","","","","","","","","","","","","","","","","","","","","","","","","","","","","","","","","","","","","","","","","","","","","","","","","","","","","","","","","","","","","","","","","","","","","","","","","","","","","","","","","","","","","","","","","","","","","","","","","","","","","","","","","","","","","","","","","","","","","","","","","","","","","","","","","","","","","","","","","","","","","","","","","","","","","","","","","",""
"Total population","386,541","100.0%","10,180","100.0%","50,480","100.0%","27,700","100.0%","20,066","100.0%","2,543","100.0%","1,836","100.0%","2,141","100.0%","3,713","100.0%","75,647","100.0%","5,517","100.0%","902","100.0%","3,645","100.0%","1,825","100.0%","1,893","100.0%","6,835","100.0%","802","100.0%","2,978","100.0%","546","100.0%","2,596","100.0%","15,243","100.0%","3,459","100.0%","3,009","100.0%","10,735","100.0%","9,426","100.0%","1,044","100.0%","15,242","100.0%","7,986","100.0%","2,208","100.0%","1,932","100.0%","3,470","100.0%","16,821","100.0%","2,555","100.0%","5,723","100.0%","22,011","100.0%","113,877","100.0%","1,900","100.0%","1,484","100.0%","6,703","100.0%","7,318","100.0%","2,679","100.0%","2,059","100.0%","2,293","100.0%","281","100.0%","364","100.0%","713","100.0%","39,620","100.0%","4,255","100.0%","2,585","100.0%","19,977","100.0%","150,293","100.0%","3,794","100.0%","5,091","100.0%","5,490","100.0%","761","100.0%","0","-","1,948","100.0%","4,071","100.0%","247","100.0%","2,816","100.0%","15,963","100.0%","3,464","100.0%","2,412","100.0%","93","100.0%","697","100.0%","385","100.0%","5,778","100.0%","1,461","100.0%","1,110","100.0%","2,398","100.0%","1,308","100.0%","569","100.0%","346","100.0%","2,428","100.0%","25,892","100.0%","2,794","100.0%","993","100.0%","10,407","100.0%","2,283","100.0%","1,517","100.0%","8,315","100.0%","1,273","100.0%","0","-","3,290","100.0%","14,343","100.0%","1,490","100.0%","1,021","100.0%","6,573","100.0%","2,108","100.0%","5,896","100.0%","2,190","100.0%","2,126","100.0%","6,518","100.0%","4,301","100.0%","1,406","100.0%","4,203","100.0%","2,310","100.0%","20,710","100.0%","1,992","100.0%","1,676","100.0%","2,700","100.0%","573","100.0%","20,964","100.0%","86,749","100.0%","2,898","100.0%","60,672","100.0%","18,334","100.0%","2,709","100.0%","1,783","100.0%","1,584","100.0%","28,596","100.0%","4,038","100.0%","3,516","100.0%","104","100.0%","661","100.0%","485","100.0%","6,724","100.0%","683","100.0%","1,539","100.0%","651","100.0%","42","100.0%","618","100.0%","997","100.0%","4,130","100.0%","237","100.0%","44,988","100.0%","7,688","100.0%","6,214","100.0%","1,261","100.0%","3,358","100.0%","10,780","100.0%","371","100.0%","36,886","100.0%","4,833","100.0%","320","100.0%","4,244","100.0%","529","100.0%","311","100.0%","1,250","100.0%","4,718","100.0%","3,403","100.0%","1,702","100.0%","9,414","100.0%","5,409","100.0%","10,563","100.0%","6,253","100.0%","189","100.0%","826","100.0%","610","100.0%","336","100.0%","7,504","100.0%","708","100.0%","486","100.0%","4,135","100.0%","3,945","100.0%","1,949","100.0%","5,736","100.0%","10,197","100.0%","6,587","100.0%","2,491","100.0%","9,676","100.0%","1,305","100.0%","59,430","100.0%","360","100.0%","2,812","100.0%","8,876","100.0%","58","100.0%","969","100.0%","741","100.0%","8,790","100.0%"
"Under 5 years","21,341","5.5%","515","5.1%","2,341","4.6%","2,074","7.5%","838","4.2%","105","4.1%","75","4.1%","135","6.3%","173","4.7%","5,068","6.7%","340","6.2%","59","6.5%","265","7.3%","121","6.6%","124","6.6%","361","5.3%","35","4.4%","203","6.8%","35","6.4%","185","7.1%","1,065","7.0%","236","6.8%","223","7.4%","751","7.0%","726","7.7%","61","5.8%","732","4.8%","257","3.2%","60","2.7%","81","4.2%","126","3.6%","712","4.2%","66","2.6%","253","4.4%","1,104","5.0%","9,162","8.0%","123","6.5%","69","4.6%","443","6.6%","460","6.3%","132","4.9%","90","4.4%","126","5.5%","11","3.9%","13","3.6%","43","6.0%","2,667","6.7%","234","5.5%","148","5.7%","1,248","6.2%","10,795","7.2%","279","7.4%","320","6.3%","333","6.1%","57","7.5%","0","-","141","7.2%","310","7.6%","20","8.1%","229","8.1%","1,242","7.8%","241","7.0%","181","7.5%","1","1.1%","53","7.6%","8","2.1%","215","3.7%","49","3.4%","53","4.8%","93","3.9%","63","4.8%","19","3.3%","11","3.2%","129","5.3%","1,928","7.4%","227","8.1%","61","6.1%","748","7.2%","129","5.7%","33","2.2%","568","6.8%","124","9.7%","0","-","173","5.3%","848","5.9%","38","2.6%","65","6.4%","421","6.4%","92","4.4%","449","7.6%","129","5.9%","76","3.6%","368","5.6%","178","4.1%","49","3.5%","271","6.4%","210","9.1%","1,680","8.1%","175","8.8%","118","7.0%","180","6.7%","56","9.8%","1,588","7.6%","4,627","5.3%","99","3.4%","4,059","6.7%","816","4.5%","169","6.2%","97","5.4%","93","5.9%","1,554","5.4%","224","5.5%","184","5.2%","5","4.8%","47","7.1%","18","3.7%","334","5.0%","33","4.8%","64","4.2%","47","7.2%","6","14.3%","19","3.1%","66","6.6%","285","6.9%","19","8.0%","3,065","6.8%","560","7.3%","452","7.3%","113","9.0%","213","6.3%","802","7.4%","25","6.7%","2,110","5.7%","258","5.3%","22","6.9%","314","7.4%","39","7.4%","27","8.7%","72","5.8%","322","6.8%","214","6.3%","106","6.2%","648","6.9%","360","6.7%","668","6.3%","492","7.9%","16","8.5%","45","5.4%","46","7.5%","13","3.9%","458","6.1%","45","6.4%","17","3.5%","215","5.2%","231","5.9%","114","5.8%","414","7.2%","624","6.1%","461","7.0%","159","6.4%","740","7.6%","68","5.2%","4,015","6.8%","24","6.7%","107","3.8%","400","4.5%","0","0.0%","41","4.2%","22","3.0%","467","5.3%"
"5 to 9 years","24,934","6.5%","753","7.4%","3,228","6.4%","2,340","8.4%","1,043","5.2%","119","4.7%","73","4.0%","164","7.7%","246","6.6%","5,638","7.5%","389","7.1%","81","9.0%","279","7.7%","145","7.9%","140","7.4%","379","5.5%","45","5.6%","272","9.1%","43","7.9%","207","8.0%","1,238","8.1%","334","9.7%","257","8.5%","903","8.4%","936","9.9%","87","8.3%","967","6.3%","272","3.4%","87","3.9%","92","4.8%","145","4.2%","859","5.1%","105","4.1%","276","4.8%","1,346","6.1%","9,866","8.7%","153","8.1%","88","5.9%","614","9.2%","469","6.4%","166","6.2%","122","5.9%","176","7.7%","15","5.3%","25","6.9%","43","6.0%","2,935","7.4%","293","6.9%","201","7.8%","1,704","8.5%","12,121","8.1%","308","8.1%","381","7.5%","397","7.2%","58","7.6%","0","-","159","8.2%","343","8.4%","22","8.9%","212","7.5%","1,371","8.6%","305","8.8%","207","8.6%","3","3.2%","54","7.7%","17","4.4%","236","4.1%","41","2.8%","57","5.1%","104","4.3%","86","6.6%","16","2.8%","3","0.9%","137","5.6%","1,921","7.4%","249","8.9%","69","6.9%","872","8.4%","176","7.7%","57","3.8%","646","7.8%","95","7.5%","0","-","210","6.4%","1,041","7.3%","77","5.2%","72","7.1%","517","7.9%","113","5.4%","487","8.3%","129","5.9%","74","3.5%","382","5.9%","228","5.3%","56","4.0%","358","8.5%","200","8.7%","2,118","10.2%","159","8.0%","131","7.8%","205","7.6%","60","10.5%","1,778","8.5%","5,330","6.1%","116","4.0%","4,342","7.2%","1,082","5.9%","149","5.5%","134","7.5%","123","7.8%","1,459","5.1%","280","6.9%","205","5.8%","6","5.8%","40","6.1%","16","3.3%","347","5.2%","55","8.1%","83","5.4%","47","7.2%","1","2.4%","26","4.2%","80","8.0%","307","7.4%","19","8.0%","2,005","4.5%","665","8.6%","555","8.9%","104","8.2%","264","7.9%","889","8.2%","23","6.2%","2,234","6.1%","347","7.2%","18","5.6%","320","7.5%","29","5.5%","28","9.0%","90","7.2%","323","6.8%","258","7.6%","105","6.2%","688","7.3%","433","8.0%","755","7.1%","580","9.3%","12","6.3%","53","6.4%","52","8.5%","10","3.0%","412","5.5%","31","4.4%","17","3.5%","226","5.5%","285","7.2%","136","7.0%","460","8.0%","666","6.5%","532","8.1%","185","7.4%","912","9.4%","147","11.3%","4,549","7.7%","13","3.6%","100","3.6%","509","5.7%","0","0.0%","56","5.8%","30","4.0%","572","6.5%"
"10 to 14 years","27,167","7.0%","897","8.8%","4,015","8.0%","2,589","9.3%","1,238","6.2%","139","5.5%","106","5.8%","167","7.8%","311","8.4%","5,755","7.6%","431","7.8%","83","9.2%","307","8.4%","135","7.4%","158","8.3%","434","6.3%","55","6.9%","268","9.0%","52","9.5%","278","10.7%","1,294","8.5%","300","8.7%","254","8.4%","1,133","10.6%","927","9.8%","93","8.9%","1,250","8.2%","339","4.2%","110","5.0%","107","5.5%","191","5.5%","931","5.5%","133","5.2%","288","5.0%","1,393","6.3%","10,060","8.8%","178","9.4%","105","7.1%","675","10.1%","496","6.8%","217","8.1%","105","5.1%","185","8.1%","26","9.3%","15","4.1%","70","9.8%","3,018","7.6%","358","8.4%","247","9.6%","1,827","9.1%","12,422","8.3%","376","9.9%","383","7.5%","482","8.8%","70","9.2%","0","-","178","9.1%","335","8.2%","17","6.9%","276","9.8%","1,422","8.9%","368","10.6%","248","10.3%","7","7.5%","47","6.7%","13","3.4%","322","5.6%","94","6.4%","54","4.9%","118","4.9%","90","6.9%","20","3.5%","9","2.6%","180","7.4%","1,738","6.7%","345","12.3%","94","9.5%","986","9.5%","203","8.9%","89","5.9%","738","8.9%","107","8.4%","0","-","193","5.9%","1,033","7.2%","124","8.3%","90","8.8%","588","8.9%","123","5.8%","527","8.9%","115","5.3%","103","4.8%","462","7.1%","265","6.2%","49","3.5%","400","9.5%","229","9.9%","2,323","11.2%","166","8.3%","152","9.1%","255","9.4%","44","7.7%","1,949","9.3%","5,579","6.4%","125","4.3%","4,443","7.3%","1,194","6.5%","154","5.7%","103","5.8%","132","8.3%","1,415","4.9%","286","7.1%","260","7.4%","4","3.8%","36","5.4%","11","2.3%","388","5.8%","47","6.9%","90","5.8%","53","8.1%","5","11.9%","26","4.2%","96","9.6%","353","8.5%","29","12.2%","1,903","4.2%","804","10.5%","516","8.3%","111","8.8%","312","9.3%","894","8.3%","24","6.5%","2,176","5.9%","314","6.5%","32","10.0%","348","8.2%","49","9.3%","34","10.9%","90","7.2%","413","8.8%","289","8.5%","103","6.1%","836","8.9%","450","8.3%","725","6.9%","563","9.0%","18","9.5%","49","5.9%","64","10.5%","33","9.8%","392","5.2%","39","5.5%","13","2.7%","241","5.8%","331","8.4%","137","7.0%","440","7.7%","771","7.6%","568","8.6%","221","8.9%","902","9.3%","133","10.2%","4,764","8.0%","25","6.9%","115","4.1%","558","6.3%","4","6.9%","44","4.5%","54","7.3%","652","7.4%"
"15 to 19 years","27,187","7.0%","762","7.5%","3,735","7.4%","2,220","8.0%","1,111","5.5%","117","4.6%","80","4.4%","186","8.7%","311","8.4%","5,612","7.4%","393","7.1%","65","7.2%","255","7.0%","94","5.2%","151","8.0%","371","5.4%","52","6.5%","260","8.7%","33","6.0%","223","8.6%","1,158","7.6%","260","7.5%","245","8.1%","966","9.0%","801","8.5%","107","10.2%","1,072","7.0%","363","4.5%","95","4.3%","104","5.4%","188","5.4%","912","5.4%","150","5.9%","281","4.9%","1,264","5.7%","8,874","7.8%","137","7.2%","79","5.3%","572","8.5%","506","6.9%","169","6.3%","158","7.7%","147","6.4%","16","5.7%","14","3.8%","32","4.5%","3,172","8.0%","332","7.8%","207","8.0%","1,615","8.1%","11,673","7.8%","343","9.0%","387","7.6%","394","7.2%","44","5.8%","0","-","159","8.2%","285","7.0%","15","6.1%","218","7.7%","1,350","8.5%","315","9.1%","245","10.2%","6","6.5%","58","8.3%","11","2.9%","248","4.3%","78","5.3%","72","6.5%","129","5.4%","57","4.4%","11","1.9%","11","3.2%","182","7.5%","1,726","6.7%","293","10.5%","81","8.2%","935","9.0%","161","7.1%","87","5.7%","731","8.8%","103","8.1%","0","-","209","6.4%","885","6.2%","91","6.1%","88","8.6%","485","7.4%","102","4.8%","501","8.5%","120","5.5%","111","5.2%","375","5.8%","243","5.6%","61","4.3%","331","7.9%","253","11.0%","1,847","8.9%","176","8.8%","155","9.2%","199","7.4%","39","6.8%","1,652","7.9%","5,288","6.1%","152","5.2%","4,021","6.6%","1,170","6.4%","111","4.1%","124","7.0%","115","7.3%","2,889","10.1%","249","6.2%","179","5.1%","5","4.8%","32","4.8%","18","3.7%","322","4.8%","29","4.2%","92","6.0%","43","6.6%","4","9.5%","33","5.3%","68","6.8%","314","7.6%","24","10.1%","5,201","11.6%","781","10.2%","410","6.6%","95","7.5%","264","7.9%","757","7.0%","10","2.7%","2,440","6.6%","301","6.2%","27","8.4%","322","7.6%","23","4.3%","20","6.4%","99","7.9%","379","8.0%","286","8.4%","113","6.6%","776","8.2%","383","7.1%","634","6.0%","460","7.4%","7","3.7%","57","6.9%","64","10.5%","13","3.9%","399","5.3%","25","3.5%","11","2.3%","212","5.1%","271","6.9%","126","6.5%","337","5.9%","707","6.9%","510","7.7%","181","7.3%","784","8.1%","128","9.8%","4,306","7.2%","27","7.5%","94","3.3%","503","5.7%","1","1.7%","39","4.0%","44","5.9%","654","7.4%"
"20 to 24 years","27,208","7.0%","354","3.5%","2,205","4.4%","1,717","6.2%","1,220","6.1%","75","2.9%","67","3.6%","131","6.1%","160","4.3%","6,302","8.3%","216","3.9%","35","3.9%","171","4.7%","57","3.1%","109","5.8%","265","3.9%","34","4.2%","155","5.2%","17","3.1%","124","4.8%","965","6.3%","165","4.8%","165","5.5%","537","5.0%","524","5.6%","50","4.8%","675","4.4%","248","3.1%","37","1.7%","83","4.3%","105","3.0%","581","3.5%","82","3.2%","261","4.6%","900","4.1%","6,720","5.9%","96","5.1%","58","3.9%","329","4.9%","318","4.3%","104","3.9%","73","3.5%","95","4.1%","9","3.2%","9","2.5%","14","2.0%","2,896","7.3%","229","5.4%","142","5.5%","897","4.5%","10,119","6.7%","206","5.4%","251","4.9%","258","4.7%","47","6.2%","0","-","91","4.7%","174","4.3%","6","2.4%","132","4.7%","1,095","6.9%","169","4.9%","123","5.1%","3","3.2%","34","4.9%","10","2.6%","246","4.3%","41","2.8%","23","2.1%","75","3.1%","27","2.1%","19","3.3%","6","1.7%","103","4.2%","2,579","10.0%","114","4.1%","53","5.3%","602","5.8%","83","3.6%","50","3.3%","581","7.0%","77","6.0%","0","-","121","3.7%","689","4.8%","32","2.1%","51","5.0%","380","5.8%","89","4.2%","352","6.0%","164","7.5%","52","2.4%","268","4.1%","142","3.3%","51","3.6%","200","4.8%","158","6.8%","1,083","5.2%","133","6.7%","84","5.0%","159","5.9%","27","4.7%","1,218","5.8%","4,669","5.4%","75","2.6%","3,237","5.3%","733","4.0%","103","3.8%","44","2.5%","63","4.0%","5,425","19.0%","134","3.3%","105","3.0%","2","1.9%","15","2.3%","14","2.9%","211","3.1%","18","2.6%","75","4.9%","13","2.0%","2","4.8%","9","1.5%","27","2.7%","241","5.8%","11","4.6%","16,971","37.7%","769","10.0%","372","6.0%","67","5.3%","173","5.2%","654","6.1%","5","1.3%","2,493","6.8%","246","5.1%","21","6.6%","177","4.2%","21","4.0%","18","5.8%","71","5.7%","282","6.0%","187","5.5%","69","4.1%","419","4.5%","226","4.2%","543","5.1%","347","5.5%","1","0.5%","37","4.5%","22","3.6%","5","1.5%","353","4.7%","21","3.0%","13","2.7%","168","4.1%","138","3.5%","79","4.1%","228","4.0%","552","5.4%","311","4.7%","110","4.4%","437","4.5%","83","6.4%","3,952","6.6%","15","4.2%","93","3.3%","280","3.2%","2","3.4%","35","3.6%","18","2.4%","375","4.3%"
"25 to 29 years","27,494","7.1%","207","2.0%","1,850","3.7%","2,026","7.3%","1,769","8.8%","85","3.3%","92","5.0%","100","4.7%","86","2.3%","5,594","7.4%","229","4.2%","45","5.0%","172","4.7%","49","2.7%","78","4.1%","334","4.9%","40","5.0%","179","6.0%","26","4.8%","118","4.5%","961","6.3%","144","4.2%","201","6.7%","468","4.4%","491","5.2%","62","5.9%","622","4.1%","444","5.6%","52","2.4%","73","3.8%","121","3.5%","631","3.8%","73","2.9%","251","4.4%","1,008","4.6%","7,885","6.9%","73","3.8%","47","3.2%","339","5.1%","365","5.0%","105","3.9%","74","3.6%","86","3.8%","11","3.9%","12","3.3%","33","4.6%","2,595","6.5%","164","3.9%","127","4.9%","810","4.1%","10,800","7.2%","235","6.2%","293","5.8%","296","5.4%","43","5.7%","0","-","81","4.2%","211","5.2%","12","4.9%","156","5.5%","1,014","6.4%","181","5.2%","128","5.3%","11","11.8%","42","6.0%","3","0.8%","361","6.2%","47","3.2%","30","2.7%","89","3.7%","32","2.4%","29","5.1%","11","3.2%","86","3.5%","2,371","9.2%","134","4.8%","32","3.2%","595","5.7%","111","4.9%","26","1.7%","536","6.4%","95","7.5%","0","-","115","3.5%","745","5.2%","37","2.5%","53","5.2%","353","5.4%","101","4.8%","371","6.3%","165","7.5%","44","2.1%","245","3.8%","147","3.4%","34","2.4%","208","4.9%","119","5.2%","1,108","5.4%","115","5.8%","71","4.2%","161","6.0%","21","3.7%","1,367","6.5%","5,131","5.9%","89","3.1%","3,959","6.5%","730","4.0%","86","3.2%","64","3.6%","82","5.2%","2,765","9.7%","201","5.0%","164","4.7%","1","1.0%","26","3.9%","20","4.1%","291","4.3%","26","3.8%","65","4.2%","31","4.8%","1","2.4%","24","3.9%","42","4.2%","279","6.8%","17","7.2%","5,647","12.6%","429","5.6%","430","6.9%","83","6.6%","182","5.4%","685","6.4%","16","4.3%","2,318","6.3%","225","4.7%","17","5.3%","182","4.3%","21","4.0%","27","8.7%","65","5.2%","278","5.9%","183","5.4%","82","4.8%","473","5.0%","264","4.9%","676","6.4%","355","5.7%","6","3.2%","40","4.8%","16","2.6%","14","4.2%","428","5.7%","37","5.2%","10","2.1%","155","3.7%","272","6.9%","106","5.4%","370","6.5%","593","5.8%","344","5.2%","101","4.1%","460","4.8%","79","6.1%","4,082","6.9%","16","4.4%","105","3.7%","375","4.2%","0","0.0%","31","3.2%","25","3.4%","373","4.2%"
"30 to 34 years","27,179","7.0%","359","3.5%","2,275","4.5%","2,103","7.6%","1,857","9.3%","123","4.8%","73","4.0%","106","5.0%","155","4.2%","5,222","6.9%","284","5.1%","48","5.3%","217","6.0%","116","6.4%","85","4.5%","321","4.7%","41","5.1%","157","5.3%","30","5.5%","135","5.2%","943","6.2%","197","5.7%","198","6.6%","579","5.4%","582","6.2%","49","4.7%","794","5.2%","435","5.4%","79","3.6%","104","5.4%","168","4.8%","732","4.4%","99","3.9%","251","4.4%","1,152","5.2%","7,918","7.0%","83","4.4%","84","5.7%","326","4.9%","294","4.0%","114","4.3%","71","3.4%","108","4.7%","19","6.8%","17","4.7%","34","4.8%","2,432","6.1%","175","4.1%","124","4.8%","1,064","5.3%","10,486","7.0%","197","5.2%","302","5.9%","283","5.2%","50","6.6%","0","-","93","4.8%","249","6.1%","14","5.7%","174","6.2%","995","6.2%","173","5.0%","120","5.0%","5","5.4%","37","5.3%","5","1.3%","357","6.2%","40","2.7%","40","3.6%","93","3.9%","57","4.4%","38","6.7%","6","1.7%","120","4.9%","1,936","7.5%","136","4.9%","30","3.0%","572","5.5%","100","4.4%","39","2.6%","496","6.0%","72","5.7%","0","-","153","4.7%","795","5.5%","56","3.8%","57","5.6%","376","5.7%","97","4.6%","392","6.6%","159","7.3%","60","2.8%","281","4.3%","160","3.7%","49","3.5%","218","5.2%","120","5.2%","1,213","5.9%","122","6.1%","95","5.7%","180","6.7%","36","6.3%","1,438","6.9%","5,462","6.3%","72","2.5%","4,111","6.8%","796","4.3%","125","4.6%","74","4.2%","110","6.9%","1,888","6.6%","218","5.4%","214","6.1%","10","9.6%","36","5.4%","21","4.3%","295","4.4%","34","5.0%","80","5.2%","18","2.8%","1","2.4%","27","4.4%","73","7.3%","243","5.9%","2","0.8%","1,834","4.1%","367","4.8%","378","6.1%","87","6.9%","200","6.0%","678","6.3%","17","4.6%","2,289","6.2%","246","5.1%","12","3.8%","186","4.4%","30","5.7%","12","3.9%","49","3.9%","265","5.6%","180","5.3%","104","6.1%","506","5.4%","323","6.0%","629","6.0%","418","6.7%","16","8.5%","33","4.0%","29","4.8%","14","4.2%","431","5.7%","42","5.9%","19","3.9%","228","5.5%","294","7.5%","106","5.4%","433","7.5%","526","5.2%","385","5.8%","113","4.5%","611","6.3%","111","8.5%","3,976","6.7%","22","6.1%","112","4.0%","483","5.4%","3","5.2%","36","3.7%","32","4.3%","410","4.7%"
"35 to 39 years","27,973","7.2%","632","6.2%","2,862","5.7%","2,198","7.9%","1,989","9.9%","129","5.1%","90","4.9%","147","6.9%","213","5.7%","5,321","7.0%","313","5.7%","57","6.3%","234","6.4%","86","4.7%","103","5.4%","313","4.6%","40","5.0%","161","5.4%","27","4.9%","183","7.0%","997","6.5%","227","6.6%","164","5.5%","700","6.5%","626","6.6%","76","7.3%","1,021","6.7%","390","4.9%","110","5.0%","97","5.0%","162","4.7%","839","5.0%","105","4.1%","277","4.8%","1,329","6.0%","8,073","7.1%","111","5.8%","70","4.7%","421","6.3%","358","4.9%","146","5.4%","86","4.2%","113","4.9%","22","7.8%","12","3.3%","37","5.2%","2,447","6.2%","245","5.8%","158","6.1%","1,305","6.5%","9,796","6.5%","203","5.4%","282","5.5%","323","5.9%","36","4.7%","0","-","136","7.0%","266","6.5%","14","5.7%","185","6.6%","995","6.2%","210","6.1%","143","5.9%","7","7.5%","44","6.3%","17","4.4%","358","6.2%","66","4.5%","38","3.4%","134","5.6%","64","4.9%","52","9.1%","6","1.7%","138","5.7%","1,621","6.3%","199","7.1%","57","5.7%","574","5.5%","129","5.7%","57","3.8%","557","6.7%","63","4.9%","0","-","175","5.3%","829","5.8%","64","4.3%","55","5.4%","395","6.0%","100","4.7%","366","6.2%","170","7.8%","73","3.4%","367","5.6%","214","5.0%","48","3.4%","231","5.5%","128","5.5%","1,527","7.4%","82","4.1%","118","7.0%","150","5.6%","43","7.5%","1,451","6.9%","5,336","6.2%","134","4.6%","4,145","6.8%","990","5.4%","107","3.9%","115","6.4%","88","5.6%","1,675","5.9%","232","5.7%","190","5.4%","3","2.9%","45","6.8%","16","3.3%","405","6.0%","46","6.7%","67","4.4%","41","6.3%","3","7.1%","34","5.5%","62","6.2%","274","6.6%","11","4.6%","1,335","3.0%","389","5.1%","368","5.9%","87","6.9%","229","6.8%","636","5.9%","23","6.2%","2,108","5.7%","276","5.7%","16","5.0%","251","5.9%","31","5.9%","20","6.4%","87","7.0%","258","5.5%","194","5.7%","83","4.9%","552","5.9%","338","6.2%","565","5.3%","395","6.3%","8","4.2%","52","6.3%","40","6.6%","8","2.4%","368","4.9%","36","5.1%","8","1.6%","222","5.4%","306","7.8%","116","6.0%","552","9.6%","595","5.8%","479","7.3%","143","5.7%","675","7.0%","116","8.9%","4,007","6.7%","20","5.6%","143","5.1%","552","6.2%","3","5.2%","44","4.5%","47","6.3%","427","4.9%"
"40 to 44 years","25,559","6.6%","780","7.7%","3,144","6.2%","1,958","7.1%","1,784","8.9%","119","4.7%","83","4.5%","128","6.0%","235","6.3%","4,667","6.2%","311","5.6%","60","6.7%","204","5.6%","85","4.7%","105","5.5%","328","4.8%","38","4.7%","177","5.9%","23","4.2%","165","6.4%","907","6.0%","210","6.1%","189","6.3%","701","6.5%","574","6.1%","69","6.6%","1,091","7.2%","394","4.9%","79","3.6%","105","5.4%","226","6.5%","965","5.7%","127","5.0%","258","4.5%","1,297","5.9%","7,031","6.2%","117","6.2%","72","4.9%","450","6.7%","326","4.5%","156","5.8%","109","5.3%","153","6.7%","21","7.5%","32","8.8%","46","6.5%","2,223","5.6%","276","6.5%","172","6.7%","1,370","6.9%","9,401","6.3%","244","6.4%","301","5.9%","339","6.2%","44","5.8%","0","-","138","7.1%","276","6.8%","14","5.7%","165","5.9%","924","5.8%","204","5.9%","164","6.8%","4","4.3%","38","5.5%","15","3.9%","316","5.5%","63","4.3%","46","4.1%","112","4.7%","50","3.8%","52","9.1%","16","4.6%","140","5.8%","1,338","5.2%","180","6.4%","46","4.6%","710","6.8%","135","5.9%","61","4.0%","522","6.3%","71","5.6%","0","-","154","4.7%","768","5.4%","68","4.6%","64","6.3%","402","6.1%","132","6.3%","367","6.2%","127","5.8%","86","4.0%","330","5.1%","198","4.6%","67","4.8%","295","7.0%","114","4.9%","1,465","7.1%","136","6.8%","124","7.4%","143","5.3%","40","7.0%","1,256","6.0%","5,071","5.8%","146","5.0%","3,577","5.9%","1,074","5.9%","103","3.8%","101","5.7%","113","7.1%","1,374","4.8%","247","6.1%","187","5.3%","0","0.0%","39","5.9%","25","5.2%","295","4.4%","40","5.9%","82","5.3%","47","7.2%","0","0.0%","44","7.1%","58","5.8%","290","7.0%","16","6.8%","1,205","2.7%","444","5.8%","328","5.3%","78","6.2%","200","6.0%","573","5.3%","20","5.4%","2,037","5.5%","234","4.8%","17","5.3%","279","6.6%","27","5.1%","12","3.9%","66","5.3%","286","6.1%","233","6.8%","94","5.5%","578","6.1%","292","5.4%","522","4.9%","351","5.6%","9","4.8%","52","6.3%","41","6.7%","20","6.0%","411","5.5%","37","5.2%","19","3.9%","228","5.5%","320","8.1%","131","6.7%","509","8.9%","584","5.7%","422","6.4%","187","7.5%","649","6.7%","99","7.6%","3,544","6.0%","21","5.8%","120","4.3%","611","6.9%","1","1.7%","43","4.4%","45","6.1%","490","5.6%"
"45 to 49 years","23,977","6.2%","826","8.1%","3,340","6.6%","1,710","6.2%","1,534","7.6%","108","4.2%","94","5.1%","111","5.2%","202","5.4%","3,936","5.2%","279","5.1%","43","4.8%","206","5.7%","81","4.4%","108","5.7%","343","5.0%","44","5.5%","159","5.3%","39","7.1%","155","6.0%","807","5.3%","164","4.7%","192","6.4%","586","5.5%","487","5.2%","69","6.6%","1,043","6.8%","422","5.3%","100","4.5%","118","6.1%","207","6.0%","907","5.4%","92","3.6%","308","5.4%","1,315","6.0%","5,989","5.3%","106","5.6%","87","5.9%","360","5.4%","400","5.5%","123","4.6%","129","6.3%","116","5.1%","7","2.5%","29","8.0%","45","6.3%","2,208","5.6%","248","5.8%","157","6.1%","1,194","6.0%","8,469","5.6%","221","5.8%","341","6.7%","327","6.0%","40","5.3%","0","-","94","4.8%","200","4.9%","6","2.4%","157","5.6%","791","5.0%","204","5.9%","136","5.6%","6","6.5%","34","4.9%","26","6.8%","289","5.0%","64","4.4%","65","5.9%","130","5.4%","75","5.7%","38","6.7%","12","3.5%","129","5.3%","1,187","4.6%","149","5.3%","62","6.2%","559","5.4%","108","4.7%","76","5.0%","417","5.0%","60","4.7%","0","-","159","4.8%","758","5.3%","84","5.6%","64","6.3%","342","5.2%","112","5.3%","294","5.0%","97","4.4%","93","4.4%","318","4.9%","180","4.2%","67","4.8%","248","5.9%","116","5.0%","1,103","5.3%","118","5.9%","93","5.5%","138","5.1%","30","5.2%","1,104","5.3%","4,856","5.6%","149","5.1%","3,417","5.6%","1,129","6.2%","141","5.2%","97","5.4%","94","5.9%","1,201","4.2%","219","5.4%","210","6.0%","3","2.9%","17","2.6%","14","2.9%","328","4.9%","32","4.7%","67","4.4%","27","4.1%","2","4.8%","36","5.8%","57","5.7%","210","5.1%","16","6.8%","1,027","2.3%","391","5.1%","304","4.9%","55","4.4%","181","5.4%","570","5.3%","16","4.3%","1,991","5.4%","236","4.9%","20","6.3%","216","5.1%","31","5.9%","7","2.3%","62","5.0%","290","6.1%","191","5.6%","68","4.0%","513","5.4%","330","6.1%","576","5.5%","297","4.7%","12","6.3%","53","6.4%","33","5.4%","10","3.0%","423","5.6%","33","4.7%","23","4.7%","198","4.8%","242","6.1%","141","7.2%","478","8.3%","522","5.1%","374","5.7%","145","5.8%","584","6.0%","50","3.8%","3,057","5.1%","22","6.1%","132","4.7%","530","6.0%","5","8.6%","49","5.1%","46","6.2%","487","5.5%"
"50 to 54 years","22,150","5.7%","868","8.5%","3,495","6.9%","1,550","5.6%","1,440","7.2%","124","4.9%","122","6.6%","121","5.7%","248","6.7%","3,665","4.8%","285","5.2%","31","3.4%","172","4.7%","100","5.5%","102","5.4%","402","5.9%","53","6.6%","182","6.1%","35","6.4%","128","4.9%","749","4.9%","167","4.8%","182","6.0%","559","5.2%","489","5.2%","45","4.3%","1,081","7.1%","534","6.7%","126","5.7%","131","6.8%","270","7.8%","1,090","6.5%","152","5.9%","354","6.2%","1,277","5.8%","5,362","4.7%","116","6.1%","85","5.7%","370","5.5%","441","6.0%","133","5.0%","122","5.9%","123","5.4%","13","4.6%","12","3.3%","50","7.0%","2,155","5.4%","279","6.6%","175","6.8%","1,196","6.0%","7,889","5.2%","242","6.4%","273","5.4%","314","5.7%","42","5.5%","0","-","88","4.5%","219","5.4%","11","4.5%","159","5.6%","745","4.7%","150","4.3%","127","5.3%","2","2.2%","50","7.2%","37","9.6%","365","6.3%","92","6.3%","79","7.1%","144","6.0%","61","4.7%","33","5.8%","22","6.4%","142","5.8%","1,354","5.2%","136","4.9%","51","5.1%","538","5.2%","134","5.9%","79","5.2%","406","4.9%","74","5.8%","0","-","170","5.2%","809","5.6%","92","6.2%","53","5.2%","349","5.3%","125","5.9%","324","5.5%","112","5.1%","114","5.4%","327","5.0%","287","6.7%","99","7.0%","209","5.0%","128","5.5%","925","4.5%","121","6.1%","91","5.4%","156","5.8%","23","4.0%","1,012","4.8%","5,126","5.9%","207","7.1%","3,420","5.6%","1,243","6.8%","188","6.9%","102","5.7%","102","6.4%","1,090","3.8%","251","6.2%","252","7.2%","2","1.9%","36","5.4%","22","4.5%","372","5.5%","19","2.8%","73","4.7%","25","3.8%","0","0.0%","41","6.6%","48","4.8%","182","4.4%","10","4.2%","812","1.8%","324","4.2%","348","5.6%","61","4.8%","191","5.7%","570","5.3%","29","7.8%","2,174","5.9%","297","6.1%","14","4.4%","198","4.7%","28","5.3%","18","5.8%","56","4.5%","258","5.5%","202","5.9%","99","5.8%","506","5.4%","350","6.5%","580","5.5%","324","5.2%","8","4.2%","49","5.9%","28","4.6%","22","6.5%","486","6.5%","41","5.8%","25","5.1%","272","6.6%","240","6.1%","116","6.0%","332","5.8%","534","5.2%","323","4.9%","164","6.6%","486","5.0%","58","4.4%","2,958","5.0%","20","5.6%","188","6.7%","563","6.3%","0","0.0%","61","6.3%","29","3.9%","477","5.4%"
"55 to 59 years","22,244","5.8%","724","7.1%","3,844","7.6%","1,377","5.0%","1,384","6.9%","215","8.5%","165","9.0%","129","6.0%","294","7.9%","3,886","5.1%","369","6.7%","55","6.1%","208","5.7%","112","6.1%","121","6.4%","539","7.9%","47","5.9%","226","7.6%","49","9.0%","148","5.7%","816","5.4%","214","6.2%","179","5.9%","602","5.6%","524","5.6%","51","4.9%","1,127","7.4%","628","7.9%","202","9.1%","171","8.9%","393","11.3%","1,434","8.5%","202","7.9%","459","8.0%","1,486","6.8%","5,893","5.2%","161","8.5%","107","7.2%","443","6.6%","471","6.4%","183","6.8%","174","8.5%","152","6.6%","19","6.8%","37","10.2%","57","8.0%","2,285","5.8%","298","7.0%","173","6.7%","1,296","6.5%","7,899","5.3%","198","5.2%","328","6.4%","366","6.7%","56","7.4%","0","-","96","4.9%","237","5.8%","15","6.1%","147","5.2%","760","4.8%","206","5.9%","101","4.2%","13","14.0%","47","6.7%","39","10.1%","448","7.8%","130","8.9%","108","9.7%","206","8.6%","113","8.6%","34","6.0%","23","6.6%","190","7.8%","1,510","5.8%","132","4.7%","42","4.2%","566","5.4%","158","6.9%","134","8.8%","435","5.2%","70","5.5%","0","-","258","7.8%","1,003","7.0%","116","7.8%","74","7.2%","420","6.4%","136","6.5%","304","5.2%","140","6.4%","189","8.9%","438","6.7%","298","6.9%","98","7.0%","254","6.0%","129","5.6%","991","4.8%","101","5.1%","95","5.7%","167","6.2%","43","7.5%","1,174","5.6%","5,587","6.4%","289","10.0%","3,726","6.1%","1,540","8.4%","251","9.3%","137","7.7%","95","6.0%","1,218","4.3%","317","7.9%","274","7.8%","8","7.7%","49","7.4%","35","7.2%","516","7.7%","57","8.3%","123","8.0%","55","8.4%","1","2.4%","47","7.6%","83","8.3%","248","6.0%","18","7.6%","874","1.9%","404","5.3%","384","6.2%","90","7.1%","196","5.8%","583","5.4%","28","7.5%","2,331","6.3%","354","7.3%","13","4.1%","268","6.3%","28","5.3%","34","10.9%","99","7.9%","302","6.4%","233","6.8%","126","7.4%","578","6.1%","339","6.3%","725","6.9%","376","6.0%","19","10.1%","43","5.2%","27","4.4%","23","6.8%","578","7.7%","49","6.9%","44","9.1%","335","8.1%","203","5.1%","149","7.6%","288","5.0%","664","6.5%","399","6.1%","208","8.4%","528","5.5%","55","4.2%","3,288","5.5%","22","6.1%","238","8.5%","621","7.0%","5","8.6%","71","7.3%","60","8.1%","570","6.5%"
"60 to 64 years","21,919","5.7%","648","6.4%","3,834","7.6%","1,179","4.3%","974","4.9%","257","10.1%","219","11.9%","145","6.8%","320","8.6%","4,000","5.3%","450","8.2%","65","7.2%","243","6.7%","159","8.7%","139","7.3%","629","9.2%","68","8.5%","171","5.7%","31","5.7%","152","5.9%","908","6.0%","239","6.9%","171","5.7%","647","6.0%","507","5.4%","59","5.7%","1,133","7.4%","746","9.3%","291","13.2%","189","9.8%","395","11.4%","1,690","10.0%","291","11.4%","579","10.1%","1,773","8.1%","5,656","5.0%","142","7.5%","150","10.1%","369","5.5%","554","7.6%","205","7.7%","204","9.9%","197","8.6%","26","9.3%","40","11.0%","58","8.1%","2,294","5.8%","314","7.4%","140","5.4%","1,255","6.3%","7,396","4.9%","225","5.9%","331","6.5%","386","7.0%","20","2.6%","0","-","125","6.4%","289","7.1%","30","12.1%","158","5.6%","849","5.3%","211","6.1%","136","5.6%","2","2.2%","30","4.3%","33","8.6%","452","7.8%","169","11.6%","115","10.4%","244","10.2%","143","10.9%","44","7.7%","67","19.4%","196","8.1%","1,391","5.4%","133","4.8%","90","9.1%","584","5.6%","160","7.0%","195","12.9%","480","5.8%","73","5.7%","0","-","320","9.7%","1,065","7.4%","168","11.3%","66","6.5%","387","5.9%","169","8.0%","305","5.2%","165","7.5%","239","11.2%","576","8.8%","432","10.0%","139","9.9%","331","7.9%","144","6.2%","1,020","4.9%","108","5.4%","116","6.9%","178","6.6%","31","5.4%","1,157","5.5%","5,677","6.5%","334","11.5%","3,865","6.4%","1,658","9.0%","268","9.9%","163","9.1%","108","6.8%","1,192","4.2%","333","8.2%","270","7.7%","16","15.4%","71","10.7%","48","9.9%","574","8.5%","71","10.4%","127","8.3%","68","10.4%","6","14.3%","106","17.2%","79","7.9%","224","5.4%","10","4.2%","871","1.9%","396","5.2%","400","6.4%","81","6.4%","199","5.9%","724","6.7%","31","8.4%","2,490","6.8%","421","8.7%","19","5.9%","334","7.9%","44","8.3%","13","4.2%","79","6.3%","283","6.0%","217","6.4%","165","9.7%","568","6.0%","361","6.7%","726","6.9%","337","5.4%","16","8.5%","81","9.8%","41","6.7%","36","10.7%","600","8.0%","68","9.6%","56","11.5%","415","10.0%","257","6.5%","157","8.1%","295","5.1%","758","7.4%","424","6.4%","175","7.0%","535","5.5%","63","4.8%","3,225","5.4%","28","7.8%","310","11.0%","770","8.7%","9","15.5%","83","8.6%","70","9.4%","666","7.6%"
"65 to 69 years","19,784","5.1%","624","6.1%","3,411","6.8%","1,047","3.8%","740","3.7%","302","11.9%","189","10.3%","136","6.4%","276","7.4%","3,817","5.0%","384","7.0%","58","6.4%","236","6.5%","153","8.4%","131","6.9%","597","8.7%","96","12.0%","145","4.9%","55","10.1%","149","5.7%","798","5.2%","211","6.1%","136","4.5%","594","5.5%","440","4.7%","82","7.9%","995","6.5%","748","9.4%","308","13.9%","189","9.8%","338","9.7%","1,726","10.3%","320","12.5%","584","10.2%","1,792","8.1%","5,038","4.4%","130","6.8%","123","8.3%","341","5.1%","625","8.5%","267","10.0%","220","10.7%","183","8.0%","23","8.2%","38","10.4%","50","7.0%","2,031","5.1%","312","7.3%","152","5.9%","1,159","5.8%","6,724","4.5%","160","4.2%","313","6.1%","359","6.5%","46","6.0%","0","-","115","5.9%","231","5.7%","14","5.7%","143","5.1%","717","4.5%","182","5.3%","96","4.0%","5","5.4%","35","5.0%","67","17.4%","461","8.0%","146","10.0%","97","8.7%","270","11.3%","127","9.7%","47","8.3%","34","9.8%","238","9.8%","1,165","4.5%","132","4.7%","72","7.3%","492","4.7%","154","6.7%","170","11.2%","421","5.1%","68","5.3%","0","-","268","8.1%","965","6.7%","162","10.9%","59","5.8%","326","5.0%","213","10.1%","293","5.0%","134","6.1%","299","14.1%","582","8.9%","451","10.5%","182","12.9%","208","4.9%","106","4.6%","894","4.3%","111","5.6%","93","5.5%","180","6.7%","31","5.4%","954","4.6%","5,792","6.7%","340","11.7%","3,568","5.9%","1,609","8.8%","265","9.8%","169","9.5%","96","6.1%","1,212","4.2%","293","7.3%","292","8.3%","13","12.5%","50","7.6%","57","11.8%","671","10.0%","88","12.9%","133","8.6%","42","6.5%","4","9.5%","54","8.7%","49","4.9%","262","6.3%","16","6.8%","691","1.5%","314","4.1%","302","4.9%","58","4.6%","185","5.5%","563","5.2%","30","8.1%","2,180","5.9%","385","8.0%","21","6.6%","275","6.5%","55","10.4%","18","5.8%","80","6.4%","251","5.3%","207","6.1%","150","8.8%","509","5.4%","316","5.8%","683","6.5%","345","5.5%","16","8.5%","62","7.5%","41","6.7%","44","13.1%","597","8.0%","63","8.9%","60","12.3%","356","8.6%","226","5.7%","133","6.8%","265","4.6%","654","6.4%","376","5.7%","156","6.3%","459","4.7%","44","3.4%","2,972","5.0%","27","7.5%","330","11.7%","892","10.0%","5","8.6%","121","12.5%","54","7.3%","670","7.6%"
"70 to 74 years","16,568","4.3%","470","4.6%","2,955","5.9%","758","2.7%","554","2.8%","225","8.8%","156","8.5%","79","3.7%","238","6.4%","3,030","4.0%","355","6.4%","50","5.5%","178","4.9%","148","8.1%","94","5.0%","498","7.3%","63","7.9%","108","3.6%","19","3.5%","115","4.4%","611","4.0%","160","4.6%","96","3.2%","395","3.7%","319","3.4%","35","3.4%","749","4.9%","737","9.2%","216","9.8%","149","7.7%","215","6.2%","1,315","7.8%","292","11.4%","432","7.5%","1,520","6.9%","4,053","3.6%","90","4.7%","101","6.8%","293","4.4%","534","7.3%","208","7.8%","157","7.6%","147","6.4%","16","5.7%","27","7.4%","46","6.5%","1,696","4.3%","235","5.5%","105","4.1%","911","4.6%","5,857","3.9%","143","3.8%","246","4.8%","240","4.4%","41","5.4%","0","-","90","4.6%","163","4.0%","20","8.1%","119","4.2%","599","3.8%","139","4.0%","95","3.9%","7","7.5%","33","4.7%","41","10.6%","439","7.6%","131","9.0%","107","9.6%","212","8.8%","116","8.9%","54","9.5%","46","13.3%","113","4.7%","832","3.2%","102","3.7%","69","6.9%","376","3.6%","114","5.0%","150","9.9%","308","3.7%","48","3.8%","0","-","253","7.7%","781","5.4%","118","7.9%","57","5.6%","282","4.3%","157","7.4%","201","3.4%","80","3.7%","236","11.1%","471","7.2%","399","9.3%","160","11.4%","179","4.3%","58","2.5%","645","3.1%","52","2.6%","53","3.2%","105","3.9%","11","1.9%","711","3.4%","5,166","6.0%","260","9.0%","2,876","4.7%","1,244","6.8%","214","7.9%","109","6.1%","68","4.3%","915","3.2%","244","6.0%","226","6.4%","12","11.5%","43","6.5%","72","14.8%","567","8.4%","42","6.1%","107","7.0%","41","6.3%","1","2.4%","34","5.5%","51","5.1%","180","4.4%","13","5.5%","487","1.1%","265","3.4%","250","4.0%","34","2.7%","133","4.0%","468","4.3%","26","7.0%","1,903","5.2%","295","6.1%","25","7.8%","238","5.6%","19","3.6%","11","3.5%","76","6.1%","210","4.5%","139","4.1%","101","5.9%","460","4.9%","253","4.7%","624","5.9%","243","3.9%","10","5.3%","52","6.3%","29","4.8%","36","10.7%","466","6.2%","51","7.2%","71","14.6%","281","6.8%","189","4.8%","99","5.1%","184","3.2%","545","5.3%","327","5.0%","127","5.1%","369","3.8%","34","2.6%","2,403","4.0%","15","4.2%","303","10.8%","591","6.7%","7","12.1%","87","9.0%","70","9.4%","581","6.6%"
"75 to 79 years","10,841","2.8%","328","3.2%","1,882","3.7%","487","1.8%","297","1.5%","154","6.1%","87","4.7%","73","3.4%","121","3.3%","1,870","2.5%","224","4.1%","34","3.8%","130","3.6%","102","5.6%","88","4.6%","381","5.6%","24","3.0%","55","1.8%","11","2.0%","53","2.0%","438","2.9%","106","3.1%","90","3.0%","297","2.8%","205","2.2%","20","1.9%","495","3.2%","585","7.3%","149","6.7%","69","3.6%","118","3.4%","813","4.8%","140","5.5%","322","5.6%","953","4.3%","2,719","2.4%","31","1.6%","85","5.7%","178","2.7%","319","4.4%","118","4.4%","86","4.2%","82","3.6%","18","6.4%","10","2.7%","32","4.5%","1,231","3.1%","152","3.6%","88","3.4%","591","3.0%","4,021","2.7%","110","2.9%","155","3.0%","211","3.8%","37","4.9%","0","-","91","4.7%","134","3.3%","5","2.0%","80","2.8%","447","2.8%","107","3.1%","71","2.9%","2","2.2%","23","3.3%","26","6.8%","320","5.5%","104","7.1%","69","6.2%","133","5.5%","80","6.1%","28","4.9%","36","10.4%","99","4.1%","609","2.4%","61","2.2%","36","3.6%","326","3.1%","105","4.6%","121","8.0%","220","2.6%","36","2.8%","0","-","181","5.5%","601","4.2%","94","6.3%","22","2.2%","235","3.6%","112","5.3%","177","3.0%","77","3.5%","158","7.4%","331","5.1%","234","5.4%","94","6.7%","114","2.7%","30","1.3%","377","1.8%","59","3.0%","51","3.0%","83","3.1%","10","1.7%","515","2.5%","3,557","4.1%","155","5.3%","1,866","3.1%","755","4.1%","147","5.4%","70","3.9%","53","3.3%","598","2.1%","155","3.8%","156","4.4%","10","9.6%","48","7.3%","37","7.6%","399","5.9%","18","2.6%","87","5.7%","25","3.8%","3","7.1%","29","4.7%","28","2.8%","102","2.5%","3","1.3%","408","0.9%","183","2.4%","184","3.0%","21","1.7%","103","3.1%","319","3.0%","23","6.2%","1,459","4.0%","202","4.2%","18","5.6%","159","3.7%","31","5.9%","8","2.6%","44","3.5%","141","3.0%","114","3.3%","67","3.9%","360","3.8%","185","3.4%","453","4.3%","167","2.7%","3","1.6%","34","4.1%","14","2.3%","16","4.8%","316","4.2%","45","6.4%","39","8.0%","177","4.3%","77","2.0%","58","3.0%","80","1.4%","374","3.7%","171","2.6%","56","2.2%","253","2.6%","18","1.4%","1,818","3.1%","25","6.9%","173","6.2%","345","3.9%","11","19.0%","48","5.0%","40","5.4%","398","4.5%"
"80 to 84 years","6,573","1.7%","207","2.0%","1,043","2.1%","223","0.8%","143","0.7%","94","3.7%","39","2.1%","47","2.2%","79","2.1%","1,178","1.6%","143","2.6%","14","1.6%","82","2.2%","47","2.6%","31","1.6%","206","3.0%","12","1.5%","57","1.9%","9","1.6%","33","1.3%","287","1.9%","65","1.9%","31","1.0%","177","1.6%","142","1.5%","16","1.5%","224","1.5%","286","3.6%","70","3.2%","33","1.7%","62","1.8%","399","2.4%","78","3.1%","175","3.1%","556","2.5%","1,829","1.6%","31","1.6%","45","3.0%","108","1.6%","192","2.6%","77","2.9%","47","2.3%","43","1.9%","5","1.8%","17","4.7%","12","1.7%","725","1.8%","60","1.4%","33","1.3%","286","1.4%","2,303","1.5%","60","1.6%","103","2.0%","90","1.6%","18","2.4%","0","-","36","1.8%","82","2.0%","6","2.4%","64","2.3%","301","1.9%","53","1.5%","58","2.4%","4","4.3%","19","2.7%","7","1.8%","165","2.9%","75","5.1%","32","2.9%","57","2.4%","40","3.1%","20","3.5%","12","3.5%","64","2.6%","390","1.5%","44","1.6%","30","3.0%","198","1.9%","72","3.2%","60","4.0%","133","1.6%","25","2.0%","0","-","118","3.6%","355","2.5%","43","2.9%","9","0.9%","168","2.6%","65","3.1%","101","1.7%","51","2.3%","78","3.7%","189","2.9%","144","3.3%","62","4.4%","65","1.5%","44","1.9%","235","1.1%","35","1.8%","21","1.3%","33","1.2%","10","1.7%","336","1.6%","2,373","2.7%","99","3.4%","1,077","1.8%","358","2.0%","78","2.9%","43","2.4%","33","2.1%","350","1.2%","77","1.9%","86","2.4%","3","2.9%","14","2.1%","22","4.5%","225","3.3%","15","2.2%","82","5.3%","15","2.3%","1","2.4%","16","2.6%","16","1.6%","64","1.5%","3","1.3%","302","0.7%","119","1.5%","137","2.2%","15","1.2%","60","1.8%","206","1.9%","14","3.8%","1,013","2.7%","118","2.4%","5","1.6%","93","2.2%","12","2.3%","3","1.0%","29","2.3%","85","1.8%","48","1.4%","48","2.8%","231","2.5%","128","2.4%","284","2.7%","115","1.8%","5","2.6%","20","2.4%","14","2.3%","12","3.6%","202","2.7%","28","4.0%","33","6.8%","96","2.3%","33","0.8%","20","1.0%","40","0.7%","275","2.7%","102","1.5%","31","1.2%","164","1.7%","8","0.6%","1,284","2.2%","12","3.3%","87","3.1%","172","1.9%","1","1.7%","38","3.9%","33","4.5%","285","3.2%"
"85 years and over","6,443","1.7%","226","2.2%","1,021","2.0%","144","0.5%","151","0.8%","53","2.1%","26","1.4%","36","1.7%","45","1.2%","1,086","1.4%","122","2.2%","19","2.1%","86","2.4%","35","1.9%","26","1.4%","134","2.0%","15","1.9%","43","1.4%","12","2.2%","45","1.7%","301","2.0%","60","1.7%","36","1.2%","140","1.3%","126","1.3%","13","1.2%","171","1.1%","158","2.0%","37","1.7%","37","1.9%","40","1.2%","285","1.7%","48","1.9%","114","2.0%","546","2.5%","1,749","1.5%","22","1.2%","29","2.0%","72","1.1%","190","2.6%","56","2.1%","32","1.6%","61","2.7%","4","1.4%","5","1.4%","11","1.5%","610","1.5%","51","1.2%","36","1.4%","249","1.2%","2,122","1.4%","44","1.2%","101","2.0%","92","1.7%","12","1.6%","0","-","37","1.9%","67","1.6%","6","2.4%","42","1.5%","346","2.2%","46","1.3%","33","1.4%","5","5.4%","19","2.7%","10","2.6%","180","3.1%","31","2.1%","25","2.3%","55","2.3%","27","2.1%","15","2.6%","15","4.3%","42","1.7%","296","1.1%","28","1.0%","18","1.8%","174","1.7%","51","2.2%","33","2.2%","120","1.4%","12","0.9%","0","-","60","1.8%","373","2.6%","26","1.7%","22","2.2%","147","2.2%","70","3.3%","85","1.4%","56","2.6%","41","1.9%","208","3.2%","101","2.3%","41","2.9%","83","2.0%","24","1.0%","156","0.8%","23","1.2%","15","0.9%","28","1.0%","18","3.1%","304","1.5%","2,122","2.4%","57","2.0%","963","1.6%","213","1.2%","50","1.8%","37","2.1%","16","1.0%","376","1.3%","78","1.9%","62","1.8%","1","1.0%","17","2.6%","19","3.9%","184","2.7%","13","1.9%","42","2.7%","13","2.0%","1","2.4%","13","2.1%","14","1.4%","72","1.7%","0","0.0%","350","0.8%","84","1.1%","96","1.5%","21","1.7%","73","2.2%","209","1.9%","11","3.0%","1,140","3.1%","78","1.6%","3","0.9%","84","2.0%","11","2.1%","1","0.3%","36","2.9%","92","1.9%","28","0.8%","19","1.1%","213","2.3%","78","1.4%","195","1.8%","88","1.4%","7","3.7%","14","1.7%","9","1.5%","7","2.1%","184","2.5%","17","2.4%","8","1.6%","110","2.7%","30","0.8%","25","1.3%","31","0.5%","253","2.5%","79","1.2%","29","1.2%","128","1.3%","11","0.8%","1,230","2.1%","6","1.7%","62","2.2%","121","1.4%","1","1.7%","42","4.3%","22","3.0%","236","2.7%"
"Selected Age Categories","","","","","","","","","","","","","","","","","","","","","","","","","","","","","","","","","","","","","","","","","","","","","","","","","","","","","","","","","","","","","","","","","","","","","","","","","","","","","","","","","","","","","","","","","","","","","","","","","","","","","","","","","","","","","","","","","","","","","","","","","","","","","","","","","","","","","","","","","","","","","","","","","","","","","","","","","","","","","","","","","","","","","","","","","","","","","","","","","","","","","","","","","","","","","","","","","","","","","","","","","","","","","","","","","","","","","","","","","","","","","","","","","","","","","","","","","","","","","","","","","","","","","","","","","","","","","","","","","","","","","","","","","","","","","","","","","","","","","","","","","","","","","","","","","","","","","","","","","","","","","","","","","","","","","","","","","","","","","","","","","","","","","","","","","","","","","","","","","","","",""
"16 years and over","307,638","79.6%","7,828","76.9%","40,002","79.2%","20,173","72.8%","16,683","83.1%","2,145","84.3%","1,561","85.0%","1,631","76.2%","2,896","78.0%","58,085","76.8%","4,259","77.2%","671","74.4%","2,731","74.9%","1,402","76.8%","1,446","76.4%","5,579","81.6%","646","80.5%","2,160","72.5%","408","74.7%","1,879","72.4%","11,398","74.8%","2,522","72.9%","2,216","73.6%","7,726","72.0%","6,653","70.6%","773","74.0%","12,051","79.1%","7,035","88.1%","1,932","87.5%","1,626","84.2%","2,972","85.6%","14,124","84.0%","2,219","86.8%","4,848","84.7%","17,880","81.2%","82,832","72.7%","1,412","74.3%","1,204","81.1%","4,836","72.1%","5,794","79.2%","2,123","79.2%","1,713","83.2%","1,773","77.3%","226","80.4%","308","84.6%","546","76.6%","30,371","76.7%","3,291","77.3%","1,937","74.9%","14,825","74.2%","112,470","74.8%","2,741","72.2%","3,928","77.2%","4,187","76.3%","570","74.9%","0","-","1,430","73.4%","3,018","74.1%","184","74.5%","2,051","72.8%","11,637","72.9%","2,484","71.7%","1,718","71.2%","80","86.0%","530","76.0%","343","89.1%","4,955","85.8%","1,262","86.4%","934","84.1%","2,062","86.0%","1,056","80.7%","513","90.2%","320","92.5%","1,935","79.7%","19,945","77.0%","1,903","68.1%","750","75.5%","7,587","72.9%","1,735","76.0%","1,318","86.9%","6,208","74.7%","922","72.4%","0","-","2,662","80.9%","11,210","78.2%","1,237","83.0%","770","75.4%","4,930","75.0%","1,753","83.2%","4,332","73.5%","1,798","82.1%","1,856","87.3%","5,227","80.2%","3,570","83.0%","1,233","87.7%","3,107","73.9%","1,602","69.4%","14,122","68.2%","1,456","73.1%","1,242","74.1%","2,008","74.4%","403","70.3%","15,274","72.9%","70,097","80.8%","2,525","87.1%","46,958","77.4%","14,987","81.7%","2,214","81.7%","1,427","80.0%","1,210","76.4%","23,927","83.7%","3,196","79.1%","2,824","80.3%","89","85.6%","534","80.8%","440","90.7%","5,578","83.0%","541","79.2%","1,287","83.6%","492","75.6%","28","66.7%","537","86.9%","741","74.3%","3,110","75.3%","170","71.7%","37,616","83.6%","5,509","71.7%","4,601","74.0%","910","72.2%","2,499","74.4%","8,013","74.3%","297","80.1%","29,893","81.0%","3,853","79.7%","240","75.0%","3,195","75.3%","407","76.9%","218","70.1%","975","78.0%","3,587","76.0%","2,576","75.7%","1,359","79.8%","7,060","75.0%","4,064","75.1%","8,294","78.5%","4,519","72.3%","141","74.6%","664","80.4%","429","70.3%","275","81.8%","6,166","82.2%","589","83.2%","437","89.9%","3,394","82.1%","3,039","77.0%","1,537","78.9%","4,330","75.5%","7,969","78.2%","4,892","74.3%","1,879","75.4%","6,944","71.8%","927","71.0%","45,214","76.1%","288","80.0%","2,470","87.8%","7,298","82.2%","54","93.1%","815","84.1%","622","83.9%","6,932","78.9%"
"18 years and over","297,162","76.9%","7,488","73.6%","38,392","76.1%","19,218","69.4%","16,219","80.8%","2,096","82.4%","1,523","83.0%","1,558","72.8%","2,788","75.1%","55,933","73.9%","4,078","73.9%","636","70.5%","2,629","72.1%","1,365","74.8%","1,371","72.4%","5,427","79.4%","631","78.7%","2,051","68.9%","395","72.3%","1,782","68.6%","10,925","71.7%","2,417","69.9%","2,105","70.0%","7,325","68.2%","6,315","67.0%","734","70.3%","11,562","75.9%","6,856","85.9%","1,890","85.6%","1,581","81.8%","2,885","83.1%","13,730","81.6%","2,146","84.0%","4,730","82.6%","17,302","78.6%","79,076","69.4%","1,354","71.3%","1,165","78.5%","4,610","68.8%","5,555","75.9%","2,049","76.5%","1,645","79.9%","1,704","74.3%","218","77.6%","298","81.9%","531","74.5%","29,215","73.7%","3,156","74.2%","1,854","71.7%","14,119","70.7%","107,742","71.7%","2,598","68.5%","3,755","73.8%","4,001","72.9%","554","72.8%","0","-","1,353","69.5%","2,885","70.9%","179","72.5%","1,946","69.1%","11,100","69.5%","2,345","67.7%","1,608","66.7%","80","86.0%","500","71.7%","339","88.1%","4,844","83.8%","1,220","83.5%","901","81.2%","2,001","83.4%","1,028","78.6%","509","89.5%","318","91.9%","1,852","76.3%","19,276","74.4%","1,763","63.1%","715","72.0%","7,204","69.2%","1,667","73.0%","1,273","83.9%","5,880","70.7%","878","69.0%","0","-","2,573","78.2%","10,836","75.5%","1,187","79.7%","730","71.5%","4,702","71.5%","1,705","80.9%","4,138","70.2%","1,744","79.6%","1,801","84.7%","5,060","77.6%","3,457","80.4%","1,208","85.9%","2,971","70.7%","1,503","65.1%","13,337","64.4%","1,396","70.1%","1,165","69.5%","1,927","71.4%","384","67.0%","14,563","69.5%","67,924","78.3%","2,456","84.7%","45,191","74.5%","14,474","78.9%","2,160","79.7%","1,358","76.2%","1,149","72.5%","23,414","81.9%","3,088","76.5%","2,743","78.0%","88","84.6%","520","78.7%","429","88.5%","5,433","80.8%","527","77.2%","1,246","81.0%","473","72.7%","28","66.7%","523","84.6%","706","70.8%","2,986","72.3%","153","64.6%","36,828","81.9%","5,160","67.1%","4,419","71.1%","866","68.7%","2,388","71.1%","7,710","71.5%","292","78.7%","29,028","78.7%","3,722","77.0%","226","70.6%","3,047","71.8%","395","74.7%","210","67.5%","936","74.9%","3,420","72.5%","2,445","71.8%","1,316","77.3%","6,737","71.6%","3,898","72.1%","8,017","75.9%","4,322","69.1%","136","72.0%","641","77.6%","401","65.7%","272","81.0%","5,997","79.9%","576","81.4%","432","88.9%","3,312","80.1%","2,939","74.5%","1,488","76.3%","4,188","73.0%","7,656","75.1%","4,675","71.0%","1,802","72.3%","6,620","68.4%","874","67.0%","43,568","73.3%","277","76.9%","2,428","86.3%","7,079","79.8%","53","91.4%","799","82.5%","608","82.1%","6,633","75.5%"
"21 years and over","280,288","72.5%","7,164","70.4%","36,645","72.6%","18,162","65.6%","15,610","77.8%","2,044","80.4%","1,492","81.3%","1,447","67.6%","2,621","70.6%","52,230","69.0%","3,913","70.9%","606","67.2%","2,513","68.9%","1,324","72.5%","1,308","69.1%","5,246","76.8%","611","76.2%","1,938","65.1%","379","69.4%","1,666","64.2%","10,267","67.4%","2,303","66.6%","1,999","66.4%","6,845","63.8%","5,908","62.7%","686","65.7%","11,043","72.5%","6,709","84.0%","1,848","83.7%","1,533","79.3%","2,787","80.3%","13,270","78.9%","2,092","81.9%","4,586","80.1%","16,718","76.0%","74,591","65.5%","1,287","67.7%","1,131","76.2%","4,304","64.2%","5,329","72.8%","1,978","73.8%","1,564","76.0%","1,627","71.0%","212","75.4%","292","80.2%","523","73.4%","27,174","68.6%","2,972","69.8%","1,731","67.0%","13,382","67.0%","101,119","67.3%","2,430","64.0%","3,558","69.9%","3,838","69.9%","525","69.0%","0","-","1,293","66.4%","2,768","68.0%","170","68.8%","1,835","65.2%","10,324","64.7%","2,200","63.5%","1,498","62.1%","75","80.6%","478","68.6%","332","86.2%","4,739","82.0%","1,192","81.6%","871","78.5%","1,926","80.3%","1,009","77.1%","498","87.5%","310","89.6%","1,776","73.1%","18,060","69.8%","1,652","59.1%","669","67.4%","6,711","64.5%","1,596","69.9%","1,237","81.5%","5,521","66.4%","831","65.3%","0","-","2,479","75.3%","10,372","72.3%","1,149","77.1%","691","67.7%","4,462","67.9%","1,660","78.7%","3,837","65.1%","1,664","76.0%","1,752","82.4%","4,897","75.1%","3,345","77.8%","1,180","83.9%","2,802","66.7%","1,388","60.1%","12,499","60.4%","1,283","64.4%","1,103","65.8%","1,838","68.1%","372","64.9%","13,721","65.5%","64,962","74.9%","2,377","82.0%","43,173","71.2%","13,915","75.9%","2,086","77.0%","1,314","73.7%","1,105","69.8%","19,888","69.5%","2,975","73.7%","2,670","75.9%","84","80.8%","503","76.1%","419","86.4%","5,298","78.8%","517","75.7%","1,185","77.0%","459","70.5%","26","61.9%","513","83.0%","681","68.3%","2,822","68.3%","144","60.8%","30,211","67.2%","4,744","61.7%","4,218","67.9%","815","64.6%","2,281","67.9%","7,312","67.8%","286","77.1%","27,383","74.2%","3,554","73.5%","215","67.2%","2,901","68.4%","384","72.6%","200","64.3%","888","71.0%","3,229","68.4%","2,319","68.1%","1,261","74.1%","6,390","67.9%","3,729","68.9%","7,661","72.5%","4,091","65.4%","135","71.4%","608","73.6%","381","62.5%","267","79.5%","5,753","76.7%","563","79.5%","427","87.9%","3,194","77.2%","2,798","70.9%","1,414","72.6%","4,050","70.6%","7,312","71.7%","4,444","67.5%","1,722","69.1%","6,249","64.6%","820","62.8%","40,915","68.8%","269","74.7%","2,379","84.6%","6,844","77.1%","53","91.4%","783","80.8%","588","79.4%","6,353","72.3%"
"62 years and over","73,231","18.9%","2,203","21.6%","12,582","24.9%","3,346","12.1%","2,429","12.1%","999","39.3%","638","34.7%","463","21.6%","965","26.0%","13,354","17.7%","1,487","27.0%","215","23.8%","859","23.6%","583","31.9%","457","24.1%","2,205","32.3%","254","31.7%","507","17.0%","126","23.1%","486","18.7%","2,944","19.3%","754","21.8%","492","16.4%","2,004","18.7%","1,538","16.3%","198","19.0%","3,317","21.8%","2,970","37.2%","964","43.7%","587","30.4%","1,004","28.9%","5,597","33.3%","1,073","42.0%","1,936","33.8%","6,424","29.2%","18,738","16.5%","382","20.1%","467","31.5%","1,181","17.6%","2,195","30.0%","867","32.4%","657","31.9%","635","27.7%","76","27.0%","121","33.2%","198","27.8%","7,622","19.2%","998","23.5%","504","19.5%","3,946","19.8%","25,381","16.9%","658","17.3%","1,126","22.1%","1,229","22.4%","172","22.6%","0","-","440","22.6%","842","20.7%","69","27.9%","548","19.5%","2,930","18.4%","661","19.1%","425","17.6%","24","25.8%","145","20.8%","168","43.6%","1,837","31.8%","584","40.0%","398","35.9%","862","35.9%","467","35.7%","200","35.1%","166","48.0%","679","28.0%","4,124","15.9%","439","15.7%","287","28.9%","1,894","18.2%","593","26.0%","667","44.0%","1,477","17.8%","233","18.3%","0","-","1,074","32.6%","3,692","25.7%","560","37.6%","202","19.8%","1,392","21.2%","739","35.1%","1,021","17.3%","482","22.0%","951","44.7%","2,137","32.8%","1,596","37.1%","627","44.6%","840","20.0%","343","14.8%","2,898","14.0%","345","17.3%","297","17.7%","535","19.8%","98","17.1%","3,480","16.6%","22,361","25.8%","1,124","38.8%","12,705","20.9%","5,180","28.3%","909","33.6%","531","29.8%","324","20.5%","4,177","14.6%","1,036","25.7%","994","28.3%","48","46.2%","216","32.7%","234","48.2%","2,416","35.9%","222","32.5%","525","34.1%","173","26.6%","14","33.3%","200","32.4%","205","20.6%","814","19.7%","40","16.9%","2,766","6.1%","1,217","15.8%","1,200","19.3%","185","14.7%","675","20.1%","2,213","20.5%","127","34.2%","9,165","24.8%","1,342","27.8%","86","26.9%","1,057","24.9%","149","28.2%","45","14.5%","307","24.6%","945","20.0%","665","19.5%","484","28.4%","2,118","22.5%","1,175","21.7%","2,664","25.2%","1,164","18.6%","50","26.5%","228","27.6%","133","21.8%","144","42.9%","2,118","28.2%","244","34.5%","251","51.6%","1,288","31.1%","714","18.1%","426","21.9%","768","13.4%","2,544","24.9%","1,297","19.7%","507","20.4%","1,689","17.5%","149","11.4%","11,595","19.5%","106","29.4%","1,166","41.5%","2,611","29.4%","31","53.4%","395","40.8%","269","36.3%","2,570","29.2%"
"65 years and over","60,209","15.6%","1,855","18.2%","10,312","20.4%","2,659","9.6%","1,885","9.4%","828","32.6%","497","27.1%","371","17.3%","759","20.4%","10,981","14.5%","1,228","22.3%","175","19.4%","712","19.5%","485","26.6%","370","19.5%","1,816","26.6%","210","26.2%","408","13.7%","106","19.4%","395","15.2%","2,435","16.0%","602","17.4%","389","12.9%","1,603","14.9%","1,232","13.1%","166","15.9%","2,634","17.3%","2,514","31.5%","780","35.3%","477","24.7%","773","22.3%","4,538","27.0%","878","34.4%","1,627","28.4%","5,367","24.4%","15,388","13.5%","304","16.0%","383","25.8%","992","14.8%","1,860","25.4%","726","27.1%","542","26.3%","516","22.5%","66","23.5%","97","26.6%","151","21.2%","6,293","15.9%","810","19.0%","414","16.0%","3,196","16.0%","21,027","14.0%","517","13.6%","918","18.0%","992","18.1%","154","20.2%","0","-","369","18.9%","677","16.6%","51","20.6%","448","15.9%","2,410","15.1%","527","15.2%","353","14.6%","23","24.7%","129","18.5%","151","39.2%","1,565","27.1%","487","33.3%","330","29.7%","727","30.3%","390","29.8%","164","28.8%","143","41.3%","556","22.9%","3,292","12.7%","367","13.1%","225","22.7%","1,566","15.0%","496","21.7%","534","35.2%","1,202","14.5%","189","14.8%","0","-","880","26.7%","3,075","21.4%","443","29.7%","169","16.6%","1,158","17.6%","617","29.3%","857","14.5%","398","18.2%","812","38.2%","1,781","27.3%","1,329","30.9%","539","38.3%","649","15.4%","262","11.3%","2,307","11.1%","280","14.1%","233","13.9%","429","15.9%","80","14.0%","2,820","13.5%","19,010","21.9%","911","31.4%","10,350","17.1%","4,179","22.8%","754","27.8%","428","24.0%","266","16.8%","3,451","12.1%","847","21.0%","822","23.4%","39","37.5%","172","26.0%","207","42.7%","2,046","30.4%","176","25.8%","451","29.3%","136","20.9%","10","23.8%","146","23.6%","158","15.8%","680","16.5%","35","14.8%","2,238","5.0%","965","12.6%","969","15.6%","149","11.8%","554","16.5%","1,765","16.4%","104","28.0%","7,695","20.9%","1,078","22.3%","72","22.5%","849","20.0%","128","24.2%","41","13.2%","265","21.2%","779","16.5%","536","15.8%","385","22.6%","1,773","18.8%","960","17.7%","2,239","21.2%","958","15.3%","41","21.7%","182","22.0%","107","17.5%","115","34.2%","1,765","23.5%","204","28.8%","211","43.4%","1,020","24.7%","555","14.1%","335","17.2%","600","10.5%","2,101","20.6%","1,055","16.0%","399","16.0%","1,373","14.2%","115","8.8%","9,707","16.3%","85","23.6%","955","34.0%","2,121","23.9%","25","43.1%","336","34.7%","219","29.6%","2,170","24.7%"
"Male population","190,655","100.0%","5,055","100.0%","24,633","100.0%","13,769","100.0%","12,539","100.0%","1,313","100.0%","964","100.0%","1,030","100.0%","1,893","100.0%","37,477","100.0%","2,811","100.0%","460","100.0%","1,817","100.0%","921","100.0%","939","100.0%","3,501","100.0%","395","100.0%","1,507","100.0%","283","100.0%","1,377","100.0%","7,578","100.0%","1,717","100.0%","1,452","100.0%","5,405","100.0%","4,651","100.0%","551","100.0%","7,585","100.0%","3,996","100.0%","1,153","100.0%","986","100.0%","1,833","100.0%","8,575","100.0%","1,304","100.0%","2,958","100.0%","10,828","100.0%","56,607","100.0%","949","100.0%","758","100.0%","3,413","100.0%","3,639","100.0%","1,369","100.0%","1,114","100.0%","1,153","100.0%","142","100.0%","185","100.0%","352","100.0%","19,606","100.0%","2,146","100.0%","1,378","100.0%","9,967","100.0%","74,090","100.0%","2,003","100.0%","2,592","100.0%","2,802","100.0%","405","100.0%","0","-","1,021","100.0%","2,033","100.0%","129","100.0%","1,500","100.0%","8,071","100.0%","1,773","100.0%","1,233","100.0%","42","100.0%","363","100.0%","210","100.0%","3,220","100.0%","766","100.0%","575","100.0%","1,236","100.0%","655","100.0%","330","100.0%","175","100.0%","1,215","100.0%","13,476","100.0%","1,403","100.0%","533","100.0%","5,235","100.0%","1,162","100.0%","778","100.0%","4,343","100.0%","648","100.0%","0","-","1,681","100.0%","7,131","100.0%","777","100.0%","516","100.0%","3,329","100.0%","1,064","100.0%","3,072","100.0%","1,303","100.0%","1,142","100.0%","3,292","100.0%","2,205","100.0%","730","100.0%","2,102","100.0%","1,195","100.0%","10,400","100.0%","1,017","100.0%","866","100.0%","1,390","100.0%","342","100.0%","10,683","100.0%","42,588","100.0%","1,510","100.0%","29,830","100.0%","9,332","100.0%","1,423","100.0%","913","100.0%","786","100.0%","14,345","100.0%","2,023","100.0%","1,804","100.0%","59","100.0%","351","100.0%","262","100.0%","3,346","100.0%","350","100.0%","763","100.0%","339","100.0%","22","100.0%","343","100.0%","535","100.0%","2,149","100.0%","115","100.0%","22,027","100.0%","4,062","100.0%","3,094","100.0%","699","100.0%","1,728","100.0%","5,309","100.0%","190","100.0%","18,025","100.0%","2,451","100.0%","184","100.0%","2,110","100.0%","293","100.0%","148","100.0%","633","100.0%","2,355","100.0%","1,761","100.0%","906","100.0%","4,675","100.0%","2,728","100.0%","5,287","100.0%","3,133","100.0%","98","100.0%","428","100.0%","317","100.0%","190","100.0%","3,734","100.0%","383","100.0%","247","100.0%","2,078","100.0%","2,038","100.0%","1,023","100.0%","2,998","100.0%","5,077","100.0%","3,221","100.0%","1,260","100.0%","4,892","100.0%","712","100.0%","29,238","100.0%","192","100.0%","1,456","100.0%","4,493","100.0%","27","100.0%","487","100.0%","399","100.0%","4,279","100.0%"
"Male population Under 5 years","10,852","5.7%","269","5.3%","1,166","4.7%","1,019","7.4%","443","3.5%","49","3.7%","32","3.3%","74","7.2%","73","3.9%","2,537","6.8%","182","6.5%","32","7.0%","144","7.9%","65","7.1%","66","7.0%","191","5.5%","20","5.1%","105","7.0%","25","8.8%","89","6.5%","559","7.4%","118","6.9%","103","7.1%","378","7.0%","369","7.9%","36","6.5%","331","4.4%","134","3.4%","20","1.7%","33","3.3%","59","3.2%","380","4.4%","23","1.8%","144","4.9%","558","5.2%","4,754","8.4%","58","6.1%","36","4.7%","214","6.3%","237","6.5%","68","5.0%","46","4.1%","60","5.2%","11","7.7%","6","3.2%","23","6.5%","1,370","7.0%","143","6.7%","85","6.2%","654","6.6%","5,566","7.5%","156","7.8%","155","6.0%","170","6.1%","31","7.7%","0","-","77","7.5%","157","7.7%","7","5.4%","117","7.8%","618","7.7%","120","6.8%","93","7.5%","0","0.0%","24","6.6%","7","3.3%","108","3.4%","26","3.4%","25","4.3%","56","4.5%","24","3.7%","7","2.1%","6","3.4%","68","5.6%","955","7.1%","99","7.1%","38","7.1%","387","7.4%","77","6.6%","17","2.2%","281","6.5%","68","10.5%","0","-","90","5.4%","431","6.0%","15","1.9%","32","6.2%","212","6.4%","43","4.0%","234","7.6%","74","5.7%","44","3.9%","175","5.3%","92","4.2%","30","4.1%","121","5.8%","95","7.9%","888","8.5%","87","8.6%","57","6.6%","96","6.9%","25","7.3%","826","7.7%","2,372","5.6%","60","4.0%","2,070","6.9%","403","4.3%","95","6.7%","55","6.0%","50","6.4%","789","5.5%","92","4.5%","93","5.2%","3","5.1%","29","8.3%","8","3.1%","174","5.2%","16","4.6%","32","4.2%","27","8.0%","3","13.6%","10","2.9%","43","8.0%","145","6.7%","6","5.2%","1,560","7.1%","278","6.8%","246","8.0%","54","7.7%","89","5.2%","405","7.6%","13","6.8%","1,068","5.9%","129","5.3%","11","6.0%","160","7.6%","25","8.5%","16","10.8%","40","6.3%","161","6.8%","114","6.5%","54","6.0%","343","7.3%","175","6.4%","342","6.5%","223","7.1%","9","9.2%","17","4.0%","16","5.0%","9","4.7%","229","6.1%","28","7.3%","15","6.1%","108","5.2%","100","4.9%","55","5.4%","213","7.1%","318","6.3%","224","7.0%","85","6.7%","370","7.6%","34","4.8%","2,094","7.2%","13","6.8%","47","3.2%","189","4.2%","0","0.0%","23","4.7%","10","2.5%","250","5.8%"
"Male population 5 to 9 years","12,743","6.7%","394","7.8%","1,642","6.7%","1,193","8.7%","563","4.5%","69","5.3%","43","4.5%","81","7.9%","123","6.5%","2,889","7.7%","202","7.2%","42","9.1%","143","7.9%","62","6.7%","71","7.6%","202","5.8%","18","4.6%","123","8.2%","26","9.2%","118","8.6%","622","8.2%","160","9.3%","125","8.6%","473","8.8%","464","10.0%","42","7.6%","473","6.2%","143","3.6%","54","4.7%","44","4.5%","72","3.9%","421","4.9%","58","4.4%","148","5.0%","668","6.2%","4,990","8.8%","63","6.6%","41","5.4%","319","9.3%","247","6.8%","92","6.7%","62","5.6%","84","7.3%","7","4.9%","12","6.5%","24","6.8%","1,478","7.5%","134","6.2%","104","7.5%","884","8.9%","6,102","8.2%","176","8.8%","178","6.9%","204","7.3%","35","8.6%","0","-","85","8.3%","169","8.3%","8","6.2%","132","8.8%","709","8.8%","149","8.4%","117","9.5%","1","2.4%","34","9.4%","9","4.3%","133","4.1%","16","2.1%","35","6.1%","63","5.1%","42","6.4%","12","3.6%","1","0.6%","85","7.0%","960","7.1%","121","8.6%","44","8.3%","448","8.6%","96","8.3%","24","3.1%","348","8.0%","43","6.6%","0","-","101","6.0%","554","7.8%","45","5.8%","35","6.8%","261","7.8%","47","4.4%","249","8.1%","64","4.9%","36","3.2%","203","6.2%","118","5.4%","22","3.0%","194","9.2%","103","8.6%","1,050","10.1%","67","6.6%","77","8.9%","97","7.0%","42","12.3%","918","8.6%","2,770","6.5%","66","4.4%","2,205","7.4%","561","6.0%","80","5.6%","61","6.7%","55","7.0%","725","5.1%","143","7.1%","113","6.3%","4","6.8%","14","4.0%","11","4.2%","168","5.0%","29","8.3%","44","5.8%","26","7.7%","1","4.5%","15","4.4%","43","8.0%","154","7.2%","13","11.3%","1,035","4.7%","323","8.0%","293","9.5%","58","8.3%","125","7.2%","436","8.2%","8","4.2%","1,098","6.1%","181","7.4%","9","4.9%","156","7.4%","12","4.1%","19","12.8%","35","5.5%","165","7.0%","131","7.4%","61","6.7%","355","7.6%","241","8.8%","382","7.2%","297","9.5%","7","7.1%","33","7.7%","32","10.1%","5","2.6%","220","5.9%","14","3.7%","3","1.2%","114","5.5%","151","7.4%","69","6.7%","239","8.0%","313","6.2%","243","7.5%","90","7.1%","496","10.1%","82","11.5%","2,332","8.0%","2","1.0%","54","3.7%","266","5.9%","0","0.0%","36","7.4%","13","3.3%","304","7.1%"
"Male population 10 to 14 years","13,911","7.3%","469","9.3%","2,065","8.4%","1,326","9.6%","683","5.4%","70","5.3%","54","5.6%","81","7.9%","170","9.0%","2,971","7.9%","221","7.9%","45","9.8%","139","7.6%","71","7.7%","76","8.1%","236","6.7%","28","7.1%","129","8.6%","29","10.2%","165","12.0%","683","9.0%","137","8.0%","117","8.1%","584","10.8%","490","10.5%","52","9.4%","636","8.4%","184","4.6%","65","5.6%","57","5.8%","110","6.0%","487","5.7%","73","5.6%","155","5.2%","714","6.6%","5,163","9.1%","84","8.9%","49","6.5%","352","10.3%","250","6.9%","109","8.0%","63","5.7%","95","8.2%","12","8.5%","5","2.7%","31","8.8%","1,553","7.9%","156","7.3%","145","10.5%","951","9.5%","6,307","8.5%","192","9.6%","205","7.9%","263","9.4%","36","8.9%","0","-","90","8.8%","164","8.1%","5","3.9%","149","9.9%","719","8.9%","189","10.7%","119","9.7%","0","0.0%","21","5.8%","7","3.3%","174","5.4%","50","6.5%","32","5.6%","63","5.1%","43","6.6%","9","2.7%","4","2.3%","92","7.6%","909","6.7%","186","13.3%","55","10.3%","522","10.0%","111","9.6%","42","5.4%","358","8.2%","50","7.7%","0","-","105","6.2%","557","7.8%","79","10.2%","52","10.1%","303","9.1%","70","6.6%","271","8.8%","58","4.5%","58","5.1%","239","7.3%","139","6.3%","26","3.6%","204","9.7%","107","9.0%","1,172","11.3%","103","10.1%","80","9.2%","129","9.3%","26","7.6%","978","9.2%","2,852","6.7%","71","4.7%","2,245","7.5%","632","6.8%","80","5.6%","54","5.9%","68","8.7%","702","4.9%","157","7.8%","140","7.8%","2","3.4%","21","6.0%","3","1.1%","205","6.1%","27","7.7%","47","6.2%","23","6.8%","2","9.1%","14","4.1%","52","9.7%","170","7.9%","18","15.7%","971","4.4%","447","11.0%","251","8.1%","65","9.3%","175","10.1%","456","8.6%","14","7.4%","1,099","6.1%","164","6.7%","18","9.8%","177","8.4%","24","8.2%","15","10.1%","46","7.3%","216","9.2%","164","9.3%","52","5.7%","453","9.7%","233","8.5%","413","7.8%","289","9.2%","8","8.2%","20","4.7%","38","12.0%","16","8.4%","196","5.2%","20","5.2%","7","2.8%","126","6.1%","170","8.3%","75","7.3%","224","7.5%","410","8.1%","284","8.8%","104","8.3%","441","9.0%","58","8.1%","2,392","8.2%","11","5.7%","42","2.9%","297","6.6%","2","7.4%","26","5.3%","35","8.8%","314","7.3%"
"Male population 15 to 19 years","13,704","7.2%","386","7.6%","1,948","7.9%","1,132","8.2%","592","4.7%","57","4.3%","47","4.9%","89","8.6%","161","8.5%","2,818","7.5%","222","7.9%","30","6.5%","133","7.3%","38","4.1%","74","7.9%","192","5.5%","31","7.8%","134","8.9%","10","3.5%","114","8.3%","642","8.5%","134","7.8%","114","7.9%","495","9.2%","390","8.4%","65","11.8%","580","7.6%","167","4.2%","60","5.2%","62","6.3%","100","5.5%","491","5.7%","78","6.0%","160","5.4%","645","6.0%","4,448","7.9%","67","7.1%","40","5.3%","301","8.8%","254","7.0%","86","6.3%","98","8.8%","75","6.5%","8","5.6%","5","2.7%","14","4.0%","1,613","8.2%","174","8.1%","110","8.0%","847","8.5%","5,957","8.0%","182","9.1%","216","8.3%","201","7.2%","21","5.2%","0","-","79","7.7%","149","7.3%","13","10.1%","117","7.8%","725","9.0%","163","9.2%","127","10.3%","5","11.9%","36","9.9%","9","4.3%","141","4.4%","44","5.7%","38","6.6%","59","4.8%","37","5.6%","7","2.1%","2","1.1%","92","7.6%","981","7.3%","157","11.2%","53","9.9%","483","9.2%","90","7.7%","38","4.9%","378","8.7%","52","8.0%","0","-","117","7.0%","458","6.4%","51","6.6%","49","9.5%","253","7.6%","52","4.9%","269","8.8%","75","5.8%","50","4.4%","208","6.3%","134","6.1%","35","4.8%","167","7.9%","138","11.5%","935","9.0%","103","10.1%","80","9.2%","102","7.3%","27","7.9%","832","7.8%","2,797","6.6%","77","5.1%","2,012","6.7%","630","6.8%","55","3.9%","70","7.7%","61","7.8%","1,392","9.7%","110","5.4%","92","5.1%","1","1.7%","15","4.3%","11","4.2%","168","5.0%","21","6.0%","50","6.6%","23","6.8%","2","9.1%","14","4.1%","29","5.4%","167","7.8%","9","7.8%","1,718","7.8%","414","10.2%","189","6.1%","50","7.2%","152","8.8%","397","7.5%","8","4.2%","1,172","6.5%","172","7.0%","17","9.2%","164","7.8%","12","4.1%","8","5.4%","51","8.1%","199","8.5%","134","7.6%","57","6.3%","420","9.0%","201","7.4%","306","5.8%","243","7.8%","4","4.1%","29","6.8%","27","8.5%","8","4.2%","207","5.5%","17","4.4%","2","0.8%","107","5.1%","154","7.6%","68","6.6%","195","6.5%","368","7.2%","259","8.0%","88","7.0%","401","8.2%","67","9.4%","2,196","7.5%","16","8.3%","51","3.5%","265","5.9%","0","0.0%","18","3.7%","26","6.5%","298","7.0%"
"Male population 20 to 24 years","13,558","7.1%","197","3.9%","1,142","4.6%","889","6.5%","809","6.5%","35","2.7%","39","4.0%","61","5.9%","99","5.2%","3,170","8.5%","103","3.7%","22","4.8%","90","5.0%","41","4.5%","55","5.9%","144","4.1%","21","5.3%","86","5.7%","13","4.6%","71","5.2%","512","6.8%","82","4.8%","104","7.2%","275","5.1%","270","5.8%","29","5.3%","340","4.5%","136","3.4%","23","2.0%","39","4.0%","49","2.7%","306","3.6%","36","2.8%","129","4.4%","476","4.4%","3,406","6.0%","57","6.0%","23","3.0%","185","5.4%","161","4.4%","51","3.7%","42","3.8%","61","5.3%","2","1.4%","3","1.6%","4","1.1%","1,467","7.5%","119","5.5%","86","6.2%","444","4.5%","5,073","6.8%","124","6.2%","129","5.0%","141","5.0%","28","6.9%","0","-","53","5.2%","89","4.4%","4","3.1%","68","4.5%","601","7.4%","89","5.0%","69","5.6%","1","2.4%","16","4.4%","7","3.3%","151","4.7%","14","1.8%","9","1.6%","41","3.3%","11","1.7%","13","3.9%","4","2.3%","56","4.6%","1,521","11.3%","69","4.9%","24","4.5%","313","6.0%","47","4.0%","20","2.6%","318","7.3%","38","5.9%","0","-","75","4.5%","349","4.9%","18","2.3%","24","4.7%","207","6.2%","51","4.8%","195","6.3%","118","9.1%","33","2.9%","154","4.7%","85","3.9%","28","3.8%","99","4.7%","80","6.7%","567","5.5%","55","5.4%","47","5.4%","95","6.8%","19","5.6%","654","6.1%","2,408","5.7%","38","2.5%","1,624","5.4%","369","4.0%","60","4.2%","24","2.6%","27","3.4%","2,803","19.5%","72","3.6%","64","3.5%","1","1.7%","12","3.4%","8","3.1%","114","3.4%","9","2.6%","47","6.2%","8","2.4%","2","9.1%","7","2.0%","11","2.1%","124","5.8%","4","3.5%","8,523","38.7%","523","12.9%","186","6.0%","43","6.2%","96","5.6%","339","6.4%","1","0.5%","1,234","6.8%","117","4.8%","11","6.0%","88","4.2%","7","2.4%","13","8.8%","51","8.1%","134","5.7%","97","5.5%","35","3.9%","221","4.7%","128","4.7%","272","5.1%","195","6.2%","1","1.0%","19","4.4%","11","3.5%","3","1.6%","180","4.8%","15","3.9%","6","2.4%","81","3.9%","79","3.9%","43","4.2%","118","3.9%","265","5.2%","146","4.5%","56","4.4%","240","4.9%","58","8.1%","1,995","6.8%","11","5.7%","48","3.3%","138","3.1%","0","0.0%","17","3.5%","11","2.8%","196","4.6%"
"Male population 25 to 29 years","14,083","7.4%","100","2.0%","955","3.9%","1,006","7.3%","1,303","10.4%","45","3.4%","50","5.2%","54","5.2%","49","2.6%","2,854","7.6%","119","4.2%","25","5.4%","84","4.6%","23","2.5%","43","4.6%","174","5.0%","13","3.3%","101","6.7%","7","2.5%","63","4.6%","457","6.0%","78","4.5%","92","6.3%","225","4.2%","236","5.1%","34","6.2%","336","4.4%","220","5.5%","28","2.4%","38","3.9%","57","3.1%","318","3.7%","35","2.7%","125","4.2%","505","4.7%","3,976","7.0%","41","4.3%","29","3.8%","159","4.7%","190","5.2%","63","4.6%","41","3.7%","46","4.0%","10","7.0%","8","4.3%","18","5.1%","1,296","6.6%","81","3.8%","66","4.8%","406","4.1%","5,442","7.3%","134","6.7%","169","6.5%","145","5.2%","25","6.2%","0","-","42","4.1%","104","5.1%","8","6.2%","85","5.7%","540","6.7%","93","5.2%","63","5.1%","8","19.0%","20","5.5%","2","1.0%","238","7.4%","30","3.9%","21","3.7%","46","3.7%","21","3.2%","12","3.6%","2","1.1%","38","3.1%","1,304","9.7%","64","4.6%","11","2.1%","300","5.7%","54","4.6%","12","1.5%","300","6.9%","46","7.1%","0","-","59","3.5%","378","5.3%","18","2.3%","23","4.5%","177","5.3%","56","5.3%","178","5.8%","122","9.4%","27","2.4%","126","3.8%","67","3.0%","15","2.1%","104","4.9%","62","5.2%","536","5.2%","70","6.9%","36","4.2%","77","5.5%","15","4.4%","712","6.7%","2,581","6.1%","43","2.8%","1,980","6.6%","358","3.8%","47","3.3%","35","3.8%","39","5.0%","1,504","10.5%","106","5.2%","83","4.6%","1","1.7%","7","2.0%","8","3.1%","154","4.6%","16","4.6%","37","4.8%","17","5.0%","0","0.0%","11","3.2%","20","3.7%","151","7.0%","8","7.0%","3,372","15.3%","271","6.7%","221","7.1%","53","7.6%","99","5.7%","337","6.3%","7","3.7%","1,191","6.6%","112","4.6%","7","3.8%","93","4.4%","13","4.4%","9","6.1%","32","5.1%","150","6.4%","96","5.5%","44","4.9%","230","4.9%","123","4.5%","359","6.8%","175","5.6%","1","1.0%","23","5.4%","9","2.8%","5","2.6%","211","5.7%","19","5.0%","5","2.0%","68","3.3%","133","6.5%","61","6.0%","202","6.7%","296","5.8%","171","5.3%","51","4.0%","242","4.9%","53","7.4%","1,971","6.7%","11","5.7%","62","4.3%","173","3.9%","0","0.0%","16","3.3%","12","3.0%","183","4.3%"
"Male population 30 to 34 years","13,733","7.2%","151","3.0%","1,049","4.3%","1,017","7.4%","1,320","10.5%","63","4.8%","34","3.5%","52","5.0%","73","3.9%","2,625","7.0%","140","5.0%","23","5.0%","100","5.5%","52","5.6%","45","4.8%","164","4.7%","23","5.8%","89","5.9%","12","4.2%","56","4.1%","489","6.5%","94","5.5%","93","6.4%","261","4.8%","266","5.7%","28","5.1%","366","4.8%","245","6.1%","40","3.5%","54","5.5%","94","5.1%","355","4.1%","60","4.6%","123","4.2%","560","5.2%","3,974","7.0%","38","4.0%","42","5.5%","164","4.8%","140","3.8%","62","4.5%","38","3.4%","48","4.2%","12","8.5%","8","4.3%","12","3.4%","1,249","6.4%","93","4.3%","63","4.6%","472","4.7%","5,226","7.1%","100","5.0%","154","5.9%","148","5.3%","23","5.7%","0","-","44","4.3%","122","6.0%","10","7.8%","89","5.9%","507","6.3%","96","5.4%","60","4.9%","3","7.1%","21","5.8%","4","1.9%","238","7.4%","24","3.1%","18","3.1%","45","3.6%","33","5.0%","22","6.7%","2","1.1%","63","5.2%","1,021","7.6%","61","4.3%","12","2.3%","282","5.4%","52","4.5%","20","2.6%","280","6.4%","35","5.4%","0","-","70","4.2%","398","5.6%","33","4.2%","30","5.8%","203","6.1%","56","5.3%","217","7.1%","120","9.2%","29","2.5%","141","4.3%","79","3.6%","21","2.9%","107","5.1%","57","4.8%","586","5.6%","57","5.6%","54","6.2%","95","6.8%","26","7.6%","744","7.0%","2,770","6.5%","33","2.2%","2,024","6.8%","379","4.1%","59","4.1%","40","4.4%","51","6.5%","1,020","7.1%","121","6.0%","104","5.8%","8","13.6%","20","5.7%","13","5.0%","143","4.3%","14","4.0%","39","5.1%","11","3.2%","1","4.5%","12","3.5%","33","6.2%","128","6.0%","0","0.0%","960","4.4%","193","4.8%","189","6.1%","45","6.4%","120","6.9%","343","6.5%","8","4.2%","1,154","6.4%","119","4.9%","9","4.9%","81","3.8%","20","6.8%","5","3.4%","24","3.8%","126","5.4%","92","5.2%","63","7.0%","250","5.3%","161","5.9%","319","6.0%","224","7.1%","6","6.1%","14","3.3%","15","4.7%","4","2.1%","224","6.0%","25","6.5%","12","4.9%","125","6.0%","150","7.4%","56","5.5%","214","7.1%","275","5.4%","173","5.4%","53","4.2%","297","6.1%","73","10.3%","1,980","6.8%","13","6.8%","65","4.5%","236","5.3%","3","11.1%","20","4.1%","15","3.8%","203","4.7%"
"Male population 35 to 39 years","13,883","7.3%","290","5.7%","1,351","5.5%","1,085","7.9%","1,333","10.6%","72","5.5%","40","4.1%","75","7.3%","94","5.0%","2,691","7.2%","164","5.8%","30","6.5%","126","6.9%","48","5.2%","50","5.3%","165","4.7%","13","3.3%","86","5.7%","17","6.0%","86","6.2%","479","6.3%","102","5.9%","78","5.4%","354","6.5%","291","6.3%","32","5.8%","506","6.7%","196","4.9%","53","4.6%","45","4.6%","81","4.4%","417","4.9%","53","4.1%","153","5.2%","708","6.5%","4,073","7.2%","53","5.6%","28","3.7%","203","5.9%","174","4.8%","71","5.2%","48","4.3%","49","4.2%","3","2.1%","3","1.6%","10","2.8%","1,207","6.2%","113","5.3%","76","5.5%","633","6.4%","4,852","6.5%","101","5.0%","151","5.8%","151","5.4%","17","4.2%","0","-","70","6.9%","155","7.6%","8","6.2%","101","6.7%","500","6.2%","100","5.6%","70","5.7%","2","4.8%","22","6.1%","9","4.3%","223","6.9%","31","4.0%","26","4.5%","76","6.1%","32","4.9%","32","9.7%","4","2.3%","63","5.2%","852","6.3%","86","6.1%","37","6.9%","279","5.3%","67","5.8%","25","3.2%","292","6.7%","30","4.6%","0","-","83","4.9%","419","5.9%","38","4.9%","28","5.4%","202","6.1%","43","4.0%","171","5.6%","121","9.3%","38","3.3%","177","5.4%","102","4.6%","24","3.3%","103","4.9%","62","5.2%","763","7.3%","46","4.5%","56","6.5%","72","5.2%","28","8.2%","754","7.1%","2,709","6.4%","63","4.2%","2,047","6.9%","491","5.3%","50","3.5%","52","5.7%","41","5.2%","856","6.0%","108","5.3%","96","5.3%","2","3.4%","27","7.7%","13","5.0%","178","5.3%","27","7.7%","32","4.2%","21","6.2%","1","4.5%","18","5.2%","34","6.4%","133","6.2%","7","6.1%","669","3.0%","191","4.7%","180","5.8%","53","7.6%","112","6.5%","336","6.3%","13","6.8%","1,090","6.0%","133","5.4%","11","6.0%","131","6.2%","11","3.8%","7","4.7%","39","6.2%","128","5.4%","89","5.1%","45","5.0%","262","5.6%","171","6.3%","283","5.4%","184","5.9%","2","2.0%","23","5.4%","17","5.4%","7","3.7%","185","5.0%","15","3.9%","1","0.4%","106","5.1%","147","7.2%","56","5.5%","282","9.4%","283","5.6%","240","7.5%","75","6.0%","327","6.7%","55","7.7%","2,076","7.1%","10","5.2%","75","5.2%","283","6.3%","0","0.0%","25","5.1%","26","6.5%","200","4.7%"
"Male population 40 to 44 years","12,719","6.7%","391","7.7%","1,502","6.1%","982","7.1%","1,194","9.5%","54","4.1%","47","4.9%","63","6.1%","120","6.3%","2,314","6.2%","153","5.4%","34","7.4%","101","5.6%","44","4.8%","53","5.6%","168","4.8%","27","6.8%","84","5.6%","13","4.6%","83","6.0%","464","6.1%","123","7.2%","89","6.1%","355","6.6%","292","6.3%","37","6.7%","533","7.0%","195","4.9%","49","4.2%","47","4.8%","120","6.5%","484","5.6%","70","5.4%","118","4.0%","630","5.8%","3,546","6.3%","58","6.1%","33","4.4%","223","6.5%","173","4.8%","72","5.3%","65","5.8%","82","7.1%","14","9.9%","13","7.0%","29","8.2%","1,141","5.8%","142","6.6%","91","6.6%","673","6.8%","4,720","6.4%","128","6.4%","136","5.2%","169","6.0%","21","5.2%","0","-","80","7.8%","149","7.3%","8","6.2%","94","6.3%","478","5.9%","107","6.0%","87","7.1%","3","7.1%","19","5.2%","4","1.9%","179","5.6%","38","5.0%","26","4.5%","57","4.6%","26","4.0%","34","10.3%","8","4.6%","72","5.9%","678","5.0%","94","6.7%","26","4.9%","355","6.8%","55","4.7%","37","4.8%","302","7.0%","40","6.2%","0","-","66","3.9%","362","5.1%","34","4.4%","32","6.2%","208","6.2%","73","6.9%","198","6.4%","87","6.7%","53","4.6%","156","4.7%","107","4.9%","34","4.7%","158","7.5%","60","5.0%","773","7.4%","66","6.5%","61","7.0%","87","6.3%","24","7.0%","647","6.1%","2,511","5.9%","81","5.4%","1,775","6.0%","550","5.9%","51","3.6%","57","6.2%","53","6.7%","682","4.8%","128","6.3%","93","5.2%","0","0.0%","23","6.6%","14","5.3%","161","4.8%","19","5.4%","40","5.2%","26","7.7%","0","0.0%","29","8.5%","34","6.4%","177","8.2%","7","6.1%","571","2.6%","235","5.8%","172","5.6%","39","5.6%","101","5.8%","277","5.2%","9","4.7%","1,010","5.6%","122","5.0%","15","8.2%","134","6.4%","18","6.1%","5","3.4%","37","5.8%","146","6.2%","122","6.9%","49","5.4%","280","6.0%","136","5.0%","252","4.8%","181","5.8%","3","3.1%","26","6.1%","23","7.3%","13","6.8%","209","5.6%","17","4.4%","6","2.4%","119","5.7%","158","7.8%","63","6.2%","265","8.8%","294","5.8%","215","6.7%","92","7.3%","322","6.6%","47","6.6%","1,788","6.1%","16","8.3%","63","4.3%","327","7.3%","0","0.0%","23","4.7%","19","4.8%","233","5.4%"
"Male population 45 to 49 years","12,177","6.4%","414","8.2%","1,597","6.5%","865","6.3%","994","7.9%","54","4.1%","52","5.4%","47","4.6%","103","5.4%","1,935","5.2%","145","5.2%","20","4.3%","102","5.6%","40","4.3%","44","4.7%","170","4.9%","17","4.3%","68","4.5%","20","7.1%","89","6.5%","400","5.3%","92","5.4%","98","6.7%","312","5.8%","225","4.8%","38","6.9%","521","6.9%","183","4.6%","43","3.7%","56","5.7%","105","5.7%","462","5.4%","39","3.0%","151","5.1%","646","6.0%","2,992","5.3%","53","5.6%","45","5.9%","197","5.8%","181","5.0%","68","5.0%","69","6.2%","68","5.9%","4","2.8%","20","10.8%","24","6.8%","1,129","5.8%","128","6.0%","92","6.7%","617","6.2%","4,183","5.6%","117","5.8%","173","6.7%","158","5.6%","21","5.2%","0","-","48","4.7%","106","5.2%","3","2.3%","93","6.2%","384","4.8%","97","5.5%","67","5.4%","4","9.5%","18","5.0%","12","5.7%","172","5.3%","30","3.9%","25","4.3%","61","4.9%","44","6.7%","16","4.8%","8","4.6%","73","6.0%","621","4.6%","79","5.6%","27","5.1%","279","5.3%","57","4.9%","38","4.9%","217","5.0%","34","5.2%","0","-","83","4.9%","370","5.2%","35","4.5%","44","8.5%","165","5.0%","55","5.2%","161","5.2%","62","4.8%","50","4.4%","156","4.7%","89","4.0%","34","4.7%","141","6.7%","66","5.5%","550","5.3%","52","5.1%","47","5.4%","68","4.9%","14","4.1%","561","5.3%","2,404","5.6%","70","4.6%","1,737","5.8%","589","6.3%","69","4.8%","49","5.4%","48","6.1%","606","4.2%","109","5.4%","98","5.4%","2","3.4%","8","2.3%","6","2.3%","163","4.9%","12","3.4%","32","4.2%","11","3.2%","2","9.1%","19","5.5%","27","5.0%","112","5.2%","10","8.7%","481","2.2%","186","4.6%","161","5.2%","38","5.4%","84","4.9%","281","5.3%","8","4.2%","1,038","5.8%","136","5.5%","9","4.9%","116","5.5%","21","7.2%","4","2.7%","27","4.3%","139","5.9%","108","6.1%","33","3.6%","249","5.3%","164","6.0%","299","5.7%","133","4.2%","8","8.2%","32","7.5%","12","3.8%","5","2.6%","197","5.3%","20","5.2%","11","4.5%","112","5.4%","139","6.8%","83","8.1%","264","8.8%","263","5.2%","187","5.8%","79","6.3%","287","5.9%","34","4.8%","1,531","5.2%","9","4.7%","66","4.5%","272","6.1%","2","7.4%","21","4.3%","24","6.0%","243","5.7%"
"Male population 50 to 54 years","11,079","5.8%","441","8.7%","1,675","6.8%","771","5.6%","895","7.1%","58","4.4%","58","6.0%","59","5.7%","120","6.3%","1,807","4.8%","148","5.3%","9","2.0%","80","4.4%","54","5.9%","55","5.9%","198","5.7%","24","6.1%","93","6.2%","16","5.7%","74","5.4%","357","4.7%","74","4.3%","90","6.2%","280","5.2%","234","5.0%","25","4.5%","552","7.3%","265","6.6%","64","5.6%","67","6.8%","140","7.6%","550","6.4%","70","5.4%","171","5.8%","643","5.9%","2,649","4.7%","58","6.1%","43","5.7%","176","5.2%","218","6.0%","63","4.6%","57","5.1%","60","5.2%","9","6.3%","4","2.2%","23","6.5%","1,061","5.4%","134","6.2%","91","6.6%","598","6.0%","3,975","5.4%","105","5.2%","144","5.6%","169","6.0%","21","5.2%","0","-","43","4.2%","104","5.1%","5","3.9%","83","5.5%","376","4.7%","79","4.5%","70","5.7%","1","2.4%","20","5.5%","23","11.0%","212","6.6%","38","5.0%","40","7.0%","59","4.8%","33","5.0%","22","6.7%","15","8.6%","68","5.6%","655","4.9%","74","5.3%","22","4.1%","269","5.1%","71","6.1%","47","6.0%","200","4.6%","38","5.9%","0","-","81","4.8%","417","5.8%","37","4.8%","20","3.9%","165","5.0%","65","6.1%","182","5.9%","62","4.8%","54","4.7%","155","4.7%","140","6.3%","49","6.7%","102","4.9%","64","5.4%","469","4.5%","64","6.3%","58","6.7%","76","5.5%","10","2.9%","507","4.7%","2,491","5.8%","96","6.4%","1,671","5.6%","620","6.6%","83","5.8%","51","5.6%","53","6.7%","536","3.7%","124","6.1%","123","6.8%","2","3.4%","17","4.8%","11","4.2%","175","5.2%","11","3.1%","34","4.5%","14","4.1%","0","0.0%","26","7.6%","25","4.7%","95","4.4%","4","3.5%","366","1.7%","164","4.0%","168","5.4%","30","4.3%","110","6.4%","280","5.3%","15","7.9%","1,060","5.9%","134","5.5%","12","6.5%","88","4.2%","19","6.5%","6","4.1%","25","3.9%","129","5.5%","100","5.7%","58","6.4%","249","5.3%","165","6.0%","299","5.7%","163","5.2%","8","8.2%","25","5.8%","19","6.0%","11","5.8%","246","6.6%","24","6.3%","12","4.9%","132","6.4%","132","6.5%","62","6.1%","170","5.7%","261","5.1%","165","5.1%","76","6.0%","255","5.2%","35","4.9%","1,471","5.0%","17","8.9%","98","6.7%","261","5.8%","0","0.0%","23","4.7%","17","4.3%","226","5.3%"
"Male population 55 to 59 years","10,737","5.6%","331","6.5%","1,883","7.6%","680","4.9%","844","6.7%","111","8.5%","76","7.9%","54","5.2%","141","7.4%","1,918","5.1%","170","6.0%","24","5.2%","95","5.2%","50","5.4%","47","5.0%","277","7.9%","29","7.3%","109","7.2%","17","6.0%","78","5.7%","383","5.1%","110","6.4%","87","6.0%","306","5.7%","276","5.9%","21","3.8%","551","7.3%","280","7.0%","89","7.7%","83","8.4%","204","11.1%","719","8.4%","101","7.7%","232","7.8%","689","6.4%","2,930","5.2%","74","7.8%","47","6.2%","230","6.7%","237","6.5%","89","6.5%","94","8.4%","76","6.6%","8","5.6%","25","13.5%","29","8.2%","1,085","5.5%","163","7.6%","94","6.8%","616","6.2%","3,750","5.1%","106","5.3%","167","6.4%","181","6.5%","39","9.6%","0","-","45","4.4%","111","5.5%","9","7.0%","70","4.7%","384","4.8%","115","6.5%","51","4.1%","4","9.5%","25","6.9%","13","6.2%","236","7.3%","56","7.3%","54","9.4%","99","8.0%","54","8.2%","18","5.5%","14","8.0%","77","6.3%","758","5.6%","66","4.7%","22","4.1%","280","5.3%","71","6.1%","62","8.0%","230","5.3%","44","6.8%","0","-","127","7.6%","479","6.7%","57","7.3%","32","6.2%","228","6.8%","62","5.8%","169","5.5%","74","5.7%","99","8.7%","205","6.2%","137","6.2%","39","5.3%","127","6.0%","69","5.8%","490","4.7%","51","5.0%","47","5.4%","84","6.0%","24","7.0%","621","5.8%","2,649","6.2%","151","10.0%","1,775","6.0%","757","8.1%","124","8.7%","60","6.6%","46","5.9%","582","4.1%","161","8.0%","132","7.3%","4","6.8%","26","7.4%","15","5.7%","248","7.4%","33","9.4%","52","6.8%","33","9.7%","0","0.0%","19","5.5%","39","7.3%","144","6.7%","9","7.8%","409","1.9%","193","4.8%","180","5.8%","47","6.7%","105","6.1%","263","5.0%","13","6.8%","1,147","6.4%","156","6.4%","9","4.9%","139","6.6%","12","4.1%","21","14.2%","54","8.5%","147","6.2%","124","7.0%","55","6.1%","270","5.8%","170","6.2%","345","6.5%","191","6.1%","10","10.2%","18","4.2%","13","4.1%","9","4.7%","297","8.0%","27","7.0%","22","8.9%","165","7.9%","102","5.0%","79","7.7%","151","5.0%","324","6.4%","190","5.9%","111","8.8%","258","5.3%","25","3.5%","1,575","5.4%","8","4.2%","113","7.8%","303","6.7%","5","18.5%","32","6.6%","33","8.3%","283","6.6%"
"Male population 60 to 64 years","10,390","5.4%","323","6.4%","1,800","7.3%","566","4.1%","584","4.7%","138","10.5%","102","10.6%","58","5.6%","170","9.0%","1,890","5.0%","216","7.7%","32","7.0%","136","7.5%","84","9.1%","63","6.7%","307","8.8%","24","6.1%","90","6.0%","15","5.3%","85","6.2%","445","5.9%","117","6.8%","80","5.5%","321","5.9%","251","5.4%","36","6.5%","558","7.4%","369","9.2%","141","12.2%","97","9.8%","211","11.5%","831","9.7%","148","11.3%","284","9.6%","860","7.9%","2,747","4.9%","80","8.4%","97","12.8%","185","5.4%","272","7.5%","94","6.9%","92","8.3%","87","7.5%","15","10.6%","21","11.4%","32","9.1%","1,065","5.4%","160","7.5%","69","5.0%","610","6.1%","3,461","4.7%","108","5.4%","168","6.5%","210","7.5%","5","1.2%","0","-","74","7.2%","149","7.3%","16","12.4%","83","5.5%","433","5.4%","110","6.2%","69","5.6%","1","2.4%","21","5.8%","17","8.1%","238","7.4%","92","12.0%","52","9.0%","123","10.0%","61","9.3%","28","8.5%","30","17.1%","92","7.6%","691","5.1%","65","4.6%","50","9.4%","284","5.4%","84","7.2%","104","13.4%","248","5.7%","33","5.1%","0","-","163","9.7%","532","7.5%","82","10.6%","30","5.8%","185","5.6%","76","7.1%","148","4.8%","85","6.5%","119","10.4%","272","8.3%","226","10.2%","66","9.0%","168","8.0%","89","7.4%","511","4.9%","60","5.9%","52","6.0%","88","6.3%","20","5.8%","586","5.5%","2,691","6.3%","166","11.0%","1,867","6.3%","826","8.9%","148","10.4%","76","8.3%","53","6.7%","562","3.9%","164","8.1%","150","8.3%","11","18.6%","41","11.7%","21","8.0%","281","8.4%","30","8.6%","60","7.9%","29","8.6%","3","13.6%","60","17.5%","52","9.7%","117","5.4%","6","5.2%","408","1.9%","179","4.4%","198","6.4%","47","6.7%","101","5.8%","353","6.6%","16","8.4%","1,195","6.6%","214","8.7%","8","4.3%","160","7.6%","20","6.8%","6","4.1%","42","6.6%","152","6.5%","115","6.5%","88","9.7%","280","6.0%","174","6.4%","339","6.4%","179","5.7%","7","7.1%","44","10.3%","22","6.9%","21","11.1%","291","7.8%","37","9.7%","28","11.3%","217","10.4%","133","6.5%","76","7.4%","144","4.8%","400","7.9%","208","6.5%","82","6.5%","270","5.5%","37","5.2%","1,563","5.3%","17","8.9%","162","11.1%","375","8.3%","3","11.1%","27","5.5%","41","10.3%","309","7.2%"
"Male population 65 to 69 years","9,229","4.8%","328","6.5%","1,654","6.7%","478","3.5%","397","3.2%","142","10.8%","100","10.4%","74","7.2%","149","7.9%","1,839","4.9%","194","6.9%","31","6.7%","119","6.5%","78","8.5%","65","6.9%","309","8.8%","62","15.7%","73","4.8%","37","13.1%","70","5.1%","391","5.2%","94","5.5%","65","4.5%","295","5.5%","215","4.6%","38","6.9%","474","6.2%","363","9.1%","157","13.6%","101","10.2%","186","10.1%","862","10.1%","167","12.8%","313","10.6%","858","7.9%","2,373","4.2%","64","6.7%","70","9.2%","175","5.1%","308","8.5%","121","8.8%","120","10.8%","86","7.5%","10","7.0%","22","11.9%","32","9.1%","952","4.9%","154","7.2%","79","5.7%","568","5.7%","3,102","4.2%","85","4.2%","158","6.1%","176","6.3%","23","5.7%","0","-","58","5.7%","109","5.4%","8","6.2%","83","5.5%","346","4.3%","86","4.9%","47","3.8%","0","0.0%","14","3.9%","43","20.5%","226","7.0%","89","11.6%","46","8.0%","139","11.2%","63","9.6%","19","5.8%","24","13.7%","117","9.6%","588","4.4%","70","5.0%","36","6.8%","243","4.6%","79","6.8%","91","11.7%","208","4.8%","35","5.4%","0","-","138","8.2%","461","6.5%","79","10.2%","29","5.6%","153","4.6%","112","10.5%","156","5.1%","65","5.0%","164","14.4%","315","9.6%","227","10.3%","110","15.1%","106","5.0%","54","4.5%","447","4.3%","53","5.2%","48","5.5%","102","7.3%","17","5.0%","470","4.4%","2,629","6.2%","183","12.1%","1,673","5.6%","805","8.6%","132","9.3%","87","9.5%","40","5.1%","606","4.2%","152","7.5%","145","8.0%","1","1.7%","29","8.3%","34","13.0%","338","10.1%","51","14.6%","63","8.3%","19","5.6%","2","9.1%","36","10.5%","32","6.0%","128","6.0%","7","6.1%","346","1.6%","158","3.9%","146","4.7%","31","4.4%","94","5.4%","283","5.3%","16","8.4%","1,069","5.9%","198","8.1%","15","8.2%","145","6.9%","36","12.3%","6","4.1%","36","5.7%","119","5.1%","100","5.7%","84","9.3%","253","5.4%","164","6.0%","361","6.8%","169","5.4%","9","9.2%","29","6.8%","23","7.3%","32","16.8%","301","8.1%","37","9.7%","32","13.0%","186","9.0%","129","6.3%","72","7.0%","135","4.5%","337","6.6%","178","5.5%","82","6.5%","246","5.0%","21","2.9%","1,394","4.8%","16","8.3%","159","10.9%","460","10.2%","3","11.1%","71","14.6%","27","6.8%","323","7.5%"
"Male population 70 to 74 years","7,776","4.1%","215","4.3%","1,465","5.9%","363","2.6%","301","2.4%","121","9.2%","104","10.8%","36","3.5%","126","6.7%","1,466","3.9%","189","6.7%","23","5.0%","91","5.0%","74","8.0%","48","5.1%","241","6.9%","26","6.6%","65","4.3%","11","3.9%","64","4.6%","260","3.4%","83","4.8%","41","2.8%","203","3.8%","163","3.5%","19","3.4%","378","5.0%","369","9.2%","121","10.5%","82","8.3%","124","6.8%","717","8.4%","152","11.7%","248","8.4%","745","6.9%","1,914","3.4%","50","5.3%","57","7.5%","153","4.5%","266","7.3%","119","8.7%","80","7.2%","84","7.3%","8","5.6%","11","5.9%","25","7.1%","819","4.2%","124","5.8%","49","3.6%","453","4.5%","2,705","3.7%","73","3.6%","126","4.9%","139","5.0%","22","5.4%","0","-","50","4.9%","74","3.6%","6","4.7%","56","3.7%","294","3.6%","71","4.0%","52","4.2%","3","7.1%","14","3.9%","21","10.0%","234","7.3%","72","9.4%","51","8.9%","128","10.4%","59","9.0%","34","10.3%","21","12.0%","63","5.2%","416","3.1%","47","3.3%","33","6.2%","187","3.6%","51","4.4%","84","10.8%","156","3.6%","23","3.5%","0","-","122","7.3%","358","5.0%","64","8.2%","33","6.4%","145","4.4%","73","6.9%","104","3.4%","42","3.2%","135","11.8%","242","7.4%","216","9.8%","89","12.2%","80","3.8%","31","2.6%","325","3.1%","32","3.1%","24","2.8%","47","3.4%","6","1.8%","339","3.2%","2,420","5.7%","131","8.7%","1,327","4.4%","659","7.1%","134","9.4%","61","6.7%","38","4.8%","431","3.0%","125","6.2%","119","6.6%","5","8.5%","23","6.6%","40","15.3%","295","8.8%","20","5.7%","61","8.0%","25","7.4%","1","4.5%","21","6.1%","27","5.0%","102","4.7%","5","4.3%","217","1.0%","126","3.1%","117","3.8%","16","2.3%","64","3.7%","224","4.2%","14","7.4%","891","4.9%","158","6.4%","13","7.1%","118","5.6%","10","3.4%","3","2.0%","45","7.1%","105","4.5%","77","4.4%","55","6.1%","205","4.4%","122","4.5%","285","5.4%","117","3.7%","6","6.1%","31","7.2%","20","6.3%","19","10.0%","226","6.1%","21","5.5%","47","19.0%","154","7.4%","95","4.7%","57","5.6%","94","3.1%","270","5.3%","160","5.0%","69","5.5%","172","3.5%","15","2.1%","1,111","3.8%","7","3.6%","168","11.5%","334","7.4%","3","11.1%","51","10.5%","37","9.3%","299","7.0%"
"Male population 75 to 79 years","4,965","2.6%","168","3.3%","891","3.6%","225","1.6%","153","1.2%","95","7.2%","46","4.8%","41","4.0%","66","3.5%","878","2.3%","121","4.3%","21","4.6%","64","3.5%","61","6.6%","51","5.4%","192","5.5%","10","2.5%","31","2.1%","7","2.5%","27","2.0%","201","2.7%","52","3.0%","54","3.7%","134","2.5%","91","2.0%","6","1.1%","248","3.3%","318","8.0%","84","7.3%","40","4.1%","68","3.7%","433","5.0%","77","5.9%","166","5.6%","476","4.4%","1,218","2.2%","18","1.9%","38","5.0%","87","2.5%","157","4.3%","66","4.8%","49","4.4%","51","4.4%","8","5.6%","5","2.7%","16","4.5%","554","2.8%","80","3.7%","44","3.2%","294","2.9%","1,848","2.5%","56","2.8%","81","3.1%","96","3.4%","21","5.2%","0","-","45","4.4%","74","3.6%","1","0.8%","34","2.3%","202","2.5%","61","3.4%","35","2.8%","2","4.8%","12","3.3%","15","7.1%","160","5.0%","57","7.4%","48","8.3%","63","5.1%","37","5.6%","22","6.7%","15","8.6%","42","3.5%","288","2.1%","38","2.7%","14","2.6%","151","2.9%","44","3.8%","63","8.1%","109","2.5%","16","2.5%","0","-","102","6.1%","294","4.1%","50","6.4%","10","1.9%","117","3.5%","58","5.5%","78","2.5%","28","2.1%","81","7.1%","175","5.3%","123","5.6%","58","7.9%","58","2.8%","20","1.7%","186","1.8%","21","2.1%","26","3.0%","52","3.7%","6","1.8%","251","2.3%","1,629","3.8%","91","6.0%","887","3.0%","395","4.2%","74","5.2%","39","4.3%","30","3.8%","270","1.9%","84","4.2%","81","4.5%","8","13.6%","25","7.1%","28","10.7%","195","5.8%","9","2.6%","40","5.2%","13","3.8%","0","0.0%","14","4.1%","15","2.8%","50","2.3%","1","0.9%","181","0.8%","88","2.2%","96","3.1%","14","2.0%","46","2.7%","139","2.6%","12","6.3%","650","3.6%","97","4.0%","9","4.9%","93","4.4%","19","6.5%","3","2.0%","26","4.1%","62","2.6%","59","3.4%","33","3.6%","168","3.6%","93","3.4%","213","4.0%","78","2.5%","2","2.0%","24","5.6%","8","2.5%","9","4.7%","158","4.2%","26","6.8%","16","6.5%","77","3.7%","40","2.0%","33","3.2%","47","1.6%","189","3.7%","93","2.9%","33","2.6%","143","2.9%","8","1.1%","802","2.7%","10","5.2%","100","6.9%","163","3.6%","5","18.5%","25","5.1%","27","6.8%","181","4.2%"
"Male population 80 to 84 years","2,807","1.5%","96","1.9%","470","1.9%","111","0.8%","65","0.5%","54","4.1%","23","2.4%","22","2.1%","38","2.0%","486","1.3%","73","2.6%","7","1.5%","31","1.7%","20","2.2%","16","1.7%","114","3.3%","5","1.3%","26","1.7%","4","1.4%","17","1.2%","135","1.8%","32","1.9%","15","1.0%","93","1.7%","67","1.4%","8","1.5%","129","1.7%","140","3.5%","42","3.6%","22","2.2%","35","1.9%","201","2.3%","47","3.6%","91","3.1%","254","2.3%","812","1.4%","18","1.9%","24","3.2%","54","1.6%","94","2.6%","42","3.1%","31","2.8%","16","1.4%","0","0.0%","11","5.9%","3","0.9%","324","1.7%","29","1.4%","17","1.2%","132","1.3%","1,014","1.4%","42","2.1%","41","1.6%","43","1.5%","11","2.7%","0","-","21","2.1%","30","1.5%","5","3.9%","32","2.1%","123","1.5%","26","1.5%","25","2.0%","0","0.0%","12","3.3%","2","1.0%","79","2.5%","43","5.6%","22","3.8%","26","2.1%","20","3.1%","15","4.5%","9","5.1%","39","3.2%","178","1.3%","19","1.4%","17","3.2%","103","2.0%","36","3.1%","32","4.1%","65","1.5%","17","2.6%","0","-","65","3.9%","180","2.5%","29","3.7%","1","0.2%","87","2.6%","42","3.9%","46","1.5%","25","1.9%","48","4.2%","100","3.0%","78","3.5%","31","4.2%","35","1.7%","24","2.0%","97","0.9%","20","2.0%","10","1.2%","11","0.8%","4","1.2%","161","1.5%","1,083","2.5%","54","3.6%","514","1.7%","206","2.2%","52","3.7%","26","2.8%","21","2.7%","148","1.0%","29","1.4%","45","2.5%","3","5.1%","6","1.7%","12","4.6%","107","3.2%","4","1.1%","35","4.6%","7","2.1%","1","4.5%","12","3.5%","12","2.2%","29","1.3%","1","0.9%","129","0.6%","56","1.4%","57","1.8%","10","1.4%","23","1.3%","81","1.5%","10","5.3%","431","2.4%","69","2.8%","0","0.0%","39","1.8%","7","2.4%","2","1.4%","11","1.7%","38","1.6%","23","1.3%","27","3.0%","105","2.2%","66","2.4%","134","2.5%","61","1.9%","1","1.0%","15","3.5%","8","2.5%","9","4.7%","99","2.7%","11","2.9%","17","6.9%","44","2.1%","16","0.8%","9","0.9%","22","0.7%","116","2.3%","51","1.6%","16","1.3%","70","1.4%","7","1.0%","540","1.8%","3","1.6%","45","3.1%","92","2.0%","1","3.7%","19","3.9%","18","4.5%","146","3.4%"
"Male population 85 years and over","2,309","1.2%","92","1.8%","378","1.5%","61","0.4%","66","0.5%","26","2.0%","17","1.8%","9","0.9%","18","1.0%","389","1.0%","49","1.7%","10","2.2%","39","2.1%","16","1.7%","17","1.8%","57","1.6%","4","1.0%","15","1.0%","4","1.4%","28","2.0%","99","1.3%","35","2.0%","7","0.5%","61","1.1%","61","1.3%","5","0.9%","73","1.0%","89","2.2%","20","1.7%","19","1.9%","18","1.0%","141","1.6%","17","1.3%","47","1.6%","193","1.8%","642","1.1%","15","1.6%","16","2.1%","36","1.1%","80","2.2%","33","2.4%","19","1.7%","25","2.2%","1","0.7%","3","1.6%","3","0.9%","243","1.2%","19","0.9%","17","1.2%","115","1.2%","807","1.1%","18","0.9%","41","1.6%","38","1.4%","5","1.2%","0","-","17","1.7%","18","0.9%","5","3.9%","14","0.9%","132","1.6%","22","1.2%","12","1.0%","4","9.5%","14","3.9%","6","2.9%","78","2.4%","16","2.1%","7","1.2%","32","2.6%","15","2.3%","8","2.4%","6","3.4%","15","1.2%","100","0.7%","8","0.6%","12","2.3%","70","1.3%","20","1.7%","22","2.8%","53","1.2%","6","0.9%","0","-","34","2.0%","134","1.9%","13","1.7%","12","2.3%","58","1.7%","30","2.8%","46","1.5%","21","1.6%","24","2.1%","93","2.8%","46","2.1%","19","2.6%","28","1.3%","14","1.2%","55","0.5%","10","1.0%","6","0.7%","12","0.9%","9","2.6%","122","1.1%","822","1.9%","36","2.4%","397","1.3%","102","1.1%","30","2.1%","16","1.8%","12","1.5%","131","0.9%","38","1.9%","33","1.8%","1","1.7%","8","2.3%","6","2.3%","79","2.4%","2","0.6%","18","2.4%","6","1.8%","1","4.5%","6","1.7%","7","1.3%","23","1.1%","0","0.0%","111","0.5%","37","0.9%","44","1.4%","6","0.9%","32","1.9%","79","1.5%","5","2.6%","428","2.4%","40","1.6%","1","0.5%","28","1.3%","7","2.4%","0","0.0%","12","1.9%","39","1.7%","16","0.9%","13","1.4%","82","1.8%","41","1.5%","84","1.6%","31","1.0%","6","6.1%","6","1.4%","4","1.3%","5","2.6%","58","1.6%","10","2.6%","5","2.0%","37","1.8%","10","0.5%","6","0.6%","19","0.6%","95","1.9%","34","1.1%","18","1.4%","55","1.1%","3","0.4%","427","1.5%","2","1.0%","38","2.6%","59","1.3%","0","0.0%","14","2.9%","8","2.0%","88","2.1%"
"Selected Age Categories","","","","","","","","","","","","","","","","","","","","","","","","","","","","","","","","","","","","","","","","","","","","","","","","","","","","","","","","","","","","","","","","","","","","","","","","","","","","","","","","","","","","","","","","","","","","","","","","","","","","","","","","","","","","","","","","","","","","","","","","","","","","","","","","","","","","","","","","","","","","","","","","","","","","","","","","","","","","","","","","","","","","","","","","","","","","","","","","","","","","","","","","","","","","","","","","","","","","","","","","","","","","","","","","","","","","","","","","","","","","","","","","","","","","","","","","","","","","","","","","","","","","","","","","","","","","","","","","","","","","","","","","","","","","","","","","","","","","","","","","","","","","","","","","","","","","","","","","","","","","","","","","","","","","","","","","","","","","","","","","","","","","","","","","","","","","","","","","","","","",""
"16 years and over","150,298","78.8%","3,835","75.9%","19,293","78.3%","9,950","72.3%","10,724","85.5%","1,105","84.2%","827","85.8%","775","75.2%","1,484","78.4%","28,519","76.1%","2,156","76.7%","338","73.5%","1,355","74.6%","710","77.1%","713","75.9%","2,829","80.8%","311","78.7%","1,110","73.7%","202","71.4%","986","71.6%","5,578","73.6%","1,267","73.8%","1,083","74.6%","3,854","71.3%","3,237","69.6%","403","73.1%","6,016","79.3%","3,495","87.5%","1,000","86.7%","839","85.1%","1,575","85.9%","7,175","83.7%","1,137","87.2%","2,476","83.7%","8,731","80.6%","40,710","71.9%","722","76.1%","624","82.3%","2,456","72.0%","2,851","78.3%","1,076","78.6%","923","82.9%","897","77.8%","110","77.5%","159","85.9%","263","74.7%","14,890","75.9%","1,663","77.5%","1,020","74.0%","7,278","73.0%","54,837","74.0%","1,435","71.6%","2,007","77.4%","2,123","75.8%","299","73.8%","0","-","747","73.2%","1,509","74.2%","105","81.4%","1,080","72.0%","5,863","72.6%","1,282","72.3%","874","70.9%","39","92.9%","275","75.8%","184","87.6%","2,773","86.1%","663","86.6%","478","83.1%","1,040","84.1%","540","82.4%","302","91.5%","163","93.1%","951","78.3%","10,467","77.7%","956","68.1%","386","72.4%","3,768","72.0%","854","73.5%","686","88.2%","3,278","75.5%","469","72.4%","0","-","1,356","80.7%","5,479","76.8%","631","81.2%","384","74.4%","2,495","74.9%","892","83.8%","2,260","73.6%","1,099","84.3%","1,002","87.7%","2,630","79.9%","1,827","82.9%","643","88.1%","1,555","74.0%","856","71.6%","7,074","68.0%","747","73.5%","638","73.7%","1,041","74.9%","241","70.5%","7,756","72.6%","34,007","79.9%","1,295","85.8%","22,878","76.7%","7,604","81.5%","1,151","80.9%","734","80.4%","602","76.6%","11,992","83.6%","1,607","79.4%","1,442","79.9%","50","84.7%","287","81.8%","240","91.6%","2,749","82.2%","271","77.4%","632","82.8%","254","74.9%","15","68.2%","302","88.0%","394","73.6%","1,643","76.5%","78","67.8%","18,253","82.9%","2,938","72.3%","2,269","73.3%","512","73.2%","1,294","74.9%","3,921","73.9%","153","80.5%","14,489","80.4%","1,949","79.5%","141","76.6%","1,585","75.1%","231","78.8%","95","64.2%","498","78.7%","1,774","75.3%","1,320","75.0%","723","79.8%","3,427","73.3%","2,029","74.4%","4,098","77.5%","2,274","72.6%","74","75.5%","353","82.5%","223","70.3%","158","83.2%","3,051","81.7%","318","83.0%","222","89.9%","1,701","81.9%","1,585","77.8%","807","78.9%","2,269","75.7%","3,947","77.7%","2,399","74.5%","961","76.3%","3,487","71.3%","527","74.0%","21,974","75.2%","157","81.8%","1,303","89.5%","3,680","81.9%","25","92.6%","396","81.3%","335","84.0%","3,340","78.1%"
"18 years and over","144,902","76.0%","3,668","72.6%","18,442","74.9%","9,471","68.8%","10,483","83.6%","1,087","82.8%","804","83.4%","743","72.1%","1,421","75.1%","27,412","73.1%","2,051","73.0%","323","70.2%","1,303","71.7%","694","75.4%","676","72.0%","2,759","78.8%","305","77.2%","1,049","69.6%","200","70.7%","930","67.5%","5,334","70.4%","1,216","70.8%","1,025","70.6%","3,647","67.5%","3,074","66.1%","377","68.4%","5,764","76.0%","3,411","85.4%","977","84.7%","810","82.2%","1,529","83.4%","6,971","81.3%","1,102","84.5%","2,414","81.6%","8,437","77.9%","38,845","68.6%","699","73.7%","604","79.7%","2,337","68.5%","2,730","75.0%","1,039","75.9%","889","79.8%","871","75.5%","107","75.4%","157","84.9%","262","74.4%","14,303","73.0%","1,594","74.3%","971","70.5%","6,912","69.3%","52,412","70.7%","1,355","67.6%","1,908","73.6%","2,022","72.2%","292","72.1%","0","-","709","69.4%","1,444","71.0%","101","78.3%","1,019","67.9%","5,578","69.1%","1,210","68.2%","828","67.2%","39","92.9%","259","71.3%","181","86.2%","2,713","84.3%","644","84.1%","461","80.2%","1,021","82.6%","519","79.2%","298","90.3%","162","92.6%","910","74.9%","10,090","74.9%","883","62.9%","362","67.9%","3,575","68.3%","818","70.4%","670","86.1%","3,116","71.7%","447","69.0%","0","-","1,300","77.3%","5,278","74.0%","604","77.7%","361","70.0%","2,375","71.3%","867","81.5%","2,156","70.2%","1,061","81.4%","972","85.1%","2,542","77.2%","1,758","79.7%","630","86.3%","1,475","70.2%","802","67.1%","6,672","64.2%","706","69.4%","596","68.8%","1,000","71.9%","229","67.0%","7,388","69.2%","32,850","77.1%","1,262","83.6%","22,002","73.8%","7,331","78.6%","1,131","79.5%","693","75.9%","566","72.0%","11,721","81.7%","1,558","77.0%","1,396","77.4%","49","83.1%","280","79.8%","232","88.5%","2,681","80.1%","263","75.1%","608","79.7%","244","72.0%","15","68.2%","293","85.4%","377","70.5%","1,572","73.2%","72","62.6%","17,850","81.0%","2,764","68.0%","2,181","70.5%","486","69.5%","1,233","71.4%","3,761","70.8%","150","78.9%","14,072","78.1%","1,874","76.5%","134","72.8%","1,504","71.3%","222","75.8%","92","62.2%","479","75.7%","1,686","71.6%","1,259","71.5%","703","77.6%","3,262","69.8%","1,946","71.3%","3,959","74.9%","2,182","69.6%","70","71.4%","342","79.9%","211","66.6%","156","82.1%","2,959","79.2%","309","80.7%","221","89.5%","1,659","79.8%","1,520","74.6%","783","76.5%","2,181","72.7%","3,795","74.7%","2,288","71.0%","925","73.4%","3,310","67.7%","500","70.2%","21,110","72.2%","156","81.3%","1,285","88.3%","3,582","79.7%","25","92.6%","388","79.7%","326","81.7%","3,202","74.8%"
"21 years and over","136,647","71.7%","3,489","69.0%","17,557","71.3%","8,933","64.9%","10,131","80.8%","1,057","80.5%","780","80.9%","682","66.2%","1,335","70.5%","25,581","68.3%","1,953","69.5%","304","66.1%","1,233","67.9%","680","73.8%","640","68.2%","2,646","75.6%","294","74.4%","1,000","66.4%","191","67.5%","870","63.2%","4,960","65.5%","1,153","67.2%","977","67.3%","3,411","63.1%","2,882","62.0%","351","63.7%","5,466","72.1%","3,346","83.7%","948","82.2%","785","79.6%","1,475","80.5%","6,726","78.4%","1,067","81.8%","2,333","78.9%","8,135","75.1%","36,610","64.7%","664","70.0%","587","77.4%","2,183","64.0%","2,626","72.2%","1,006","73.5%","830","74.5%","819","71.0%","104","73.2%","155","83.8%","259","73.6%","13,269","67.7%","1,499","69.9%","905","65.7%","6,533","65.5%","49,056","66.2%","1,262","63.0%","1,804","69.6%","1,941","69.3%","277","68.4%","0","-","684","67.0%","1,375","67.6%","94","72.9%","962","64.1%","5,183","64.2%","1,135","64.0%","763","61.9%","35","83.3%","246","67.8%","175","83.3%","2,656","82.5%","628","82.0%","443","77.0%","973","78.7%","508","77.6%","291","88.2%","160","91.4%","872","71.8%","9,364","69.5%","827","58.9%","333","62.5%","3,311","63.2%","778","67.0%","651","83.7%","2,914","67.1%","430","66.4%","0","-","1,253","74.5%","5,039","70.7%","579","74.5%","341","66.1%","2,239","67.3%","841","79.0%","1,989","64.7%","1,008","77.4%","949","83.1%","2,444","74.2%","1,693","76.8%","611","83.7%","1,396","66.4%","738","61.8%","6,213","59.7%","645","63.4%","562","64.9%","949","68.3%","220","64.3%","6,977","65.3%","31,312","73.5%","1,221","80.9%","20,975","70.3%","7,022","75.2%","1,090","76.6%","671","73.5%","546","69.5%","10,067","70.2%","1,505","74.4%","1,357","75.2%","49","83.1%","270","76.9%","227","86.6%","2,604","77.8%","256","73.1%","576","75.5%","240","70.8%","14","63.6%","289","84.3%","364","68.0%","1,480","68.9%","68","59.1%","15,789","71.7%","2,519","62.0%","2,076","67.1%","456","65.2%","1,168","67.6%","3,553","66.9%","147","77.4%","13,314","73.9%","1,779","72.6%","124","67.4%","1,437","68.1%","218","74.4%","89","60.1%","454","71.7%","1,594","67.7%","1,189","67.5%","677","74.7%","3,070","65.7%","1,845","67.6%","3,780","71.5%","2,033","64.9%","69","70.4%","324","75.7%","201","63.4%","152","80.0%","2,831","75.8%","300","78.3%","219","88.7%","1,602","77.1%","1,443","70.8%","743","72.6%","2,107","70.3%","3,620","71.3%","2,175","67.5%","877","69.6%","3,134","64.1%","465","65.3%","19,752","67.6%","149","77.6%","1,259","86.5%","3,445","76.7%","25","92.6%","383","78.6%","313","78.4%","3,055","71.4%"
"62 years and over","33,208","17.4%","1,070","21.2%","5,922","24.0%","1,550","11.3%","1,298","10.4%","530","40.4%","356","36.9%","222","21.6%","504","26.6%","6,154","16.4%","753","26.8%","111","24.1%","427","23.5%","303","32.9%","241","25.7%","1,090","31.1%","123","31.1%","258","17.1%","72","25.4%","258","18.7%","1,333","17.6%","368","21.4%","233","16.0%","993","18.4%","736","15.8%","97","17.6%","1,637","21.6%","1,503","37.6%","517","44.8%","321","32.6%","556","30.3%","2,863","33.4%","558","42.8%","1,026","34.7%","3,048","28.1%","8,576","15.2%","205","21.6%","261","34.4%","593","17.4%","1,076","29.6%","446","32.6%","352","31.6%","313","27.1%","34","23.9%","63","34.1%","104","29.5%","3,512","17.9%","505","23.5%","252","18.3%","1,905","19.1%","11,501","15.5%","350","17.5%","557","21.5%","620","22.1%","87","21.5%","0","-","232","22.7%","396","19.5%","36","27.9%","270","18.0%","1,366","16.9%","337","19.0%","205","16.6%","10","23.8%","82","22.6%","95","45.2%","929","28.9%","337","44.0%","201","35.0%","458","37.1%","231","35.3%","119","36.1%","85","48.6%","328","27.0%","1,983","14.7%","218","15.5%","145","27.2%","911","17.4%","279","24.0%","360","46.3%","727","16.7%","116","17.9%","0","-","564","33.6%","1,742","24.4%","292","37.6%","102","19.8%","680","20.4%","371","34.9%","515","16.8%","225","17.3%","523","45.8%","1,097","33.3%","821","37.2%","346","47.4%","401","19.1%","189","15.8%","1,415","13.6%","163","16.0%","144","16.6%","279","20.1%","53","15.5%","1,661","15.5%","10,153","23.8%","603","39.9%","5,925","19.9%","2,651","28.4%","510","35.8%","280","30.7%","169","21.5%","1,932","13.5%","519","25.7%","515","28.5%","25","42.4%","112","31.9%","133","50.8%","1,208","36.1%","106","30.3%","255","33.4%","85","25.1%","7","31.8%","116","33.8%","125","23.4%","405","18.8%","17","14.8%","1,238","5.6%","583","14.4%","578","18.7%","100","14.3%","324","18.8%","1,013","19.1%","70","36.8%","4,181","23.2%","692","28.2%","44","23.9%","531","25.2%","90","30.7%","17","11.5%","149","23.5%","458","19.4%","342","19.4%","260","28.7%","964","20.6%","593","21.7%","1,289","24.4%","569","18.2%","28","28.6%","128","29.9%","74","23.3%","88","46.3%","1,009","27.0%","129","33.7%","137","55.5%","623","30.0%","365","17.9%","222","21.7%","403","13.4%","1,242","24.5%","638","19.8%","269","21.3%","842","17.2%","73","10.3%","5,176","17.7%","49","25.5%","624","42.9%","1,355","30.2%","15","55.6%","198","40.7%","148","37.1%","1,231","28.8%"
"65 years and over","27,086","14.2%","899","17.8%","4,858","19.7%","1,238","9.0%","982","7.8%","438","33.4%","290","30.1%","182","17.7%","397","21.0%","5,058","13.5%","626","22.3%","92","20.0%","344","18.9%","249","27.0%","197","21.0%","913","26.1%","107","27.1%","210","13.9%","63","22.3%","206","15.0%","1,086","14.3%","296","17.2%","182","12.5%","786","14.5%","597","12.8%","76","13.8%","1,302","17.2%","1,279","32.0%","424","36.8%","264","26.8%","431","23.5%","2,354","27.5%","460","35.3%","865","29.2%","2,526","23.3%","6,959","12.3%","165","17.4%","205","27.0%","505","14.8%","905","24.9%","381","27.8%","299","26.8%","262","22.7%","27","19.0%","52","28.1%","79","22.4%","2,892","14.8%","406","18.9%","206","14.9%","1,562","15.7%","9,476","12.8%","274","13.7%","447","17.2%","492","17.6%","82","20.2%","0","-","191","18.7%","305","15.0%","25","19.4%","219","14.6%","1,097","13.6%","266","15.0%","171","13.9%","9","21.4%","66","18.2%","87","41.4%","777","24.1%","277","36.2%","174","30.3%","388","31.4%","194","29.6%","98","29.7%","75","42.9%","276","22.7%","1,570","11.7%","182","13.0%","112","21.0%","754","14.4%","230","19.8%","292","37.5%","591","13.6%","97","15.0%","0","-","461","27.4%","1,427","20.0%","235","30.2%","85","16.5%","560","16.8%","315","29.6%","430","14.0%","181","13.9%","452","39.6%","925","28.1%","690","31.3%","307","42.1%","307","14.6%","143","12.0%","1,110","10.7%","136","13.4%","114","13.2%","224","16.1%","42","12.3%","1,343","12.6%","8,583","20.2%","495","32.8%","4,798","16.1%","2,167","23.2%","422","29.7%","229","25.1%","141","17.9%","1,586","11.1%","428","21.2%","423","23.4%","18","30.5%","91","25.9%","120","45.8%","1,014","30.3%","86","24.6%","217","28.4%","70","20.6%","5","22.7%","89","25.9%","93","17.4%","332","15.4%","14","12.2%","984","4.5%","465","11.4%","460","14.9%","77","11.0%","259","15.0%","806","15.2%","57","30.0%","3,469","19.2%","562","22.9%","38","20.7%","423","20.0%","79","27.0%","14","9.5%","130","20.5%","363","15.4%","275","15.6%","212","23.4%","813","17.4%","486","17.8%","1,077","20.4%","456","14.6%","24","24.5%","105","24.5%","63","19.9%","74","38.9%","842","22.5%","105","27.4%","117","47.4%","498","24.0%","290","14.2%","177","17.3%","317","10.6%","1,007","19.8%","516","16.0%","218","17.3%","686","14.0%","54","7.6%","4,274","14.6%","38","19.8%","510","35.0%","1,108","24.7%","12","44.4%","180","37.0%","117","29.3%","1,037","24.2%"
"Female population","195,886","100.0%","5,125","100.0%","25,847","100.0%","13,931","100.0%","7,527","100.0%","1,230","100.0%","872","100.0%","1,111","100.0%","1,820","100.0%","38,170","100.0%","2,706","100.0%","442","100.0%","1,828","100.0%","904","100.0%","954","100.0%","3,334","100.0%","407","100.0%","1,471","100.0%","263","100.0%","1,219","100.0%","7,665","100.0%","1,742","100.0%","1,557","100.0%","5,330","100.0%","4,775","100.0%","493","100.0%","7,657","100.0%","3,990","100.0%","1,055","100.0%","946","100.0%","1,637","100.0%","8,246","100.0%","1,251","100.0%","2,765","100.0%","11,183","100.0%","57,270","100.0%","951","100.0%","726","100.0%","3,290","100.0%","3,679","100.0%","1,310","100.0%","945","100.0%","1,140","100.0%","139","100.0%","179","100.0%","361","100.0%","20,014","100.0%","2,109","100.0%","1,207","100.0%","10,010","100.0%","76,203","100.0%","1,791","100.0%","2,499","100.0%","2,688","100.0%","356","100.0%","0","-","927","100.0%","2,038","100.0%","118","100.0%","1,316","100.0%","7,892","100.0%","1,691","100.0%","1,179","100.0%","51","100.0%","334","100.0%","175","100.0%","2,558","100.0%","695","100.0%","535","100.0%","1,162","100.0%","653","100.0%","239","100.0%","171","100.0%","1,213","100.0%","12,416","100.0%","1,391","100.0%","460","100.0%","5,172","100.0%","1,121","100.0%","739","100.0%","3,972","100.0%","625","100.0%","0","-","1,609","100.0%","7,212","100.0%","713","100.0%","505","100.0%","3,244","100.0%","1,044","100.0%","2,824","100.0%","887","100.0%","984","100.0%","3,226","100.0%","2,096","100.0%","676","100.0%","2,101","100.0%","1,115","100.0%","10,310","100.0%","975","100.0%","810","100.0%","1,310","100.0%","231","100.0%","10,281","100.0%","44,161","100.0%","1,388","100.0%","30,842","100.0%","9,002","100.0%","1,286","100.0%","870","100.0%","798","100.0%","14,251","100.0%","2,015","100.0%","1,712","100.0%","45","100.0%","310","100.0%","223","100.0%","3,378","100.0%","333","100.0%","776","100.0%","312","100.0%","20","100.0%","275","100.0%","462","100.0%","1,981","100.0%","122","100.0%","22,961","100.0%","3,626","100.0%","3,120","100.0%","562","100.0%","1,630","100.0%","5,471","100.0%","181","100.0%","18,861","100.0%","2,382","100.0%","136","100.0%","2,134","100.0%","236","100.0%","163","100.0%","617","100.0%","2,363","100.0%","1,642","100.0%","796","100.0%","4,739","100.0%","2,681","100.0%","5,276","100.0%","3,120","100.0%","91","100.0%","398","100.0%","293","100.0%","146","100.0%","3,770","100.0%","325","100.0%","239","100.0%","2,057","100.0%","1,907","100.0%","926","100.0%","2,738","100.0%","5,120","100.0%","3,366","100.0%","1,231","100.0%","4,784","100.0%","593","100.0%","30,192","100.0%","168","100.0%","1,356","100.0%","4,383","100.0%","31","100.0%","482","100.0%","342","100.0%","4,511","100.0%"
"Female population Under 5 years","10,489","5.4%","246","4.8%","1,175","4.5%","1,055","7.6%","395","5.2%","56","4.6%","43","4.9%","61","5.5%","100","5.5%","2,531","6.6%","158","5.8%","27","6.1%","121","6.6%","56","6.2%","58","6.1%","170","5.1%","15","3.7%","98","6.7%","10","3.8%","96","7.9%","506","6.6%","118","6.8%","120","7.7%","373","7.0%","357","7.5%","25","5.1%","401","5.2%","123","3.1%","40","3.8%","48","5.1%","67","4.1%","332","4.0%","43","3.4%","109","3.9%","546","4.9%","4,408","7.7%","65","6.8%","33","4.5%","229","7.0%","223","6.1%","64","4.9%","44","4.7%","66","5.8%","0","0.0%","7","3.9%","20","5.5%","1,297","6.5%","91","4.3%","63","5.2%","594","5.9%","5,229","6.9%","123","6.9%","165","6.6%","163","6.1%","26","7.3%","0","-","64","6.9%","153","7.5%","13","11.0%","112","8.5%","624","7.9%","121","7.2%","88","7.5%","1","2.0%","29","8.7%","1","0.6%","107","4.2%","23","3.3%","28","5.2%","37","3.2%","39","6.0%","12","5.0%","5","2.9%","61","5.0%","973","7.8%","128","9.2%","23","5.0%","361","7.0%","52","4.6%","16","2.2%","287","7.2%","56","9.0%","0","-","83","5.2%","417","5.8%","23","3.2%","33","6.5%","209","6.4%","49","4.7%","215","7.6%","55","6.2%","32","3.3%","193","6.0%","86","4.1%","19","2.8%","150","7.1%","115","10.3%","792","7.7%","88","9.0%","61","7.5%","84","6.4%","31","13.4%","762","7.4%","2,255","5.1%","39","2.8%","1,989","6.4%","413","4.6%","74","5.8%","42","4.8%","43","5.4%","765","5.4%","132","6.6%","91","5.3%","2","4.4%","18","5.8%","10","4.5%","160","4.7%","17","5.1%","32","4.1%","20","6.4%","3","15.0%","9","3.3%","23","5.0%","140","7.1%","13","10.7%","1,505","6.6%","282","7.8%","206","6.6%","59","10.5%","124","7.6%","397","7.3%","12","6.6%","1,042","5.5%","129","5.4%","11","8.1%","154","7.2%","14","5.9%","11","6.7%","32","5.2%","161","6.8%","100","6.1%","52","6.5%","305","6.4%","185","6.9%","326","6.2%","269","8.6%","7","7.7%","28","7.0%","30","10.2%","4","2.7%","229","6.1%","17","5.2%","2","0.8%","107","5.2%","131","6.9%","59","6.4%","201","7.3%","306","6.0%","237","7.0%","74","6.0%","370","7.7%","34","5.7%","1,921","6.4%","11","6.5%","60","4.4%","211","4.8%","0","0.0%","18","3.7%","12","3.5%","217","4.8%"
"Female population 5 to 9 years","12,191","6.2%","359","7.0%","1,586","6.1%","1,147","8.2%","480","6.4%","50","4.1%","30","3.4%","83","7.5%","123","6.8%","2,749","7.2%","187","6.9%","39","8.8%","136","7.4%","83","9.2%","69","7.2%","177","5.3%","27","6.6%","149","10.1%","17","6.5%","89","7.3%","616","8.0%","174","10.0%","132","8.5%","430","8.1%","472","9.9%","45","9.1%","494","6.5%","129","3.2%","33","3.1%","48","5.1%","73","4.5%","438","5.3%","47","3.8%","128","4.6%","678","6.1%","4,876","8.5%","90","9.5%","47","6.5%","295","9.0%","222","6.0%","74","5.6%","60","6.3%","92","8.1%","8","5.8%","13","7.3%","19","5.3%","1,457","7.3%","159","7.5%","97","8.0%","820","8.2%","6,019","7.9%","132","7.4%","203","8.1%","193","7.2%","23","6.5%","0","-","74","8.0%","174","8.5%","14","11.9%","80","6.1%","662","8.4%","156","9.2%","90","7.6%","2","3.9%","20","6.0%","8","4.6%","103","4.0%","25","3.6%","22","4.1%","41","3.5%","44","6.7%","4","1.7%","2","1.2%","52","4.3%","961","7.7%","128","9.2%","25","5.4%","424","8.2%","80","7.1%","33","4.5%","298","7.5%","52","8.3%","0","-","109","6.8%","487","6.8%","32","4.5%","37","7.3%","256","7.9%","66","6.3%","238","8.4%","65","7.3%","38","3.9%","179","5.5%","110","5.2%","34","5.0%","164","7.8%","97","8.7%","1,068","10.4%","92","9.4%","54","6.7%","108","8.2%","18","7.8%","860","8.4%","2,560","5.8%","50","3.6%","2,137","6.9%","521","5.8%","69","5.4%","73","8.4%","68","8.5%","734","5.2%","137","6.8%","92","5.4%","2","4.4%","26","8.4%","5","2.2%","179","5.3%","26","7.8%","39","5.0%","21","6.7%","0","0.0%","11","4.0%","37","8.0%","153","7.7%","6","4.9%","970","4.2%","342","9.4%","262","8.4%","46","8.2%","139","8.5%","453","8.3%","15","8.3%","1,136","6.0%","166","7.0%","9","6.6%","164","7.7%","17","7.2%","9","5.5%","55","8.9%","158","6.7%","127","7.7%","44","5.5%","333","7.0%","192","7.2%","373","7.1%","283","9.1%","5","5.5%","20","5.0%","20","6.8%","5","3.4%","192","5.1%","17","5.2%","14","5.9%","112","5.4%","134","7.0%","67","7.2%","221","8.1%","353","6.9%","289","8.6%","95","7.7%","416","8.7%","65","11.0%","2,217","7.3%","11","6.5%","46","3.4%","243","5.5%","0","0.0%","20","4.1%","17","5.0%","268","5.9%"
"Female population 10 to 14 years","13,256","6.8%","428","8.4%","1,950","7.5%","1,263","9.1%","555","7.4%","69","5.6%","52","6.0%","86","7.7%","141","7.7%","2,784","7.3%","210","7.8%","38","8.6%","168","9.2%","64","7.1%","82","8.6%","198","5.9%","27","6.6%","139","9.4%","23","8.7%","113","9.3%","611","8.0%","163","9.4%","137","8.8%","549","10.3%","437","9.2%","41","8.3%","614","8.0%","155","3.9%","45","4.3%","50","5.3%","81","4.9%","444","5.4%","60","4.8%","133","4.8%","679","6.1%","4,897","8.6%","94","9.9%","56","7.7%","323","9.8%","246","6.7%","108","8.2%","42","4.4%","90","7.9%","14","10.1%","10","5.6%","39","10.8%","1,465","7.3%","202","9.6%","102","8.5%","876","8.8%","6,115","8.0%","184","10.3%","178","7.1%","219","8.1%","34","9.6%","0","-","88","9.5%","171","8.4%","12","10.2%","127","9.7%","703","8.9%","179","10.6%","129","10.9%","7","13.7%","26","7.8%","6","3.4%","148","5.8%","44","6.3%","22","4.1%","55","4.7%","47","7.2%","11","4.6%","5","2.9%","88","7.3%","829","6.7%","159","11.4%","39","8.5%","464","9.0%","92","8.2%","47","6.4%","380","9.6%","57","9.1%","0","-","88","5.5%","476","6.6%","45","6.3%","38","7.5%","285","8.8%","53","5.1%","256","9.1%","57","6.4%","45","4.6%","223","6.9%","126","6.0%","23","3.4%","196","9.3%","122","10.9%","1,151","11.2%","63","6.5%","72","8.9%","126","9.6%","18","7.8%","971","9.4%","2,727","6.2%","54","3.9%","2,198","7.1%","562","6.2%","74","5.8%","49","5.6%","64","8.0%","713","5.0%","129","6.4%","120","7.0%","2","4.4%","15","4.8%","8","3.6%","183","5.4%","20","6.0%","43","5.5%","30","9.6%","3","15.0%","12","4.4%","44","9.5%","183","9.2%","11","9.0%","932","4.1%","357","9.8%","265","8.5%","46","8.2%","137","8.4%","438","8.0%","10","5.5%","1,077","5.7%","150","6.3%","14","10.3%","171","8.0%","25","10.6%","19","11.7%","44","7.1%","197","8.3%","125","7.6%","51","6.4%","383","8.1%","217","8.1%","312","5.9%","274","8.8%","10","11.0%","29","7.3%","26","8.9%","17","11.6%","196","5.2%","19","5.8%","6","2.5%","115","5.6%","161","8.4%","62","6.7%","216","7.9%","361","7.1%","284","8.4%","117","9.5%","461","9.6%","75","12.6%","2,372","7.9%","14","8.3%","73","5.4%","261","6.0%","2","6.5%","18","3.7%","19","5.6%","338","7.5%"
"Female population 15 to 19 years","13,483","6.9%","376","7.3%","1,787","6.9%","1,088","7.8%","519","6.9%","60","4.9%","33","3.8%","97","8.7%","150","8.2%","2,794","7.3%","171","6.3%","35","7.9%","122","6.7%","56","6.2%","77","8.1%","179","5.4%","21","5.2%","126","8.6%","23","8.7%","109","8.9%","516","6.7%","126","7.2%","131","8.4%","471","8.8%","411","8.6%","42","8.5%","492","6.4%","196","4.9%","35","3.3%","42","4.4%","88","5.4%","421","5.1%","72","5.8%","121","4.4%","619","5.5%","4,426","7.7%","70","7.4%","39","5.4%","271","8.2%","252","6.8%","83","6.3%","60","6.3%","72","6.3%","8","5.8%","9","5.0%","18","5.0%","1,559","7.8%","158","7.5%","97","8.0%","768","7.7%","5,716","7.5%","161","9.0%","171","6.8%","193","7.2%","23","6.5%","0","-","80","8.6%","136","6.7%","2","1.7%","101","7.7%","625","7.9%","152","9.0%","118","10.0%","1","2.0%","22","6.6%","2","1.1%","107","4.2%","34","4.9%","34","6.4%","70","6.0%","20","3.1%","4","1.7%","9","5.3%","90","7.4%","745","6.0%","136","9.8%","28","6.1%","452","8.7%","71","6.3%","49","6.6%","353","8.9%","51","8.2%","0","-","92","5.7%","427","5.9%","40","5.6%","39","7.7%","232","7.2%","50","4.8%","232","8.2%","45","5.1%","61","6.2%","167","5.2%","109","5.2%","26","3.8%","164","7.8%","115","10.3%","912","8.8%","73","7.5%","75","9.3%","97","7.4%","12","5.2%","820","8.0%","2,491","5.6%","75","5.4%","2,009","6.5%","540","6.0%","56","4.4%","54","6.2%","54","6.8%","1,497","10.5%","139","6.9%","87","5.1%","4","8.9%","17","5.5%","7","3.1%","154","4.6%","8","2.4%","42","5.4%","20","6.4%","2","10.0%","19","6.9%","39","8.4%","147","7.4%","15","12.3%","3,483","15.2%","367","10.1%","221","7.1%","45","8.0%","112","6.9%","360","6.6%","2","1.1%","1,268","6.7%","129","5.4%","10","7.4%","158","7.4%","11","4.7%","12","7.4%","48","7.8%","180","7.6%","152","9.3%","56","7.0%","356","7.5%","182","6.8%","328","6.2%","217","7.0%","3","3.3%","28","7.0%","37","12.6%","5","3.4%","192","5.1%","8","2.5%","9","3.8%","105","5.1%","117","6.1%","58","6.3%","142","5.2%","339","6.6%","251","7.5%","93","7.6%","383","8.0%","61","10.3%","2,110","7.0%","11","6.5%","43","3.2%","238","5.4%","1","3.2%","21","4.4%","18","5.3%","356","7.9%"
"Female population 20 to 24 years","13,650","7.0%","157","3.1%","1,063","4.1%","828","5.9%","411","5.5%","40","3.3%","28","3.2%","70","6.3%","61","3.4%","3,132","8.2%","113","4.2%","13","2.9%","81","4.4%","16","1.8%","54","5.7%","121","3.6%","13","3.2%","69","4.7%","4","1.5%","53","4.3%","453","5.9%","83","4.8%","61","3.9%","262","4.9%","254","5.3%","21","4.3%","335","4.4%","112","2.8%","14","1.3%","44","4.7%","56","3.4%","275","3.3%","46","3.7%","132","4.8%","424","3.8%","3,314","5.8%","39","4.1%","35","4.8%","144","4.4%","157","4.3%","53","4.0%","31","3.3%","34","3.0%","7","5.0%","6","3.4%","10","2.8%","1,429","7.1%","110","5.2%","56","4.6%","453","4.5%","5,046","6.6%","82","4.6%","122","4.9%","117","4.4%","19","5.3%","0","-","38","4.1%","85","4.2%","2","1.7%","64","4.9%","494","6.3%","80","4.7%","54","4.6%","2","3.9%","18","5.4%","3","1.7%","95","3.7%","27","3.9%","14","2.6%","34","2.9%","16","2.5%","6","2.5%","2","1.2%","47","3.9%","1,058","8.5%","45","3.2%","29","6.3%","289","5.6%","36","3.2%","30","4.1%","263","6.6%","39","6.2%","0","-","46","2.9%","340","4.7%","14","2.0%","27","5.3%","173","5.3%","38","3.6%","157","5.6%","46","5.2%","19","1.9%","114","3.5%","57","2.7%","23","3.4%","101","4.8%","78","7.0%","516","5.0%","78","8.0%","37","4.6%","64","4.9%","8","3.5%","564","5.5%","2,261","5.1%","37","2.7%","1,613","5.2%","364","4.0%","43","3.3%","20","2.3%","36","4.5%","2,622","18.4%","62","3.1%","41","2.4%","1","2.2%","3","1.0%","6","2.7%","97","2.9%","9","2.7%","28","3.6%","5","1.6%","0","0.0%","2","0.7%","16","3.5%","117","5.9%","7","5.7%","8,448","36.8%","246","6.8%","186","6.0%","24","4.3%","77","4.7%","315","5.8%","4","2.2%","1,259","6.7%","129","5.4%","10","7.4%","89","4.2%","14","5.9%","5","3.1%","20","3.2%","148","6.3%","90","5.5%","34","4.3%","198","4.2%","98","3.7%","271","5.1%","152","4.9%","0","0.0%","18","4.5%","11","3.8%","2","1.4%","173","4.6%","6","1.8%","7","2.9%","87","4.2%","59","3.1%","36","3.9%","110","4.0%","287","5.6%","165","4.9%","54","4.4%","197","4.1%","25","4.2%","1,957","6.5%","4","2.4%","45","3.3%","142","3.2%","2","6.5%","18","3.7%","7","2.0%","179","4.0%"
"Female population 25 to 29 years","13,411","6.8%","107","2.1%","895","3.5%","1,020","7.3%","466","6.2%","40","3.3%","42","4.8%","46","4.1%","37","2.0%","2,740","7.2%","110","4.1%","20","4.5%","88","4.8%","26","2.9%","35","3.7%","160","4.8%","27","6.6%","78","5.3%","19","7.2%","55","4.5%","504","6.6%","66","3.8%","109","7.0%","243","4.6%","255","5.3%","28","5.7%","286","3.7%","224","5.6%","24","2.3%","35","3.7%","64","3.9%","313","3.8%","38","3.0%","126","4.6%","503","4.5%","3,909","6.8%","32","3.4%","18","2.5%","180","5.5%","175","4.8%","42","3.2%","33","3.5%","40","3.5%","1","0.7%","4","2.2%","15","4.2%","1,299","6.5%","83","3.9%","61","5.1%","404","4.0%","5,358","7.0%","101","5.6%","124","5.0%","151","5.6%","18","5.1%","0","-","39","4.2%","107","5.3%","4","3.4%","71","5.4%","474","6.0%","88","5.2%","65","5.5%","3","5.9%","22","6.6%","1","0.6%","123","4.8%","17","2.4%","9","1.7%","43","3.7%","11","1.7%","17","7.1%","9","5.3%","48","4.0%","1,067","8.6%","70","5.0%","21","4.6%","295","5.7%","57","5.1%","14","1.9%","236","5.9%","49","7.8%","0","-","56","3.5%","367","5.1%","19","2.7%","30","5.9%","176","5.4%","45","4.3%","193","6.8%","43","4.8%","17","1.7%","119","3.7%","80","3.8%","19","2.8%","104","5.0%","57","5.1%","572","5.5%","45","4.6%","35","4.3%","84","6.4%","6","2.6%","655","6.4%","2,550","5.8%","46","3.3%","1,979","6.4%","372","4.1%","39","3.0%","29","3.3%","43","5.4%","1,261","8.8%","95","4.7%","81","4.7%","0","0.0%","19","6.1%","12","5.4%","137","4.1%","10","3.0%","28","3.6%","14","4.5%","1","5.0%","13","4.7%","22","4.8%","128","6.5%","9","7.4%","2,275","9.9%","158","4.4%","209","6.7%","30","5.3%","83","5.1%","348","6.4%","9","5.0%","1,127","6.0%","113","4.7%","10","7.4%","89","4.2%","8","3.4%","18","11.0%","33","5.3%","128","5.4%","87","5.3%","38","4.8%","243","5.1%","141","5.3%","317","6.0%","180","5.8%","5","5.5%","17","4.3%","7","2.4%","9","6.2%","217","5.8%","18","5.5%","5","2.1%","87","4.2%","139","7.3%","45","4.9%","168","6.1%","297","5.8%","173","5.1%","50","4.1%","218","4.6%","26","4.4%","2,111","7.0%","5","3.0%","43","3.2%","202","4.6%","0","0.0%","15","3.1%","13","3.8%","190","4.2%"
"Female population 30 to 34 years","13,446","6.9%","208","4.1%","1,226","4.7%","1,086","7.8%","537","7.1%","60","4.9%","39","4.5%","54","4.9%","82","4.5%","2,597","6.8%","144","5.3%","25","5.7%","117","6.4%","64","7.1%","40","4.2%","157","4.7%","18","4.4%","68","4.6%","18","6.8%","79","6.5%","454","5.9%","103","5.9%","105","6.7%","318","6.0%","316","6.6%","21","4.3%","428","5.6%","190","4.8%","39","3.7%","50","5.3%","74","4.5%","377","4.6%","39","3.1%","128","4.6%","592","5.3%","3,944","6.9%","45","4.7%","42","5.8%","162","4.9%","154","4.2%","52","4.0%","33","3.5%","60","5.3%","7","5.0%","9","5.0%","22","6.1%","1,183","5.9%","82","3.9%","61","5.1%","592","5.9%","5,260","6.9%","97","5.4%","148","5.9%","135","5.0%","27","7.6%","0","-","49","5.3%","127","6.2%","4","3.4%","85","6.5%","488","6.2%","77","4.6%","60","5.1%","2","3.9%","16","4.8%","1","0.6%","119","4.7%","16","2.3%","22","4.1%","48","4.1%","24","3.7%","16","6.7%","4","2.3%","57","4.7%","915","7.4%","75","5.4%","18","3.9%","290","5.6%","48","4.3%","19","2.6%","216","5.4%","37","5.9%","0","-","83","5.2%","397","5.5%","23","3.2%","27","5.3%","173","5.3%","41","3.9%","175","6.2%","39","4.4%","31","3.2%","140","4.3%","81","3.9%","28","4.1%","111","5.3%","63","5.7%","627","6.1%","65","6.7%","41","5.1%","85","6.5%","10","4.3%","694","6.8%","2,692","6.1%","39","2.8%","2,087","6.8%","417","4.6%","66","5.1%","34","3.9%","59","7.4%","868","6.1%","97","4.8%","110","6.4%","2","4.4%","16","5.2%","8","3.6%","152","4.5%","20","6.0%","41","5.3%","7","2.2%","0","0.0%","15","5.5%","40","8.7%","115","5.8%","2","1.6%","874","3.8%","174","4.8%","189","6.1%","42","7.5%","80","4.9%","335","6.1%","9","5.0%","1,135","6.0%","127","5.3%","3","2.2%","105","4.9%","10","4.2%","7","4.3%","25","4.1%","139","5.9%","88","5.4%","41","5.2%","256","5.4%","162","6.0%","310","5.9%","194","6.2%","10","11.0%","19","4.8%","14","4.8%","10","6.8%","207","5.5%","17","5.2%","7","2.9%","103","5.0%","144","7.6%","50","5.4%","219","8.0%","251","4.9%","212","6.3%","60","4.9%","314","6.6%","38","6.4%","1,996","6.6%","9","5.4%","47","3.5%","247","5.6%","0","0.0%","16","3.3%","17","5.0%","207","4.6%"
"Female population 35 to 39 years","14,090","7.2%","342","6.7%","1,511","5.8%","1,113","8.0%","656","8.7%","57","4.6%","50","5.7%","72","6.5%","119","6.5%","2,630","6.9%","149","5.5%","27","6.1%","108","5.9%","38","4.2%","53","5.6%","148","4.4%","27","6.6%","75","5.1%","10","3.8%","97","8.0%","518","6.8%","125","7.2%","86","5.5%","346","6.5%","335","7.0%","44","8.9%","515","6.7%","194","4.9%","57","5.4%","52","5.5%","81","4.9%","422","5.1%","52","4.2%","124","4.5%","621","5.6%","4,000","7.0%","58","6.1%","42","5.8%","218","6.6%","184","5.0%","75","5.7%","38","4.0%","64","5.6%","19","13.7%","9","5.0%","27","7.5%","1,240","6.2%","132","6.3%","82","6.8%","672","6.7%","4,944","6.5%","102","5.7%","131","5.2%","172","6.4%","19","5.3%","0","-","66","7.1%","111","5.4%","6","5.1%","84","6.4%","495","6.3%","110","6.5%","73","6.2%","5","9.8%","22","6.6%","8","4.6%","135","5.3%","35","5.0%","12","2.2%","58","5.0%","32","4.9%","20","8.4%","2","1.2%","75","6.2%","769","6.2%","113","8.1%","20","4.3%","295","5.7%","62","5.5%","32","4.3%","265","6.7%","33","5.3%","0","-","92","5.7%","410","5.7%","26","3.6%","27","5.3%","193","5.9%","57","5.5%","195","6.9%","49","5.5%","35","3.6%","190","5.9%","112","5.3%","24","3.6%","128","6.1%","66","5.9%","764","7.4%","36","3.7%","62","7.7%","78","6.0%","15","6.5%","697","6.8%","2,627","5.9%","71","5.1%","2,098","6.8%","499","5.5%","57","4.4%","63","7.2%","47","5.9%","819","5.7%","124","6.2%","94","5.5%","1","2.2%","18","5.8%","3","1.3%","227","6.7%","19","5.7%","35","4.5%","20","6.4%","2","10.0%","16","5.8%","28","6.1%","141","7.1%","4","3.3%","666","2.9%","198","5.5%","188","6.0%","34","6.0%","117","7.2%","300","5.5%","10","5.5%","1,018","5.4%","143","6.0%","5","3.7%","120","5.6%","20","8.5%","13","8.0%","48","7.8%","130","5.5%","105","6.4%","38","4.8%","290","6.1%","167","6.2%","282","5.3%","211","6.8%","6","6.6%","29","7.3%","23","7.8%","1","0.7%","183","4.9%","21","6.5%","7","2.9%","116","5.6%","159","8.3%","60","6.5%","270","9.9%","312","6.1%","239","7.1%","68","5.5%","348","7.3%","61","10.3%","1,931","6.4%","10","6.0%","68","5.0%","269","6.1%","3","9.7%","19","3.9%","21","6.1%","227","5.0%"
"Female population 40 to 44 years","12,840","6.6%","389","7.6%","1,642","6.4%","976","7.0%","590","7.8%","65","5.3%","36","4.1%","65","5.9%","115","6.3%","2,353","6.2%","158","5.8%","26","5.9%","103","5.6%","41","4.5%","52","5.5%","160","4.8%","11","2.7%","93","6.3%","10","3.8%","82","6.7%","443","5.8%","87","5.0%","100","6.4%","346","6.5%","282","5.9%","32","6.5%","558","7.3%","199","5.0%","30","2.8%","58","6.1%","106","6.5%","481","5.8%","57","4.6%","140","5.1%","667","6.0%","3,485","6.1%","59","6.2%","39","5.4%","227","6.9%","153","4.2%","84","6.4%","44","4.7%","71","6.2%","7","5.0%","19","10.6%","17","4.7%","1,082","5.4%","134","6.4%","81","6.7%","697","7.0%","4,681","6.1%","116","6.5%","165","6.6%","170","6.3%","23","6.5%","0","-","58","6.3%","127","6.2%","6","5.1%","71","5.4%","446","5.7%","97","5.7%","77","6.5%","1","2.0%","19","5.7%","11","6.3%","137","5.4%","25","3.6%","20","3.7%","55","4.7%","24","3.7%","18","7.5%","8","4.7%","68","5.6%","660","5.3%","86","6.2%","20","4.3%","355","6.9%","80","7.1%","24","3.2%","220","5.5%","31","5.0%","0","-","88","5.5%","406","5.6%","34","4.8%","32","6.3%","194","6.0%","59","5.7%","169","6.0%","40","4.5%","33","3.4%","174","5.4%","91","4.3%","33","4.9%","137","6.5%","54","4.8%","692","6.7%","70","7.2%","63","7.8%","56","4.3%","16","6.9%","609","5.9%","2,560","5.8%","65","4.7%","1,802","5.8%","524","5.8%","52","4.0%","44","5.1%","60","7.5%","692","4.9%","119","5.9%","94","5.5%","0","0.0%","16","5.2%","11","4.9%","134","4.0%","21","6.3%","42","5.4%","21","6.7%","0","0.0%","15","5.5%","24","5.2%","113","5.7%","9","7.4%","634","2.8%","209","5.8%","156","5.0%","39","6.9%","99","6.1%","296","5.4%","11","6.1%","1,027","5.4%","112","4.7%","2","1.5%","145","6.8%","9","3.8%","7","4.3%","29","4.7%","140","5.9%","111","6.8%","45","5.7%","298","6.3%","156","5.8%","270","5.1%","170","5.4%","6","6.6%","26","6.5%","18","6.1%","7","4.8%","202","5.4%","20","6.2%","13","5.4%","109","5.3%","162","8.5%","68","7.3%","244","8.9%","290","5.7%","207","6.1%","95","7.7%","327","6.8%","52","8.8%","1,756","5.8%","5","3.0%","57","4.2%","284","6.5%","1","3.2%","20","4.1%","26","7.6%","257","5.7%"
"Female population 45 to 49 years","11,800","6.0%","412","8.0%","1,743","6.7%","845","6.1%","540","7.2%","54","4.4%","42","4.8%","64","5.8%","99","5.4%","2,001","5.2%","134","5.0%","23","5.2%","104","5.7%","41","4.5%","64","6.7%","173","5.2%","27","6.6%","91","6.2%","19","7.2%","66","5.4%","407","5.3%","72","4.1%","94","6.0%","274","5.1%","262","5.5%","31","6.3%","522","6.8%","239","6.0%","57","5.4%","62","6.6%","102","6.2%","445","5.4%","53","4.2%","157","5.7%","669","6.0%","2,997","5.2%","53","5.6%","42","5.8%","163","5.0%","219","6.0%","55","4.2%","60","6.3%","48","4.2%","3","2.2%","9","5.0%","21","5.8%","1,079","5.4%","120","5.7%","65","5.4%","577","5.8%","4,286","5.6%","104","5.8%","168","6.7%","169","6.3%","19","5.3%","0","-","46","5.0%","94","4.6%","3","2.5%","64","4.9%","407","5.2%","107","6.3%","69","5.9%","2","3.9%","16","4.8%","14","8.0%","117","4.6%","34","4.9%","40","7.5%","69","5.9%","31","4.7%","22","9.2%","4","2.3%","56","4.6%","566","4.6%","70","5.0%","35","7.6%","280","5.4%","51","4.5%","38","5.1%","200","5.0%","26","4.2%","0","-","76","4.7%","388","5.4%","49","6.9%","20","4.0%","177","5.5%","57","5.5%","133","4.7%","35","3.9%","43","4.4%","162","5.0%","91","4.3%","33","4.9%","107","5.1%","50","4.5%","553","5.4%","66","6.8%","46","5.7%","70","5.3%","16","6.9%","543","5.3%","2,452","5.6%","79","5.7%","1,680","5.4%","540","6.0%","72","5.6%","48","5.5%","46","5.8%","595","4.2%","110","5.5%","112","6.5%","1","2.2%","9","2.9%","8","3.6%","165","4.9%","20","6.0%","35","4.5%","16","5.1%","0","0.0%","17","6.2%","30","6.5%","98","4.9%","6","4.9%","546","2.4%","205","5.7%","143","4.6%","17","3.0%","97","6.0%","289","5.3%","8","4.4%","953","5.1%","100","4.2%","11","8.1%","100","4.7%","10","4.2%","3","1.8%","35","5.7%","151","6.4%","83","5.1%","35","4.4%","264","5.6%","166","6.2%","277","5.3%","164","5.3%","4","4.4%","21","5.3%","21","7.2%","5","3.4%","226","6.0%","13","4.0%","12","5.0%","86","4.2%","103","5.4%","58","6.3%","214","7.8%","259","5.1%","187","5.6%","66","5.4%","297","6.2%","16","2.7%","1,526","5.1%","13","7.7%","66","4.9%","258","5.9%","3","9.7%","28","5.8%","22","6.4%","244","5.4%"
"Female population 50 to 54 years","11,071","5.7%","427","8.3%","1,820","7.0%","779","5.6%","545","7.2%","66","5.4%","64","7.3%","62","5.6%","128","7.0%","1,858","4.9%","137","5.1%","22","5.0%","92","5.0%","46","5.1%","47","4.9%","204","6.1%","29","7.1%","89","6.1%","19","7.2%","54","4.4%","392","5.1%","93","5.3%","92","5.9%","279","5.2%","255","5.3%","20","4.1%","529","6.9%","269","6.7%","62","5.9%","64","6.8%","130","7.9%","540","6.5%","82","6.6%","183","6.6%","634","5.7%","2,713","4.7%","58","6.1%","42","5.8%","194","5.9%","223","6.1%","70","5.3%","65","6.9%","63","5.5%","4","2.9%","8","4.5%","27","7.5%","1,094","5.5%","145","6.9%","84","7.0%","598","6.0%","3,914","5.1%","137","7.6%","129","5.2%","145","5.4%","21","5.9%","0","-","45","4.9%","115","5.6%","6","5.1%","76","5.8%","369","4.7%","71","4.2%","57","4.8%","1","2.0%","30","9.0%","14","8.0%","153","6.0%","54","7.8%","39","7.3%","85","7.3%","28","4.3%","11","4.6%","7","4.1%","74","6.1%","699","5.6%","62","4.5%","29","6.3%","269","5.2%","63","5.6%","32","4.3%","206","5.2%","36","5.8%","0","-","89","5.5%","392","5.4%","55","7.7%","33","6.5%","184","5.7%","60","5.7%","142","5.0%","50","5.6%","60","6.1%","172","5.3%","147","7.0%","50","7.4%","107","5.1%","64","5.7%","456","4.4%","57","5.8%","33","4.1%","80","6.1%","13","5.6%","505","4.9%","2,635","6.0%","111","8.0%","1,749","5.7%","623","6.9%","105","8.2%","51","5.9%","49","6.1%","554","3.9%","127","6.3%","129","7.5%","0","0.0%","19","6.1%","11","4.9%","197","5.8%","8","2.4%","39","5.0%","11","3.5%","0","0.0%","15","5.5%","23","5.0%","87","4.4%","6","4.9%","446","1.9%","160","4.4%","180","5.8%","31","5.5%","81","5.0%","290","5.3%","14","7.7%","1,114","5.9%","163","6.8%","2","1.5%","110","5.2%","9","3.8%","12","7.4%","31","5.0%","129","5.5%","102","6.2%","41","5.2%","257","5.4%","185","6.9%","281","5.3%","161","5.2%","0","0.0%","24","6.0%","9","3.1%","11","7.5%","240","6.4%","17","5.2%","13","5.4%","140","6.8%","108","5.7%","54","5.8%","162","5.9%","273","5.3%","158","4.7%","88","7.1%","231","4.8%","23","3.9%","1,487","4.9%","3","1.8%","90","6.6%","302","6.9%","0","0.0%","38","7.9%","12","3.5%","251","5.6%"
"Female population 55 to 59 years","11,507","5.9%","393","7.7%","1,961","7.6%","697","5.0%","540","7.2%","104","8.5%","89","10.2%","75","6.8%","153","8.4%","1,968","5.2%","199","7.4%","31","7.0%","113","6.2%","62","6.9%","74","7.8%","262","7.9%","18","4.4%","117","8.0%","32","12.2%","70","5.7%","433","5.6%","104","6.0%","92","5.9%","296","5.6%","248","5.2%","30","6.1%","576","7.5%","348","8.7%","113","10.7%","88","9.3%","189","11.5%","715","8.7%","101","8.1%","227","8.2%","797","7.1%","2,963","5.2%","87","9.1%","60","8.3%","213","6.5%","234","6.4%","94","7.2%","80","8.5%","76","6.7%","11","7.9%","12","6.7%","28","7.8%","1,200","6.0%","135","6.4%","79","6.5%","680","6.8%","4,149","5.4%","92","5.1%","161","6.4%","185","6.9%","17","4.8%","0","-","51","5.5%","126","6.2%","6","5.1%","77","5.9%","376","4.8%","91","5.4%","50","4.2%","9","17.6%","22","6.6%","26","14.9%","212","8.3%","74","10.6%","54","10.1%","107","9.2%","59","9.0%","16","6.7%","9","5.3%","113","9.3%","752","6.1%","66","4.7%","20","4.3%","286","5.5%","87","7.8%","72","9.7%","205","5.2%","26","4.2%","0","-","131","8.1%","524","7.3%","59","8.3%","42","8.3%","192","5.9%","74","7.1%","135","4.8%","66","7.4%","90","9.1%","233","7.2%","161","7.7%","59","8.7%","127","6.0%","60","5.4%","501","4.9%","50","5.1%","48","5.9%","83","6.3%","19","8.2%","553","5.4%","2,938","6.7%","138","9.9%","1,951","6.3%","783","8.7%","127","9.9%","77","8.9%","49","6.1%","636","4.5%","156","7.7%","142","8.3%","4","8.9%","23","7.4%","20","9.0%","268","7.9%","24","7.2%","71","9.1%","22","7.1%","1","5.0%","28","10.2%","44","9.5%","104","5.2%","9","7.4%","465","2.0%","211","5.8%","204","6.5%","43","7.7%","91","5.6%","320","5.8%","15","8.3%","1,184","6.3%","198","8.3%","4","2.9%","129","6.0%","16","6.8%","13","8.0%","45","7.3%","155","6.6%","109","6.6%","71","8.9%","308","6.5%","169","6.3%","380","7.2%","185","5.9%","9","9.9%","25","6.3%","14","4.8%","14","9.6%","281","7.5%","22","6.8%","22","9.2%","170","8.3%","101","5.3%","70","7.6%","137","5.0%","340","6.6%","209","6.2%","97","7.9%","270","5.6%","30","5.1%","1,713","5.7%","14","8.3%","125","9.2%","318","7.3%","0","0.0%","39","8.1%","27","7.9%","287","6.4%"
"Female population 60 to 64 years","11,529","5.9%","325","6.3%","2,034","7.9%","613","4.4%","390","5.2%","119","9.7%","117","13.4%","87","7.8%","150","8.2%","2,110","5.5%","234","8.6%","33","7.5%","107","5.9%","75","8.3%","76","8.0%","322","9.7%","44","10.8%","81","5.5%","16","6.1%","67","5.5%","463","6.0%","122","7.0%","91","5.8%","326","6.1%","256","5.4%","23","4.7%","575","7.5%","377","9.4%","150","14.2%","92","9.7%","184","11.2%","859","10.4%","143","11.4%","295","10.7%","913","8.2%","2,909","5.1%","62","6.5%","53","7.3%","184","5.6%","282","7.7%","111","8.5%","112","11.9%","110","9.6%","11","7.9%","19","10.6%","26","7.2%","1,229","6.1%","154","7.3%","71","5.9%","645","6.4%","3,935","5.2%","117","6.5%","163","6.5%","176","6.5%","15","4.2%","0","-","51","5.5%","140","6.9%","14","11.9%","75","5.7%","416","5.3%","101","6.0%","67","5.7%","1","2.0%","9","2.7%","16","9.1%","214","8.4%","77","11.1%","63","11.8%","121","10.4%","82","12.6%","16","6.7%","37","21.6%","104","8.6%","700","5.6%","68","4.9%","40","8.7%","300","5.8%","76","6.8%","91","12.3%","232","5.8%","40","6.4%","0","-","157","9.8%","533","7.4%","86","12.1%","36","7.1%","202","6.2%","93","8.9%","157","5.6%","80","9.0%","120","12.2%","304","9.4%","206","9.8%","73","10.8%","163","7.8%","55","4.9%","509","4.9%","48","4.9%","64","7.9%","90","6.9%","11","4.8%","571","5.6%","2,986","6.8%","168","12.1%","1,998","6.5%","832","9.2%","120","9.3%","87","10.0%","55","6.9%","630","4.4%","169","8.4%","120","7.0%","5","11.1%","30","9.7%","27","12.1%","293","8.7%","41","12.3%","67","8.6%","39","12.5%","3","15.0%","46","16.7%","27","5.8%","107","5.4%","4","3.3%","463","2.0%","217","6.0%","202","6.5%","34","6.0%","98","6.0%","371","6.8%","15","8.3%","1,295","6.9%","207","8.7%","11","8.1%","174","8.2%","24","10.2%","7","4.3%","37","6.0%","131","5.5%","102","6.2%","77","9.7%","288","6.1%","187","7.0%","387","7.3%","158","5.1%","9","9.9%","37","9.3%","19","6.5%","15","10.3%","309","8.2%","31","9.5%","28","11.7%","198","9.6%","124","6.5%","81","8.7%","151","5.5%","358","7.0%","216","6.4%","93","7.6%","265","5.5%","26","4.4%","1,662","5.5%","11","6.5%","148","10.9%","395","9.0%","6","19.4%","56","11.6%","29","8.5%","357","7.9%"
"Female population 65 to 69 years","10,555","5.4%","296","5.8%","1,757","6.8%","569","4.1%","343","4.6%","160","13.0%","89","10.2%","62","5.6%","127","7.0%","1,978","5.2%","190","7.0%","27","6.1%","117","6.4%","75","8.3%","66","6.9%","288","8.6%","34","8.4%","72","4.9%","18","6.8%","79","6.5%","407","5.3%","117","6.7%","71","4.6%","299","5.6%","225","4.7%","44","8.9%","521","6.8%","385","9.6%","151","14.3%","88","9.3%","152","9.3%","864","10.5%","153","12.2%","271","9.8%","934","8.4%","2,665","4.7%","66","6.9%","53","7.3%","166","5.0%","317","8.6%","146","11.1%","100","10.6%","97","8.5%","13","9.4%","16","8.9%","18","5.0%","1,079","5.4%","158","7.5%","73","6.0%","591","5.9%","3,622","4.8%","75","4.2%","155","6.2%","183","6.8%","23","6.5%","0","-","57","6.1%","122","6.0%","6","5.1%","60","4.6%","371","4.7%","96","5.7%","49","4.2%","5","9.8%","21","6.3%","24","13.7%","235","9.2%","57","8.2%","51","9.5%","131","11.3%","64","9.8%","28","11.7%","10","5.8%","121","10.0%","577","4.6%","62","4.5%","36","7.8%","249","4.8%","75","6.7%","79","10.7%","213","5.4%","33","5.3%","0","-","130","8.1%","504","7.0%","83","11.6%","30","5.9%","173","5.3%","101","9.7%","137","4.9%","69","7.8%","135","13.7%","267","8.3%","224","10.7%","72","10.7%","102","4.9%","52","4.7%","447","4.3%","58","5.9%","45","5.6%","78","6.0%","14","6.1%","484","4.7%","3,163","7.2%","157","11.3%","1,895","6.1%","804","8.9%","133","10.3%","82","9.4%","56","7.0%","606","4.3%","141","7.0%","147","8.6%","12","26.7%","21","6.8%","23","10.3%","333","9.9%","37","11.1%","70","9.0%","23","7.4%","2","10.0%","18","6.5%","17","3.7%","134","6.8%","9","7.4%","345","1.5%","156","4.3%","156","5.0%","27","4.8%","91","5.6%","280","5.1%","14","7.7%","1,111","5.9%","187","7.9%","6","4.4%","130","6.1%","19","8.1%","12","7.4%","44","7.1%","132","5.6%","107","6.5%","66","8.3%","256","5.4%","152","5.7%","322","6.1%","176","5.6%","7","7.7%","33","8.3%","18","6.1%","12","8.2%","296","7.9%","26","8.0%","28","11.7%","170","8.3%","97","5.1%","61","6.6%","130","4.7%","317","6.2%","198","5.9%","74","6.0%","213","4.5%","23","3.9%","1,578","5.2%","11","6.5%","171","12.6%","432","9.9%","2","6.5%","50","10.4%","27","7.9%","347","7.7%"
"Female population 70 to 74 years","8,792","4.5%","255","5.0%","1,490","5.8%","395","2.8%","253","3.4%","104","8.5%","52","6.0%","43","3.9%","112","6.2%","1,564","4.1%","166","6.1%","27","6.1%","87","4.8%","74","8.2%","46","4.8%","257","7.7%","37","9.1%","43","2.9%","8","3.0%","51","4.2%","351","4.6%","77","4.4%","55","3.5%","192","3.6%","156","3.3%","16","3.2%","371","4.8%","368","9.2%","95","9.0%","67","7.1%","91","5.6%","598","7.3%","140","11.2%","184","6.7%","775","6.9%","2,139","3.7%","40","4.2%","44","6.1%","140","4.3%","268","7.3%","89","6.8%","77","8.1%","63","5.5%","8","5.8%","16","8.9%","21","5.8%","877","4.4%","111","5.3%","56","4.6%","458","4.6%","3,152","4.1%","70","3.9%","120","4.8%","101","3.8%","19","5.3%","0","-","40","4.3%","89","4.4%","14","11.9%","63","4.8%","305","3.9%","68","4.0%","43","3.6%","4","7.8%","19","5.7%","20","11.4%","205","8.0%","59","8.5%","56","10.5%","84","7.2%","57","8.7%","20","8.4%","25","14.6%","50","4.1%","416","3.4%","55","4.0%","36","7.8%","189","3.7%","63","5.6%","66","8.9%","152","3.8%","25","4.0%","0","-","131","8.1%","423","5.9%","54","7.6%","24","4.8%","137","4.2%","84","8.0%","97","3.4%","38","4.3%","101","10.3%","229","7.1%","183","8.7%","71","10.5%","99","4.7%","27","2.4%","320","3.1%","20","2.1%","29","3.6%","58","4.4%","5","2.2%","372","3.6%","2,746","6.2%","129","9.3%","1,549","5.0%","585","6.5%","80","6.2%","48","5.5%","30","3.8%","484","3.4%","119","5.9%","107","6.3%","7","15.6%","20","6.5%","32","14.3%","272","8.1%","22","6.6%","46","5.9%","16","5.1%","0","0.0%","13","4.7%","24","5.2%","78","3.9%","8","6.6%","270","1.2%","139","3.8%","133","4.3%","18","3.2%","69","4.2%","244","4.5%","12","6.6%","1,012","5.4%","137","5.8%","12","8.8%","120","5.6%","9","3.8%","8","4.9%","31","5.0%","105","4.4%","62","3.8%","46","5.8%","255","5.4%","131","4.9%","339","6.4%","126","4.0%","4","4.4%","21","5.3%","9","3.1%","17","11.6%","240","6.4%","30","9.2%","24","10.0%","127","6.2%","94","4.9%","42","4.5%","90","3.3%","275","5.4%","167","5.0%","58","4.7%","197","4.1%","19","3.2%","1,292","4.3%","8","4.8%","135","10.0%","257","5.9%","4","12.9%","36","7.5%","33","9.6%","282","6.3%"
"Female population 75 to 79 years","5,876","3.0%","160","3.1%","991","3.8%","262","1.9%","144","1.9%","59","4.8%","41","4.7%","32","2.9%","55","3.0%","992","2.6%","103","3.8%","13","2.9%","66","3.6%","41","4.5%","37","3.9%","189","5.7%","14","3.4%","24","1.6%","4","1.5%","26","2.1%","237","3.1%","54","3.1%","36","2.3%","163","3.1%","114","2.4%","14","2.8%","247","3.2%","267","6.7%","65","6.2%","29","3.1%","50","3.1%","380","4.6%","63","5.0%","156","5.6%","477","4.3%","1,501","2.6%","13","1.4%","47","6.5%","91","2.8%","162","4.4%","52","4.0%","37","3.9%","31","2.7%","10","7.2%","5","2.8%","16","4.4%","677","3.4%","72","3.4%","44","3.6%","297","3.0%","2,173","2.9%","54","3.0%","74","3.0%","115","4.3%","16","4.5%","0","-","46","5.0%","60","2.9%","4","3.4%","46","3.5%","245","3.1%","46","2.7%","36","3.1%","0","0.0%","11","3.3%","11","6.3%","160","6.3%","47","6.8%","21","3.9%","70","6.0%","43","6.6%","6","2.5%","21","12.3%","57","4.7%","321","2.6%","23","1.7%","22","4.8%","175","3.4%","61","5.4%","58","7.8%","111","2.8%","20","3.2%","0","-","79","4.9%","307","4.3%","44","6.2%","12","2.4%","118","3.6%","54","5.2%","99","3.5%","49","5.5%","77","7.8%","156","4.8%","111","5.3%","36","5.3%","56","2.7%","10","0.9%","191","1.9%","38","3.9%","25","3.1%","31","2.4%","4","1.7%","264","2.6%","1,928","4.4%","64","4.6%","979","3.2%","360","4.0%","73","5.7%","31","3.6%","23","2.9%","328","2.3%","71","3.5%","75","4.4%","2","4.4%","23","7.4%","9","4.0%","204","6.0%","9","2.7%","47","6.1%","12","3.8%","3","15.0%","15","5.5%","13","2.8%","52","2.6%","2","1.6%","227","1.0%","95","2.6%","88","2.8%","7","1.2%","57","3.5%","180","3.3%","11","6.1%","809","4.3%","105","4.4%","9","6.6%","66","3.1%","12","5.1%","5","3.1%","18","2.9%","79","3.3%","55","3.3%","34","4.3%","192","4.1%","92","3.4%","240","4.5%","89","2.9%","1","1.1%","10","2.5%","6","2.0%","7","4.8%","158","4.2%","19","5.8%","23","9.6%","100","4.9%","37","1.9%","25","2.7%","33","1.2%","185","3.6%","78","2.3%","23","1.9%","110","2.3%","10","1.7%","1,016","3.4%","15","8.9%","73","5.4%","182","4.2%","6","19.4%","23","4.8%","13","3.8%","217","4.8%"
"Female population 80 to 84 years","3,766","1.9%","111","2.2%","573","2.2%","112","0.8%","78","1.0%","40","3.3%","16","1.8%","25","2.3%","41","2.3%","692","1.8%","70","2.6%","7","1.6%","51","2.8%","27","3.0%","15","1.6%","92","2.8%","7","1.7%","31","2.1%","5","1.9%","16","1.3%","152","2.0%","33","1.9%","16","1.0%","84","1.6%","75","1.6%","8","1.6%","95","1.2%","146","3.7%","28","2.7%","11","1.2%","27","1.6%","198","2.4%","31","2.5%","84","3.0%","302","2.7%","1,017","1.8%","13","1.4%","21","2.9%","54","1.6%","98","2.7%","35","2.7%","16","1.7%","27","2.4%","5","3.6%","6","3.4%","9","2.5%","401","2.0%","31","1.5%","16","1.3%","154","1.5%","1,289","1.7%","18","1.0%","62","2.5%","47","1.7%","7","2.0%","0","-","15","1.6%","52","2.6%","1","0.8%","32","2.4%","178","2.3%","27","1.6%","33","2.8%","4","7.8%","7","2.1%","5","2.9%","86","3.4%","32","4.6%","10","1.9%","31","2.7%","20","3.1%","5","2.1%","3","1.8%","25","2.1%","212","1.7%","25","1.8%","13","2.8%","95","1.8%","36","3.2%","28","3.8%","68","1.7%","8","1.3%","0","-","53","3.3%","175","2.4%","14","2.0%","8","1.6%","81","2.5%","23","2.2%","55","1.9%","26","2.9%","30","3.0%","89","2.8%","66","3.1%","31","4.6%","30","1.4%","20","1.8%","138","1.3%","15","1.5%","11","1.4%","22","1.7%","6","2.6%","175","1.7%","1,290","2.9%","45","3.2%","563","1.8%","152","1.7%","26","2.0%","17","2.0%","12","1.5%","202","1.4%","48","2.4%","41","2.4%","0","0.0%","8","2.6%","10","4.5%","118","3.5%","11","3.3%","47","6.1%","8","2.6%","0","0.0%","4","1.5%","4","0.9%","35","1.8%","2","1.6%","173","0.8%","63","1.7%","80","2.6%","5","0.9%","37","2.3%","125","2.3%","4","2.2%","582","3.1%","49","2.1%","5","3.7%","54","2.5%","5","2.1%","1","0.6%","18","2.9%","47","2.0%","25","1.5%","21","2.6%","126","2.7%","62","2.3%","150","2.8%","54","1.7%","4","4.4%","5","1.3%","6","2.0%","3","2.1%","103","2.7%","17","5.2%","16","6.7%","52","2.5%","17","0.9%","11","1.2%","18","0.7%","159","3.1%","51","1.5%","15","1.2%","94","2.0%","1","0.2%","744","2.5%","9","5.4%","42","3.1%","80","1.8%","0","0.0%","19","3.9%","15","4.4%","139","3.1%"
"Female population 85 years and over","4,134","2.1%","134","2.6%","643","2.5%","83","0.6%","85","1.1%","27","2.2%","9","1.0%","27","2.4%","27","1.5%","697","1.8%","73","2.7%","9","2.0%","47","2.6%","19","2.1%","9","0.9%","77","2.3%","11","2.7%","28","1.9%","8","3.0%","17","1.4%","202","2.6%","25","1.4%","29","1.9%","79","1.5%","65","1.4%","8","1.6%","98","1.3%","69","1.7%","17","1.6%","18","1.9%","22","1.3%","144","1.7%","31","2.5%","67","2.4%","353","3.2%","1,107","1.9%","7","0.7%","13","1.8%","36","1.1%","110","3.0%","23","1.8%","13","1.4%","36","3.2%","3","2.2%","2","1.1%","8","2.2%","367","1.8%","32","1.5%","19","1.6%","134","1.3%","1,315","1.7%","26","1.5%","60","2.4%","54","2.0%","7","2.0%","0","-","20","2.2%","49","2.4%","1","0.8%","28","2.1%","214","2.7%","24","1.4%","21","1.8%","1","2.0%","5","1.5%","4","2.3%","102","4.0%","15","2.2%","18","3.4%","23","2.0%","12","1.8%","7","2.9%","9","5.3%","27","2.2%","196","1.6%","20","1.4%","6","1.3%","104","2.0%","31","2.8%","11","1.5%","67","1.7%","6","1.0%","0","-","26","1.6%","239","3.3%","13","1.8%","10","2.0%","89","2.7%","40","3.8%","39","1.4%","35","3.9%","17","1.7%","115","3.6%","55","2.6%","22","3.3%","55","2.6%","10","0.9%","101","1.0%","13","1.3%","9","1.1%","16","1.2%","9","3.9%","182","1.8%","1,300","2.9%","21","1.5%","566","1.8%","111","1.2%","20","1.6%","21","2.4%","4","0.5%","245","1.7%","40","2.0%","29","1.7%","0","0.0%","9","2.9%","13","5.8%","105","3.1%","11","3.3%","24","3.1%","7","2.2%","0","0.0%","7","2.5%","7","1.5%","49","2.5%","0","0.0%","239","1.0%","47","1.3%","52","1.7%","15","2.7%","41","2.5%","130","2.4%","6","3.3%","712","3.8%","38","1.6%","2","1.5%","56","2.6%","4","1.7%","1","0.6%","24","3.9%","53","2.2%","12","0.7%","6","0.8%","131","2.8%","37","1.4%","111","2.1%","57","1.8%","1","1.1%","8","2.0%","5","1.7%","2","1.4%","126","3.3%","7","2.2%","3","1.3%","73","3.5%","20","1.0%","19","2.1%","12","0.4%","158","3.1%","45","1.3%","11","0.9%","73","1.5%","8","1.3%","803","2.7%","4","2.4%","24","1.8%","62","1.4%","1","3.2%","28","5.8%","14","4.1%","148","3.3%"
"Selected Age Categories","","","","","","","","","","","","","","","","","","","","","","","","","","","","","","","","","","","","","","","","","","","","","","","","","","","","","","","","","","","","","","","","","","","","","","","","","","","","","","","","","","","","","","","","","","","","","","","","","","","","","","","","","","","","","","","","","","","","","","","","","","","","","","","","","","","","","","","","","","","","","","","","","","","","","","","","","","","","","","","","","","","","","","","","","","","","","","","","","","","","","","","","","","","","","","","","","","","","","","","","","","","","","","","","","","","","","","","","","","","","","","","","","","","","","","","","","","","","","","","","","","","","","","","","","","","","","","","","","","","","","","","","","","","","","","","","","","","","","","","","","","","","","","","","","","","","","","","","","","","","","","","","","","","","","","","","","","","","","","","","","","","","","","","","","","","","","","","","","","","",""
"16 years and over","157,340","80.3%","3,993","77.9%","20,709","80.1%","10,223","73.4%","5,959","79.2%","1,040","84.6%","734","84.2%","856","77.0%","1,412","77.6%","29,566","77.5%","2,103","77.7%","333","75.3%","1,376","75.3%","692","76.5%","733","76.8%","2,750","82.5%","335","82.3%","1,050","71.4%","206","78.3%","893","73.3%","5,820","75.9%","1,255","72.0%","1,133","72.8%","3,872","72.6%","3,416","71.5%","370","75.1%","6,035","78.8%","3,540","88.7%","932","88.3%","787","83.2%","1,397","85.3%","6,949","84.3%","1,082","86.5%","2,372","85.8%","9,149","81.8%","42,122","73.5%","690","72.6%","580","79.9%","2,380","72.3%","2,943","80.0%","1,047","79.9%","790","83.6%","876","76.8%","116","83.5%","149","83.2%","283","78.4%","15,481","77.4%","1,628","77.2%","917","76.0%","7,547","75.4%","57,633","75.6%","1,306","72.9%","1,921","76.9%","2,064","76.8%","271","76.1%","0","-","683","73.7%","1,509","74.0%","79","66.9%","971","73.8%","5,774","73.2%","1,202","71.1%","844","71.6%","41","80.4%","255","76.3%","159","90.9%","2,182","85.3%","599","86.2%","456","85.2%","1,022","88.0%","516","79.0%","211","88.3%","157","91.8%","984","81.1%","9,478","76.3%","947","68.1%","364","79.1%","3,819","73.8%","881","78.6%","632","85.5%","2,930","73.8%","453","72.5%","0","-","1,306","81.2%","5,731","79.5%","606","85.0%","386","76.4%","2,435","75.1%","861","82.5%","2,072","73.4%","699","78.8%","854","86.8%","2,597","80.5%","1,743","83.2%","590","87.3%","1,552","73.9%","746","66.9%","7,048","68.4%","709","72.7%","604","74.6%","967","73.8%","162","70.1%","7,518","73.1%","36,090","81.7%","1,230","88.6%","24,080","78.1%","7,383","82.0%","1,063","82.7%","693","79.7%","608","76.2%","11,935","83.7%","1,589","78.9%","1,382","80.7%","39","86.7%","247","79.7%","200","89.7%","2,829","83.7%","270","81.1%","655","84.4%","238","76.3%","13","65.0%","235","85.5%","347","75.1%","1,467","74.1%","92","75.4%","19,363","84.3%","2,571","70.9%","2,332","74.7%","398","70.8%","1,205","73.9%","4,092","74.8%","144","79.6%","15,404","81.7%","1,904","79.9%","99","72.8%","1,610","75.4%","176","74.6%","123","75.5%","477","77.3%","1,813","76.7%","1,256","76.5%","636","79.9%","3,633","76.7%","2,035","75.9%","4,196","79.5%","2,245","72.0%","67","73.6%","311","78.1%","206","70.3%","117","80.1%","3,115","82.6%","271","83.4%","215","90.0%","1,693","82.3%","1,454","76.2%","730","78.8%","2,061","75.3%","4,022","78.6%","2,493","74.1%","918","74.6%","3,457","72.3%","400","67.5%","23,240","77.0%","131","78.0%","1,167","86.1%","3,618","82.5%","29","93.5%","419","86.9%","287","83.9%","3,592","79.6%"
"18 years and over","152,260","77.7%","3,820","74.5%","19,950","77.2%","9,747","70.0%","5,736","76.2%","1,009","82.0%","719","82.5%","815","73.4%","1,367","75.1%","28,521","74.7%","2,027","74.9%","313","70.8%","1,326","72.5%","671","74.2%","695","72.9%","2,668","80.0%","326","80.1%","1,002","68.1%","195","74.1%","852","69.9%","5,591","72.9%","1,201","68.9%","1,080","69.4%","3,678","69.0%","3,241","67.9%","357","72.4%","5,798","75.7%","3,445","86.3%","913","86.5%","771","81.5%","1,356","82.8%","6,759","82.0%","1,044","83.5%","2,316","83.8%","8,865","79.3%","40,231","70.2%","655","68.9%","561","77.3%","2,273","69.1%","2,825","76.8%","1,010","77.1%","756","80.0%","833","73.1%","111","79.9%","141","78.8%","269","74.5%","14,912","74.5%","1,562","74.1%","883","73.2%","7,207","72.0%","55,330","72.6%","1,243","69.4%","1,847","73.9%","1,979","73.6%","262","73.6%","0","-","644","69.5%","1,441","70.7%","78","66.1%","927","70.4%","5,522","70.0%","1,135","67.1%","780","66.2%","41","80.4%","241","72.2%","158","90.3%","2,131","83.3%","576","82.9%","440","82.2%","980","84.3%","509","77.9%","211","88.3%","156","91.2%","942","77.7%","9,186","74.0%","880","63.3%","353","76.7%","3,629","70.2%","849","75.7%","603","81.6%","2,764","69.6%","431","69.0%","0","-","1,273","79.1%","5,558","77.1%","583","81.8%","369","73.1%","2,327","71.7%","838","80.3%","1,982","70.2%","683","77.0%","829","84.2%","2,518","78.1%","1,699","81.1%","578","85.5%","1,496","71.2%","701","62.9%","6,665","64.6%","690","70.8%","569","70.2%","927","70.8%","155","67.1%","7,175","69.8%","35,074","79.4%","1,194","86.0%","23,189","75.2%","7,143","79.3%","1,029","80.0%","665","76.4%","583","73.1%","11,693","82.1%","1,530","75.9%","1,347","78.7%","39","86.7%","240","77.4%","197","88.3%","2,752","81.5%","264","79.3%","638","82.2%","229","73.4%","13","65.0%","230","83.6%","329","71.2%","1,414","71.4%","81","66.4%","18,978","82.7%","2,396","66.1%","2,238","71.7%","380","67.6%","1,155","70.9%","3,949","72.2%","142","78.5%","14,956","79.3%","1,848","77.6%","92","67.6%","1,543","72.3%","173","73.3%","118","72.4%","457","74.1%","1,734","73.4%","1,186","72.2%","613","77.0%","3,475","73.3%","1,952","72.8%","4,058","76.9%","2,140","68.6%","66","72.5%","299","75.1%","190","64.8%","116","79.5%","3,038","80.6%","267","82.2%","211","88.3%","1,653","80.4%","1,419","74.4%","705","76.1%","2,007","73.3%","3,861","75.4%","2,387","70.9%","877","71.2%","3,310","69.2%","374","63.1%","22,458","74.4%","121","72.0%","1,143","84.3%","3,497","79.8%","28","90.3%","411","85.3%","282","82.5%","3,431","76.1%"
"21 years and over","143,641","73.3%","3,675","71.7%","19,088","73.8%","9,229","66.2%","5,479","72.8%","987","80.2%","712","81.7%","765","68.9%","1,286","70.7%","26,649","69.8%","1,960","72.4%","302","68.3%","1,280","70.0%","644","71.2%","668","70.0%","2,600","78.0%","317","77.9%","938","63.8%","188","71.5%","796","65.3%","5,307","69.2%","1,150","66.0%","1,022","65.6%","3,434","64.4%","3,026","63.4%","335","68.0%","5,577","72.8%","3,363","84.3%","900","85.3%","748","79.1%","1,312","80.1%","6,544","79.4%","1,025","81.9%","2,253","81.5%","8,583","76.8%","37,981","66.3%","623","65.5%","544","74.9%","2,121","64.5%","2,703","73.5%","972","74.2%","734","77.7%","808","70.9%","108","77.7%","137","76.5%","264","73.1%","13,905","69.5%","1,473","69.8%","826","68.4%","6,849","68.4%","52,063","68.3%","1,168","65.2%","1,754","70.2%","1,897","70.6%","248","69.7%","0","-","609","65.7%","1,393","68.4%","76","64.4%","873","66.3%","5,141","65.1%","1,065","63.0%","735","62.3%","40","78.4%","232","69.5%","157","89.7%","2,083","81.4%","564","81.2%","428","80.0%","953","82.0%","501","76.7%","207","86.6%","150","87.7%","904","74.5%","8,696","70.0%","825","59.3%","336","73.0%","3,400","65.7%","818","73.0%","586","79.3%","2,607","65.6%","401","64.2%","0","-","1,226","76.2%","5,333","73.9%","570","79.9%","350","69.3%","2,223","68.5%","819","78.4%","1,848","65.4%","656","74.0%","803","81.6%","2,453","76.0%","1,652","78.8%","569","84.2%","1,406","66.9%","650","58.3%","6,286","61.0%","638","65.4%","541","66.8%","889","67.9%","152","65.8%","6,744","65.6%","33,650","76.2%","1,156","83.3%","22,198","72.0%","6,893","76.6%","996","77.4%","643","73.9%","559","70.1%","9,821","68.9%","1,470","73.0%","1,313","76.7%","35","77.8%","233","75.2%","192","86.1%","2,694","79.8%","261","78.4%","609","78.5%","219","70.2%","12","60.0%","224","81.5%","317","68.6%","1,342","67.7%","76","62.3%","14,422","62.8%","2,225","61.4%","2,142","68.7%","359","63.9%","1,113","68.3%","3,759","68.7%","139","76.8%","14,069","74.6%","1,775","74.5%","91","66.9%","1,464","68.6%","166","70.3%","111","68.1%","434","70.3%","1,635","69.2%","1,130","68.8%","584","73.4%","3,320","70.1%","1,884","70.3%","3,881","73.6%","2,058","66.0%","66","72.5%","284","71.4%","180","61.4%","115","78.8%","2,922","77.5%","263","80.9%","208","87.0%","1,592","77.4%","1,355","71.1%","671","72.5%","1,943","71.0%","3,692","72.1%","2,269","67.4%","845","68.6%","3,115","65.1%","355","59.9%","21,163","70.1%","120","71.4%","1,120","82.6%","3,399","77.5%","28","90.3%","400","83.0%","275","80.4%","3,298","73.1%"
"62 years and over","40,023","20.4%","1,133","22.1%","6,660","25.8%","1,796","12.9%","1,131","15.0%","469","38.1%","282","32.3%","241","21.7%","461","25.3%","7,200","18.9%","734","27.1%","104","23.5%","432","23.6%","280","31.0%","216","22.6%","1,115","33.4%","131","32.2%","249","16.9%","54","20.5%","228","18.7%","1,611","21.0%","386","22.2%","259","16.6%","1,011","19.0%","802","16.8%","101","20.5%","1,680","21.9%","1,467","36.8%","447","42.4%","266","28.1%","448","27.4%","2,734","33.2%","515","41.2%","910","32.9%","3,376","30.2%","10,162","17.7%","177","18.6%","206","28.4%","588","17.9%","1,119","30.4%","421","32.1%","305","32.3%","322","28.2%","42","30.2%","58","32.4%","94","26.0%","4,110","20.5%","493","23.4%","252","20.9%","2,041","20.4%","13,880","18.2%","308","17.2%","569","22.8%","609","22.7%","85","23.9%","0","-","208","22.4%","446","21.9%","33","28.0%","278","21.1%","1,564","19.8%","324","19.2%","220","18.7%","14","27.5%","63","18.9%","73","41.7%","908","35.5%","247","35.5%","197","36.8%","404","34.8%","236","36.1%","81","33.9%","81","47.4%","351","28.9%","2,141","17.2%","221","15.9%","142","30.9%","983","19.0%","314","28.0%","307","41.5%","750","18.9%","117","18.7%","0","-","510","31.7%","1,950","27.0%","268","37.6%","100","19.8%","712","21.9%","368","35.2%","506","17.9%","257","29.0%","428","43.5%","1,040","32.2%","775","37.0%","281","41.6%","439","20.9%","154","13.8%","1,483","14.4%","182","18.7%","153","18.9%","256","19.5%","45","19.5%","1,819","17.7%","12,208","27.6%","521","37.5%","6,780","22.0%","2,529","28.1%","399","31.0%","251","28.9%","155","19.4%","2,245","15.8%","517","25.7%","479","28.0%","23","51.1%","104","33.5%","101","45.3%","1,208","35.8%","116","34.8%","270","34.8%","88","28.2%","7","35.0%","84","30.5%","80","17.3%","409","20.6%","23","18.9%","1,528","6.7%","634","17.5%","622","19.9%","85","15.1%","351","21.5%","1,200","21.9%","57","31.5%","4,984","26.4%","650","27.3%","42","30.9%","526","24.6%","59","25.0%","28","17.2%","158","25.6%","487","20.6%","323","19.7%","224","28.1%","1,154","24.4%","582","21.7%","1,375","26.1%","595","19.1%","22","24.2%","100","25.1%","59","20.1%","56","38.4%","1,109","29.4%","115","35.4%","114","47.7%","665","32.3%","349","18.3%","204","22.0%","365","13.3%","1,302","25.4%","659","19.6%","238","19.3%","847","17.7%","76","12.8%","6,419","21.3%","57","33.9%","542","40.0%","1,256","28.7%","16","51.6%","197","40.9%","121","35.4%","1,339","29.7%"
"65 years and over","33,123","16.9%","956","18.7%","5,454","21.1%","1,421","10.2%","903","12.0%","390","31.7%","207","23.7%","189","17.0%","362","19.9%","5,923","15.5%","602","22.2%","83","18.8%","368","20.1%","236","26.1%","173","18.1%","903","27.1%","103","25.3%","198","13.5%","43","16.3%","189","15.5%","1,349","17.6%","306","17.6%","207","13.3%","817","15.3%","635","13.3%","90","18.3%","1,332","17.4%","1,235","31.0%","356","33.7%","213","22.5%","342","20.9%","2,184","26.5%","418","33.4%","762","27.6%","2,841","25.4%","8,429","14.7%","139","14.6%","178","24.5%","487","14.8%","955","26.0%","345","26.3%","243","25.7%","254","22.3%","39","28.1%","45","25.1%","72","19.9%","3,401","17.0%","404","19.2%","208","17.2%","1,634","16.3%","11,551","15.2%","243","13.6%","471","18.8%","500","18.6%","72","20.2%","0","-","178","19.2%","372","18.3%","26","22.0%","229","17.4%","1,313","16.6%","261","15.4%","182","15.4%","14","27.5%","63","18.9%","64","36.6%","788","30.8%","210","30.2%","156","29.2%","339","29.2%","196","30.0%","66","27.6%","68","39.8%","280","23.1%","1,722","13.9%","185","13.3%","113","24.6%","812","15.7%","266","23.7%","242","32.7%","611","15.4%","92","14.7%","0","-","419","26.0%","1,648","22.9%","208","29.2%","84","16.6%","598","18.4%","302","28.9%","427","15.1%","217","24.5%","360","36.6%","856","26.5%","639","30.5%","232","34.3%","342","16.3%","119","10.7%","1,197","11.6%","144","14.8%","119","14.7%","205","15.6%","38","16.5%","1,477","14.4%","10,427","23.6%","416","30.0%","5,552","18.0%","2,012","22.4%","332","25.8%","199","22.9%","125","15.7%","1,865","13.1%","419","20.8%","399","23.3%","21","46.7%","81","26.1%","87","39.0%","1,032","30.6%","90","27.0%","234","30.2%","66","21.2%","5","25.0%","57","20.7%","65","14.1%","348","17.6%","21","17.2%","1,254","5.5%","500","13.8%","509","16.3%","72","12.8%","295","18.1%","959","17.5%","47","26.0%","4,226","22.4%","516","21.7%","34","25.0%","426","20.0%","49","20.8%","27","16.6%","135","21.9%","416","17.6%","261","15.9%","173","21.7%","960","20.3%","474","17.7%","1,162","22.0%","502","16.1%","17","18.7%","77","19.3%","44","15.0%","41","28.1%","923","24.5%","99","30.5%","94","39.3%","522","25.4%","265","13.9%","158","17.1%","283","10.3%","1,094","21.4%","539","16.0%","181","14.7%","687","14.4%","61","10.3%","5,433","18.0%","47","28.0%","445","32.8%","1,013","23.1%","13","41.9%","156","32.4%","102","29.8%","1,133","25.1%"
"MEDIAN AGE BY SEX","","","","","","","","","","","","","","","","","","","","","","","","","","","","","","","","","","","","","","","","","","","","","","","","","","","","","","","","","","","","","","","","","","","","","","","","","","","","","","","","","","","","","","","","","","","","","","","","","","","","","","","","","","","","","","","","","","","","","","","","","","","","","","","","","","","","","","","","","","","","","","","","","","","","","","","","","","","","","","","","","","","","","","","","","","","","","","","","","","","","","","","","","","","","","","","","","","","","","","","","","","","","","","","","","","","","","","","","","","","","","","","","","","","","","","","","","","","","","","","","","","","","","","","","","","","","","","","","","","","","","","","","","","","","","","","","","","","","","","","","","","","","","","","","","","","","","","","","","","","","","","","","","","","","","","","","","","","","","","","","","","","","","","","","","","","","","","","","","","","",""
"Both sexes","36.9","(X)","43.8","(X)","44.3","(X)","32.1","(X)","37.3","(X)","55.9","(X)","53.4","(X)","37.3","(X)","44.4","(X)","33.6","(X)","42.7","(X)","38.3","(X)","38.4","(X)","46.6","(X)","39.9","(X)","49.3","(X)","47.6","(X)","34.9","(X)","43.1","(X)","35.8","(X)","35.0","(X)","37.1","(X)","33.9","(X)","35.2","(X)","32.7","(X)","36.7","(X)","42.2","(X)","53.9","(X)","59.4","(X)","50.1","(X)","51.7","(X)","51.5","(X)","57.6","(X)","52.1","(X)","45.7","(X)","32.7","(X)","39.9","(X)","48.6","(X)","35.8","(X)","46.0","(X)","45.9","(X)","50.5","(X)","42.7","(X)","42.4","(X)","51.0","(X)","45.8","(X)","35.2","(X)","41.9","(X)","38.3","(X)","38.2","(X)","33.4","(X)","33.6","(X)","39.0","(X)","39.7","(X)","36.4","(X)","-","(X)","37.8","(X)","37.4","(X)","41.2","(X)","35.3","(X)","32.5","(X)","34.5","(X)","32.8","(X)","44.8","(X)","37.0","(X)","58.3","(X)","49.2","(X)","57.5","(X)","54.6","(X)","54.4","(X)","54.7","(X)","48.7","(X)","61.7","(X)","45.0","(X)","31.6","(X)","31.5","(X)","42.0","(X)","33.9","(X)","42.1","(X)","59.2","(X)","33.8","(X)","31.8","(X)","-","(X)","49.6","(X)","42.1","(X)","54.4","(X)","37.9","(X)","37.2","(X)","49.6","(X)","33.3","(X)","38.5","(X)","59.8","(X)","47.6","(X)","53.3","(X)","59.1","(X)","37.4","(X)","29.6","(X)","30.8","(X)","33.3","(X)","37.1","(X)","35.4","(X)","35.7","(X)","33.1","(X)","41.8","(X)","56.8","(X)","37.6","(X)","47.6","(X)","52.4","(X)","47.6","(X)","39.4","(X)","27.7","(X)","43.9","(X)","46.7","(X)","60.6","(X)","49.5","(X)","61.2","(X)","51.8","(X)","47.6","(X)","50.2","(X)","43.7","(X)","35.5","(X)","54.2","(X)","38.9","(X)","35.8","(X)","29.8","(X)","22.9","(X)","27.9","(X)","34.9","(X)","33.1","(X)","36.2","(X)","35.2","(X)","50.8","(X)","40.6","(X)","43.7","(X)","38.8","(X)","40.5","(X)","43.9","(X)","30.8","(X)","40.1","(X)","36.7","(X)","37.6","(X)","44.5","(X)","38.5","(X)","38.8","(X)","40.8","(X)","34.0","(X)","46.1","(X)","44.5","(X)","36.5","(X)","57.3","(X)","46.0","(X)","51.7","(X)","62.7","(X)","49.0","(X)","37.2","(X)","42.6","(X)","37.0","(X)","40.4","(X)","36.8","(X)","40.9","(X)","34.9","(X)","30.5","(X)","35.1","(X)","44.5","(X)","57.5","(X)","46.4","(X)","64.0","(X)","55.4","(X)","51.8","(X)","44.7","(X)"
"Male","35.9","(X)","43.3","(X)","43.3","(X)","31.6","(X)","37.0","(X)","56.5","(X)","54.0","(X)","36.1","(X)","44.1","(X)","32.7","(X)","42.0","(X)","36.3","(X)","37.9","(X)","47.0","(X)","38.6","(X)","48.5","(X)","46.3","(X)","34.5","(X)","40.8","(X)","35.9","(X)","33.2","(X)","37.3","(X)","33.7","(X)","35.2","(X)","32.0","(X)","32.3","(X)","42.2","(X)","53.5","(X)","59.6","(X)","51.2","(X)","52.3","(X)","51.4","(X)","58.3","(X)","52.0","(X)","44.6","(X)","32.0","(X)","40.7","(X)","51.4","(X)","35.3","(X)","44.8","(X)","45.6","(X)","49.4","(X)","42.9","(X)","41.5","(X)","55.7","(X)","47.6","(X)","34.1","(X)","42.1","(X)","37.5","(X)","37.5","(X)","32.4","(X)","31.7","(X)","37.8","(X)","39.2","(X)","36.1","(X)","-","(X)","38.0","(X)","37.1","(X)","40.8","(X)","34.6","(X)","31.3","(X)","34.5","(X)","31.7","(X)","43.5","(X)","36.5","(X)","58.8","(X)","45.6","(X)","58.3","(X)","53.5","(X)","54.5","(X)","52.5","(X)","50.5","(X)","61.8","(X)","42.7","(X)","30.4","(X)","30.7","(X)","38.7","(X)","33.0","(X)","39.1","(X)","60.3","(X)","33.5","(X)","32.7","(X)","-","(X)","49.6","(X)","40.3","(X)","52.8","(X)","37.7","(X)","36.5","(X)","48.7","(X)","33.1","(X)","35.7","(X)","60.0","(X)","46.9","(X)","52.9","(X)","60.4","(X)","37.5","(X)","31.2","(X)","30.5","(X)","32.9","(X)","35.4","(X)","35.3","(X)","32.8","(X)","32.6","(X)","40.1","(X)","57.4","(X)","36.9","(X)","47.4","(X)","54.0","(X)","46.7","(X)","40.1","(X)","27.4","(X)","44.1","(X)","46.7","(X)","59.8","(X)","49.8","(X)","62.3","(X)","51.0","(X)","44.3","(X)","47.7","(X)","42.7","(X)","34.0","(X)","54.6","(X)","40.6","(X)","36.4","(X)","28.5","(X)","23.4","(X)","25.6","(X)","34.0","(X)","31.9","(X)","35.3","(X)","34.0","(X)","53.0","(X)","39.5","(X)","43.6","(X)","39.7","(X)","40.2","(X)","46.7","(X)","27.5","(X)","39.9","(X)","35.8","(X)","37.9","(X)","44.4","(X)","36.5","(X)","38.1","(X)","39.5","(X)","33.3","(X)","50.5","(X)","46.0","(X)","37.7","(X)","60.0","(X)","45.1","(X)","51.3","(X)","64.5","(X)","48.3","(X)","37.5","(X)","43.0","(X)","37.1","(X)","40.1","(X)","37.4","(X)","41.4","(X)","34.5","(X)","30.2","(X)","34.2","(X)","43.3","(X)","57.7","(X)","45.9","(X)","64.5","(X)","54.4","(X)","53.1","(X)","44.1","(X)"
"Female","37.8","(X)","44.2","(X)","45.3","(X)","32.6","(X)","38.0","(X)","54.9","(X)","52.7","(X)","39.1","(X)","44.5","(X)","34.5","(X)","43.6","(X)","39.5","(X)","38.9","(X)","45.8","(X)","40.8","(X)","50.5","(X)","49.1","(X)","36.2","(X)","43.9","(X)","35.8","(X)","36.6","(X)","36.5","(X)","34.2","(X)","35.3","(X)","33.3","(X)","38.7","(X)","42.3","(X)","54.4","(X)","59.3","(X)","49.2","(X)","51.1","(X)","51.6","(X)","57.0","(X)","52.2","(X)","47.0","(X)","33.6","(X)","39.4","(X)","46.1","(X)","36.2","(X)","46.8","(X)","46.4","(X)","52.0","(X)","42.6","(X)","42.8","(X)","45.9","(X)","42.9","(X)","36.3","(X)","41.6","(X)","39.3","(X)","38.9","(X)","34.4","(X)","35.5","(X)","40.2","(X)","40.1","(X)","36.6","(X)","-","(X)","37.5","(X)","38.0","(X)","41.5","(X)","36.2","(X)","33.8","(X)","34.5","(X)","34.2","(X)","47.8","(X)","38.0","(X)","57.7","(X)","52.9","(X)","55.8","(X)","56.2","(X)","54.3","(X)","55.8","(X)","48.1","(X)","61.3","(X)","46.6","(X)","33.0","(X)","31.9","(X)","46.2","(X)","35.2","(X)","44.0","(X)","57.8","(X)","34.2","(X)","31.3","(X)","-","(X)","49.5","(X)","43.5","(X)","54.8","(X)","38.1","(X)","37.7","(X)","50.8","(X)","33.5","(X)","45.4","(X)","59.5","(X)","48.2","(X)","53.6","(X)","58.1","(X)","37.2","(X)","27.7","(X)","31.2","(X)","34.1","(X)","38.1","(X)","35.6","(X)","37.6","(X)","33.8","(X)","43.6","(X)","56.2","(X)","38.3","(X)","47.8","(X)","52.0","(X)","48.3","(X)","39.0","(X)","28.1","(X)","43.8","(X)","46.7","(X)","64.3","(X)","49.0","(X)","60.4","(X)","52.7","(X)","49.1","(X)","52.0","(X)","44.8","(X)","37.0","(X)","52.6","(X)","37.4","(X)","35.3","(X)","30.5","(X)","22.4","(X)","31.6","(X)","35.7","(X)","33.8","(X)","37.4","(X)","36.4","(X)","50.1","(X)","41.7","(X)","43.9","(X)","38.3","(X)","40.7","(X)","39.0","(X)","35.1","(X)","40.5","(X)","37.8","(X)","37.2","(X)","44.8","(X)","40.1","(X)","39.9","(X)","42.3","(X)","34.8","(X)","39.8","(X)","42.1","(X)","35.2","(X)","53.0","(X)","47.0","(X)","51.9","(X)","60.3","(X)","50.1","(X)","37.0","(X)","42.3","(X)","36.9","(X)","40.6","(X)","36.4","(X)","40.2","(X)","35.5","(X)","32.1","(X)","36.0","(X)","45.8","(X)","57.2","(X)","46.9","(X)","62.5","(X)","55.8","(X)","49.8","(X)","45.3","(X)"
"RACE","","","","","","","","","","","","","","","","","","","","","","","","","","","","","","","","","","","","","","","","","","","","","","","","","","","","","","","","","","","","","","","","","","","","","","","","","","","","","","","","","","","","","","","","","","","","","","","","","","","","","","","","","","","","","","","","","","","","","","","","","","","","","","","","","","","","","","","","","","","","","","","","","","","","","","","","","","","","","","","","","","","","","","","","","","","","","","","","","","","","","","","","","","","","","","","","","","","","","","","","","","","","","","","","","","","","","","","","","","","","","","","","","","","","","","","","","","","","","","","","","","","","","","","","","","","","","","","","","","","","","","","","","","","","","","","","","","","","","","","","","","","","","","","","","","","","","","","","","","","","","","","","","","","","","","","","","","","","","","","","","","","","","","","","","","","","","","","","","","","",""
"Total population","386,541","100.0%","10,180","100.0%","50,480","100.0%","27,700","100.0%","20,066","100.0%","2,543","100.0%","1,836","100.0%","2,141","100.0%","3,713","100.0%","75,647","100.0%","5,517","100.0%","902","100.0%","3,645","100.0%","1,825","100.0%","1,893","100.0%","6,835","100.0%","802","100.0%","2,978","100.0%","546","100.0%","2,596","100.0%","15,243","100.0%","3,459","100.0%","3,009","100.0%","10,735","100.0%","9,426","100.0%","1,044","100.0%","15,242","100.0%","7,986","100.0%","2,208","100.0%","1,932","100.0%","3,470","100.0%","16,821","100.0%","2,555","100.0%","5,723","100.0%","22,011","100.0%","113,877","100.0%","1,900","100.0%","1,484","100.0%","6,703","100.0%","7,318","100.0%","2,679","100.0%","2,059","100.0%","2,293","100.0%","281","100.0%","364","100.0%","713","100.0%","39,620","100.0%","4,255","100.0%","2,585","100.0%","19,977","100.0%","150,293","100.0%","3,794","100.0%","5,091","100.0%","5,490","100.0%","761","100.0%","0","-","1,948","100.0%","4,071","100.0%","247","100.0%","2,816","100.0%","15,963","100.0%","3,464","100.0%","2,412","100.0%","93","100.0%","697","100.0%","385","100.0%","5,778","100.0%","1,461","100.0%","1,110","100.0%","2,398","100.0%","1,308","100.0%","569","100.0%","346","100.0%","2,428","100.0%","25,892","100.0%","2,794","100.0%","993","100.0%","10,407","100.0%","2,283","100.0%","1,517","100.0%","8,315","100.0%","1,273","100.0%","0","-","3,290","100.0%","14,343","100.0%","1,490","100.0%","1,021","100.0%","6,573","100.0%","2,108","100.0%","5,896","100.0%","2,190","100.0%","2,126","100.0%","6,518","100.0%","4,301","100.0%","1,406","100.0%","4,203","100.0%","2,310","100.0%","20,710","100.0%","1,992","100.0%","1,676","100.0%","2,700","100.0%","573","100.0%","20,964","100.0%","86,749","100.0%","2,898","100.0%","60,672","100.0%","18,334","100.0%","2,709","100.0%","1,783","100.0%","1,584","100.0%","28,596","100.0%","4,038","100.0%","3,516","100.0%","104","100.0%","661","100.0%","485","100.0%","6,724","100.0%","683","100.0%","1,539","100.0%","651","100.0%","42","100.0%","618","100.0%","997","100.0%","4,130","100.0%","237","100.0%","44,988","100.0%","7,688","100.0%","6,214","100.0%","1,261","100.0%","3,358","100.0%","10,780","100.0%","371","100.0%","36,886","100.0%","4,833","100.0%","320","100.0%","4,244","100.0%","529","100.0%","311","100.0%","1,250","100.0%","4,718","100.0%","3,403","100.0%","1,702","100.0%","9,414","100.0%","5,409","100.0%","10,563","100.0%","6,253","100.0%","189","100.0%","826","100.0%","610","100.0%","336","100.0%","7,504","100.0%","708","100.0%","486","100.0%","4,135","100.0%","3,945","100.0%","1,949","100.0%","5,736","100.0%","10,197","100.0%","6,587","100.0%","2,491","100.0%","9,676","100.0%","1,305","100.0%","59,430","100.0%","360","100.0%","2,812","100.0%","8,876","100.0%","58","100.0%","969","100.0%","741","100.0%","8,790","100.0%"
"One Race","353,322","91.4%","9,347","91.8%","46,326","91.8%","25,355","91.5%","18,760","93.5%","2,422","95.2%","1,737","94.6%","2,048","95.7%","3,525","94.9%","70,115","92.7%","5,323","96.5%","868","96.2%","3,496","95.9%","1,773","97.2%","1,718","90.8%","6,373","93.2%","759","94.6%","2,642","88.7%","531","97.3%","2,457","94.6%","13,915","91.3%","3,311","95.7%","2,890","96.0%","9,986","93.0%","8,775","93.1%","929","89.0%","13,666","89.7%","7,456","93.4%","2,091","94.7%","1,804","93.4%","3,230","93.1%","15,715","93.4%","2,426","95.0%","5,452","95.3%","20,639","93.8%","105,477","92.6%","1,806","95.1%","1,405","94.7%","6,402","95.5%","6,878","94.0%","2,514","93.8%","1,902","92.4%","2,167","94.5%","264","94.0%","332","91.2%","646","90.6%","34,074","86.0%","3,854","90.6%","2,261","87.5%","18,283","91.5%","131,786","87.7%","3,327","87.7%","4,611","90.6%","4,681","85.3%","733","96.3%","0","-","1,868","95.9%","3,898","95.8%","238","96.4%","2,664","94.6%","14,361","90.0%","3,288","94.9%","2,235","92.7%","83","89.2%","603","86.5%","366","95.1%","5,499","95.2%","1,411","96.6%","1,045","94.1%","2,266","94.5%","1,255","95.9%","538","94.6%","329","95.1%","2,212","91.1%","23,110","89.3%","2,645","94.7%","945","95.2%","9,937","95.5%","2,193","96.1%","1,460","96.2%","7,860","94.5%","1,216","95.5%","0","-","3,119","94.8%","13,148","91.7%","1,424","95.6%","941","92.2%","5,746","87.4%","1,972","93.5%","5,109","86.7%","2,118","96.7%","1,990","93.6%","6,170","94.7%","4,048","94.1%","1,311","93.2%","4,007","95.3%","2,166","93.8%","19,611","94.7%","1,917","96.2%","1,571","93.7%","2,397","88.8%","466","81.3%","18,079","86.2%","80,553","92.9%","2,703","93.3%","55,941","92.2%","17,081","93.2%","2,561","94.5%","1,701","95.4%","1,508","95.2%","26,319","92.0%","3,760","93.1%","3,349","95.3%","97","93.3%","613","92.7%","461","95.1%","6,427","95.6%","652","95.5%","1,447","94.0%","612","94.0%","33","78.6%","584","94.5%","881","88.4%","3,617","87.6%","223","94.1%","42,446","94.3%","7,307","95.0%","5,429","87.4%","1,090","86.4%","3,044","90.6%","9,550","88.6%","346","93.3%","34,600","93.8%","4,574","94.6%","299","93.4%","4,102","96.7%","501","94.7%","301","96.8%","1,168","93.4%","4,145","87.9%","3,000","88.2%","1,526","89.7%","8,393","89.2%","4,931","91.2%","9,434","89.3%","5,654","90.4%","186","98.4%","744","90.1%","585","95.9%","306","91.1%","7,055","94.0%","663","93.6%","462","95.1%","3,890","94.1%","3,715","94.2%","1,830","93.9%","5,216","90.9%","9,215","90.4%","6,157","93.5%","2,327","93.4%","9,011","93.1%","1,131","86.7%","54,051","90.9%","318","88.3%","2,616","93.0%","8,391","94.5%","57","98.3%","907","93.6%","701","94.6%","7,984","90.8%"
"One Race White","318,295","82.3%","8,604","84.5%","44,126","87.4%","23,552","85.0%","15,686","78.2%","2,367","93.1%","1,693","92.2%","687","32.1%","3,426","92.3%","63,635","84.1%","5,154","93.4%","852","94.5%","3,437","94.3%","1,747","95.7%","1,140","60.2%","6,179","90.4%","534","66.6%","1,583","53.2%","507","92.9%","2,178","83.9%","12,073","79.2%","3,076","88.9%","310","10.3%","8,761","81.6%","8,142","86.4%","822","78.7%","10,971","72.0%","6,884","86.2%","2,032","92.0%","1,725","89.3%","3,087","89.0%","15,285","90.9%","2,352","92.1%","5,325","93.0%","19,977","90.8%","94,687","83.1%","1,541","81.1%","1,359","91.6%","6,149","91.7%","6,567","89.7%","2,431","90.7%","1,717","83.4%","2,127","92.8%","245","87.2%","324","89.0%","624","87.5%","26,395","66.6%","3,475","81.7%","2,009","77.7%","17,126","85.7%","110,043","73.2%","2,714","71.5%","3,938","77.4%","3,692","67.2%","711","93.4%","0","-","1,767","90.7%","3,797","93.3%","229","92.7%","2,227","79.1%","10,835","67.9%","2,939","84.8%","1,796","74.5%","74","79.6%","424","60.8%","358","93.0%","5,207","90.1%","1,379","94.4%","1,020","91.9%","2,203","91.9%","1,228","93.9%","511","89.8%","302","87.3%","1,887","77.7%","19,299","74.5%","2,584","92.5%","919","92.5%","9,405","90.4%","1,971","86.3%","1,427","94.1%","7,104","85.4%","1,061","83.3%","0","-","2,956","89.8%","12,305","85.8%","1,362","91.4%","779","76.3%","4,859","73.9%","1,837","87.1%","3,752","63.6%","2,014","92.0%","1,952","91.8%","5,903","90.6%","3,656","85.0%","1,294","92.0%","3,812","90.7%","1,740","75.3%","18,433","89.0%","1,810","90.9%","1,297","77.4%","1,970","73.0%","364","63.5%","14,078","67.2%","77,302","89.1%","2,615","90.2%","53,837","88.7%","16,633","90.7%","2,051","75.7%","1,634","91.6%","1,483","93.6%","24,237","84.8%","3,679","91.1%","3,261","92.7%","92","88.5%","594","89.9%","449","92.6%","6,251","93.0%","626","91.7%","1,284","83.4%","587","90.2%","31","73.8%","557","90.1%","806","80.8%","2,788","67.5%","201","84.8%","38,108","84.7%","6,964","90.6%","4,146","66.7%","764","60.6%","2,290","68.2%","7,391","68.6%","342","92.2%","33,053","89.6%","2,709","56.1%","291","90.9%","4,022","94.8%","426","80.5%","0","0.0%","1,010","80.8%","3,316","70.3%","2,541","74.7%","1,393","81.8%","7,334","77.9%","4,647","85.9%","8,450","80.0%","3,867","61.8%","185","97.9%","553","66.9%","578","94.8%","293","87.2%","6,791","90.5%","646","91.2%","457","94.0%","3,795","91.8%","3,150","79.8%","1,702","87.3%","4,561","79.5%","8,016","78.6%","5,841","88.7%","2,089","83.9%","8,134","84.1%","770","59.0%","47,095","79.2%","270","75.0%","2,540","90.3%","8,002","90.2%","55","94.8%","891","92.0%","683","92.2%","6,997","79.6%"
"One Race Black or African American","7,248","1.9%","40","0.4%","263","0.5%","215","0.8%","292","1.5%","3","0.1%","0","0.0%","0","0.0%","8","0.2%","732","1.0%","8","0.1%","3","0.3%","2","0.1%","5","0.3%","3","0.2%","4","0.1%","1","0.1%","3","0.1%","0","0.0%","4","0.2%","59","0.4%","3","0.1%","0","0.0%","28","0.3%","29","0.3%","2","0.2%","35","0.2%","13","0.2%","6","0.3%","8","0.4%","12","0.3%","24","0.1%","3","0.1%","10","0.2%","81","0.4%","604","0.5%","6","0.3%","4","0.3%","12","0.2%","18","0.2%","9","0.3%","0","0.0%","1","0.0%","1","0.4%","0","0.0%","2","0.3%","285","0.7%","21","0.5%","5","0.2%","69","0.3%","1,231","0.8%","0","0.0%","10","0.2%","8","0.1%","0","0.0%","0","-","0","0.0%","1","0.0%","0","0.0%","2","0.1%","55","0.3%","8","0.2%","3","0.1%","0","0.0%","10","1.4%","4","1.0%","28","0.5%","3","0.2%","5","0.5%","3","0.1%","0","0.0%","2","0.4%","1","0.3%","2","0.1%","754","2.9%","4","0.1%","1","0.1%","21","0.2%","2","0.1%","2","0.1%","17","0.2%","0","0.0%","0","-","4","0.1%","25","0.2%","1","0.1%","0","0.0%","16","0.2%","6","0.3%","7","0.1%","21","1.0%","4","0.2%","19","0.3%","12","0.3%","2","0.1%","4","0.1%","5","0.2%","67","0.3%","8","0.4%","2","0.1%","2","0.1%","0","0.0%","46","0.2%","274","0.3%","6","0.2%","211","0.3%","25","0.1%","6","0.2%","1","0.1%","1","0.1%","315","1.1%","9","0.2%","6","0.2%","0","0.0%","3","0.5%","0","0.0%","16","0.2%","0","0.0%","4","0.3%","1","0.2%","0","0.0%","1","0.2%","0","0.0%","6","0.1%","1","0.4%","700","1.6%","35","0.5%","17","0.3%","1","0.1%","2","0.1%","19","0.2%","0","0.0%","177","0.5%","16","0.3%","1","0.3%","2","0.0%","0","0.0%","0","0.0%","2","0.2%","8","0.2%","19","0.6%","1","0.1%","28","0.3%","10","0.2%","28","0.3%","19","0.3%","0","0.0%","1","0.1%","0","0.0%","3","0.9%","10","0.1%","0","0.0%","0","0.0%","8","0.2%","10","0.3%","3","0.2%","12","0.2%","22","0.2%","15","0.2%","5","0.2%","28","0.3%","5","0.4%","981","1.7%","1","0.3%","2","0.1%","15","0.2%","0","0.0%","0","0.0%","1","0.1%","21","0.2%"
"One Race American Indian and Alaska Native","2,501","0.6%","49","0.5%","244","0.5%","184","0.7%","296","1.5%","21","0.8%","17","0.9%","1,314","61.4%","25","0.7%","1,707","2.3%","58","1.1%","2","0.2%","19","0.5%","11","0.6%","535","28.3%","94","1.4%","199","24.8%","41","1.4%","6","1.1%","36","1.4%","530","3.5%","29","0.8%","2,506","83.3%","131","1.2%","61","0.6%","1","0.1%","133","0.9%","10","0.1%","20","0.9%","20","1.0%","26","0.7%","140","0.8%","11","0.4%","51","0.9%","144","0.7%","1,202","1.1%","15","0.8%","14","0.9%","30","0.4%","136","1.9%","19","0.7%","14","0.7%","8","0.3%","10","3.6%","0","0.0%","1","0.1%","608","1.5%","12","0.3%","10","0.4%","131","0.7%","1,705","1.1%","52","1.4%","54","1.1%","98","1.8%","5","0.7%","0","-","10","0.5%","35","0.9%","0","0.0%","18","0.6%","198","1.2%","12","0.3%","28","1.2%","1","1.1%","1","0.1%","0","0.0%","134","2.3%","8","0.5%","7","0.6%","23","1.0%","5","0.4%","7","1.2%","5","1.4%","25","1.0%","328","1.3%","12","0.4%","2","0.2%","89","0.9%","15","0.7%","4","0.3%","74","0.9%","1","0.1%","0","-","31","0.9%","121","0.8%","3","0.2%","5","0.5%","86","1.3%","15","0.7%","59","1.0%","25","1.1%","16","0.8%","83","1.3%","310","7.2%","7","0.5%","33","0.8%","21","0.9%","133","0.6%","11","0.6%","6","0.4%","8","0.3%","5","0.9%","427","2.0%","763","0.9%","25","0.9%","563","0.9%","108","0.6%","466","17.2%","18","1.0%","12","0.8%","225","0.8%","36","0.9%","24","0.7%","2","1.9%","5","0.8%","2","0.4%","47","0.7%","23","3.4%","127","8.3%","14","2.2%","0","0.0%","20","3.2%","10","1.0%","67","1.6%","1","0.4%","218","0.5%","25","0.3%","88","1.4%","20","1.6%","36","1.1%","138","1.3%","3","0.8%","647","1.8%","1,795","37.1%","0","0.0%","17","0.4%","15","2.8%","300","96.5%","13","1.0%","50","1.1%","32","0.9%","11","0.6%","137","1.5%","39","0.7%","154","1.5%","67","1.1%","0","0.0%","155","18.8%","0","0.0%","2","0.6%","103","1.4%","12","1.7%","2","0.4%","45","1.1%","47","1.2%","2","0.1%","28","0.5%","121","1.2%","76","1.2%","17","0.7%","83","0.9%","13","1.0%","622","1.0%","2","0.6%","20","0.7%","53","0.6%","0","0.0%","2","0.2%","11","1.5%","99","1.1%"
"One Race Asian","11,200","2.9%","499","4.9%","683","1.4%","266","1.0%","1,281","6.4%","2","0.1%","9","0.5%","7","0.3%","18","0.5%","1,156","1.5%","16","0.3%","5","0.6%","2","0.1%","6","0.3%","2","0.1%","27","0.4%","6","0.7%","6","0.2%","2","0.4%","8","0.3%","87","0.6%","6","0.2%","3","0.1%","55","0.5%","33","0.4%","4","0.4%","139","0.9%","69","0.9%","5","0.2%","11","0.6%","21","0.6%","74","0.4%","11","0.4%","22","0.4%","148","0.7%","1,365","1.2%","17","0.9%","16","1.1%","25","0.4%","42","0.6%","16","0.6%","17","0.8%","3","0.1%","0","0.0%","7","1.9%","2","0.3%","351","0.9%","24","0.6%","5","0.2%","110","0.6%","1,536","1.0%","32","0.8%","34","0.7%","27","0.5%","3","0.4%","0","-","5","0.3%","5","0.1%","0","0.0%","2","0.1%","102","0.6%","16","0.5%","14","0.6%","0","0.0%","1","0.1%","0","0.0%","35","0.6%","10","0.7%","3","0.3%","6","0.3%","5","0.4%","6","1.1%","2","0.6%","10","0.4%","788","3.0%","1","0.0%","3","0.3%","26","0.2%","5","0.2%","5","0.3%","33","0.4%","3","0.2%","0","-","14","0.4%","83","0.6%","2","0.1%","4","0.4%","24","0.4%","7","0.3%","9","0.2%","7","0.3%","5","0.2%","40","0.6%","8","0.2%","1","0.1%","10","0.2%","4","0.2%","91","0.4%","13","0.7%","6","0.4%","8","0.3%","0","0.0%","89","0.4%","866","1.0%","10","0.3%","432","0.7%","106","0.6%","6","0.2%","10","0.6%","4","0.3%","948","3.3%","8","0.2%","11","0.3%","1","1.0%","4","0.6%","0","0.0%","32","0.5%","2","0.3%","3","0.2%","2","0.3%","2","4.8%","1","0.2%","1","0.1%","9","0.2%","3","1.3%","891","2.0%","65","0.8%","24","0.4%","1","0.1%","4","0.1%","34","0.3%","0","0.0%","314","0.9%","20","0.4%","2","0.6%","14","0.3%","6","1.1%","1","0.3%","5","0.4%","9","0.2%","19","0.6%","5","0.3%","113","1.2%","39","0.7%","74","0.7%","14","0.2%","0","0.0%","4","0.5%","0","0.0%","2","0.6%","39","0.5%","1","0.1%","1","0.2%","14","0.3%","32","0.8%","3","0.2%","19","0.3%","33","0.3%","18","0.3%","1","0.0%","36","0.4%","2","0.2%","1,340","2.3%","1","0.3%","12","0.4%","49","0.6%","0","0.0%","6","0.6%","3","0.4%","73","0.8%"
"One Race Native Hawaiian and Other Pacific Islander","1,103","0.3%","5","0.0%","93","0.2%","42","0.2%","75","0.4%","0","0.0%","0","0.0%","0","0.0%","3","0.1%","257","0.3%","8","0.1%","0","0.0%","2","0.1%","0","0.0%","2","0.1%","11","0.2%","2","0.2%","0","0.0%","0","0.0%","7","0.3%","17","0.1%","6","0.2%","3","0.1%","2","0.0%","4","0.0%","4","0.4%","9","0.1%","3","0.0%","2","0.1%","1","0.1%","4","0.1%","7","0.0%","14","0.5%","2","0.0%","19","0.1%","149","0.1%","1","0.1%","0","0.0%","4","0.1%","8","0.1%","1","0.0%","0","0.0%","2","0.1%","1","0.4%","0","0.0%","0","0.0%","88","0.2%","5","0.1%","0","0.0%","25","0.1%","556","0.4%","7","0.2%","6","0.1%","12","0.2%","2","0.3%","0","-","6","0.3%","7","0.2%","0","0.0%","0","0.0%","20","0.1%","0","0.0%","10","0.4%","0","0.0%","0","0.0%","0","0.0%","2","0.0%","0","0.0%","0","0.0%","2","0.1%","0","0.0%","0","0.0%","0","0.0%","3","0.1%","106","0.4%","2","0.1%","2","0.2%","3","0.0%","4","0.2%","3","0.2%","17","0.2%","1","0.1%","0","-","1","0.0%","25","0.2%","1","0.1%","1","0.1%","3","0.0%","1","0.0%","2","0.0%","0","0.0%","0","0.0%","3","0.0%","2","0.0%","0","0.0%","3","0.1%","3","0.1%","25","0.1%","3","0.2%","0","0.0%","0","0.0%","0","0.0%","22","0.1%","114","0.1%","0","0.0%","92","0.2%","9","0.0%","1","0.0%","2","0.1%","1","0.1%","50","0.2%","1","0.0%","6","0.2%","1","1.0%","0","0.0%","2","0.4%","3","0.0%","0","0.0%","0","0.0%","0","0.0%","0","0.0%","1","0.2%","1","0.1%","3","0.1%","2","0.8%","219","0.5%","10","0.1%","8","0.1%","2","0.2%","7","0.2%","3","0.0%","0","0.0%","33","0.1%","0","0.0%","0","0.0%","4","0.1%","1","0.2%","0","0.0%","2","0.2%","3","0.1%","3","0.1%","1","0.1%","13","0.1%","3","0.1%","19","0.2%","6","0.1%","1","0.5%","0","0.0%","4","0.7%","0","0.0%","3","0.0%","0","0.0%","0","0.0%","3","0.1%","0","0.0%","0","0.0%","0","0.0%","10","0.1%","1","0.0%","4","0.2%","0","0.0%","6","0.5%","194","0.3%","2","0.6%","3","0.1%","5","0.1%","0","0.0%","1","0.1%","1","0.1%","5","0.1%"
"One Race Some Other Race","12,975","3.4%","150","1.5%","917","1.8%","1,096","4.0%","1,130","5.6%","29","1.1%","18","1.0%","40","1.9%","45","1.2%","2,628","3.5%","79","1.4%","6","0.7%","34","0.9%","4","0.2%","36","1.9%","58","0.8%","17","2.1%","1,009","33.9%","16","2.9%","224","8.6%","1,149","7.5%","191","5.5%","68","2.3%","1,009","9.4%","506","5.4%","96","9.2%","2,379","15.6%","477","6.0%","26","1.2%","39","2.0%","80","2.3%","185","1.1%","35","1.4%","42","0.7%","270","1.2%","7,470","6.6%","226","11.9%","12","0.8%","182","2.7%","107","1.5%","38","1.4%","154","7.5%","26","1.1%","7","2.5%","1","0.3%","17","2.4%","6,347","16.0%","317","7.5%","232","9.0%","822","4.1%","16,715","11.1%","522","13.8%","569","11.2%","844","15.4%","12","1.6%","0","-","80","4.1%","53","1.3%","9","3.6%","415","14.7%","3,151","19.7%","313","9.0%","384","15.9%","8","8.6%","167","24.0%","4","1.0%","93","1.6%","11","0.8%","10","0.9%","29","1.2%","17","1.3%","12","2.1%","19","5.5%","285","11.7%","1,835","7.1%","42","1.5%","18","1.8%","393","3.8%","196","8.6%","19","1.3%","615","7.4%","150","11.8%","0","-","113","3.4%","589","4.1%","55","3.7%","152","14.9%","758","11.5%","106","5.0%","1,280","21.7%","51","2.3%","13","0.6%","122","1.9%","60","1.4%","7","0.5%","145","3.4%","393","17.0%","862","4.2%","72","3.6%","260","15.5%","409","15.1%","97","16.9%","3,417","16.3%","1,234","1.4%","47","1.6%","806","1.3%","200","1.1%","31","1.1%","36","2.0%","7","0.4%","544","1.9%","27","0.7%","41","1.2%","1","1.0%","7","1.1%","8","1.6%","78","1.2%","1","0.1%","29","1.9%","8","1.2%","0","0.0%","4","0.6%","63","6.3%","744","18.0%","15","6.3%","2,310","5.1%","208","2.7%","1,146","18.4%","302","23.9%","705","21.0%","1,965","18.2%","1","0.3%","376","1.0%","34","0.7%","5","1.6%","43","1.0%","53","10.0%","0","0.0%","136","10.9%","759","16.1%","386","11.3%","115","6.8%","768","8.2%","193","3.6%","709","6.7%","1,681","26.9%","0","0.0%","31","3.8%","3","0.5%","6","1.8%","109","1.5%","4","0.6%","2","0.4%","25","0.6%","476","12.1%","120","6.2%","596","10.4%","1,013","9.9%","206","3.1%","211","8.5%","730","7.5%","335","25.7%","3,819","6.4%","42","11.7%","39","1.4%","267","3.0%","2","3.4%","7","0.7%","2","0.3%","789","9.0%"
"Two or More Races","33,219","8.6%","833","8.2%","4,154","8.2%","2,345","8.5%","1,306","6.5%","121","4.8%","99","5.4%","93","4.3%","188","5.1%","5,532","7.3%","194","3.5%","34","3.8%","149","4.1%","52","2.8%","175","9.2%","462","6.8%","43","5.4%","336","11.3%","15","2.7%","139","5.4%","1,328","8.7%","148","4.3%","119","4.0%","749","7.0%","651","6.9%","115","11.0%","1,576","10.3%","530","6.6%","117","5.3%","128","6.6%","240","6.9%","1,106","6.6%","129","5.0%","271","4.7%","1,372","6.2%","8,400","7.4%","94","4.9%","79","5.3%","301","4.5%","440","6.0%","165","6.2%","157","7.6%","126","5.5%","17","6.0%","32","8.8%","67","9.4%","5,546","14.0%","401","9.4%","324","12.5%","1,694","8.5%","18,507","12.3%","467","12.3%","480","9.4%","809","14.7%","28","3.7%","0","-","80","4.1%","173","4.2%","9","3.6%","152","5.4%","1,602","10.0%","176","5.1%","177","7.3%","10","10.8%","94","13.5%","19","4.9%","279","4.8%","50","3.4%","65","5.9%","132","5.5%","53","4.1%","31","5.4%","17","4.9%","216","8.9%","2,782","10.7%","149","5.3%","48","4.8%","470","4.5%","90","3.9%","57","3.8%","455","5.5%","57","4.5%","0","-","171","5.2%","1,195","8.3%","66","4.4%","80","7.8%","827","12.6%","136","6.5%","787","13.3%","72","3.3%","136","6.4%","348","5.3%","253","5.9%","95","6.8%","196","4.7%","144","6.2%","1,099","5.3%","75","3.8%","105","6.3%","303","11.2%","107","18.7%","2,885","13.8%","6,196","7.1%","195","6.7%","4,731","7.8%","1,253","6.8%","148","5.5%","82","4.6%","76","4.8%","2,277","8.0%","278","6.9%","167","4.7%","7","6.7%","48","7.3%","24","4.9%","297","4.4%","31","4.5%","92","6.0%","39","6.0%","9","21.4%","34","5.5%","116","11.6%","513","12.4%","14","5.9%","2,542","5.7%","381","5.0%","785","12.6%","171","13.6%","314","9.4%","1,230","11.4%","25","6.7%","2,286","6.2%","259","5.4%","21","6.6%","142","3.3%","28","5.3%","10","3.2%","82","6.6%","573","12.1%","403","11.8%","176","10.3%","1,021","10.8%","478","8.8%","1,129","10.7%","599","9.6%","3","1.6%","82","9.9%","25","4.1%","30","8.9%","449","6.0%","45","6.4%","24","4.9%","245","5.9%","230","5.8%","119","6.1%","520","9.1%","982","9.6%","430","6.5%","164","6.6%","665","6.9%","174","13.3%","5,379","9.1%","42","11.7%","196","7.0%","485","5.5%","1","1.7%","62","6.4%","40","5.4%","806","9.2%"
"TOTAL RACES TALLIED [1]","","","","","","","","","","","","","","","","","","","","","","","","","","","","","","","","","","","","","","","","","","","","","","","","","","","","","","","","","","","","","","","","","","","","","","","","","","","","","","","","","","","","","","","","","","","","","","","","","","","","","","","","","","","","","","","","","","","","","","","","","","","","","","","","","","","","","","","","","","","","","","","","","","","","","","","","","","","","","","","","","","","","","","","","","","","","","","","","","","","","","","","","","","","","","","","","","","","","","","","","","","","","","","","","","","","","","","","","","","","","","","","","","","","","","","","","","","","","","","","","","","","","","","","","","","","","","","","","","","","","","","","","","","","","","","","","","","","","","","","","","","","","","","","","","","","","","","","","","","","","","","","","","","","","","","","","","","","","","","","","","","","","","","","","","","","","","","","","","","","",""
"Total races tallied","421,873","109.1%","11,064","108.7%","54,878","108.7%","30,158","108.9%","21,464","107.0%","2,678","105.3%","1,947","106.0%","2,262","105.7%","3,910","105.3%","81,510","107.8%","5,732","103.9%","944","104.7%","3,817","104.7%","1,883","103.2%","2,081","109.9%","7,323","107.1%","849","105.9%","3,323","111.6%","568","104.0%","2,747","105.8%","16,630","109.1%","3,614","104.5%","3,134","104.2%","11,520","107.3%","10,107","107.2%","1,162","111.3%","16,881","110.8%","8,538","106.9%","2,333","105.7%","2,067","107.0%","3,729","107.5%","17,977","106.9%","2,691","105.3%","6,014","105.1%","23,429","106.4%","122,732","107.8%","2,001","105.3%","1,577","106.3%","7,018","104.7%","7,792","106.5%","2,851","106.4%","2,230","108.3%","2,443","106.5%","304","108.2%","401","110.2%","796","111.6%","45,401","114.6%","4,673","109.8%","2,914","112.7%","21,754","108.9%","169,643","112.9%","4,275","112.7%","5,603","110.1%","6,314","115.0%","796","104.6%","0","-","2,035","104.5%","4,258","104.6%","258","104.5%","2,975","105.6%","17,660","110.6%","3,648","105.3%","2,595","107.6%","107","115.1%","807","115.8%","410","106.5%","6,096","105.5%","1,515","103.7%","1,184","106.7%","2,541","106.0%","1,379","105.4%","603","106.0%","364","105.2%","2,649","109.1%","28,892","111.6%","2,957","105.8%","1,048","105.5%","10,922","104.9%","2,384","104.4%","1,579","104.1%","8,809","105.9%","1,334","104.8%","0","-","3,472","105.5%","15,596","108.7%","1,562","104.8%","1,116","109.3%","7,425","113.0%","2,249","106.7%","6,704","113.7%","2,275","103.9%","2,268","106.7%","6,896","105.8%","4,566","106.2%","1,516","107.8%","4,407","104.9%","2,463","106.6%","21,879","105.6%","2,073","104.1%","1,790","106.8%","3,008","111.4%","685","119.5%","23,920","114.1%","93,335","107.6%","3,098","106.9%","65,694","108.3%","19,654","107.2%","2,876","106.2%","1,867","104.7%","1,666","105.2%","31,040","108.5%","4,334","107.3%","3,690","104.9%","111","106.7%","709","107.3%","509","104.9%","7,038","104.7%","716","104.8%","1,638","106.4%","694","106.6%","57","135.7%","655","106.0%","1,119","112.2%","4,680","113.3%","253","106.8%","47,774","106.2%","8,107","105.5%","7,020","113.0%","1,443","114.4%","3,682","109.6%","12,052","111.8%","397","107.0%","39,288","106.5%","5,138","106.3%","344","107.5%","4,409","103.9%","561","106.0%","328","105.5%","1,334","106.7%","5,326","112.9%","3,829","112.5%","1,892","111.2%","10,468","111.2%","5,895","109.0%","11,743","111.2%","6,889","110.2%","193","102.1%","918","111.1%","641","105.1%","366","108.9%","7,962","106.1%","753","106.4%","510","104.9%","4,396","106.3%","4,192","106.3%","2,085","107.0%","6,269","109.3%","11,232","110.2%","7,031","106.7%","2,660","106.8%","10,351","107.0%","1,486","113.9%","65,023","109.4%","408","113.3%","3,018","107.3%","9,396","105.9%","59","101.7%","1,038","107.1%","785","105.9%","9,645","109.7%"
"White alone or in combination with one or more other races","350,537","90.7%","9,424","92.6%","48,194","95.5%","25,827","93.2%","16,958","84.5%","2,487","97.8%","1,791","97.5%","760","35.5%","3,610","97.2%","68,981","91.2%","5,345","96.9%","884","98.0%","3,581","98.2%","1,791","98.1%","1,300","68.7%","6,623","96.9%","571","71.2%","1,901","63.8%","522","95.6%","2,314","89.1%","13,348","87.6%","3,215","92.9%","411","13.7%","9,500","88.5%","8,764","93.0%","934","89.5%","12,463","81.8%","7,387","92.5%","2,145","97.1%","1,850","95.8%","3,323","95.8%","16,383","97.4%","2,476","96.9%","5,592","97.7%","21,340","97.0%","102,848","90.3%","1,632","85.9%","1,436","96.8%","6,446","96.2%","7,002","95.7%","2,588","96.6%","1,872","90.9%","2,242","97.8%","261","92.9%","353","97.0%","684","95.9%","31,811","80.3%","3,863","90.8%","2,333","90.3%","18,786","94.0%","128,015","85.2%","3,180","83.8%","4,406","86.5%","4,460","81.2%","733","96.3%","0","-","1,845","94.7%","3,962","97.3%","235","95.1%","2,377","84.4%","12,370","77.5%","3,109","89.8%","1,965","81.5%","81","87.1%","506","72.6%","374","97.1%","5,474","94.7%","1,424","97.5%","1,073","96.7%","2,328","97.1%","1,280","97.9%","539","94.7%","319","92.2%","2,097","86.4%","21,942","84.7%","2,730","97.7%","965","97.2%","9,855","94.7%","2,059","90.2%","1,477","97.4%","7,541","90.7%","1,117","87.7%","0","-","3,118","94.8%","13,469","93.9%","1,423","95.5%","856","83.8%","5,659","86.1%","1,970","93.5%","4,517","76.6%","2,080","95.0%","2,085","98.1%","6,241","95.8%","3,895","90.6%","1,383","98.4%","4,001","95.2%","1,868","80.9%","19,502","94.2%","1,883","94.5%","1,400","83.5%","2,273","84.2%","471","82.2%","16,905","80.6%","83,382","96.1%","2,805","96.8%","58,502","96.4%","17,870","97.5%","2,189","80.8%","1,715","96.2%","1,558","98.4%","26,468","92.6%","3,955","97.9%","3,426","97.4%","99","95.2%","638","96.5%","471","97.1%","6,538","97.2%","653","95.6%","1,368","88.9%","626","96.2%","37","88.1%","591","95.6%","914","91.7%","3,279","79.4%","214","90.3%","40,591","90.2%","7,332","95.4%","4,924","79.2%","929","73.7%","2,598","77.4%","8,607","79.8%","364","98.1%","35,262","95.6%","2,931","60.6%","310","96.9%","4,143","97.6%","454","85.8%","4","1.3%","1,087","87.0%","3,879","82.2%","2,930","86.1%","1,562","91.8%","8,332","88.5%","5,114","94.5%","9,554","90.4%","4,443","71.1%","188","99.5%","632","76.5%","601","98.5%","323","96.1%","7,235","96.4%","691","97.6%","481","99.0%","4,035","97.6%","3,372","85.5%","1,818","93.3%","5,063","88.3%","8,984","88.1%","6,262","95.1%","2,249","90.3%","8,791","90.9%","942","72.2%","52,351","88.1%","310","86.1%","2,735","97.3%","8,474","95.5%","56","96.6%","951","98.1%","721","97.3%","7,791","88.6%"
"Black or African American alone or in combination with one or more other races","10,730","2.8%","107","1.1%","599","1.2%","440","1.6%","420","2.1%","17","0.7%","8","0.4%","19","0.9%","22","0.6%","1,367","1.8%","27","0.5%","11","1.2%","22","0.6%","15","0.8%","22","1.2%","29","0.4%","9","1.1%","15","0.5%","1","0.2%","13","0.5%","133","0.9%","10","0.3%","14","0.5%","65","0.6%","77","0.8%","7","0.7%","96","0.6%","51","0.6%","20","0.9%","18","0.9%","38","1.1%","79","0.5%","8","0.3%","31","0.5%","143","0.6%","1,342","1.2%","14","0.7%","12","0.8%","26","0.4%","64","0.9%","24","0.9%","8","0.4%","12","0.5%","4","1.4%","11","3.0%","22","3.1%","577","1.5%","35","0.8%","6","0.2%","175","0.9%","2,436","1.6%","10","0.3%","35","0.7%","43","0.8%","6","0.8%","0","-","10","0.5%","16","0.4%","3","1.2%","8","0.3%","120","0.8%","13","0.4%","10","0.4%","3","3.2%","21","3.0%","11","2.9%","46","0.8%","10","0.7%","20","1.8%","6","0.3%","9","0.7%","4","0.7%","3","0.9%","16","0.7%","1,112","4.3%","15","0.5%","5","0.5%","67","0.6%","2","0.1%","3","0.2%","53","0.6%","1","0.1%","0","-","9","0.3%","86","0.6%","5","0.3%","5","0.5%","48","0.7%","13","0.6%","18","0.3%","28","1.3%","10","0.5%","32","0.5%","23","0.5%","11","0.8%","28","0.7%","12","0.5%","124","0.6%","12","0.6%","7","0.4%","6","0.2%","2","0.3%","120","0.6%","764","0.9%","15","0.5%","564","0.9%","88","0.5%","22","0.8%","5","0.3%","5","0.3%","587","2.1%","19","0.5%","22","0.6%","0","0.0%","5","0.8%","3","0.6%","39","0.6%","1","0.1%","11","0.7%","4","0.6%","2","4.8%","3","0.5%","7","0.7%","27","0.7%","7","3.0%","917","2.0%","66","0.9%","39","0.6%","10","0.8%","11","0.3%","54","0.5%","2","0.5%","392","1.1%","63","1.3%","8","2.5%","18","0.4%","2","0.4%","8","2.6%","4","0.3%","35","0.7%","32","0.9%","5","0.3%","70","0.7%","31","0.6%","71","0.7%","49","0.8%","0","0.0%","10","1.2%","5","0.8%","5","1.5%","26","0.3%","1","0.1%","2","0.4%","26","0.6%","20","0.5%","8","0.4%","37","0.6%","70","0.7%","42","0.6%","14","0.6%","62","0.6%","10","0.8%","1,336","2.2%","2","0.6%","18","0.6%","44","0.5%","0","0.0%","8","0.8%","2","0.3%","79","0.9%"
"American Indian and Alaska Native alone or in combination with one or more other races","10,528","2.7%","260","2.6%","1,240","2.5%","854","3.1%","567","2.8%","95","3.7%","64","3.5%","1,399","65.3%","75","2.0%","3,275","4.3%","131","2.4%","13","1.4%","79","2.2%","32","1.8%","652","34.4%","264","3.9%","217","27.1%","101","3.4%","17","3.1%","79","3.0%","873","5.7%","68","2.0%","2,593","86.2%","296","2.8%","221","2.3%","25","2.4%","436","2.9%","89","1.1%","70","3.2%","81","4.2%","130","3.7%","658","3.9%","83","3.2%","163","2.8%","679","3.1%","3,027","2.7%","32","1.7%","46","3.1%","110","1.6%","305","4.2%","78","2.9%","70","3.4%","73","3.2%","14","5.0%","12","3.3%","35","4.9%","1,682","4.2%","129","3.0%","89","3.4%","652","3.3%","5,507","3.7%","116","3.1%","173","3.4%","235","4.3%","22","2.9%","0","-","27","1.4%","68","1.7%","2","0.8%","39","1.4%","500","3.1%","47","1.4%","45","1.9%","3","3.2%","17","2.4%","10","2.6%","267","4.6%","23","1.6%","48","4.3%","91","3.8%","36","2.8%","26","4.6%","11","3.2%","69","2.8%","1,028","4.0%","59","2.1%","18","1.8%","228","2.2%","43","1.9%","28","1.8%","196","2.4%","26","2.0%","0","-","98","3.0%","582","4.1%","37","2.5%","29","2.8%","252","3.8%","58","2.8%","159","2.7%","61","2.8%","85","4.0%","237","3.6%","466","10.8%","49","3.5%","81","1.9%","42","1.8%","447","2.2%","45","2.3%","27","1.6%","39","1.4%","12","2.1%","805","3.8%","2,936","3.4%","120","4.1%","2,376","3.9%","624","3.4%","538","19.9%","58","3.3%","47","3.0%","949","3.3%","142","3.5%","95","2.7%","4","3.8%","23","3.5%","12","2.5%","210","3.1%","36","5.3%","185","12.0%","31","4.8%","5","11.9%","44","7.1%","44","4.4%","153","3.7%","4","1.7%","714","1.6%","120","1.6%","182","2.9%","46","3.6%","87","2.6%","306","2.8%","18","4.9%","1,637","4.4%","1,990","41.2%","4","1.3%","64","1.5%","21","4.0%","309","99.4%","35","2.8%","175","3.7%","99","2.9%","64","3.8%","385","4.1%","215","4.0%","493","4.7%","181","2.9%","1","0.5%","166","20.1%","8","1.3%","12","3.6%","355","4.7%","25","3.5%","11","2.3%","182","4.4%","80","2.0%","41","2.1%","103","1.8%","359","3.5%","227","3.4%","63","2.5%","227","2.3%","41","3.1%","1,764","3.0%","10","2.8%","91","3.2%","240","2.7%","0","0.0%","37","3.8%","26","3.5%","322","3.7%"
"Asian alone or in combination with one or more other races","18,037","4.7%","667","6.6%","1,438","2.8%","623","2.2%","1,576","7.9%","7","0.3%","22","1.2%","20","0.9%","38","1.0%","2,000","2.6%","49","0.9%","14","1.6%","33","0.9%","10","0.5%","7","0.4%","59","0.9%","8","1.0%","18","0.6%","2","0.4%","14","0.5%","219","1.4%","20","0.6%","10","0.3%","130","1.2%","108","1.1%","5","0.5%","250","1.6%","137","1.7%","7","0.3%","19","1.0%","57","1.6%","155","0.9%","26","1.0%","65","1.1%","321","1.5%","2,371","2.1%","22","1.2%","33","2.2%","59","0.9%","89","1.2%","50","1.9%","36","1.7%","16","0.7%","2","0.7%","11","3.0%","14","2.0%","723","1.8%","65","1.5%","31","1.2%","337","1.7%","3,330","2.2%","63","1.7%","94","1.8%","53","1.0%","8","1.1%","0","-","11","0.6%","22","0.5%","3","1.2%","9","0.3%","202","1.3%","33","1.0%","28","1.2%","2","2.2%","11","1.6%","1","0.3%","65","1.1%","15","1.0%","11","1.0%","16","0.7%","17","1.3%","11","1.9%","3","0.9%","20","0.8%","1,229","4.7%","16","0.6%","10","1.0%","76","0.7%","16","0.7%","22","1.5%","73","0.9%","6","0.5%","0","-","40","1.2%","203","1.4%","8","0.5%","12","1.2%","66","1.0%","12","0.6%","33","0.6%","29","1.3%","17","0.8%","78","1.2%","31","0.7%","22","1.6%","40","1.0%","8","0.3%","239","1.2%","23","1.2%","20","1.2%","14","0.5%","3","0.5%","178","0.8%","1,931","2.2%","22","0.8%","1,176","1.9%","252","1.4%","20","0.7%","23","1.3%","23","1.5%","1,470","5.1%","33","0.8%","32","0.9%","1","1.0%","10","1.5%","0","0.0%","42","0.6%","7","1.0%","15","1.0%","6","0.9%","7","16.7%","1","0.2%","9","0.9%","48","1.2%","6","2.5%","1,381","3.1%","124","1.6%","72","1.2%","10","0.8%","17","0.5%","100","0.9%","3","0.8%","631","1.7%","43","0.9%","5","1.6%","42","1.0%","9","1.7%","5","1.6%","9","0.7%","35","0.7%","39","1.1%","17","1.0%","219","2.3%","77","1.4%","195","1.8%","36","0.6%","1","0.5%","8","1.0%","4","0.7%","4","1.2%","60","0.8%","12","1.7%","2","0.4%","30","0.7%","56","1.4%","15","0.8%","66","1.2%","69","0.7%","45","0.7%","4","0.2%","98","1.0%","3","0.2%","1,960","3.3%","7","1.9%","20","0.7%","93","1.0%","0","0.0%","8","0.8%","7","0.9%","156","1.8%"
"Native Hawaiian and Other Pacific Islander alone or in combination with one or more other races","2,433","0.6%","38","0.4%","256","0.5%","138","0.5%","123","0.6%","3","0.1%","1","0.1%","12","0.6%","5","0.1%","549","0.7%","26","0.5%","1","0.1%","4","0.1%","2","0.1%","10","0.5%","28","0.4%","4","0.5%","4","0.1%","1","0.2%","11","0.4%","54","0.4%","8","0.2%","4","0.1%","22","0.2%","35","0.4%","5","0.5%","42","0.3%","20","0.3%","9","0.4%","9","0.5%","9","0.3%","57","0.3%","21","0.8%","12","0.2%","61","0.3%","430","0.4%","2","0.1%","2","0.1%","26","0.4%","27","0.4%","10","0.4%","5","0.2%","11","0.5%","2","0.7%","3","0.8%","8","1.1%","208","0.5%","11","0.3%","7","0.3%","94","0.5%","1,096","0.7%","12","0.3%","27","0.5%","16","0.3%","7","0.9%","0","-","10","0.5%","29","0.7%","1","0.4%","6","0.2%","68","0.4%","2","0.1%","14","0.6%","2","2.2%","9","1.3%","2","0.5%","14","0.2%","4","0.3%","11","1.0%","14","0.6%","2","0.2%","0","0.0%","0","0.0%","5","0.2%","248","1.0%","11","0.4%","12","1.2%","33","0.3%","9","0.4%","5","0.3%","35","0.4%","2","0.2%","0","-","10","0.3%","67","0.5%","7","0.5%","9","0.9%","20","0.3%","3","0.1%","13","0.2%","3","0.1%","5","0.2%","29","0.4%","12","0.3%","9","0.6%","9","0.2%","5","0.2%","95","0.5%","7","0.4%","2","0.1%","1","0.0%","0","0.0%","61","0.3%","417","0.5%","5","0.2%","296","0.5%","48","0.3%","14","0.5%","3","0.2%","6","0.4%","138","0.5%","12","0.3%","9","0.3%","1","1.0%","0","0.0%","2","0.4%","12","0.2%","6","0.9%","3","0.2%","2","0.3%","4","9.5%","1","0.2%","9","0.9%","23","0.6%","3","1.3%","418","0.9%","46","0.6%","16","0.3%","3","0.2%","16","0.5%","17","0.2%","0","0.0%","141","0.4%","12","0.2%","2","0.6%","14","0.3%","1","0.2%","1","0.3%","5","0.4%","16","0.3%","12","0.4%","6","0.4%","28","0.3%","11","0.2%","37","0.4%","21","0.3%","2","1.1%","4","0.5%","12","2.0%","0","0.0%","12","0.2%","2","0.3%","1","0.2%","9","0.2%","8","0.2%","3","0.2%","9","0.2%","20","0.2%","9","0.1%","9","0.4%","6","0.1%","10","0.8%","329","0.6%","4","1.1%","4","0.1%","27","0.3%","0","0.0%","6","0.6%","5","0.7%","29","0.3%"
"Some Other Race alone or in combination with one or more other races","29,608","7.7%","568","5.6%","3,151","6.2%","2,276","8.2%","1,820","9.1%","69","2.7%","61","3.3%","52","2.4%","160","4.3%","5,338","7.1%","154","2.8%","21","2.3%","98","2.7%","33","1.8%","90","4.8%","320","4.7%","40","5.0%","1,284","43.1%","25","4.6%","316","12.2%","2,003","13.1%","293","8.5%","102","3.4%","1,507","14.0%","902","9.6%","186","17.8%","3,594","23.6%","854","10.7%","82","3.7%","90","4.7%","172","5.0%","645","3.8%","77","3.0%","151","2.6%","885","4.0%","12,714","11.2%","299","15.7%","48","3.2%","351","5.2%","305","4.2%","101","3.8%","239","11.6%","89","3.9%","21","7.5%","11","3.0%","33","4.6%","10,400","26.2%","570","13.4%","448","17.3%","1,710","8.6%","29,259","19.5%","894","23.6%","868","17.0%","1,507","27.4%","20","2.6%","0","-","132","6.8%","161","4.0%","14","5.7%","536","19.0%","4,400","27.6%","444","12.8%","533","22.1%","16","17.2%","243","34.9%","12","3.1%","230","4.0%","39","2.7%","21","1.9%","86","3.6%","35","2.7%","23","4.0%","28","8.1%","442","18.2%","3,333","12.9%","126","4.5%","38","3.8%","663","6.4%","255","11.2%","44","2.9%","911","11.0%","182","14.3%","0","-","197","6.0%","1,189","8.3%","82","5.5%","205","20.1%","1,380","21.0%","193","9.2%","1,964","33.3%","74","3.4%","66","3.1%","279","4.3%","139","3.2%","42","3.0%","248","5.9%","528","22.9%","1,472","7.1%","103","5.2%","334","19.9%","675","25.0%","197","34.4%","5,851","27.9%","3,905","4.5%","131","4.5%","2,780","4.6%","772","4.2%","93","3.4%","63","3.5%","27","1.7%","1,428","5.0%","173","4.3%","106","3.0%","6","5.8%","33","5.0%","21","4.3%","197","2.9%","13","1.9%","56","3.6%","25","3.8%","2","4.8%","15","2.4%","136","13.6%","1,150","27.8%","19","8.0%","3,753","8.3%","419","5.5%","1,787","28.8%","445","35.3%","953","28.4%","2,968","27.5%","10","2.7%","1,225","3.3%","99","2.0%","15","4.7%","128","3.0%","74","14.0%","1","0.3%","194","15.5%","1,186","25.1%","717","21.1%","238","14.0%","1,434","15.2%","447","8.3%","1,393","13.2%","2,159","34.5%","1","0.5%","98","11.9%","11","1.8%","22","6.5%","274","3.7%","22","3.1%","13","2.7%","114","2.8%","656","16.6%","200","10.3%","991","17.3%","1,730","17.0%","446","6.8%","321","12.9%","1,167","12.1%","480","36.8%","7,283","12.3%","75","20.8%","150","5.3%","518","5.8%","3","5.2%","28","2.9%","24","3.2%","1,268","14.4%"
"HISPANIC OR LATINO","","","","","","","","","","","","","","","","","","","","","","","","","","","","","","","","","","","","","","","","","","","","","","","","","","","","","","","","","","","","","","","","","","","","","","","","","","","","","","","","","","","","","","","","","","","","","","","","","","","","","","","","","","","","","","","","","","","","","","","","","","","","","","","","","","","","","","","","","","","","","","","","","","","","","","","","","","","","","","","","","","","","","","","","","","","","","","","","","","","","","","","","","","","","","","","","","","","","","","","","","","","","","","","","","","","","","","","","","","","","","","","","","","","","","","","","","","","","","","","","","","","","","","","","","","","","","","","","","","","","","","","","","","","","","","","","","","","","","","","","","","","","","","","","","","","","","","","","","","","","","","","","","","","","","","","","","","","","","","","","","","","","","","","","","","","","","","","","","","","",""
"Total population","386,541","100.0%","10,180","100.0%","50,480","100.0%","27,700","100.0%","20,066","100.0%","2,543","100.0%","1,836","100.0%","2,141","100.0%","3,713","100.0%","75,647","100.0%","5,517","100.0%","902","100.0%","3,645","100.0%","1,825","100.0%","1,893","100.0%","6,835","100.0%","802","100.0%","2,978","100.0%","546","100.0%","2,596","100.0%","15,243","100.0%","3,459","100.0%","3,009","100.0%","10,735","100.0%","9,426","100.0%","1,044","100.0%","15,242","100.0%","7,986","100.0%","2,208","100.0%","1,932","100.0%","3,470","100.0%","16,821","100.0%","2,555","100.0%","5,723","100.0%","22,011","100.0%","113,877","100.0%","1,900","100.0%","1,484","100.0%","6,703","100.0%","7,318","100.0%","2,679","100.0%","2,059","100.0%","2,293","100.0%","281","100.0%","364","100.0%","713","100.0%","39,620","100.0%","4,255","100.0%","2,585","100.0%","19,977","100.0%","150,293","100.0%","3,794","100.0%","5,091","100.0%","5,490","100.0%","761","100.0%","0","-","1,948","100.0%","4,071","100.0%","247","100.0%","2,816","100.0%","15,963","100.0%","3,464","100.0%","2,412","100.0%","93","100.0%","697","100.0%","385","100.0%","5,778","100.0%","1,461","100.0%","1,110","100.0%","2,398","100.0%","1,308","100.0%","569","100.0%","346","100.0%","2,428","100.0%","25,892","100.0%","2,794","100.0%","993","100.0%","10,407","100.0%","2,283","100.0%","1,517","100.0%","8,315","100.0%","1,273","100.0%","0","-","3,290","100.0%","14,343","100.0%","1,490","100.0%","1,021","100.0%","6,573","100.0%","2,108","100.0%","5,896","100.0%","2,190","100.0%","2,126","100.0%","6,518","100.0%","4,301","100.0%","1,406","100.0%","4,203","100.0%","2,310","100.0%","20,710","100.0%","1,992","100.0%","1,676","100.0%","2,700","100.0%","573","100.0%","20,964","100.0%","86,749","100.0%","2,898","100.0%","60,672","100.0%","18,334","100.0%","2,709","100.0%","1,783","100.0%","1,584","100.0%","28,596","100.0%","4,038","100.0%","3,516","100.0%","104","100.0%","661","100.0%","485","100.0%","6,724","100.0%","683","100.0%","1,539","100.0%","651","100.0%","42","100.0%","618","100.0%","997","100.0%","4,130","100.0%","237","100.0%","44,988","100.0%","7,688","100.0%","6,214","100.0%","1,261","100.0%","3,358","100.0%","10,780","100.0%","371","100.0%","36,886","100.0%","4,833","100.0%","320","100.0%","4,244","100.0%","529","100.0%","311","100.0%","1,250","100.0%","4,718","100.0%","3,403","100.0%","1,702","100.0%","9,414","100.0%","5,409","100.0%","10,563","100.0%","6,253","100.0%","189","100.0%","826","100.0%","610","100.0%","336","100.0%","7,504","100.0%","708","100.0%","486","100.0%","4,135","100.0%","3,945","100.0%","1,949","100.0%","5,736","100.0%","10,197","100.0%","6,587","100.0%","2,491","100.0%","9,676","100.0%","1,305","100.0%","59,430","100.0%","360","100.0%","2,812","100.0%","8,876","100.0%","58","100.0%","969","100.0%","741","100.0%","8,790","100.0%"
"Hispanic or Latino (of any race)","36,054","9.3%","598","5.9%","3,595","7.1%","2,971","10.7%","2,005","10.0%","82","3.2%","70","3.8%","142","6.6%","134","3.6%","7,558","10.0%","159","2.9%","22","2.4%","142","3.9%","44","2.4%","83","4.4%","138","2.0%","33","4.1%","1,417","47.6%","53","9.7%","365","14.1%","2,881","18.9%","363","10.5%","341","11.3%","1,820","17.0%","1,091","11.6%","206","19.7%","4,010","26.3%","805","10.1%","98","4.4%","85","4.4%","141","4.1%","506","3.0%","67","2.6%","121","2.1%","810","3.7%","16,285","14.3%","344","18.1%","48","3.2%","417","6.2%","319","4.4%","128","4.8%","245","11.9%","105","4.6%","29","10.3%","15","4.1%","44","6.2%","13,766","34.7%","717","16.9%","537","20.8%","2,035","10.2%","38,119","25.4%","1,139","30.0%","1,082","21.3%","1,771","32.3%","35","4.6%","0","-","143","7.3%","190","4.7%","16","6.5%","590","21.0%","5,464","34.2%","510","14.7%","622","25.8%","13","14.0%","275","39.5%","7","1.8%","241","4.2%","35","2.4%","17","1.5%","94","3.9%","45","3.4%","17","3.0%","26","7.5%","537","22.1%","4,534","17.5%","138","4.9%","35","3.5%","850","8.2%","296","13.0%","46","3.0%","1,056","12.7%","192","15.1%","0","-","213","6.5%","1,424","9.9%","85","5.7%","253","24.8%","1,757","26.7%","218","10.3%","2,619","44.4%","93","4.2%","56","2.6%","277","4.2%","138","3.2%","47","3.3%","364","8.7%","573","24.8%","1,803","8.7%","119","6.0%","397","23.7%","816","30.2%","237","41.4%","8,123","38.7%","4,491","5.2%","79","2.7%","3,385","5.6%","677","3.7%","124","4.6%","43","2.4%","40","2.5%","1,762","6.2%","124","3.1%","104","3.0%","10","9.6%","44","6.7%","23","4.7%","218","3.2%","29","4.2%","65","4.2%","17","2.6%","4","9.5%","23","3.7%","162","16.2%","1,477","35.8%","27","11.4%","4,668","10.4%","553","7.2%","2,276","36.6%","507","40.2%","1,101","32.8%","4,025","37.3%","6","1.6%","1,468","4.0%","156","3.2%","18","5.6%","160","3.8%","81","15.3%","6","1.9%","230","18.4%","1,463","31.0%","854","25.1%","281","16.5%","1,762","18.7%","545","10.1%","1,961","18.6%","2,520","40.3%","1","0.5%","96","11.6%","7","1.1%","14","4.2%","249","3.3%","21","3.0%","11","2.3%","155","3.7%","727","18.4%","244","12.5%","1,049","18.3%","2,229","21.9%","676","10.3%","383","15.4%","1,495","15.5%","552","42.3%","9,788","16.5%","87","24.2%","104","3.7%","494","5.6%","3","5.2%","18","1.9%","25","3.4%","1,619","18.4%"
"Not Hispanic or Latino","350,487","90.7%","9,582","94.1%","46,885","92.9%","24,729","89.3%","18,061","90.0%","2,461","96.8%","1,766","96.2%","1,999","93.4%","3,579","96.4%","68,089","90.0%","5,358","97.1%","880","97.6%","3,503","96.1%","1,781","97.6%","1,810","95.6%","6,697","98.0%","769","95.9%","1,561","52.4%","493","90.3%","2,231","85.9%","12,362","81.1%","3,096","89.5%","2,668","88.7%","8,915","83.0%","8,335","88.4%","838","80.3%","11,232","73.7%","7,181","89.9%","2,110","95.6%","1,847","95.6%","3,329","95.9%","16,315","97.0%","2,488","97.4%","5,602","97.9%","21,201","96.3%","97,592","85.7%","1,556","81.9%","1,436","96.8%","6,286","93.8%","6,999","95.6%","2,551","95.2%","1,814","88.1%","2,188","95.4%","252","89.7%","349","95.9%","669","93.8%","25,854","65.3%","3,538","83.1%","2,048","79.2%","17,942","89.8%","112,174","74.6%","2,655","70.0%","4,009","78.7%","3,719","67.7%","726","95.4%","0","-","1,805","92.7%","3,881","95.3%","231","93.5%","2,226","79.0%","10,499","65.8%","2,954","85.3%","1,790","74.2%","80","86.0%","422","60.5%","378","98.2%","5,537","95.8%","1,426","97.6%","1,093","98.5%","2,304","96.1%","1,263","96.6%","552","97.0%","320","92.5%","1,891","77.9%","21,358","82.5%","2,656","95.1%","958","96.5%","9,557","91.8%","1,987","87.0%","1,471","97.0%","7,259","87.3%","1,081","84.9%","0","-","3,077","93.5%","12,919","90.1%","1,405","94.3%","768","75.2%","4,816","73.3%","1,890","89.7%","3,277","55.6%","2,097","95.8%","2,070","97.4%","6,241","95.8%","4,163","96.8%","1,359","96.7%","3,839","91.3%","1,737","75.2%","18,907","91.3%","1,873","94.0%","1,279","76.3%","1,884","69.8%","336","58.6%","12,841","61.3%","82,258","94.8%","2,819","97.3%","57,287","94.4%","17,657","96.3%","2,585","95.4%","1,740","97.6%","1,544","97.5%","26,834","93.8%","3,914","96.9%","3,412","97.0%","94","90.4%","617","93.3%","462","95.3%","6,506","96.8%","654","95.8%","1,474","95.8%","634","97.4%","38","90.5%","595","96.3%","835","83.8%","2,653","64.2%","210","88.6%","40,320","89.6%","7,135","92.8%","3,938","63.4%","754","59.8%","2,257","67.2%","6,755","62.7%","365","98.4%","35,418","96.0%","4,677","96.8%","302","94.4%","4,084","96.2%","448","84.7%","305","98.1%","1,020","81.6%","3,255","69.0%","2,549","74.9%","1,421","83.5%","7,652","81.3%","4,864","89.9%","8,602","81.4%","3,733","59.7%","188","99.5%","730","88.4%","603","98.9%","322","95.8%","7,255","96.7%","687","97.0%","475","97.7%","3,980","96.3%","3,218","81.6%","1,705","87.5%","4,687","81.7%","7,968","78.1%","5,911","89.7%","2,108","84.6%","8,181","84.5%","753","57.7%","49,642","83.5%","273","75.8%","2,708","96.3%","8,382","94.4%","55","94.8%","951","98.1%","716","96.6%","7,171","81.6%"
"HISPANIC OR LATINO BY RACE","","","","","","","","","","","","","","","","","","","","","","","","","","","","","","","","","","","","","","","","","","","","","","","","","","","","","","","","","","","","","","","","","","","","","","","","","","","","","","","","","","","","","","","","","","","","","","","","","","","","","","","","","","","","","","","","","","","","","","","","","","","","","","","","","","","","","","","","","","","","","","","","","","","","","","","","","","","","","","","","","","","","","","","","","","","","","","","","","","","","","","","","","","","","","","","","","","","","","","","","","","","","","","","","","","","","","","","","","","","","","","","","","","","","","","","","","","","","","","","","","","","","","","","","","","","","","","","","","","","","","","","","","","","","","","","","","","","","","","","","","","","","","","","","","","","","","","","","","","","","","","","","","","","","","","","","","","","","","","","","","","","","","","","","","","","","","","","","","","","",""
"Total population","386,541","100.0%","10,180","100.0%","50,480","100.0%","27,700","100.0%","20,066","100.0%","2,543","100.0%","1,836","100.0%","2,141","100.0%","3,713","100.0%","75,647","100.0%","5,517","100.0%","902","100.0%","3,645","100.0%","1,825","100.0%","1,893","100.0%","6,835","100.0%","802","100.0%","2,978","100.0%","546","100.0%","2,596","100.0%","15,243","100.0%","3,459","100.0%","3,009","100.0%","10,735","100.0%","9,426","100.0%","1,044","100.0%","15,242","100.0%","7,986","100.0%","2,208","100.0%","1,932","100.0%","3,470","100.0%","16,821","100.0%","2,555","100.0%","5,723","100.0%","22,011","100.0%","113,877","100.0%","1,900","100.0%","1,484","100.0%","6,703","100.0%","7,318","100.0%","2,679","100.0%","2,059","100.0%","2,293","100.0%","281","100.0%","364","100.0%","713","100.0%","39,620","100.0%","4,255","100.0%","2,585","100.0%","19,977","100.0%","150,293","100.0%","3,794","100.0%","5,091","100.0%","5,490","100.0%","761","100.0%","0","-","1,948","100.0%","4,071","100.0%","247","100.0%","2,816","100.0%","15,963","100.0%","3,464","100.0%","2,412","100.0%","93","100.0%","697","100.0%","385","100.0%","5,778","100.0%","1,461","100.0%","1,110","100.0%","2,398","100.0%","1,308","100.0%","569","100.0%","346","100.0%","2,428","100.0%","25,892","100.0%","2,794","100.0%","993","100.0%","10,407","100.0%","2,283","100.0%","1,517","100.0%","8,315","100.0%","1,273","100.0%","0","-","3,290","100.0%","14,343","100.0%","1,490","100.0%","1,021","100.0%","6,573","100.0%","2,108","100.0%","5,896","100.0%","2,190","100.0%","2,126","100.0%","6,518","100.0%","4,301","100.0%","1,406","100.0%","4,203","100.0%","2,310","100.0%","20,710","100.0%","1,992","100.0%","1,676","100.0%","2,700","100.0%","573","100.0%","20,964","100.0%","86,749","100.0%","2,898","100.0%","60,672","100.0%","18,334","100.0%","2,709","100.0%","1,783","100.0%","1,584","100.0%","28,596","100.0%","4,038","100.0%","3,516","100.0%","104","100.0%","661","100.0%","485","100.0%","6,724","100.0%","683","100.0%","1,539","100.0%","651","100.0%","42","100.0%","618","100.0%","997","100.0%","4,130","100.0%","237","100.0%","44,988","100.0%","7,688","100.0%","6,214","100.0%","1,261","100.0%","3,358","100.0%","10,780","100.0%","371","100.0%","36,886","100.0%","4,833","100.0%","320","100.0%","4,244","100.0%","529","100.0%","311","100.0%","1,250","100.0%","4,718","100.0%","3,403","100.0%","1,702","100.0%","9,414","100.0%","5,409","100.0%","10,563","100.0%","6,253","100.0%","189","100.0%","826","100.0%","610","100.0%","336","100.0%","7,504","100.0%","708","100.0%","486","100.0%","4,135","100.0%","3,945","100.0%","1,949","100.0%","5,736","100.0%","10,197","100.0%","6,587","100.0%","2,491","100.0%","9,676","100.0%","1,305","100.0%","59,430","100.0%","360","100.0%","2,812","100.0%","8,876","100.0%","58","100.0%","969","100.0%","741","100.0%","8,790","100.0%"
"Hispanic or Latino","36,054","9.3%","598","5.9%","3,595","7.1%","2,971","10.7%","2,005","10.0%","82","3.2%","70","3.8%","142","6.6%","134","3.6%","7,558","10.0%","159","2.9%","22","2.4%","142","3.9%","44","2.4%","83","4.4%","138","2.0%","33","4.1%","1,417","47.6%","53","9.7%","365","14.1%","2,881","18.9%","363","10.5%","341","11.3%","1,820","17.0%","1,091","11.6%","206","19.7%","4,010","26.3%","805","10.1%","98","4.4%","85","4.4%","141","4.1%","506","3.0%","67","2.6%","121","2.1%","810","3.7%","16,285","14.3%","344","18.1%","48","3.2%","417","6.2%","319","4.4%","128","4.8%","245","11.9%","105","4.6%","29","10.3%","15","4.1%","44","6.2%","13,766","34.7%","717","16.9%","537","20.8%","2,035","10.2%","38,119","25.4%","1,139","30.0%","1,082","21.3%","1,771","32.3%","35","4.6%","0","-","143","7.3%","190","4.7%","16","6.5%","590","21.0%","5,464","34.2%","510","14.7%","622","25.8%","13","14.0%","275","39.5%","7","1.8%","241","4.2%","35","2.4%","17","1.5%","94","3.9%","45","3.4%","17","3.0%","26","7.5%","537","22.1%","4,534","17.5%","138","4.9%","35","3.5%","850","8.2%","296","13.0%","46","3.0%","1,056","12.7%","192","15.1%","0","-","213","6.5%","1,424","9.9%","85","5.7%","253","24.8%","1,757","26.7%","218","10.3%","2,619","44.4%","93","4.2%","56","2.6%","277","4.2%","138","3.2%","47","3.3%","364","8.7%","573","24.8%","1,803","8.7%","119","6.0%","397","23.7%","816","30.2%","237","41.4%","8,123","38.7%","4,491","5.2%","79","2.7%","3,385","5.6%","677","3.7%","124","4.6%","43","2.4%","40","2.5%","1,762","6.2%","124","3.1%","104","3.0%","10","9.6%","44","6.7%","23","4.7%","218","3.2%","29","4.2%","65","4.2%","17","2.6%","4","9.5%","23","3.7%","162","16.2%","1,477","35.8%","27","11.4%","4,668","10.4%","553","7.2%","2,276","36.6%","507","40.2%","1,101","32.8%","4,025","37.3%","6","1.6%","1,468","4.0%","156","3.2%","18","5.6%","160","3.8%","81","15.3%","6","1.9%","230","18.4%","1,463","31.0%","854","25.1%","281","16.5%","1,762","18.7%","545","10.1%","1,961","18.6%","2,520","40.3%","1","0.5%","96","11.6%","7","1.1%","14","4.2%","249","3.3%","21","3.0%","11","2.3%","155","3.7%","727","18.4%","244","12.5%","1,049","18.3%","2,229","21.9%","676","10.3%","383","15.4%","1,495","15.5%","552","42.3%","9,788","16.5%","87","24.2%","104","3.7%","494","5.6%","3","5.2%","18","1.9%","25","3.4%","1,619","18.4%"
"Hispanic or Latino White alone","9,929","2.6%","166","1.6%","978","1.9%","863","3.1%","329","1.6%","40","1.6%","28","1.5%","17","0.8%","38","1.0%","2,359","3.1%","41","0.7%","5","0.6%","44","1.2%","10","0.5%","16","0.8%","58","0.8%","6","0.7%","126","4.2%","30","5.5%","66","2.5%","808","5.3%","83","2.4%","24","0.8%","309","2.9%","247","2.6%","30","2.9%","535","3.5%","88","1.1%","24","1.1%","25","1.3%","44","1.3%","194","1.2%","18","0.7%","56","1.0%","327","1.5%","3,634","3.2%","49","2.6%","8","0.5%","102","1.5%","102","1.4%","40","1.5%","23","1.1%","31","1.4%","5","1.8%","2","0.5%","8","1.1%","3,189","8.0%","194","4.6%","118","4.6%","540","2.7%","9,116","6.1%","285","7.5%","257","5.0%","292","5.3%","12","1.6%","0","-","20","1.0%","81","2.0%","0","0.0%","43","1.5%","1,049","6.6%","88","2.5%","95","3.9%","0","0.0%","35","5.0%","1","0.3%","55","1.0%","22","1.5%","4","0.4%","28","1.2%","21","1.6%","0","0.0%","3","0.9%","117","4.8%","1,372","5.3%","16","0.6%","6","0.6%","185","1.8%","50","2.2%","17","1.1%","186","2.2%","18","1.4%","0","-","50","1.5%","416","2.9%","25","1.7%","50","4.9%","382","5.8%","53","2.5%","698","11.8%","20","0.9%","27","1.3%","66","1.0%","36","0.8%","14","1.0%","114","2.7%","60","2.6%","399","1.9%","14","0.7%","75","4.5%","163","6.0%","41","7.2%","2,055","9.8%","1,697","2.0%","28","1.0%","1,312","2.2%","258","1.4%","36","1.3%","11","0.6%","20","1.3%","701","2.5%","43","1.1%","43","1.2%","5","4.8%","11","1.7%","4","0.8%","86","1.3%","19","2.8%","21","1.4%","7","1.1%","0","0.0%","7","1.1%","29","2.9%","320","7.7%","6","2.5%","1,144","2.5%","138","1.8%","455","7.3%","59","4.7%","139","4.1%","992","9.2%","0","0.0%","639","1.7%","29","0.6%","5","1.6%","49","1.2%","14","2.6%","0","0.0%","44","3.5%","330","7.0%","176","5.2%","62","3.6%","381","4.0%","145","2.7%","665","6.3%","345","5.5%","1","0.5%","9","1.1%","2","0.3%","1","0.3%","112","1.5%","7","1.0%","6","1.2%","85","2.1%","66","1.7%","55","2.8%","151","2.6%","554","5.4%","259","3.9%","78","3.1%","395","4.1%","65","5.0%","2,682","4.5%","13","3.6%","19","0.7%","111","1.3%","0","0.0%","3","0.3%","8","1.1%","442","5.0%"
"Hispanic or Latino Black or African American alone","281","0.1%","1","0.0%","21","0.0%","15","0.1%","7","0.0%","0","0.0%","0","0.0%","0","0.0%","1","0.0%","59","0.1%","0","0.0%","0","0.0%","0","0.0%","0","0.0%","0","0.0%","0","0.0%","0","0.0%","0","0.0%","0","0.0%","1","0.0%","6","0.0%","0","0.0%","0","0.0%","4","0.0%","0","0.0%","0","0.0%","5","0.0%","0","0.0%","2","0.1%","1","0.1%","4","0.1%","1","0.0%","0","0.0%","2","0.0%","0","0.0%","32","0.0%","0","0.0%","1","0.1%","0","0.0%","0","0.0%","0","0.0%","0","0.0%","0","0.0%","0","0.0%","0","0.0%","0","0.0%","31","0.1%","2","0.0%","0","0.0%","10","0.1%","128","0.1%","0","0.0%","0","0.0%","3","0.1%","0","0.0%","0","-","0","0.0%","1","0.0%","0","0.0%","0","0.0%","4","0.0%","0","0.0%","0","0.0%","0","0.0%","7","1.0%","0","0.0%","0","0.0%","0","0.0%","0","0.0%","2","0.1%","0","0.0%","0","0.0%","1","0.3%","1","0.0%","67","0.3%","0","0.0%","0","0.0%","4","0.0%","0","0.0%","0","0.0%","0","0.0%","0","0.0%","0","-","0","0.0%","0","0.0%","1","0.1%","0","0.0%","8","0.1%","0","0.0%","1","0.0%","0","0.0%","1","0.0%","3","0.0%","0","0.0%","0","0.0%","0","0.0%","1","0.0%","11","0.1%","1","0.1%","0","0.0%","2","0.1%","0","0.0%","7","0.0%","22","0.0%","0","0.0%","31","0.1%","5","0.0%","1","0.0%","0","0.0%","1","0.1%","9","0.0%","2","0.0%","2","0.1%","0","0.0%","2","0.3%","0","0.0%","0","0.0%","0","0.0%","0","0.0%","0","0.0%","0","0.0%","0","0.0%","0","0.0%","0","0.0%","0","0.0%","25","0.1%","2","0.0%","4","0.1%","1","0.1%","0","0.0%","7","0.1%","0","0.0%","9","0.0%","0","0.0%","1","0.3%","0","0.0%","0","0.0%","0","0.0%","0","0.0%","0","0.0%","2","0.1%","0","0.0%","6","0.1%","2","0.0%","6","0.1%","3","0.0%","0","0.0%","0","0.0%","0","0.0%","3","0.9%","3","0.0%","0","0.0%","0","0.0%","0","0.0%","1","0.0%","1","0.1%","7","0.1%","1","0.0%","3","0.0%","0","0.0%","2","0.0%","0","0.0%","30","0.1%","0","0.0%","0","0.0%","1","0.0%","0","0.0%","0","0.0%","1","0.1%","4","0.0%"
"Hispanic or Latino American Indian and Alaska Native alone","804","0.2%","26","0.3%","80","0.2%","68","0.2%","27","0.1%","5","0.2%","6","0.3%","69","3.2%","4","0.1%","424","0.6%","7","0.1%","0","0.0%","2","0.1%","5","0.3%","18","1.0%","6","0.1%","8","1.0%","31","1.0%","2","0.4%","12","0.5%","124","0.8%","5","0.1%","208","6.9%","50","0.5%","16","0.2%","1","0.1%","102","0.7%","7","0.1%","3","0.1%","3","0.2%","5","0.1%","13","0.1%","2","0.1%","3","0.1%","21","0.1%","563","0.5%","13","0.7%","2","0.1%","6","0.1%","10","0.1%","10","0.4%","4","0.2%","1","0.0%","2","0.7%","0","0.0%","1","0.1%","388","1.0%","0","0.0%","6","0.2%","43","0.2%","960","0.6%","33","0.9%","21","0.4%","43","0.8%","0","0.0%","0","-","4","0.2%","0","0.0%","0","0.0%","12","0.4%","112","0.7%","8","0.2%","2","0.1%","0","0.0%","0","0.0%","0","0.0%","16","0.3%","0","0.0%","0","0.0%","3","0.1%","0","0.0%","0","0.0%","1","0.3%","10","0.4%","113","0.4%","1","0.0%","1","0.1%","26","0.2%","3","0.1%","0","0.0%","23","0.3%","0","0.0%","0","-","6","0.2%","23","0.2%","2","0.1%","4","0.4%","57","0.9%","3","0.1%","31","0.5%","2","0.1%","0","0.0%","17","0.3%","8","0.2%","0","0.0%","13","0.3%","15","0.6%","40","0.2%","4","0.2%","5","0.3%","6","0.2%","2","0.3%","322","1.5%","99","0.1%","0","0.0%","81","0.1%","11","0.1%","19","0.7%","4","0.2%","2","0.1%","40","0.1%","2","0.0%","4","0.1%","0","0.0%","2","0.3%","0","0.0%","8","0.1%","0","0.0%","2","0.1%","0","0.0%","0","0.0%","1","0.2%","5","0.5%","50","1.2%","0","0.0%","72","0.2%","19","0.2%","53","0.9%","17","1.3%","25","0.7%","95","0.9%","0","0.0%","50","0.1%","59","1.2%","0","0.0%","3","0.1%","1","0.2%","3","1.0%","2","0.2%","25","0.5%","16","0.5%","0","0.0%","94","1.0%","5","0.1%","68","0.6%","41","0.7%","0","0.0%","9","1.1%","0","0.0%","1","0.3%","11","0.1%","2","0.3%","0","0.0%","5","0.1%","35","0.9%","2","0.1%","15","0.3%","74","0.7%","36","0.5%","8","0.3%","23","0.2%","11","0.8%","282","0.5%","1","0.3%","1","0.0%","18","0.2%","0","0.0%","1","0.1%","2","0.3%","35","0.4%"
"Hispanic or Latino Asian alone","230","0.1%","7","0.1%","23","0.0%","17","0.1%","1","0.0%","1","0.0%","2","0.1%","0","0.0%","0","0.0%","49","0.1%","0","0.0%","0","0.0%","0","0.0%","0","0.0%","0","0.0%","4","0.1%","1","0.1%","0","0.0%","0","0.0%","0","0.0%","3","0.0%","0","0.0%","0","0.0%","0","0.0%","5","0.1%","0","0.0%","1","0.0%","0","0.0%","1","0.0%","0","0.0%","0","0.0%","0","0.0%","0","0.0%","0","0.0%","3","0.0%","29","0.0%","2","0.1%","0","0.0%","0","0.0%","2","0.0%","0","0.0%","1","0.0%","0","0.0%","0","0.0%","1","0.3%","0","0.0%","28","0.1%","1","0.0%","0","0.0%","8","0.0%","100","0.1%","2","0.1%","7","0.1%","0","0.0%","2","0.3%","0","-","1","0.1%","1","0.0%","0","0.0%","0","0.0%","3","0.0%","0","0.0%","0","0.0%","0","0.0%","0","0.0%","0","0.0%","0","0.0%","2","0.1%","1","0.1%","1","0.0%","1","0.1%","0","0.0%","0","0.0%","0","0.0%","34","0.1%","0","0.0%","0","0.0%","2","0.0%","1","0.0%","0","0.0%","1","0.0%","0","0.0%","0","-","0","0.0%","0","0.0%","0","0.0%","3","0.3%","1","0.0%","0","0.0%","0","0.0%","1","0.0%","1","0.0%","3","0.0%","1","0.0%","0","0.0%","0","0.0%","1","0.0%","2","0.0%","0","0.0%","3","0.2%","0","0.0%","0","0.0%","17","0.1%","22","0.0%","1","0.0%","21","0.0%","5","0.0%","0","0.0%","0","0.0%","0","0.0%","13","0.0%","0","0.0%","0","0.0%","0","0.0%","2","0.3%","0","0.0%","7","0.1%","1","0.1%","1","0.1%","1","0.2%","0","0.0%","0","0.0%","0","0.0%","0","0.0%","0","0.0%","21","0.0%","5","0.1%","1","0.0%","0","0.0%","0","0.0%","11","0.1%","0","0.0%","9","0.0%","1","0.0%","0","0.0%","2","0.0%","0","0.0%","0","0.0%","1","0.1%","0","0.0%","1","0.0%","1","0.1%","4","0.0%","6","0.1%","9","0.1%","0","0.0%","0","0.0%","0","0.0%","0","0.0%","1","0.3%","1","0.0%","0","0.0%","0","0.0%","2","0.0%","3","0.1%","0","0.0%","0","0.0%","0","0.0%","1","0.0%","0","0.0%","0","0.0%","0","0.0%","27","0.0%","0","0.0%","2","0.1%","4","0.0%","0","0.0%","0","0.0%","0","0.0%","1","0.0%"
"Hispanic or Latino Native Hawaiian and Other Pacific Islander alone","80","0.0%","0","0.0%","7","0.0%","10","0.0%","2","0.0%","0","0.0%","0","0.0%","0","0.0%","1","0.0%","18","0.0%","0","0.0%","0","0.0%","0","0.0%","0","0.0%","0","0.0%","0","0.0%","0","0.0%","0","0.0%","0","0.0%","0","0.0%","1","0.0%","0","0.0%","0","0.0%","0","0.0%","0","0.0%","0","0.0%","0","0.0%","1","0.0%","1","0.0%","1","0.1%","1","0.0%","0","0.0%","0","0.0%","0","0.0%","3","0.0%","8","0.0%","1","0.1%","0","0.0%","0","0.0%","0","0.0%","0","0.0%","0","0.0%","1","0.0%","0","0.0%","0","0.0%","0","0.0%","16","0.0%","0","0.0%","0","0.0%","6","0.0%","49","0.0%","0","0.0%","2","0.0%","6","0.1%","0","0.0%","0","-","0","0.0%","0","0.0%","0","0.0%","0","0.0%","0","0.0%","0","0.0%","1","0.0%","0","0.0%","0","0.0%","0","0.0%","0","0.0%","0","0.0%","0","0.0%","1","0.0%","0","0.0%","0","0.0%","0","0.0%","0","0.0%","8","0.0%","0","0.0%","0","0.0%","0","0.0%","0","0.0%","0","0.0%","1","0.0%","0","0.0%","0","-","0","0.0%","7","0.0%","0","0.0%","0","0.0%","3","0.0%","0","0.0%","0","0.0%","0","0.0%","0","0.0%","0","0.0%","0","0.0%","0","0.0%","0","0.0%","3","0.1%","0","0.0%","1","0.1%","0","0.0%","0","0.0%","0","0.0%","0","0.0%","12","0.0%","0","0.0%","8","0.0%","1","0.0%","0","0.0%","0","0.0%","1","0.1%","10","0.0%","0","0.0%","1","0.0%","0","0.0%","0","0.0%","0","0.0%","0","0.0%","0","0.0%","0","0.0%","0","0.0%","0","0.0%","0","0.0%","0","0.0%","0","0.0%","0","0.0%","10","0.0%","6","0.1%","4","0.1%","0","0.0%","3","0.1%","3","0.0%","0","0.0%","1","0.0%","0","0.0%","0","0.0%","0","0.0%","0","0.0%","0","0.0%","0","0.0%","1","0.0%","0","0.0%","1","0.1%","3","0.0%","1","0.0%","0","0.0%","3","0.0%","0","0.0%","0","0.0%","0","0.0%","0","0.0%","0","0.0%","0","0.0%","0","0.0%","0","0.0%","0","0.0%","0","0.0%","0","0.0%","3","0.0%","1","0.0%","2","0.1%","0","0.0%","0","0.0%","9","0.0%","1","0.3%","0","0.0%","0","0.0%","0","0.0%","0","0.0%","0","0.0%","0","0.0%"
"Hispanic or Latino Some Other Race alone","10,929","2.8%","93","0.9%","695","1.4%","984","3.6%","1,082","5.4%","15","0.6%","14","0.8%","36","1.7%","32","0.9%","2,298","3.0%","55","1.0%","6","0.7%","34","0.9%","4","0.2%","15","0.8%","16","0.2%","10","1.2%","1,005","33.7%","15","2.7%","206","7.9%","1,106","7.3%","181","5.2%","63","2.1%","984","9.2%","474","5.0%","87","8.3%","2,302","15.1%","447","5.6%","13","0.6%","26","1.3%","22","0.6%","85","0.5%","17","0.7%","19","0.3%","116","0.5%","7,101","6.2%","216","11.4%","7","0.5%","171","2.6%","60","0.8%","20","0.7%","148","7.2%","25","1.1%","6","2.1%","0","0.0%","13","1.8%","6,159","15.5%","294","6.9%","220","8.5%","704","3.5%","16,012","10.7%","499","13.2%","546","10.7%","814","14.8%","10","1.3%","0","-","78","4.0%","43","1.1%","9","3.6%","414","14.7%","3,090","19.4%","298","8.6%","381","15.8%","8","8.6%","165","23.7%","2","0.5%","76","1.3%","3","0.2%","2","0.2%","21","0.9%","8","0.6%","10","1.8%","17","4.9%","269","11.1%","1,708","6.6%","42","1.5%","13","1.3%","378","3.6%","187","8.2%","13","0.9%","600","7.2%","146","11.5%","0","-","93","2.8%","530","3.7%","38","2.6%","151","14.8%","741","11.3%","96","4.6%","1,256","21.3%","48","2.2%","4","0.2%","78","1.2%","29","0.7%","0","0.0%","136","3.2%","384","16.6%","787","3.8%","69","3.5%","250","14.9%","401","14.9%","96","16.8%","3,356","16.0%","755","0.9%","14","0.5%","526","0.9%","73","0.4%","23","0.8%","14","0.8%","1","0.1%","386","1.3%","10","0.2%","17","0.5%","0","0.0%","7","1.1%","8","1.6%","41","0.6%","0","0.0%","22","1.4%","4","0.6%","0","0.0%","4","0.6%","61","6.1%","741","17.9%","15","6.3%","2,163","4.8%","190","2.5%","1,128","18.2%","295","23.4%","695","20.7%","1,943","18.0%","0","0.0%","263","0.7%","22","0.5%","5","1.6%","35","0.8%","48","9.1%","0","0.0%","128","10.2%","725","15.4%","370","10.9%","110","6.5%","710","7.5%","171","3.2%","656","6.2%","1,675","26.8%","0","0.0%","17","2.1%","1","0.2%","1","0.3%","43","0.6%","0","0.0%","2","0.4%","17","0.4%","464","11.8%","120","6.2%","571","10.0%","983","9.6%","181","2.7%","200","8.0%","689","7.1%","330","25.3%","3,666","6.2%","40","11.1%","23","0.8%","205","2.3%","2","3.4%","5","0.5%","0","0.0%","740","8.4%"
"Hispanic or Latino Two or More Races","13,801","3.6%","305","3.0%","1,791","3.5%","1,014","3.7%","557","2.8%","21","0.8%","20","1.1%","20","0.9%","58","1.6%","2,351","3.1%","56","1.0%","11","1.2%","62","1.7%","25","1.4%","34","1.8%","54","0.8%","8","1.0%","255","8.6%","6","1.1%","80","3.1%","833","5.5%","94","2.7%","46","1.5%","473","4.4%","349","3.7%","88","8.4%","1,065","7.0%","262","3.3%","54","2.4%","29","1.5%","65","1.9%","213","1.3%","30","1.2%","41","0.7%","340","1.5%","4,918","4.3%","63","3.3%","30","2.0%","138","2.1%","145","2.0%","58","2.2%","69","3.4%","47","2.0%","16","5.7%","12","3.3%","22","3.1%","3,955","10.0%","226","5.3%","193","7.5%","724","3.6%","11,754","7.8%","320","8.4%","249","4.9%","613","11.2%","11","1.4%","0","-","40","2.1%","64","1.6%","7","2.8%","121","4.3%","1,206","7.6%","116","3.3%","143","5.9%","5","5.4%","68","9.8%","4","1.0%","94","1.6%","8","0.5%","10","0.9%","38","1.6%","15","1.1%","7","1.2%","4","1.2%","140","5.8%","1,232","4.8%","79","2.8%","15","1.5%","255","2.5%","55","2.4%","16","1.1%","245","2.9%","28","2.2%","0","-","64","1.9%","448","3.1%","19","1.3%","45","4.4%","565","8.6%","66","3.1%","633","10.7%","22","1.0%","23","1.1%","110","1.7%","64","1.5%","33","2.3%","101","2.4%","109","4.7%","564","2.7%","30","1.5%","64","3.8%","244","9.0%","98","17.1%","2,366","11.3%","1,884","2.2%","36","1.2%","1,406","2.3%","324","1.8%","45","1.7%","14","0.8%","15","0.9%","603","2.1%","67","1.7%","37","1.1%","5","4.8%","20","3.0%","11","2.3%","76","1.1%","9","1.3%","19","1.2%","5","0.8%","4","9.5%","11","1.8%","67","6.7%","366","8.9%","6","2.5%","1,233","2.7%","193","2.5%","631","10.2%","135","10.7%","239","7.1%","974","9.0%","6","1.6%","497","1.3%","45","0.9%","7","2.2%","71","1.7%","18","3.4%","3","1.0%","55","4.4%","382","8.1%","289","8.5%","107","6.3%","564","6.0%","215","4.0%","557","5.3%","453","7.2%","0","0.0%","61","7.4%","4","0.7%","7","2.1%","79","1.1%","12","1.7%","3","0.6%","46","1.1%","158","4.0%","66","3.4%","305","5.3%","614","6.0%","195","3.0%","95","3.8%","386","4.0%","146","11.2%","3,092","5.2%","32","8.9%","59","2.1%","155","1.7%","1","1.7%","9","0.9%","14","1.9%","397","4.5%"
"Not Hispanic or Latino","350,487","90.7%","9,582","94.1%","46,885","92.9%","24,729","89.3%","18,061","90.0%","2,461","96.8%","1,766","96.2%","1,999","93.4%","3,579","96.4%","68,089","90.0%","5,358","97.1%","880","97.6%","3,503","96.1%","1,781","97.6%","1,810","95.6%","6,697","98.0%","769","95.9%","1,561","52.4%","493","90.3%","2,231","85.9%","12,362","81.1%","3,096","89.5%","2,668","88.7%","8,915","83.0%","8,335","88.4%","838","80.3%","11,232","73.7%","7,181","89.9%","2,110","95.6%","1,847","95.6%","3,329","95.9%","16,315","97.0%","2,488","97.4%","5,602","97.9%","21,201","96.3%","97,592","85.7%","1,556","81.9%","1,436","96.8%","6,286","93.8%","6,999","95.6%","2,551","95.2%","1,814","88.1%","2,188","95.4%","252","89.7%","349","95.9%","669","93.8%","25,854","65.3%","3,538","83.1%","2,048","79.2%","17,942","89.8%","112,174","74.6%","2,655","70.0%","4,009","78.7%","3,719","67.7%","726","95.4%","0","-","1,805","92.7%","3,881","95.3%","231","93.5%","2,226","79.0%","10,499","65.8%","2,954","85.3%","1,790","74.2%","80","86.0%","422","60.5%","378","98.2%","5,537","95.8%","1,426","97.6%","1,093","98.5%","2,304","96.1%","1,263","96.6%","552","97.0%","320","92.5%","1,891","77.9%","21,358","82.5%","2,656","95.1%","958","96.5%","9,557","91.8%","1,987","87.0%","1,471","97.0%","7,259","87.3%","1,081","84.9%","0","-","3,077","93.5%","12,919","90.1%","1,405","94.3%","768","75.2%","4,816","73.3%","1,890","89.7%","3,277","55.6%","2,097","95.8%","2,070","97.4%","6,241","95.8%","4,163","96.8%","1,359","96.7%","3,839","91.3%","1,737","75.2%","18,907","91.3%","1,873","94.0%","1,279","76.3%","1,884","69.8%","336","58.6%","12,841","61.3%","82,258","94.8%","2,819","97.3%","57,287","94.4%","17,657","96.3%","2,585","95.4%","1,740","97.6%","1,544","97.5%","26,834","93.8%","3,914","96.9%","3,412","97.0%","94","90.4%","617","93.3%","462","95.3%","6,506","96.8%","654","95.8%","1,474","95.8%","634","97.4%","38","90.5%","595","96.3%","835","83.8%","2,653","64.2%","210","88.6%","40,320","89.6%","7,135","92.8%","3,938","63.4%","754","59.8%","2,257","67.2%","6,755","62.7%","365","98.4%","35,418","96.0%","4,677","96.8%","302","94.4%","4,084","96.2%","448","84.7%","305","98.1%","1,020","81.6%","3,255","69.0%","2,549","74.9%","1,421","83.5%","7,652","81.3%","4,864","89.9%","8,602","81.4%","3,733","59.7%","188","99.5%","730","88.4%","603","98.9%","322","95.8%","7,255","96.7%","687","97.0%","475","97.7%","3,980","96.3%","3,218","81.6%","1,705","87.5%","4,687","81.7%","7,968","78.1%","5,911","89.7%","2,108","84.6%","8,181","84.5%","753","57.7%","49,642","83.5%","273","75.8%","2,708","96.3%","8,382","94.4%","55","94.8%","951","98.1%","716","96.6%","7,171","81.6%"
"Not Hispanic or Latino White alone","308,366","79.8%","8,438","82.9%","43,148","85.5%","22,689","81.9%","15,357","76.5%","2,327","91.5%","1,665","90.7%","670","31.3%","3,388","91.2%","61,276","81.0%","5,113","92.7%","847","93.9%","3,393","93.1%","1,737","95.2%","1,124","59.4%","6,121","89.6%","528","65.8%","1,457","48.9%","477","87.4%","2,112","81.4%","11,265","73.9%","2,993","86.5%","286","9.5%","8,452","78.7%","7,895","83.8%","792","75.9%","10,436","68.5%","6,796","85.1%","2,008","90.9%","1,700","88.0%","3,043","87.7%","15,091","89.7%","2,334","91.4%","5,269","92.1%","19,650","89.3%","91,053","80.0%","1,492","78.5%","1,351","91.0%","6,047","90.2%","6,465","88.3%","2,391","89.2%","1,694","82.3%","2,096","91.4%","240","85.4%","322","88.5%","616","86.4%","23,206","58.6%","3,281","77.1%","1,891","73.2%","16,586","83.0%","100,927","67.2%","2,429","64.0%","3,681","72.3%","3,400","61.9%","699","91.9%","0","-","1,747","89.7%","3,716","91.3%","229","92.7%","2,184","77.6%","9,786","61.3%","2,851","82.3%","1,701","70.5%","74","79.6%","389","55.8%","357","92.7%","5,152","89.2%","1,357","92.9%","1,016","91.5%","2,175","90.7%","1,207","92.3%","511","89.8%","299","86.4%","1,770","72.9%","17,927","69.2%","2,568","91.9%","913","91.9%","9,220","88.6%","1,921","84.1%","1,410","92.9%","6,918","83.2%","1,043","81.9%","0","-","2,906","88.3%","11,889","82.9%","1,337","89.7%","729","71.4%","4,477","68.1%","1,784","84.6%","3,054","51.8%","1,994","91.1%","1,925","90.5%","5,837","89.6%","3,620","84.2%","1,280","91.0%","3,698","88.0%","1,680","72.7%","18,034","87.1%","1,796","90.2%","1,222","72.9%","1,807","66.9%","323","56.4%","12,023","57.4%","75,605","87.2%","2,587","89.3%","52,525","86.6%","16,375","89.3%","2,015","74.4%","1,623","91.0%","1,463","92.4%","23,536","82.3%","3,636","90.0%","3,218","91.5%","87","83.7%","583","88.2%","445","91.8%","6,165","91.7%","607","88.9%","1,263","82.1%","580","89.1%","31","73.8%","550","89.0%","777","77.9%","2,468","59.8%","195","82.3%","36,964","82.2%","6,826","88.8%","3,691","59.4%","705","55.9%","2,151","64.1%","6,399","59.4%","342","92.2%","32,414","87.9%","2,680","55.5%","286","89.4%","3,973","93.6%","412","77.9%","0","0.0%","966","77.3%","2,986","63.3%","2,365","69.5%","1,331","78.2%","6,953","73.9%","4,502","83.2%","7,785","73.7%","3,522","56.3%","184","97.4%","544","65.9%","576","94.4%","292","86.9%","6,679","89.0%","639","90.3%","451","92.8%","3,710","89.7%","3,084","78.2%","1,647","84.5%","4,410","76.9%","7,462","73.2%","5,582","84.7%","2,011","80.7%","7,739","80.0%","705","54.0%","44,413","74.7%","257","71.4%","2,521","89.7%","7,891","88.9%","55","94.8%","888","91.6%","675","91.1%","6,555","74.6%"
"Not Hispanic or Latino Black or African American alone","6,967","1.8%","39","0.4%","242","0.5%","200","0.7%","285","1.4%","3","0.1%","0","0.0%","0","0.0%","7","0.2%","673","0.9%","8","0.1%","3","0.3%","2","0.1%","5","0.3%","3","0.2%","4","0.1%","1","0.1%","3","0.1%","0","0.0%","3","0.1%","53","0.3%","3","0.1%","0","0.0%","24","0.2%","29","0.3%","2","0.2%","30","0.2%","13","0.2%","4","0.2%","7","0.4%","8","0.2%","23","0.1%","3","0.1%","8","0.1%","81","0.4%","572","0.5%","6","0.3%","3","0.2%","12","0.2%","18","0.2%","9","0.3%","0","0.0%","1","0.0%","1","0.4%","0","0.0%","2","0.3%","254","0.6%","19","0.4%","5","0.2%","59","0.3%","1,103","0.7%","0","0.0%","10","0.2%","5","0.1%","0","0.0%","0","-","0","0.0%","0","0.0%","0","0.0%","2","0.1%","51","0.3%","8","0.2%","3","0.1%","0","0.0%","3","0.4%","4","1.0%","28","0.5%","3","0.2%","5","0.5%","1","0.0%","0","0.0%","2","0.4%","0","0.0%","1","0.0%","687","2.7%","4","0.1%","1","0.1%","17","0.2%","2","0.1%","2","0.1%","17","0.2%","0","0.0%","0","-","4","0.1%","25","0.2%","0","0.0%","0","0.0%","8","0.1%","6","0.3%","6","0.1%","21","1.0%","3","0.1%","16","0.2%","12","0.3%","2","0.1%","4","0.1%","4","0.2%","56","0.3%","7","0.4%","2","0.1%","0","0.0%","0","0.0%","39","0.2%","252","0.3%","6","0.2%","180","0.3%","20","0.1%","5","0.2%","1","0.1%","0","0.0%","306","1.1%","7","0.2%","4","0.1%","0","0.0%","1","0.2%","0","0.0%","16","0.2%","0","0.0%","4","0.3%","1","0.2%","0","0.0%","1","0.2%","0","0.0%","6","0.1%","1","0.4%","675","1.5%","33","0.4%","13","0.2%","0","0.0%","2","0.1%","12","0.1%","0","0.0%","168","0.5%","16","0.3%","0","0.0%","2","0.0%","0","0.0%","0","0.0%","2","0.2%","8","0.2%","17","0.5%","1","0.1%","22","0.2%","8","0.1%","22","0.2%","16","0.3%","0","0.0%","1","0.1%","0","0.0%","0","0.0%","7","0.1%","0","0.0%","0","0.0%","8","0.2%","9","0.2%","2","0.1%","5","0.1%","21","0.2%","12","0.2%","5","0.2%","26","0.3%","5","0.4%","951","1.6%","1","0.3%","2","0.1%","14","0.2%","0","0.0%","0","0.0%","0","0.0%","17","0.2%"
"Not Hispanic or Latino American Indian and Alaska Native alone","1,697","0.4%","23","0.2%","164","0.3%","116","0.4%","269","1.3%","16","0.6%","11","0.6%","1,245","58.2%","21","0.6%","1,283","1.7%","51","0.9%","2","0.2%","17","0.5%","6","0.3%","517","27.3%","88","1.3%","191","23.8%","10","0.3%","4","0.7%","24","0.9%","406","2.7%","24","0.7%","2,298","76.4%","81","0.8%","45","0.5%","0","0.0%","31","0.2%","3","0.0%","17","0.8%","17","0.9%","21","0.6%","127","0.8%","9","0.4%","48","0.8%","123","0.6%","639","0.6%","2","0.1%","12","0.8%","24","0.4%","126","1.7%","9","0.3%","10","0.5%","7","0.3%","8","2.8%","0","0.0%","0","0.0%","220","0.6%","12","0.3%","4","0.2%","88","0.4%","745","0.5%","19","0.5%","33","0.6%","55","1.0%","5","0.7%","0","-","6","0.3%","35","0.9%","0","0.0%","6","0.2%","86","0.5%","4","0.1%","26","1.1%","1","1.1%","1","0.1%","0","0.0%","118","2.0%","8","0.5%","7","0.6%","20","0.8%","5","0.4%","7","1.2%","4","1.2%","15","0.6%","215","0.8%","11","0.4%","1","0.1%","63","0.6%","12","0.5%","4","0.3%","51","0.6%","1","0.1%","0","-","25","0.8%","98","0.7%","1","0.1%","1","0.1%","29","0.4%","12","0.6%","28","0.5%","23","1.1%","16","0.8%","66","1.0%","302","7.0%","7","0.5%","20","0.5%","6","0.3%","93","0.4%","7","0.4%","1","0.1%","2","0.1%","3","0.5%","105","0.5%","664","0.8%","25","0.9%","482","0.8%","97","0.5%","447","16.5%","14","0.8%","10","0.6%","185","0.6%","34","0.8%","20","0.6%","2","1.9%","3","0.5%","2","0.4%","39","0.6%","23","3.4%","125","8.1%","14","2.2%","0","0.0%","19","3.1%","5","0.5%","17","0.4%","1","0.4%","146","0.3%","6","0.1%","35","0.6%","3","0.2%","11","0.3%","43","0.4%","3","0.8%","597","1.6%","1,736","35.9%","0","0.0%","14","0.3%","14","2.6%","297","95.5%","11","0.9%","25","0.5%","16","0.5%","11","0.6%","43","0.5%","34","0.6%","86","0.8%","26","0.4%","0","0.0%","146","17.7%","0","0.0%","1","0.3%","92","1.2%","10","1.4%","2","0.4%","40","1.0%","12","0.3%","0","0.0%","13","0.2%","47","0.5%","40","0.6%","9","0.4%","60","0.6%","2","0.2%","340","0.6%","1","0.3%","19","0.7%","35","0.4%","0","0.0%","1","0.1%","9","1.2%","64","0.7%"
"Not Hispanic or Latino Asian alone","10,970","2.8%","492","4.8%","660","1.3%","249","0.9%","1,280","6.4%","1","0.0%","7","0.4%","7","0.3%","18","0.5%","1,107","1.5%","16","0.3%","5","0.6%","2","0.1%","6","0.3%","2","0.1%","23","0.3%","5","0.6%","6","0.2%","2","0.4%","8","0.3%","84","0.6%","6","0.2%","3","0.1%","55","0.5%","28","0.3%","4","0.4%","138","0.9%","69","0.9%","4","0.2%","11","0.6%","21","0.6%","74","0.4%","11","0.4%","22","0.4%","145","0.7%","1,336","1.2%","15","0.8%","16","1.1%","25","0.4%","40","0.5%","16","0.6%","16","0.8%","3","0.1%","0","0.0%","6","1.6%","2","0.3%","323","0.8%","23","0.5%","5","0.2%","102","0.5%","1,436","1.0%","30","0.8%","27","0.5%","27","0.5%","1","0.1%","0","-","4","0.2%","4","0.1%","0","0.0%","2","0.1%","99","0.6%","16","0.5%","14","0.6%","0","0.0%","1","0.1%","0","0.0%","35","0.6%","8","0.5%","2","0.2%","5","0.2%","4","0.3%","6","1.1%","2","0.6%","10","0.4%","754","2.9%","1","0.0%","3","0.3%","24","0.2%","4","0.2%","5","0.3%","32","0.4%","3","0.2%","0","-","14","0.4%","83","0.6%","2","0.1%","1","0.1%","23","0.3%","7","0.3%","9","0.2%","6","0.3%","4","0.2%","37","0.6%","7","0.2%","1","0.1%","10","0.2%","3","0.1%","89","0.4%","13","0.7%","3","0.2%","8","0.3%","0","0.0%","72","0.3%","844","1.0%","9","0.3%","411","0.7%","101","0.6%","6","0.2%","10","0.6%","4","0.3%","935","3.3%","8","0.2%","11","0.3%","1","1.0%","2","0.3%","0","0.0%","25","0.4%","1","0.1%","2","0.1%","1","0.2%","2","4.8%","1","0.2%","1","0.1%","9","0.2%","3","1.3%","870","1.9%","60","0.8%","23","0.4%","1","0.1%","4","0.1%","23","0.2%","0","0.0%","305","0.8%","19","0.4%","2","0.6%","12","0.3%","6","1.1%","1","0.3%","4","0.3%","9","0.2%","18","0.5%","4","0.2%","109","1.2%","33","0.6%","65","0.6%","14","0.2%","0","0.0%","4","0.5%","0","0.0%","1","0.3%","38","0.5%","1","0.1%","1","0.2%","12","0.3%","29","0.7%","3","0.2%","19","0.3%","33","0.3%","17","0.3%","1","0.0%","36","0.4%","2","0.2%","1,313","2.2%","1","0.3%","10","0.4%","45","0.5%","0","0.0%","6","0.6%","3","0.4%","72","0.8%"
"Not Hispanic or Latino Native Hawaiian and Other Pacific Islander alone","1,023","0.3%","5","0.0%","86","0.2%","32","0.1%","73","0.4%","0","0.0%","0","0.0%","0","0.0%","2","0.1%","239","0.3%","8","0.1%","0","0.0%","2","0.1%","0","0.0%","2","0.1%","11","0.2%","2","0.2%","0","0.0%","0","0.0%","7","0.3%","16","0.1%","6","0.2%","3","0.1%","2","0.0%","4","0.0%","4","0.4%","9","0.1%","2","0.0%","1","0.0%","0","0.0%","3","0.1%","7","0.0%","14","0.5%","2","0.0%","16","0.1%","141","0.1%","0","0.0%","0","0.0%","4","0.1%","8","0.1%","1","0.0%","0","0.0%","1","0.0%","1","0.4%","0","0.0%","0","0.0%","72","0.2%","5","0.1%","0","0.0%","19","0.1%","507","0.3%","7","0.2%","4","0.1%","6","0.1%","2","0.3%","0","-","6","0.3%","7","0.2%","0","0.0%","0","0.0%","20","0.1%","0","0.0%","9","0.4%","0","0.0%","0","0.0%","0","0.0%","2","0.0%","0","0.0%","0","0.0%","1","0.0%","0","0.0%","0","0.0%","0","0.0%","3","0.1%","98","0.4%","2","0.1%","2","0.2%","3","0.0%","4","0.2%","3","0.2%","16","0.2%","1","0.1%","0","-","1","0.0%","18","0.1%","1","0.1%","1","0.1%","0","0.0%","1","0.0%","2","0.0%","0","0.0%","0","0.0%","3","0.0%","2","0.0%","0","0.0%","3","0.1%","0","0.0%","25","0.1%","2","0.1%","0","0.0%","0","0.0%","0","0.0%","22","0.1%","102","0.1%","0","0.0%","84","0.1%","8","0.0%","1","0.0%","2","0.1%","0","0.0%","40","0.1%","1","0.0%","5","0.1%","1","1.0%","0","0.0%","2","0.4%","3","0.0%","0","0.0%","0","0.0%","0","0.0%","0","0.0%","1","0.2%","1","0.1%","3","0.1%","2","0.8%","209","0.5%","4","0.1%","4","0.1%","2","0.2%","4","0.1%","0","0.0%","0","0.0%","32","0.1%","0","0.0%","0","0.0%","4","0.1%","1","0.2%","0","0.0%","2","0.2%","2","0.0%","3","0.1%","0","0.0%","10","0.1%","2","0.0%","19","0.2%","3","0.0%","1","0.5%","0","0.0%","4","0.7%","0","0.0%","3","0.0%","0","0.0%","0","0.0%","3","0.1%","0","0.0%","0","0.0%","0","0.0%","7","0.1%","0","0.0%","2","0.1%","0","0.0%","6","0.5%","185","0.3%","1","0.3%","3","0.1%","5","0.1%","0","0.0%","1","0.1%","1","0.1%","5","0.1%"
"Not Hispanic or Latino Some Other Race alone","2,046","0.5%","57","0.6%","222","0.4%","112","0.4%","48","0.2%","14","0.6%","4","0.2%","4","0.2%","13","0.4%","330","0.4%","24","0.4%","0","0.0%","0","0.0%","0","0.0%","21","1.1%","42","0.6%","7","0.9%","4","0.1%","1","0.2%","18","0.7%","43","0.3%","10","0.3%","5","0.2%","25","0.2%","32","0.3%","9","0.9%","77","0.5%","30","0.4%","13","0.6%","13","0.7%","58","1.7%","100","0.6%","18","0.7%","23","0.4%","154","0.7%","369","0.3%","10","0.5%","5","0.3%","11","0.2%","47","0.6%","18","0.7%","6","0.3%","1","0.0%","1","0.4%","1","0.3%","4","0.6%","188","0.5%","23","0.5%","12","0.5%","118","0.6%","703","0.5%","23","0.6%","23","0.5%","30","0.5%","2","0.3%","0","-","2","0.1%","10","0.2%","0","0.0%","1","0.0%","61","0.4%","15","0.4%","3","0.1%","0","0.0%","2","0.3%","2","0.5%","17","0.3%","8","0.5%","8","0.7%","8","0.3%","9","0.7%","2","0.4%","2","0.6%","16","0.7%","127","0.5%","0","0.0%","5","0.5%","15","0.1%","9","0.4%","6","0.4%","15","0.2%","4","0.3%","0","-","20","0.6%","59","0.4%","17","1.1%","1","0.1%","17","0.3%","10","0.5%","24","0.4%","3","0.1%","9","0.4%","44","0.7%","31","0.7%","7","0.5%","9","0.2%","9","0.4%","75","0.4%","3","0.2%","10","0.6%","8","0.3%","1","0.2%","61","0.3%","479","0.6%","33","1.1%","280","0.5%","127","0.7%","8","0.3%","22","1.2%","6","0.4%","158","0.6%","17","0.4%","24","0.7%","1","1.0%","0","0.0%","0","0.0%","37","0.6%","1","0.1%","7","0.5%","4","0.6%","0","0.0%","0","0.0%","2","0.2%","3","0.1%","0","0.0%","147","0.3%","18","0.2%","18","0.3%","7","0.6%","10","0.3%","22","0.2%","1","0.3%","113","0.3%","12","0.2%","0","0.0%","8","0.2%","5","0.9%","0","0.0%","8","0.6%","34","0.7%","16","0.5%","5","0.3%","58","0.6%","22","0.4%","53","0.5%","6","0.1%","0","0.0%","14","1.7%","2","0.3%","5","1.5%","66","0.9%","4","0.6%","0","0.0%","8","0.2%","12","0.3%","0","0.0%","25","0.4%","30","0.3%","25","0.4%","11","0.4%","41","0.4%","5","0.4%","153","0.3%","2","0.6%","16","0.6%","62","0.7%","0","0.0%","2","0.2%","2","0.3%","49","0.6%"
"Not Hispanic or Latino Two or More Races","19,418","5.0%","528","5.2%","2,363","4.7%","1,331","4.8%","749","3.7%","100","3.9%","79","4.3%","73","3.4%","130","3.5%","3,181","4.2%","138","2.5%","23","2.5%","87","2.4%","27","1.5%","141","7.4%","408","6.0%","35","4.4%","81","2.7%","9","1.6%","59","2.3%","495","3.2%","54","1.6%","73","2.4%","276","2.6%","302","3.2%","27","2.6%","511","3.4%","268","3.4%","63","2.9%","99","5.1%","175","5.0%","893","5.3%","99","3.9%","230","4.0%","1,032","4.7%","3,482","3.1%","31","1.6%","49","3.3%","163","2.4%","295","4.0%","107","4.0%","88","4.3%","79","3.4%","1","0.4%","20","5.5%","45","6.3%","1,591","4.0%","175","4.1%","131","5.1%","970","4.9%","6,753","4.5%","147","3.9%","231","4.5%","196","3.6%","17","2.2%","0","-","40","2.1%","109","2.7%","2","0.8%","31","1.1%","396","2.5%","60","1.7%","34","1.4%","5","5.4%","26","3.7%","15","3.9%","185","3.2%","42","2.9%","55","5.0%","94","3.9%","38","2.9%","24","4.2%","13","3.8%","76","3.1%","1,550","6.0%","70","2.5%","33","3.3%","215","2.1%","35","1.5%","41","2.7%","210","2.5%","29","2.3%","0","-","107","3.3%","747","5.2%","47","3.2%","35","3.4%","262","4.0%","70","3.3%","154","2.6%","50","2.3%","113","5.3%","238","3.7%","189","4.4%","62","4.4%","95","2.3%","35","1.5%","535","2.6%","45","2.3%","41","2.4%","59","2.2%","9","1.6%","519","2.5%","4,312","5.0%","159","5.5%","3,325","5.5%","929","5.1%","103","3.8%","68","3.8%","61","3.9%","1,674","5.9%","211","5.2%","130","3.7%","2","1.9%","28","4.2%","13","2.7%","221","3.3%","22","3.2%","73","4.7%","34","5.2%","5","11.9%","23","3.7%","49","4.9%","147","3.6%","8","3.4%","1,309","2.9%","188","2.4%","154","2.5%","36","2.9%","75","2.2%","256","2.4%","19","5.1%","1,789","4.9%","214","4.4%","14","4.4%","71","1.7%","10","1.9%","7","2.3%","27","2.2%","191","4.0%","114","3.3%","69","4.1%","457","4.9%","263","4.9%","572","5.4%","146","2.3%","3","1.6%","21","2.5%","21","3.4%","23","6.8%","370","4.9%","33","4.7%","21","4.3%","199","4.8%","72","1.8%","53","2.7%","215","3.7%","368","3.6%","235","3.6%","69","2.8%","279","2.9%","28","2.1%","2,287","3.8%","10","2.8%","137","4.9%","330","3.7%","0","0.0%","53","5.5%","26","3.5%","409","4.7%"
"RELATIONSHIP","","","","","","","","","","","","","","","","","","","","","","","","","","","","","","","","","","","","","","","","","","","","","","","","","","","","","","","","","","","","","","","","","","","","","","","","","","","","","","","","","","","","","","","","","","","","","","","","","","","","","","","","","","","","","","","","","","","","","","","","","","","","","","","","","","","","","","","","","","","","","","","","","","","","","","","","","","","","","","","","","","","","","","","","","","","","","","","","","","","","","","","","","","","","","","","","","","","","","","","","","","","","","","","","","","","","","","","","","","","","","","","","","","","","","","","","","","","","","","","","","","","","","","","","","","","","","","","","","","","","","","","","","","","","","","","","","","","","","","","","","","","","","","","","","","","","","","","","","","","","","","","","","","","","","","","","","","","","","","","","","","","","","","","","","","","","","","","","","","","",""
"Total population","386,541","100.0%","10,180","100.0%","50,480","100.0%","27,700","100.0%","20,066","100.0%","2,543","100.0%","1,836","100.0%","2,141","100.0%","3,713","100.0%","75,647","100.0%","5,517","100.0%","902","100.0%","3,645","100.0%","1,825","100.0%","1,893","100.0%","6,835","100.0%","802","100.0%","2,978","100.0%","546","100.0%","2,596","100.0%","15,243","100.0%","3,459","100.0%","3,009","100.0%","10,735","100.0%","9,426","100.0%","1,044","100.0%","15,242","100.0%","7,986","100.0%","2,208","100.0%","1,932","100.0%","3,470","100.0%","16,821","100.0%","2,555","100.0%","5,723","100.0%","22,011","100.0%","113,877","100.0%","1,900","100.0%","1,484","100.0%","6,703","100.0%","7,318","100.0%","2,679","100.0%","2,059","100.0%","2,293","100.0%","281","100.0%","364","100.0%","713","100.0%","39,620","100.0%","4,255","100.0%","2,585","100.0%","19,977","100.0%","150,293","100.0%","3,794","100.0%","5,091","100.0%","5,490","100.0%","761","100.0%","0","-","1,948","100.0%","4,071","100.0%","247","100.0%","2,816","100.0%","15,963","100.0%","3,464","100.0%","2,412","100.0%","93","100.0%","697","100.0%","385","100.0%","5,778","100.0%","1,461","100.0%","1,110","100.0%","2,398","100.0%","1,308","100.0%","569","100.0%","346","100.0%","2,428","100.0%","25,892","100.0%","2,794","100.0%","993","100.0%","10,407","100.0%","2,283","100.0%","1,517","100.0%","8,315","100.0%","1,273","100.0%","0","-","3,290","100.0%","14,343","100.0%","1,490","100.0%","1,021","100.0%","6,573","100.0%","2,108","100.0%","5,896","100.0%","2,190","100.0%","2,126","100.0%","6,518","100.0%","4,301","100.0%","1,406","100.0%","4,203","100.0%","2,310","100.0%","20,710","100.0%","1,992","100.0%","1,676","100.0%","2,700","100.0%","573","100.0%","20,964","100.0%","86,749","100.0%","2,898","100.0%","60,672","100.0%","18,334","100.0%","2,709","100.0%","1,783","100.0%","1,584","100.0%","28,596","100.0%","4,038","100.0%","3,516","100.0%","104","100.0%","661","100.0%","485","100.0%","6,724","100.0%","683","100.0%","1,539","100.0%","651","100.0%","42","100.0%","618","100.0%","997","100.0%","4,130","100.0%","237","100.0%","44,988","100.0%","7,688","100.0%","6,214","100.0%","1,261","100.0%","3,358","100.0%","10,780","100.0%","371","100.0%","36,886","100.0%","4,833","100.0%","320","100.0%","4,244","100.0%","529","100.0%","311","100.0%","1,250","100.0%","4,718","100.0%","3,403","100.0%","1,702","100.0%","9,414","100.0%","5,409","100.0%","10,563","100.0%","6,253","100.0%","189","100.0%","826","100.0%","610","100.0%","336","100.0%","7,504","100.0%","708","100.0%","486","100.0%","4,135","100.0%","3,945","100.0%","1,949","100.0%","5,736","100.0%","10,197","100.0%","6,587","100.0%","2,491","100.0%","9,676","100.0%","1,305","100.0%","59,430","100.0%","360","100.0%","2,812","100.0%","8,876","100.0%","58","100.0%","969","100.0%","741","100.0%","8,790","100.0%"
"In households","379,023","98.1%","10,100","99.2%","50,106","99.3%","27,647","99.8%","14,632","72.9%","2,519","99.1%","1,836","100.0%","2,141","100.0%","3,713","100.0%","73,441","97.1%","5,483","99.4%","902","100.0%","3,592","98.5%","1,825","100.0%","1,888","99.7%","6,771","99.1%","802","100.0%","2,978","100.0%","546","100.0%","2,596","100.0%","14,846","97.4%","3,459","100.0%","2,964","98.5%","10,705","99.7%","9,389","99.6%","1,044","100.0%","14,889","97.7%","7,970","99.8%","2,178","98.6%","1,932","100.0%","3,470","100.0%","16,794","99.8%","2,539","99.4%","5,723","100.0%","21,528","97.8%","112,225","98.5%","1,900","100.0%","1,484","100.0%","6,703","100.0%","7,218","98.6%","2,677","99.9%","2,038","99.0%","2,288","99.8%","271","96.4%","364","100.0%","713","100.0%","38,423","97.0%","4,255","100.0%","2,585","100.0%","19,948","99.9%","148,320","98.7%","3,794","100.0%","5,081","99.8%","5,490","100.0%","761","100.0%","0","-","1,948","100.0%","3,976","97.7%","247","100.0%","2,816","100.0%","15,613","97.8%","3,456","99.8%","2,412","100.0%","93","100.0%","696","99.9%","381","99.0%","5,098","88.2%","1,461","100.0%","1,110","100.0%","2,368","98.7%","1,283","98.1%","513","90.2%","338","97.7%","2,420","99.7%","24,819","95.9%","2,790","99.9%","993","100.0%","10,323","99.2%","2,255","98.8%","1,510","99.5%","7,896","95.0%","1,273","100.0%","0","-","3,285","99.8%","14,111","98.4%","1,463","98.2%","1,020","99.9%","6,506","99.0%","2,103","99.8%","5,848","99.2%","1,755","80.1%","2,125","100.0%","6,487","99.5%","4,279","99.5%","1,406","100.0%","4,203","100.0%","2,305","99.8%","20,533","99.1%","1,992","100.0%","1,676","100.0%","2,692","99.7%","573","100.0%","20,763","99.0%","85,378","98.4%","2,883","99.5%","60,284","99.4%","18,329","100.0%","2,709","100.0%","1,783","100.0%","1,584","100.0%","25,940","90.7%","4,038","100.0%","3,516","100.0%","104","100.0%","648","98.0%","485","100.0%","6,661","99.1%","683","100.0%","1,539","100.0%","647","99.4%","42","100.0%","515","83.3%","997","100.0%","4,088","99.0%","228","96.2%","30,611","68.0%","7,319","95.2%","6,214","100.0%","1,261","100.0%","3,358","100.0%","10,693","99.2%","371","100.0%","35,814","97.1%","4,779","98.9%","320","100.0%","4,199","98.9%","529","100.0%","311","100.0%","1,220","97.6%","4,654","98.6%","3,353","98.5%","1,674","98.4%","9,357","99.4%","5,390","99.6%","10,457","99.0%","6,194","99.1%","189","100.0%","817","98.9%","610","100.0%","320","95.2%","7,407","98.7%","708","100.0%","486","100.0%","4,057","98.1%","3,937","99.8%","1,949","100.0%","5,717","99.7%","10,115","99.2%","6,578","99.9%","2,491","100.0%","9,557","98.8%","1,295","99.2%","57,947","97.5%","360","100.0%","2,753","97.9%","8,792","99.1%","58","100.0%","960","99.1%","741","100.0%","8,652","98.4%"
"Householder","150,648","39.0%","3,657","35.9%","18,885","37.4%","8,968","32.4%","5,330","26.6%","1,123","44.2%","819","44.6%","728","34.0%","1,345","36.2%","28,367","37.5%","2,057","37.3%","307","34.0%","1,413","38.8%","708","38.8%","692","36.6%","2,859","41.8%","326","40.6%","1,016","34.1%","187","34.2%","834","32.1%","5,427","35.6%","1,168","33.8%","940","31.2%","3,388","31.6%","2,951","31.3%","357","34.2%","5,890","38.6%","3,965","49.6%","1,024","46.4%","818","42.3%","1,516","43.7%","6,829","40.6%","1,158","45.3%","2,470","43.2%","9,154","41.6%","39,360","34.6%","660","34.7%","613","41.3%","2,076","31.0%","2,883","39.4%","1,066","39.8%","820","39.8%","944","41.2%","111","39.5%","168","46.2%","316","44.3%","13,543","34.2%","1,401","32.9%","843","32.6%","6,552","32.8%","50,732","33.8%","1,203","31.7%","1,731","34.0%","1,855","33.8%","278","36.5%","0","-","691","35.5%","1,551","38.1%","96","38.9%","938","33.3%","5,419","33.9%","1,107","32.0%","746","30.9%","40","43.0%","271","38.9%","189","49.1%","2,303","39.9%","649","44.4%","498","44.9%","1,111","46.3%","563","43.0%","277","48.7%","182","52.6%","991","40.8%","9,497","36.7%","796","28.5%","334","33.6%","3,451","33.2%","871","38.2%","689","45.4%","2,698","32.4%","432","33.9%","0","-","1,233","37.5%","5,369","37.4%","579","38.9%","363","35.6%","2,392","36.4%","926","43.9%","1,959","33.2%","697","31.8%","980","46.1%","2,783","42.7%","1,839","42.8%","713","50.7%","1,414","33.6%","730","31.6%","6,245","30.2%","665","33.4%","539","32.2%","962","35.6%","188","32.8%","6,965","33.2%","35,232","40.6%","1,283","44.3%","22,744","37.5%","6,923","37.8%","1,112","41.0%","707","39.7%","600","37.9%","11,669","40.8%","1,602","39.7%","1,477","42.0%","48","46.2%","279","42.2%","247","50.9%","3,059","45.5%","295","43.2%","711","46.2%","278","42.7%","16","38.1%","243","39.3%","363","36.4%","1,424","34.5%","67","28.3%","10,480","23.3%","2,160","28.1%","2,243","36.1%","381","30.2%","1,189","35.4%","3,822","35.5%","174","46.9%","15,244","41.3%","1,795","37.1%","126","39.4%","1,559","36.7%","215","40.6%","101","32.5%","481","38.5%","1,587","33.6%","1,186","34.9%","641","37.7%","3,338","35.5%","1,877","34.7%","4,021","38.1%","2,126","34.0%","72","38.1%","300","36.3%","187","30.7%","149","44.3%","3,265","43.5%","349","49.3%","242","49.8%","1,833","44.3%","1,505","38.1%","730","37.5%","2,131","37.2%","3,869","37.9%","2,340","35.5%","892","35.8%","3,162","32.7%","362","27.7%","21,975","37.0%","153","42.5%","1,309","46.6%","3,795","42.8%","36","62.1%","423","43.7%","317","42.8%","3,356","38.2%"
"Opposite-sex spouse","73,762","19.1%","2,658","26.1%","12,144","24.1%","5,690","20.5%","3,331","16.6%","608","23.9%","473","25.8%","269","12.6%","919","24.8%","13,408","17.7%","1,252","22.7%","219","24.3%","767","21.0%","463","25.4%","304","16.1%","1,521","22.3%","151","18.8%","598","20.1%","120","22.0%","578","22.3%","2,685","17.6%","772","22.3%","283","9.4%","2,291","21.3%","1,959","20.8%","219","21.0%","3,051","20.0%","1,826","22.9%","576","26.1%","439","22.7%","871","25.1%","4,131","24.6%","594","23.2%","1,372","24.0%","4,572","20.8%","21,639","19.0%","441","23.2%","362","24.4%","1,479","22.1%","1,572","21.5%","621","23.2%","484","23.5%","477","20.8%","72","25.6%","95","26.1%","143","20.1%","6,813","17.2%","971","22.8%","560","21.7%","4,388","22.0%","27,723","18.4%","690","18.2%","1,021","20.1%","1,164","21.2%","177","23.3%","0","-","454","23.3%","850","20.9%","62","25.1%","641","22.8%","2,792","17.5%","759","21.9%","500","20.7%","21","22.6%","127","18.2%","92","23.9%","1,162","20.1%","410","28.1%","262","23.6%","568","23.7%","331","25.3%","118","20.7%","82","23.7%","506","20.8%","5,105","19.7%","600","21.5%","244","24.6%","2,304","22.1%","514","22.5%","434","28.6%","1,705","20.5%","294","23.1%","0","-","829","25.2%","2,796","19.5%","390","26.2%","204","20.0%","1,232","18.7%","486","23.1%","1,054","17.9%","378","17.3%","541","25.4%","1,436","22.0%","963","22.4%","323","23.0%","966","23.0%","444","19.2%","4,308","20.8%","421","21.1%","369","22.0%","545","20.2%","119","20.8%","3,733","17.8%","17,773","20.5%","813","28.1%","12,324","20.3%","4,567","24.9%","653","24.1%","440","24.7%","383","24.2%","4,435","15.5%","991","24.5%","835","23.7%","25","24.0%","148","22.4%","116","23.9%","1,516","22.5%","172","25.2%","279","18.1%","132","20.3%","4","9.5%","134","21.7%","200","20.1%","781","18.9%","49","20.7%","7,420","16.5%","1,617","21.0%","1,179","19.0%","247","19.6%","693","20.6%","2,063","19.1%","86","23.2%","7,107","19.3%","891","18.4%","64","20.0%","935","22.0%","117","22.1%","26","8.4%","244","19.5%","853","18.1%","715","21.0%","360","21.2%","1,956","20.8%","1,188","22.0%","2,013","19.1%","1,199","19.2%","50","26.5%","162","19.6%","145","23.8%","66","19.6%","1,478","19.7%","146","20.6%","130","26.7%","802","19.4%","765","19.4%","447","22.9%","1,207","21.0%","2,056","20.2%","1,415","21.5%","578","23.2%","1,970","20.4%","221","16.9%","10,626","17.9%","65","18.1%","725","25.8%","2,094","23.6%","15","25.9%","239","24.7%","186","25.1%","1,758","20.0%"
"Same-sex spouse","725","0.2%","18","0.2%","64","0.1%","34","0.1%","26","0.1%","5","0.2%","1","0.1%","0","0.0%","4","0.1%","121","0.2%","12","0.2%","2","0.2%","3","0.1%","1","0.1%","2","0.1%","1","0.0%","0","0.0%","7","0.2%","0","0.0%","0","0.0%","17","0.1%","2","0.1%","1","0.0%","10","0.1%","9","0.1%","2","0.2%","27","0.2%","7","0.1%","0","0.0%","2","0.1%","2","0.1%","23","0.1%","2","0.1%","2","0.0%","13","0.1%","120","0.1%","2","0.1%","0","0.0%","4","0.1%","11","0.2%","4","0.1%","5","0.2%","3","0.1%","0","0.0%","0","0.0%","0","0.0%","60","0.2%","2","0.0%","1","0.0%","20","0.1%","183","0.1%","5","0.1%","2","0.0%","3","0.1%","0","0.0%","0","-","1","0.1%","3","0.1%","0","0.0%","2","0.1%","5","0.0%","1","0.0%","1","0.0%","1","1.1%","2","0.3%","0","0.0%","2","0.0%","0","0.0%","0","0.0%","2","0.1%","1","0.1%","0","0.0%","1","0.3%","2","0.1%","35","0.1%","4","0.1%","0","0.0%","4","0.0%","0","0.0%","3","0.2%","7","0.1%","3","0.2%","0","-","6","0.2%","8","0.1%","0","0.0%","1","0.1%","10","0.2%","1","0.0%","7","0.1%","0","0.0%","2","0.1%","6","0.1%","0","0.0%","2","0.1%","3","0.1%","0","0.0%","10","0.0%","1","0.1%","2","0.1%","1","0.0%","0","0.0%","22","0.1%","80","0.1%","5","0.2%","77","0.1%","12","0.1%","3","0.1%","2","0.1%","4","0.3%","45","0.2%","5","0.1%","5","0.1%","0","0.0%","0","0.0%","0","0.0%","5","0.1%","0","0.0%","2","0.1%","0","0.0%","0","0.0%","0","0.0%","0","0.0%","1","0.0%","0","0.0%","3","0.0%","1","0.0%","6","0.1%","0","0.0%","2","0.1%","7","0.1%","0","0.0%","13","0.0%","4","0.1%","1","0.3%","1","0.0%","0","0.0%","0","0.0%","3","0.2%","1","0.0%","1","0.0%","1","0.1%","5","0.1%","1","0.0%","11","0.1%","2","0.0%","0","0.0%","2","0.2%","0","0.0%","0","0.0%","5","0.1%","2","0.3%","0","0.0%","3","0.1%","6","0.2%","1","0.1%","5","0.1%","10","0.1%","3","0.0%","0","0.0%","5","0.1%","2","0.2%","78","0.1%","1","0.3%","0","0.0%","11","0.1%","0","0.0%","5","0.5%","0","0.0%","9","0.1%"
"Opposite-sex unmarried partner","10,758","2.8%","136","1.3%","808","1.6%","713","2.6%","296","1.5%","74","2.9%","50","2.7%","50","2.3%","41","1.1%","2,151","2.8%","71","1.3%","14","1.6%","56","1.5%","19","1.0%","45","2.4%","196","2.9%","29","3.6%","37","1.2%","12","2.2%","35","1.3%","374","2.5%","39","1.1%","101","3.4%","148","1.4%","117","1.2%","23","2.2%","407","2.7%","229","2.9%","47","2.1%","52","2.7%","105","3.0%","401","2.4%","82","3.2%","158","2.8%","557","2.5%","2,306","2.0%","30","1.6%","21","1.4%","77","1.1%","125","1.7%","53","2.0%","31","1.5%","44","1.9%","3","1.1%","17","4.7%","29","4.1%","1,037","2.6%","63","1.5%","34","1.3%","336","1.7%","3,869","2.6%","79","2.1%","129","2.5%","107","1.9%","8","1.1%","0","-","27","1.4%","64","1.6%","1","0.4%","31","1.1%","374","2.3%","31","0.9%","28","1.2%","1","1.1%","13","1.9%","9","2.3%","180","3.1%","31","2.1%","43","3.9%","57","2.4%","18","1.4%","14","2.5%","9","2.6%","50","2.1%","584","2.3%","24","0.9%","5","0.5%","121","1.2%","33","1.4%","24","1.6%","113","1.4%","14","1.1%","0","-","54","1.6%","343","2.4%","37","2.5%","27","2.6%","167","2.5%","52","2.5%","115","2.0%","45","2.1%","62","2.9%","151","2.3%","100","2.3%","49","3.5%","35","0.8%","24","1.0%","252","1.2%","23","1.2%","14","0.8%","51","1.9%","3","0.5%","625","3.0%","2,329","2.7%","42","1.4%","1,590","2.6%","355","1.9%","57","2.1%","37","2.1%","33","2.1%","914","3.2%","75","1.9%","86","2.4%","5","4.8%","9","1.4%","14","2.9%","177","2.6%","18","2.6%","35","2.3%","17","2.6%","0","0.0%","14","2.3%","23","2.3%","80","1.9%","0","0.0%","119","0.3%","30","0.4%","162","2.6%","14","1.1%","74","2.2%","248","2.3%","14","3.8%","1,216","3.3%","140","2.9%","4","1.3%","46","1.1%","8","1.5%","16","5.1%","32","2.6%","113","2.4%","65","1.9%","25","1.5%","207","2.2%","95","1.8%","280","2.7%","131","2.1%","1","0.5%","16","1.9%","3","0.5%","11","3.3%","272","3.6%","20","2.8%","8","1.6%","131","3.2%","110","2.8%","39","2.0%","203","3.5%","262","2.6%","129","2.0%","35","1.4%","175","1.8%","19","1.5%","1,697","2.9%","12","3.3%","61","2.2%","244","2.7%","0","0.0%","29","3.0%","12","1.6%","202","2.3%"
"Same-sex unmarried partner","572","0.1%","6","0.1%","27","0.1%","22","0.1%","7","0.0%","3","0.1%","0","0.0%","0","0.0%","0","0.0%","80","0.1%","6","0.1%","1","0.1%","2","0.1%","1","0.1%","2","0.1%","2","0.0%","0","0.0%","1","0.0%","0","0.0%","0","0.0%","5","0.0%","1","0.0%","5","0.2%","0","0.0%","2","0.0%","1","0.1%","10","0.1%","11","0.1%","6","0.3%","1","0.1%","2","0.1%","4","0.0%","0","0.0%","7","0.1%","16","0.1%","75","0.1%","0","0.0%","0","0.0%","4","0.1%","1","0.0%","0","0.0%","0","0.0%","1","0.0%","0","0.0%","0","0.0%","0","0.0%","35","0.1%","1","0.0%","5","0.2%","8","0.0%","152","0.1%","6","0.2%","5","0.1%","2","0.0%","0","0.0%","0","-","0","0.0%","2","0.0%","0","0.0%","1","0.0%","7","0.0%","1","0.0%","4","0.2%","0","0.0%","2","0.3%","0","0.0%","2","0.0%","1","0.1%","4","0.4%","4","0.2%","1","0.1%","0","0.0%","0","0.0%","3","0.1%","22","0.1%","0","0.0%","0","0.0%","4","0.0%","4","0.2%","0","0.0%","1","0.0%","1","0.1%","0","-","1","0.0%","7","0.0%","0","0.0%","0","0.0%","0","0.0%","0","0.0%","5","0.1%","0","0.0%","2","0.1%","3","0.0%","3","0.1%","1","0.1%","0","0.0%","1","0.0%","9","0.0%","2","0.1%","0","0.0%","2","0.1%","0","0.0%","3","0.0%","86","0.1%","1","0.0%","38","0.1%","9","0.0%","1","0.0%","1","0.1%","2","0.1%","51","0.2%","5","0.1%","8","0.2%","1","1.0%","2","0.3%","0","0.0%","0","0.0%","0","0.0%","2","0.1%","0","0.0%","0","0.0%","1","0.2%","1","0.1%","6","0.1%","0","0.0%","6","0.0%","2","0.0%","4","0.1%","4","0.3%","0","0.0%","2","0.0%","0","0.0%","32","0.1%","5","0.1%","2","0.6%","7","0.2%","0","0.0%","2","0.6%","2","0.2%","3","0.1%","1","0.0%","0","0.0%","3","0.0%","2","0.0%","7","0.1%","4","0.1%","0","0.0%","0","0.0%","0","0.0%","0","0.0%","7","0.1%","0","0.0%","0","0.0%","1","0.0%","4","0.1%","2","0.1%","2","0.0%","3","0.0%","3","0.0%","1","0.0%","6","0.1%","1","0.1%","58","0.1%","0","0.0%","0","0.0%","0","0.0%","0","0.0%","1","0.1%","3","0.4%","4","0.0%"
"Child [2]","108,104","28.0%","3,243","31.9%","15,264","30.2%","9,933","35.9%","4,675","23.3%","518","20.4%","384","20.9%","656","30.6%","1,172","31.6%","23,107","30.5%","1,689","30.6%","307","34.0%","1,151","31.6%","553","30.3%","557","29.4%","1,606","23.5%","203","25.3%","1,084","36.4%","186","34.1%","939","36.2%","5,028","33.0%","1,242","35.9%","939","31.2%","3,996","37.2%","3,685","39.1%","369","35.3%","4,411","28.9%","1,439","18.0%","383","17.3%","463","24.0%","703","20.3%","3,879","23.1%","472","18.5%","1,224","21.4%","5,498","25.0%","40,037","35.2%","632","33.3%","395","26.6%","2,522","37.6%","2,032","27.8%","711","26.5%","507","24.6%","702","30.6%","72","25.6%","72","19.8%","196","27.5%","12,081","30.5%","1,308","30.7%","885","34.2%","6,977","34.9%","49,544","33.0%","1,340","35.3%","1,568","30.8%","1,708","31.1%","251","33.0%","0","-","687","35.3%","1,369","33.6%","70","28.3%","1,000","35.5%","5,597","35.1%","1,362","39.3%","915","37.9%","24","25.8%","228","32.7%","65","16.9%","1,091","18.9%","295","20.2%","228","20.5%","513","21.4%","315","24.1%","60","10.5%","33","9.5%","687","28.3%","7,305","28.2%","1,168","41.8%","337","33.9%","3,840","36.9%","701","30.7%","305","20.1%","2,838","34.1%","463","36.4%","0","-","859","26.1%","4,090","28.5%","332","22.3%","299","29.3%","2,142","32.6%","472","22.4%","2,057","34.9%","502","22.9%","419","19.7%","1,670","25.6%","1,042","24.2%","227","16.1%","1,512","36.0%","909","39.4%","8,397","40.5%","731","36.7%","613","36.6%","917","34.0%","195","34.0%","7,188","34.3%","22,891","26.4%","566","19.5%","18,396","30.3%","4,785","26.1%","595","22.0%","494","27.7%","476","30.1%","5,966","20.9%","1,126","27.9%","878","25.0%","17","16.3%","156","23.6%","67","13.8%","1,540","22.9%","176","25.8%","344","22.4%","199","30.6%","13","31.0%","95","15.4%","299","30.0%","1,330","32.2%","92","38.8%","9,360","20.8%","3,047","39.6%","2,085","33.6%","470","37.3%","1,134","33.8%","3,614","33.5%","79","21.3%","9,276","25.1%","1,261","26.1%","107","33.4%","1,394","32.8%","151","28.5%","105","33.8%","365","29.2%","1,508","32.0%","1,077","31.6%","458","26.9%","3,093","32.9%","1,757","32.5%","2,963","28.1%","2,195","35.1%","61","32.3%","206","24.9%","237","38.9%","75","22.3%","1,743","23.2%","142","20.1%","73","15.0%","979","23.7%","1,199","30.4%","570","29.2%","1,713","29.9%","2,973","29.2%","2,175","33.0%","794","31.9%","3,567","36.9%","483","37.0%","18,144","30.5%","86","23.9%","490","17.4%","2,097","23.6%","5","8.6%","196","20.2%","165","22.3%","2,448","27.8%"
"Under 18 years","82,673","21.4%","2,614","25.7%","11,286","22.4%","7,778","28.1%","3,625","18.1%","362","14.2%","265","14.4%","355","16.6%","841","22.7%","17,938","23.7%","1,268","23.0%","242","26.8%","927","25.4%","431","23.6%","381","20.1%","1,175","17.2%","120","15.0%","854","28.7%","133","24.4%","728","28.0%","3,809","25.0%","939","27.1%","511","17.0%","3,034","28.3%","2,815","29.9%","288","27.6%","3,417","22.4%","1,016","12.7%","275","12.5%","297","15.4%","491","14.1%","2,656","15.8%","315","12.3%","824","14.4%","4,208","19.1%","31,842","28.0%","482","25.4%","292","19.7%","1,885","28.1%","1,556","21.3%","564","21.1%","360","17.5%","537","23.4%","51","18.1%","61","16.8%","168","23.6%","8,799","22.2%","910","21.4%","662","25.6%","5,285","26.5%","37,497","24.9%","1,041","27.4%","1,109","21.8%","1,228","22.4%","186","24.4%","0","-","554","28.4%","1,128","27.7%","58","23.5%","814","28.9%","4,381","27.4%","1,055","30.5%","722","29.9%","12","12.9%","174","25.0%","41","10.6%","804","13.9%","216","14.8%","183","16.5%","363","15.1%","258","19.7%","42","7.4%","17","4.9%","505","20.8%","5,786","22.3%","922","33.0%","249","25.1%","2,957","28.4%","552","24.2%","217","14.3%","2,154","25.9%","363","28.5%","0","-","630","19.1%","2,944","20.5%","228","15.3%","233","22.8%","1,664","25.3%","363","17.2%","1,521","25.8%","409","18.7%","286","13.5%","1,301","20.0%","735","17.1%","167","11.9%","1,126","26.8%","722","31.3%","6,858","33.1%","542","27.2%","455","27.1%","696","25.8%","164","28.6%","5,609","26.8%","17,169","19.8%","380","13.1%","14,088","23.2%","3,345","18.2%","413","15.2%","388","21.8%","386","24.4%","4,848","17.0%","871","21.6%","689","19.6%","12","11.5%","119","18.0%","41","8.5%","1,145","17.0%","149","21.8%","235","15.3%","173","26.6%","11","26.2%","77","12.5%","238","23.9%","967","23.4%","73","30.8%","7,666","17.0%","2,371","30.8%","1,616","26.0%","353","28.0%","868","25.8%","2,728","25.3%","66","17.8%","6,982","18.9%","790","16.3%","87","27.2%","1,084","25.5%","115","21.7%","68","21.9%","289","23.1%","1,068","22.6%","815","23.9%","317","18.6%","2,381","25.3%","1,309","24.2%","2,151","20.4%","1,722","27.5%","51","27.0%","131","15.9%","188","30.8%","55","16.4%","1,274","17.0%","108","15.3%","46","9.5%","715","17.3%","934","23.7%","404","20.7%","1,429","24.9%","2,204","21.6%","1,689","25.6%","617","24.8%","2,823","29.2%","392","30.0%","14,197","23.9%","77","21.4%","349","12.4%","1,638","18.5%","5","8.6%","136","14.0%","108","14.6%","1,805","20.5%"
"Grandchild","5,406","1.4%","60","0.6%","718","1.4%","543","2.0%","197","1.0%","61","2.4%","36","2.0%","223","10.4%","93","2.5%","1,441","1.9%","153","2.8%","22","2.4%","75","2.1%","30","1.6%","110","5.8%","171","2.5%","40","5.0%","68","2.3%","19","3.5%","86","3.3%","452","3.0%","103","3.0%","419","13.9%","335","3.1%","266","2.8%","17","1.6%","173","1.1%","46","0.6%","23","1.0%","51","2.6%","66","1.9%","420","2.5%","50","2.0%","125","2.2%","372","1.7%","2,419","2.1%","54","2.8%","19","1.3%","179","2.7%","157","2.1%","39","1.5%","39","1.9%","25","1.1%","6","2.1%","5","1.4%","6","0.8%","1,373","3.5%","167","3.9%","48","1.9%","494","2.5%","3,844","2.6%","129","3.4%","198","3.9%","217","4.0%","16","2.1%","0","-","26","1.3%","38","0.9%","7","2.8%","48","1.7%","394","2.5%","63","1.8%","83","3.4%","0","0.0%","12","1.7%","5","1.3%","88","1.5%","19","1.3%","22","2.0%","26","1.1%","15","1.1%","9","1.6%","3","0.9%","49","2.0%","575","2.2%","87","3.1%","28","2.8%","212","2.0%","46","2.0%","15","1.0%","181","2.2%","22","1.7%","0","-","86","2.6%","468","3.3%","50","3.4%","45","4.4%","147","2.2%","38","1.8%","170","2.9%","42","1.9%","37","1.7%","135","2.1%","111","2.6%","25","1.8%","104","2.5%","65","2.8%","418","2.0%","50","2.5%","46","2.7%","67","2.5%","14","2.4%","602","2.9%","1,453","1.7%","42","1.4%","1,234","2.0%","494","2.7%","106","3.9%","29","1.6%","37","2.3%","197","0.7%","68","1.7%","68","1.9%","4","3.8%","13","2.0%","23","4.7%","108","1.6%","4","0.6%","74","4.8%","4","0.6%","0","0.0%","11","1.8%","32","3.2%","128","3.1%","8","3.4%","364","0.8%","138","1.8%","167","2.7%","30","2.4%","75","2.2%","322","3.0%","5","1.3%","723","2.0%","258","5.3%","2","0.6%","93","2.2%","17","3.2%","31","10.0%","16","1.3%","188","4.0%","84","2.5%","69","4.1%","240","2.5%","174","3.2%","366","3.5%","174","2.8%","3","1.6%","50","6.1%","18","3.0%","10","3.0%","178","2.4%","7","1.0%","6","1.2%","86","2.1%","41","1.0%","48","2.5%","69","1.2%","276","2.7%","174","2.6%","46","1.8%","167","1.7%","27","2.1%","1,197","2.0%","4","1.1%","30","1.1%","104","1.2%","0","0.0%","30","3.1%","18","2.4%","279","3.2%"
"Grandchild Under 18 years","4,123","1.1%","47","0.5%","557","1.1%","440","1.6%","154","0.8%","50","2.0%","31","1.7%","177","8.3%","65","1.8%","1,112","1.5%","123","2.2%","17","1.9%","58","1.6%","24","1.3%","86","4.5%","141","2.1%","33","4.1%","53","1.8%","14","2.6%","67","2.6%","357","2.3%","81","2.3%","329","10.9%","287","2.7%","230","2.4%","9","0.9%","144","0.9%","34","0.4%","17","0.8%","39","2.0%","54","1.6%","311","1.8%","42","1.6%","105","1.8%","294","1.3%","1,930","1.7%","48","2.5%","14","0.9%","148","2.2%","128","1.7%","31","1.2%","23","1.1%","24","1.0%","6","2.1%","4","1.1%","6","0.8%","1,055","2.7%","128","3.0%","32","1.2%","404","2.0%","3,128","2.1%","103","2.7%","154","3.0%","178","3.2%","14","1.8%","0","-","24","1.2%","31","0.8%","7","2.8%","35","1.2%","312","2.0%","45","1.3%","56","2.3%","0","0.0%","11","1.6%","3","0.8%","66","1.1%","13","0.9%","16","1.4%","22","0.9%","14","1.1%","8","1.4%","3","0.9%","44","1.8%","465","1.8%","81","2.9%","19","1.9%","162","1.6%","40","1.8%","15","1.0%","124","1.5%","18","1.4%","0","-","56","1.7%","324","2.3%","41","2.8%","35","3.4%","108","1.6%","28","1.3%","134","2.3%","27","1.2%","28","1.3%","101","1.5%","69","1.6%","18","1.3%","82","2.0%","47","2.0%","335","1.6%","41","2.1%","36","2.1%","51","1.9%","10","1.7%","478","2.3%","1,065","1.2%","35","1.2%","951","1.6%","380","2.1%","98","3.6%","21","1.2%","31","2.0%","153","0.5%","52","1.3%","53","1.5%","2","1.9%","10","1.5%","14","2.9%","75","1.1%","3","0.4%","49","3.2%","2","0.3%","0","0.0%","8","1.3%","31","3.1%","120","2.9%","6","2.5%","279","0.6%","109","1.4%","128","2.1%","27","2.1%","69","2.1%","245","2.3%","4","1.1%","540","1.5%","176","3.6%","2","0.6%","76","1.8%","16","3.0%","27","8.7%","12","1.0%","151","3.2%","61","1.8%","58","3.4%","187","2.0%","146","2.7%","284","2.7%","131","2.1%","2","1.1%","31","3.8%","14","2.3%","7","2.1%","134","1.8%","6","0.8%","5","1.0%","64","1.5%","36","0.9%","35","1.8%","61","1.1%","215","2.1%","146","2.2%","38","1.5%","134","1.4%","19","1.5%","954","1.6%","3","0.8%","23","0.8%","84","0.9%","0","0.0%","27","2.8%","15","2.0%","256","2.9%"
"Other relatives","11,739","3.0%","181","1.8%","1,234","2.4%","880","3.2%","375","1.9%","68","2.7%","31","1.7%","145","6.8%","82","2.2%","2,244","3.0%","160","2.9%","18","2.0%","75","2.1%","38","2.1%","101","5.3%","217","3.2%","29","3.6%","114","3.8%","16","2.9%","69","2.7%","523","3.4%","80","2.3%","184","6.1%","371","3.5%","288","3.1%","32","3.1%","497","3.3%","152","1.9%","61","2.8%","58","3.0%","108","3.1%","629","3.7%","74","2.9%","186","3.3%","643","2.9%","3,475","3.1%","44","2.3%","41","2.8%","262","3.9%","248","3.4%","103","3.8%","61","3.0%","41","1.8%","4","1.4%","4","1.1%","11","1.5%","2,036","5.1%","238","5.6%","97","3.8%","743","3.7%","6,836","4.5%","165","4.3%","228","4.5%","280","5.1%","20","2.6%","0","-","36","1.8%","58","1.4%","9","3.6%","82","2.9%","632","4.0%","91","2.6%","90","3.7%","4","4.3%","20","2.9%","7","1.8%","143","2.5%","41","2.8%","33","3.0%","46","1.9%","19","1.5%","15","2.6%","17","4.9%","83","3.4%","812","3.1%","78","2.8%","31","3.1%","250","2.4%","39","1.7%","24","1.6%","226","2.7%","33","2.6%","0","-","132","4.0%","579","4.0%","45","3.0%","52","5.1%","243","3.7%","56","2.7%","305","5.2%","35","1.6%","61","2.9%","156","2.4%","131","3.0%","32","2.3%","104","2.5%","84","3.6%","557","2.7%","52","2.6%","57","3.4%","94","3.5%","25","4.4%","1,042","5.0%","2,474","2.9%","82","2.8%","1,963","3.2%","739","4.0%","112","4.1%","38","2.1%","23","1.5%","500","1.7%","89","2.2%","93","2.6%","4","3.8%","23","3.5%","6","1.2%","138","2.1%","9","1.3%","43","2.8%","6","0.9%","6","14.3%","11","1.8%","58","5.8%","195","4.7%","10","4.2%","603","1.3%","188","2.4%","244","3.9%","44","3.5%","118","3.5%","410","3.8%","6","1.6%","913","2.5%","280","5.8%","6","1.9%","95","2.2%","14","2.6%","17","5.5%","48","3.8%","284","6.0%","126","3.7%","66","3.9%","350","3.7%","190","3.5%","398","3.8%","229","3.7%","2","1.1%","55","6.7%","13","2.1%","1","0.3%","227","3.0%","25","3.5%","16","3.3%","115","2.8%","128","3.2%","66","3.4%","142","2.5%","370","3.6%","191","2.9%","96","3.9%","323","3.3%","86","6.6%","2,211","3.7%","17","4.7%","65","2.3%","195","2.2%","0","0.0%","21","2.2%","21","2.8%","401","4.6%"
"Nonrelatives","17,309","4.5%","141","1.4%","962","1.9%","864","3.1%","395","2.0%","59","2.3%","42","2.3%","70","3.3%","57","1.5%","2,522","3.3%","83","1.5%","12","1.3%","50","1.4%","12","0.7%","75","4.0%","198","2.9%","24","3.0%","53","1.8%","6","1.1%","55","2.1%","335","2.2%","52","1.5%","92","3.1%","166","1.5%","112","1.2%","24","2.3%","423","2.8%","295","3.7%","58","2.6%","48","2.5%","97","2.8%","478","2.8%","107","4.2%","179","3.1%","703","3.2%","2,794","2.5%","37","1.9%","33","2.2%","100","1.5%","189","2.6%","80","3.0%","91","4.4%","51","2.2%","3","1.1%","3","0.8%","12","1.7%","1,445","3.6%","104","2.4%","112","4.3%","430","2.2%","5,437","3.6%","177","4.7%","199","3.9%","154","2.8%","11","1.4%","0","-","26","1.3%","41","1.0%","2","0.8%","73","2.6%","393","2.5%","41","1.2%","45","1.9%","2","2.2%","21","3.0%","14","3.6%","127","2.2%","15","1.0%","20","1.8%","41","1.7%","20","1.5%","20","3.5%","11","3.2%","49","2.0%","884","3.4%","33","1.2%","14","1.4%","137","1.3%","47","2.1%","16","1.1%","127","1.5%","11","0.9%","0","-","85","2.6%","451","3.1%","30","2.0%","29","2.8%","173","2.6%","72","3.4%","176","3.0%","56","2.6%","21","1.0%","147","2.3%","90","2.1%","34","2.4%","65","1.5%","48","2.1%","337","1.6%","47","2.4%","36","2.1%","53","2.0%","29","5.1%","583","2.8%","3,060","3.5%","49","1.7%","1,918","3.2%","445","2.4%","70","2.6%","35","2.0%","26","1.6%","2,163","7.6%","77","1.9%","66","1.9%","0","0.0%","18","2.7%","12","2.5%","118","1.8%","9","1.3%","49","3.2%","11","1.7%","3","7.1%","6","1.0%","21","2.1%","143","3.5%","2","0.8%","2,256","5.0%","136","1.8%","124","2.0%","71","5.6%","73","2.2%","205","1.9%","7","1.9%","1,290","3.5%","145","3.0%","8","2.5%","69","1.6%","7","1.3%","13","4.2%","29","2.3%","117","2.5%","98","2.9%","54","3.2%","165","1.8%","106","2.0%","398","3.8%","134","2.1%","0","0.0%","26","3.1%","7","1.1%","8","2.4%","232","3.1%","17","2.4%","11","2.3%","107","2.6%","179","4.5%","46","2.4%","245","4.3%","296","2.9%","148","2.2%","49","2.0%","182","1.9%","94","7.2%","1,961","3.3%","22","6.1%","73","2.6%","252","2.8%","2","3.4%","16","1.7%","19","2.6%","195","2.2%"
"In group quarters","7,518","1.9%","80","0.8%","374","0.7%","53","0.2%","5,434","27.1%","24","0.9%","0","0.0%","0","0.0%","0","0.0%","2,206","2.9%","34","0.6%","0","0.0%","53","1.5%","0","0.0%","5","0.3%","64","0.9%","0","0.0%","0","0.0%","0","0.0%","0","0.0%","397","2.6%","0","0.0%","45","1.5%","30","0.3%","37","0.4%","0","0.0%","353","2.3%","16","0.2%","30","1.4%","0","0.0%","0","0.0%","27","0.2%","16","0.6%","0","0.0%","483","2.2%","1,652","1.5%","0","0.0%","0","0.0%","0","0.0%","100","1.4%","2","0.1%","21","1.0%","5","0.2%","10","3.6%","0","0.0%","0","0.0%","1,197","3.0%","0","0.0%","0","0.0%","29","0.1%","1,973","1.3%","0","0.0%","10","0.2%","0","0.0%","0","0.0%","0","-","0","0.0%","95","2.3%","0","0.0%","0","0.0%","350","2.2%","8","0.2%","0","0.0%","0","0.0%","1","0.1%","4","1.0%","680","11.8%","0","0.0%","0","0.0%","30","1.3%","25","1.9%","56","9.8%","8","2.3%","8","0.3%","1,073","4.1%","4","0.1%","0","0.0%","84","0.8%","28","1.2%","7","0.5%","419","5.0%","0","0.0%","0","-","5","0.2%","232","1.6%","27","1.8%","1","0.1%","67","1.0%","5","0.2%","48","0.8%","435","19.9%","1","0.0%","31","0.5%","22","0.5%","0","0.0%","0","0.0%","5","0.2%","177","0.9%","0","0.0%","0","0.0%","8","0.3%","0","0.0%","201","1.0%","1,371","1.6%","15","0.5%","388","0.6%","5","0.0%","0","0.0%","0","0.0%","0","0.0%","2,656","9.3%","0","0.0%","0","0.0%","0","0.0%","13","2.0%","0","0.0%","63","0.9%","0","0.0%","0","0.0%","4","0.6%","0","0.0%","103","16.7%","0","0.0%","42","1.0%","9","3.8%","14,377","32.0%","369","4.8%","0","0.0%","0","0.0%","0","0.0%","87","0.8%","0","0.0%","1,072","2.9%","54","1.1%","0","0.0%","45","1.1%","0","0.0%","0","0.0%","30","2.4%","64","1.4%","50","1.5%","28","1.6%","57","0.6%","19","0.4%","106","1.0%","59","0.9%","0","0.0%","9","1.1%","0","0.0%","16","4.8%","97","1.3%","0","0.0%","0","0.0%","78","1.9%","8","0.2%","0","0.0%","19","0.3%","82","0.8%","9","0.1%","0","0.0%","119","1.2%","10","0.8%","1,483","2.5%","0","0.0%","59","2.1%","84","0.9%","0","0.0%","9","0.9%","0","0.0%","138","1.6%"
"Institutionalized population:","3,130","0.8%","26","0.3%","309","0.6%","45","0.2%","5,434","27.1%","24","0.9%","0","0.0%","0","0.0%","0","0.0%","891","1.2%","11","0.2%","0","0.0%","53","1.5%","0","0.0%","5","0.3%","64","0.9%","0","0.0%","0","0.0%","0","0.0%","0","0.0%","380","2.5%","0","0.0%","45","1.5%","0","0.0%","37","0.4%","0","0.0%","157","1.0%","0","0.0%","0","0.0%","0","0.0%","0","0.0%","18","0.1%","16","0.6%","0","0.0%","376","1.7%","1,269","1.1%","0","0.0%","0","0.0%","0","0.0%","81","1.1%","0","0.0%","0","0.0%","5","0.2%","0","0.0%","0","0.0%","0","0.0%","549","1.4%","0","0.0%","0","0.0%","14","0.1%","953","0.6%","0","0.0%","10","0.2%","0","0.0%","0","0.0%","0","-","0","0.0%","95","2.3%","0","0.0%","0","0.0%","271","1.7%","0","0.0%","0","0.0%","0","0.0%","1","0.1%","0","0.0%","680","11.8%","0","0.0%","0","0.0%","19","0.8%","25","1.9%","0","0.0%","0","0.0%","0","0.0%","260","1.0%","4","0.1%","0","0.0%","84","0.8%","28","1.2%","1","0.1%","419","5.0%","0","0.0%","0","-","5","0.2%","232","1.6%","27","1.8%","0","0.0%","67","1.0%","5","0.2%","19","0.3%","416","19.0%","0","0.0%","31","0.5%","0","0.0%","0","0.0%","0","0.0%","0","0.0%","177","0.9%","0","0.0%","0","0.0%","0","0.0%","0","0.0%","171","0.8%","829","1.0%","0","0.0%","290","0.5%","0","0.0%","0","0.0%","0","0.0%","0","0.0%","139","0.5%","0","0.0%","0","0.0%","0","0.0%","0","0.0%","0","0.0%","30","0.4%","0","0.0%","0","0.0%","4","0.6%","0","0.0%","0","0.0%","0","0.0%","42","1.0%","0","0.0%","447","1.0%","0","0.0%","0","0.0%","0","0.0%","0","0.0%","44","0.4%","0","0.0%","639","1.7%","54","1.1%","0","0.0%","45","1.1%","0","0.0%","0","0.0%","15","1.2%","64","1.4%","50","1.5%","28","1.6%","0","0.0%","19","0.4%","95","0.9%","59","0.9%","0","0.0%","0","0.0%","0","0.0%","0","0.0%","81","1.1%","0","0.0%","0","0.0%","60","1.5%","8","0.2%","0","0.0%","19","0.3%","82","0.8%","9","0.1%","0","0.0%","56","0.6%","0","0.0%","916","1.5%","0","0.0%","59","2.1%","29","0.3%","0","0.0%","9","0.9%","0","0.0%","111","1.3%"
"Institutionalized population Male","1,494","0.4%","8","0.1%","86","0.2%","14","0.1%","5,106","25.4%","20","0.8%","0","0.0%","0","0.0%","0","0.0%","347","0.5%","4","0.1%","0","0.0%","16","0.4%","0","0.0%","1","0.1%","28","0.4%","0","0.0%","0","0.0%","0","0.0%","0","0.0%","177","1.2%","0","0.0%","34","1.1%","0","0.0%","16","0.2%","0","0.0%","87","0.6%","0","0.0%","0","0.0%","0","0.0%","0","0.0%","4","0.0%","4","0.2%","0","0.0%","163","0.7%","673","0.6%","0","0.0%","0","0.0%","0","0.0%","25","0.3%","0","0.0%","0","0.0%","3","0.1%","0","0.0%","0","0.0%","0","0.0%","353","0.9%","0","0.0%","0","0.0%","5","0.0%","405","0.3%","0","0.0%","4","0.1%","0","0.0%","0","0.0%","0","-","0","0.0%","44","1.1%","0","0.0%","0","0.0%","165","1.0%","0","0.0%","0","0.0%","0","0.0%","1","0.1%","0","0.0%","606","10.5%","0","0.0%","0","0.0%","3","0.1%","15","1.1%","0","0.0%","0","0.0%","0","0.0%","199","0.8%","2","0.1%","0","0.0%","19","0.2%","6","0.3%","0","0.0%","367","4.4%","0","0.0%","0","-","5","0.2%","116","0.8%","25","1.7%","0","0.0%","29","0.4%","2","0.1%","9","0.2%","405","18.5%","0","0.0%","18","0.3%","0","0.0%","0","0.0%","0","0.0%","0","0.0%","123","0.6%","0","0.0%","0","0.0%","0","0.0%","0","0.0%","111","0.5%","407","0.5%","0","0.0%","89","0.1%","0","0.0%","0","0.0%","0","0.0%","0","0.0%","43","0.2%","0","0.0%","0","0.0%","0","0.0%","0","0.0%","0","0.0%","14","0.2%","0","0.0%","0","0.0%","3","0.5%","0","0.0%","0","0.0%","0","0.0%","13","0.3%","0","0.0%","184","0.4%","0","0.0%","0","0.0%","0","0.0%","0","0.0%","15","0.1%","0","0.0%","280","0.8%","35","0.7%","0","0.0%","22","0.5%","0","0.0%","0","0.0%","2","0.2%","17","0.4%","21","0.6%","21","1.2%","0","0.0%","10","0.2%","51","0.5%","25","0.4%","0","0.0%","0","0.0%","0","0.0%","0","0.0%","32","0.4%","0","0.0%","0","0.0%","25","0.6%","4","0.1%","0","0.0%","16","0.3%","32","0.3%","4","0.1%","0","0.0%","33","0.3%","0","0.0%","428","0.7%","0","0.0%","55","2.0%","9","0.1%","0","0.0%","2","0.2%","0","0.0%","44","0.5%"
"Institutionalized population Female","1,636","0.4%","18","0.2%","223","0.4%","31","0.1%","328","1.6%","4","0.2%","0","0.0%","0","0.0%","0","0.0%","544","0.7%","7","0.1%","0","0.0%","37","1.0%","0","0.0%","4","0.2%","36","0.5%","0","0.0%","0","0.0%","0","0.0%","0","0.0%","203","1.3%","0","0.0%","11","0.4%","0","0.0%","21","0.2%","0","0.0%","70","0.5%","0","0.0%","0","0.0%","0","0.0%","0","0.0%","14","0.1%","12","0.5%","0","0.0%","213","1.0%","596","0.5%","0","0.0%","0","0.0%","0","0.0%","56","0.8%","0","0.0%","0","0.0%","2","0.1%","0","0.0%","0","0.0%","0","0.0%","196","0.5%","0","0.0%","0","0.0%","9","0.0%","548","0.4%","0","0.0%","6","0.1%","0","0.0%","0","0.0%","0","-","0","0.0%","51","1.3%","0","0.0%","0","0.0%","106","0.7%","0","0.0%","0","0.0%","0","0.0%","0","0.0%","0","0.0%","74","1.3%","0","0.0%","0","0.0%","16","0.7%","10","0.8%","0","0.0%","0","0.0%","0","0.0%","61","0.2%","2","0.1%","0","0.0%","65","0.6%","22","1.0%","1","0.1%","52","0.6%","0","0.0%","0","-","0","0.0%","116","0.8%","2","0.1%","0","0.0%","38","0.6%","3","0.1%","10","0.2%","11","0.5%","0","0.0%","13","0.2%","0","0.0%","0","0.0%","0","0.0%","0","0.0%","54","0.3%","0","0.0%","0","0.0%","0","0.0%","0","0.0%","60","0.3%","422","0.5%","0","0.0%","201","0.3%","0","0.0%","0","0.0%","0","0.0%","0","0.0%","96","0.3%","0","0.0%","0","0.0%","0","0.0%","0","0.0%","0","0.0%","16","0.2%","0","0.0%","0","0.0%","1","0.2%","0","0.0%","0","0.0%","0","0.0%","29","0.7%","0","0.0%","263","0.6%","0","0.0%","0","0.0%","0","0.0%","0","0.0%","29","0.3%","0","0.0%","359","1.0%","19","0.4%","0","0.0%","23","0.5%","0","0.0%","0","0.0%","13","1.0%","47","1.0%","29","0.9%","7","0.4%","0","0.0%","9","0.2%","44","0.4%","34","0.5%","0","0.0%","0","0.0%","0","0.0%","0","0.0%","49","0.7%","0","0.0%","0","0.0%","35","0.8%","4","0.1%","0","0.0%","3","0.1%","50","0.5%","5","0.1%","0","0.0%","23","0.2%","0","0.0%","488","0.8%","0","0.0%","4","0.1%","20","0.2%","0","0.0%","7","0.7%","0","0.0%","67","0.8%"
"Noninstitutionalized population:","4,388","1.1%","54","0.5%","65","0.1%","8","0.0%","0","0.0%","0","0.0%","0","0.0%","0","0.0%","0","0.0%","1,315","1.7%","23","0.4%","0","0.0%","0","0.0%","0","0.0%","0","0.0%","0","0.0%","0","0.0%","0","0.0%","0","0.0%","0","0.0%","17","0.1%","0","0.0%","0","0.0%","30","0.3%","0","0.0%","0","0.0%","196","1.3%","16","0.2%","30","1.4%","0","0.0%","0","0.0%","9","0.1%","0","0.0%","0","0.0%","107","0.5%","383","0.3%","0","0.0%","0","0.0%","0","0.0%","19","0.3%","2","0.1%","21","1.0%","0","0.0%","10","3.6%","0","0.0%","0","0.0%","648","1.6%","0","0.0%","0","0.0%","15","0.1%","1,020","0.7%","0","0.0%","0","0.0%","0","0.0%","0","0.0%","0","-","0","0.0%","0","0.0%","0","0.0%","0","0.0%","79","0.5%","8","0.2%","0","0.0%","0","0.0%","0","0.0%","4","1.0%","0","0.0%","0","0.0%","0","0.0%","11","0.5%","0","0.0%","56","9.8%","8","2.3%","8","0.3%","813","3.1%","0","0.0%","0","0.0%","0","0.0%","0","0.0%","6","0.4%","0","0.0%","0","0.0%","0","-","0","0.0%","0","0.0%","0","0.0%","1","0.1%","0","0.0%","0","0.0%","29","0.5%","19","0.9%","1","0.0%","0","0.0%","22","0.5%","0","0.0%","0","0.0%","5","0.2%","0","0.0%","0","0.0%","0","0.0%","8","0.3%","0","0.0%","30","0.1%","542","0.6%","15","0.5%","98","0.2%","5","0.0%","0","0.0%","0","0.0%","0","0.0%","2,517","8.8%","0","0.0%","0","0.0%","0","0.0%","13","2.0%","0","0.0%","33","0.5%","0","0.0%","0","0.0%","0","0.0%","0","0.0%","103","16.7%","0","0.0%","0","0.0%","9","3.8%","13,930","31.0%","369","4.8%","0","0.0%","0","0.0%","0","0.0%","43","0.4%","0","0.0%","433","1.2%","0","0.0%","0","0.0%","0","0.0%","0","0.0%","0","0.0%","15","1.2%","0","0.0%","0","0.0%","0","0.0%","57","0.6%","0","0.0%","11","0.1%","0","0.0%","0","0.0%","9","1.1%","0","0.0%","16","4.8%","16","0.2%","0","0.0%","0","0.0%","18","0.4%","0","0.0%","0","0.0%","0","0.0%","0","0.0%","0","0.0%","0","0.0%","63","0.7%","10","0.8%","567","1.0%","0","0.0%","0","0.0%","55","0.6%","0","0.0%","0","0.0%","0","0.0%","27","0.3%"
"Noninstitutionalized population Male","1,955","0.5%","15","0.1%","25","0.0%","3","0.0%","0","0.0%","0","0.0%","0","0.0%","0","0.0%","0","0.0%","584","0.8%","13","0.2%","0","0.0%","0","0.0%","0","0.0%","0","0.0%","0","0.0%","0","0.0%","0","0.0%","0","0.0%","0","0.0%","11","0.1%","0","0.0%","0","0.0%","20","0.2%","0","0.0%","0","0.0%","114","0.7%","6","0.1%","7","0.3%","0","0.0%","0","0.0%","5","0.0%","0","0.0%","0","0.0%","65","0.3%","227","0.2%","0","0.0%","0","0.0%","0","0.0%","18","0.2%","1","0.0%","21","1.0%","0","0.0%","5","1.8%","0","0.0%","0","0.0%","312","0.8%","0","0.0%","0","0.0%","12","0.1%","527","0.4%","0","0.0%","0","0.0%","0","0.0%","0","0.0%","0","-","0","0.0%","0","0.0%","0","0.0%","0","0.0%","35","0.2%","6","0.2%","0","0.0%","0","0.0%","0","0.0%","2","0.5%","0","0.0%","0","0.0%","0","0.0%","7","0.3%","0","0.0%","48","8.4%","3","0.9%","0","0.0%","634","2.4%","0","0.0%","0","0.0%","0","0.0%","0","0.0%","4","0.3%","0","0.0%","0","0.0%","0","-","0","0.0%","0","0.0%","0","0.0%","0","0.0%","0","0.0%","0","0.0%","20","0.3%","19","0.9%","1","0.0%","0","0.0%","13","0.3%","0","0.0%","0","0.0%","4","0.2%","0","0.0%","0","0.0%","0","0.0%","7","0.3%","0","0.0%","20","0.1%","242","0.3%","1","0.0%","39","0.1%","3","0.0%","0","0.0%","0","0.0%","0","0.0%","1,250","4.4%","0","0.0%","0","0.0%","0","0.0%","7","1.1%","0","0.0%","15","0.2%","0","0.0%","0","0.0%","0","0.0%","0","0.0%","60","9.7%","0","0.0%","0","0.0%","6","2.5%","6,688","14.9%","361","4.7%","0","0.0%","0","0.0%","0","0.0%","14","0.1%","0","0.0%","158","0.4%","0","0.0%","0","0.0%","0","0.0%","0","0.0%","0","0.0%","8","0.6%","0","0.0%","0","0.0%","0","0.0%","12","0.1%","0","0.0%","6","0.1%","0","0.0%","0","0.0%","3","0.4%","0","0.0%","11","3.3%","2","0.0%","0","0.0%","0","0.0%","9","0.2%","0","0.0%","0","0.0%","0","0.0%","0","0.0%","0","0.0%","0","0.0%","33","0.3%","3","0.2%","290","0.5%","0","0.0%","0","0.0%","37","0.4%","0","0.0%","0","0.0%","0","0.0%","12","0.1%"
"Noninstitutionalized population Female","2,433","0.6%","39","0.4%","40","0.1%","5","0.0%","0","0.0%","0","0.0%","0","0.0%","0","0.0%","0","0.0%","731","1.0%","10","0.2%","0","0.0%","0","0.0%","0","0.0%","0","0.0%","0","0.0%","0","0.0%","0","0.0%","0","0.0%","0","0.0%","6","0.0%","0","0.0%","0","0.0%","10","0.1%","0","0.0%","0","0.0%","82","0.5%","10","0.1%","23","1.0%","0","0.0%","0","0.0%","4","0.0%","0","0.0%","0","0.0%","42","0.2%","156","0.1%","0","0.0%","0","0.0%","0","0.0%","1","0.0%","1","0.0%","0","0.0%","0","0.0%","5","1.8%","0","0.0%","0","0.0%","336","0.8%","0","0.0%","0","0.0%","3","0.0%","493","0.3%","0","0.0%","0","0.0%","0","0.0%","0","0.0%","0","-","0","0.0%","0","0.0%","0","0.0%","0","0.0%","44","0.3%","2","0.1%","0","0.0%","0","0.0%","0","0.0%","2","0.5%","0","0.0%","0","0.0%","0","0.0%","4","0.2%","0","0.0%","8","1.4%","5","1.4%","8","0.3%","179","0.7%","0","0.0%","0","0.0%","0","0.0%","0","0.0%","2","0.1%","0","0.0%","0","0.0%","0","-","0","0.0%","0","0.0%","0","0.0%","1","0.1%","0","0.0%","0","0.0%","9","0.2%","0","0.0%","0","0.0%","0","0.0%","9","0.2%","0","0.0%","0","0.0%","1","0.0%","0","0.0%","0","0.0%","0","0.0%","1","0.0%","0","0.0%","10","0.0%","300","0.3%","14","0.5%","59","0.1%","2","0.0%","0","0.0%","0","0.0%","0","0.0%","1,267","4.4%","0","0.0%","0","0.0%","0","0.0%","6","0.9%","0","0.0%","18","0.3%","0","0.0%","0","0.0%","0","0.0%","0","0.0%","43","7.0%","0","0.0%","0","0.0%","3","1.3%","7,242","16.1%","8","0.1%","0","0.0%","0","0.0%","0","0.0%","29","0.3%","0","0.0%","275","0.7%","0","0.0%","0","0.0%","0","0.0%","0","0.0%","0","0.0%","7","0.6%","0","0.0%","0","0.0%","0","0.0%","45","0.5%","0","0.0%","5","0.0%","0","0.0%","0","0.0%","6","0.7%","0","0.0%","5","1.5%","14","0.2%","0","0.0%","0","0.0%","9","0.2%","0","0.0%","0","0.0%","0","0.0%","0","0.0%","0","0.0%","0","0.0%","30","0.3%","7","0.5%","277","0.5%","0","0.0%","0","0.0%","18","0.2%","0","0.0%","0","0.0%","0","0.0%","15","0.2%"
"HOUSEHOLDS BY TYPE","","","","","","","","","","","","","","","","","","","","","","","","","","","","","","","","","","","","","","","","","","","","","","","","","","","","","","","","","","","","","","","","","","","","","","","","","","","","","","","","","","","","","","","","","","","","","","","","","","","","","","","","","","","","","","","","","","","","","","","","","","","","","","","","","","","","","","","","","","","","","","","","","","","","","","","","","","","","","","","","","","","","","","","","","","","","","","","","","","","","","","","","","","","","","","","","","","","","","","","","","","","","","","","","","","","","","","","","","","","","","","","","","","","","","","","","","","","","","","","","","","","","","","","","","","","","","","","","","","","","","","","","","","","","","","","","","","","","","","","","","","","","","","","","","","","","","","","","","","","","","","","","","","","","","","","","","","","","","","","","","","","","","","","","","","","","","","","","","","","",""
"Total households","150,642","100.0%","3,654","100.0%","18,889","100.0%","8,987","100.0%","5,316","100.0%","1,113","100.0%","814","100.0%","685","100.0%","1,344","100.0%","28,332","100.0%","2,077","100.0%","321","100.0%","1,412","100.0%","694","100.0%","686","100.0%","2,879","100.0%","310","100.0%","1,011","100.0%","203","100.0%","845","100.0%","5,412","100.0%","1,149","100.0%","937","100.0%","3,390","100.0%","2,944","100.0%","345","100.0%","5,903","100.0%","3,977","100.0%","1,036","100.0%","805","100.0%","1,523","100.0%","6,836","100.0%","1,166","100.0%","2,462","100.0%","9,155","100.0%","39,327","100.0%","653","100.0%","621","100.0%","2,083","100.0%","2,881","100.0%","1,072","100.0%","810","100.0%","947","100.0%","114","100.0%","167","100.0%","319","100.0%","13,540","100.0%","1,413","100.0%","833","100.0%","6,547","100.0%","50,706","100.0%","1,208","100.0%","1,726","100.0%","1,856","100.0%","263","100.0%","0","-","713","100.0%","1,571","100.0%","82","100.0%","949","100.0%","5,412","100.0%","1,101","100.0%","754","100.0%","40","100.0%","276","100.0%","187","100.0%","2,292","100.0%","650","100.0%","505","100.0%","1,100","100.0%","577","100.0%","271","100.0%","199","100.0%","969","100.0%","9,495","100.0%","807","100.0%","331","100.0%","3,463","100.0%","886","100.0%","686","100.0%","2,692","100.0%","424","100.0%","0","-","1,233","100.0%","5,390","100.0%","576","100.0%","366","100.0%","2,392","100.0%","933","100.0%","1,956","100.0%","703","100.0%","977","100.0%","2,782","100.0%","1,828","100.0%","716","100.0%","1,419","100.0%","719","100.0%","6,232","100.0%","664","100.0%","547","100.0%","955","100.0%","187","100.0%","6,956","100.0%","35,213","100.0%","1,280","100.0%","22,757","100.0%","6,914","100.0%","1,114","100.0%","702","100.0%","599","100.0%","11,684","100.0%","1,605","100.0%","1,473","100.0%","45","100.0%","266","100.0%","236","100.0%","3,104","100.0%","267","100.0%","709","100.0%","286","100.0%","23","100.0%","243","100.0%","373","100.0%","1,412","100.0%","69","100.0%","10,467","100.0%","2,164","100.0%","2,254","100.0%","394","100.0%","1,188","100.0%","3,818","100.0%","177","100.0%","15,246","100.0%","1,808","100.0%","115","100.0%","1,579","100.0%","211","100.0%","110","100.0%","494","100.0%","1,594","100.0%","1,185","100.0%","638","100.0%","3,346","100.0%","1,868","100.0%","4,009","100.0%","2,125","100.0%","69","100.0%","302","100.0%","193","100.0%","166","100.0%","3,232","100.0%","350","100.0%","245","100.0%","1,843","100.0%","1,502","100.0%","730","100.0%","2,128","100.0%","3,874","100.0%","2,345","100.0%","913","100.0%","3,159","100.0%","358","100.0%","21,968","100.0%","144","100.0%","1,324","100.0%","3,777","100.0%","30","100.0%","425","100.0%","309","100.0%","3,353","100.0%"
"Married couple household","74,443","49.4%","2,659","72.8%","12,251","64.9%","5,741","63.9%","3,359","63.2%","612","55.0%","467","57.4%","262","38.2%","930","69.2%","13,484","47.6%","1,276","61.4%","225","70.1%","773","54.7%","458","66.0%","320","46.6%","1,518","52.7%","147","47.4%","601","59.4%","106","52.2%","574","67.9%","2,704","50.0%","792","68.9%","287","30.6%","2,292","67.6%","1,967","66.8%","215","62.3%","3,093","52.4%","1,822","45.8%","583","56.3%","427","53.0%","893","58.6%","4,161","60.9%","601","51.5%","1,368","55.6%","4,579","50.0%","21,730","55.3%","431","66.0%","377","60.7%","1,491","71.6%","1,591","55.2%","634","59.1%","473","58.4%","476","50.3%","77","67.5%","94","56.3%","151","47.3%","6,855","50.6%","1,005","71.1%","550","66.0%","4,408","67.3%","27,898","55.0%","693","57.4%","1,016","58.9%","1,171","63.1%","176","66.9%","0","-","470","65.9%","849","54.0%","57","69.5%","654","68.9%","2,787","51.5%","764","69.4%","503","66.7%","17","42.5%","135","48.9%","100","53.5%","1,151","50.2%","397","61.1%","275","54.5%","560","50.9%","336","58.2%","118","43.5%","93","46.7%","500","51.6%","5,126","54.0%","605","75.0%","247","74.6%","2,298","66.4%","522","58.9%","443","64.6%","1,705","63.3%","287","67.7%","0","-","822","66.7%","2,811","52.2%","396","68.8%","206","56.3%","1,233","51.5%","472","50.6%","1,085","55.5%","384","54.6%","542","55.5%","1,432","51.5%","973","53.2%","333","46.5%","959","67.6%","466","64.8%","4,323","69.4%","417","62.8%","359","65.6%","539","56.4%","131","70.1%","3,746","53.9%","17,836","50.7%","809","63.2%","12,432","54.6%","4,568","66.1%","653","58.6%","443","63.1%","392","65.4%","4,480","38.3%","998","62.2%","832","56.5%","21","46.7%","159","59.8%","123","52.1%","1,510","48.6%","154","57.7%","282","39.8%","133","46.5%","10","43.5%","143","58.8%","204","54.7%","785","55.6%","55","79.7%","7,436","71.0%","1,613","74.5%","1,177","52.2%","256","65.0%","701","59.0%","2,072","54.3%","88","49.7%","7,131","46.8%","901","49.8%","64","55.7%","944","59.8%","111","52.6%","25","22.7%","241","48.8%","860","54.0%","711","60.0%","376","58.9%","1,964","58.7%","1,181","63.2%","2,025","50.5%","1,204","56.7%","55","79.7%","157","52.0%","139","72.0%","80","48.2%","1,457","45.1%","143","40.9%","138","56.3%","811","44.0%","763","50.8%","448","61.4%","1,220","57.3%","2,069","53.4%","1,425","60.8%","588","64.4%","1,986","62.9%","214","59.8%","10,700","48.7%","61","42.4%","730","55.1%","2,094","55.4%","15","50.0%","240","56.5%","195","63.1%","1,761","52.5%"
"Married couple household With own children under 18 [3]","30,641","20.3%","1,179","32.3%","4,531","24.0%","2,906","32.3%","1,563","29.4%","120","10.8%","100","12.3%","80","11.7%","309","23.0%","5,877","20.7%","461","22.2%","94","29.3%","309","21.9%","143","20.6%","82","12.0%","424","14.7%","40","12.9%","278","27.5%","41","20.2%","250","29.6%","1,160","21.4%","328","28.5%","108","11.5%","1,020","30.1%","961","32.6%","105","30.4%","1,256","21.3%","418","10.5%","101","9.7%","97","12.0%","217","14.2%","986","14.4%","125","10.7%","292","11.9%","1,495","16.3%","10,315","26.2%","157","24.0%","120","19.3%","646","31.0%","504","17.5%","197","18.4%","127","15.7%","153","16.2%","29","25.4%","20","12.0%","58","18.2%","2,621","19.4%","358","25.3%","235","28.2%","1,900","29.0%","12,531","24.7%","295","24.4%","377","21.8%","454","24.5%","67","25.5%","0","-","193","27.1%","375","23.9%","16","19.5%","290","30.6%","1,321","24.4%","336","30.5%","243","32.2%","5","12.5%","51","18.5%","17","9.1%","270","11.8%","78","12.0%","57","11.3%","148","13.5%","83","14.4%","14","5.2%","19","9.5%","144","14.9%","2,078","21.9%","279","34.6%","101","30.5%","1,016","29.3%","190","21.4%","80","11.7%","726","27.0%","126","29.7%","0","-","211","17.1%","987","18.3%","90","15.6%","98","26.8%","513","21.4%","119","12.8%","491","25.1%","148","21.1%","110","11.3%","433","15.6%","218","11.9%","58","8.1%","399","28.1%","243","33.8%","2,212","35.5%","184","27.7%","162","29.6%","226","23.7%","56","29.9%","1,719","24.7%","6,158","17.5%","159","12.4%","4,934","21.7%","1,312","19.0%","141","12.7%","140","19.9%","151","25.2%","1,759","15.1%","343","21.4%","256","17.4%","8","17.8%","53","19.9%","16","6.8%","400","12.9%","38","14.2%","61","8.6%","51","17.8%","9","39.1%","34","14.0%","72","19.3%","347","24.6%","31","44.9%","3,046","29.1%","751","34.7%","469","20.8%","114","28.9%","296","24.9%","888","23.3%","23","13.0%","2,423","15.9%","233","12.9%","20","17.4%","364","23.1%","46","21.8%","9","8.2%","91","18.4%","334","21.0%","286","24.1%","119","18.7%","796","23.8%","468","25.1%","634","15.8%","540","25.4%","15","21.7%","37","12.3%","62","32.1%","18","10.8%","377","11.7%","34","9.7%","28","11.4%","227","12.3%","328","21.8%","168","23.0%","560","26.3%","724","18.7%","581","24.8%","224","24.5%","948","30.0%","114","31.8%","4,454","20.3%","24","16.7%","131","9.9%","618","16.4%","0","0.0%","65","15.3%","37","12.0%","567","16.9%"
"Cohabiting couple household","11,308","7.5%","136","3.7%","862","4.6%","728","8.1%","312","5.9%","73","6.6%","52","6.4%","43","6.3%","48","3.6%","2,217","7.8%","81","3.9%","10","3.1%","63","4.5%","22","3.2%","52","7.6%","206","7.2%","23","7.4%","45","4.5%","12","5.9%","26","3.1%","394","7.3%","43","3.7%","100","10.7%","149","4.4%","102","3.5%","28","8.1%","400","6.8%","266","6.7%","48","4.6%","58","7.2%","105","6.9%","408","6.0%","78","6.7%","172","7.0%","567","6.2%","2,380","6.1%","32","4.9%","35","5.6%","74","3.6%","126","4.4%","54","5.0%","30","3.7%","50","5.3%","0","0.0%","14","8.4%","33","10.3%","1,072","7.9%","62","4.4%","41","4.9%","353","5.4%","4,040","8.0%","78","6.5%","120","7.0%","106","5.7%","7","2.7%","0","-","30","4.2%","69","4.4%","3","3.7%","30","3.2%","367","6.8%","35","3.2%","31","4.1%","1","2.5%","20","7.2%","5","2.7%","181","7.9%","29","4.5%","46","9.1%","50","4.5%","21","3.6%","23","8.5%","12","6.0%","44","4.5%","605","6.4%","23","2.9%","6","1.8%","129","3.7%","46","5.2%","22","3.2%","113","4.2%","9","2.1%","0","-","61","4.9%","354","6.6%","33","5.7%","20","5.5%","176","7.4%","54","5.8%","118","6.0%","48","6.8%","57","5.8%","159","5.7%","102","5.6%","49","6.8%","45","3.2%","27","3.8%","246","3.9%","28","4.2%","15","2.7%","52","5.4%","8","4.3%","611","8.8%","2,411","6.8%","49","3.8%","1,612","7.1%","381","5.5%","63","5.7%","45","6.4%","28","4.7%","962","8.2%","78","4.9%","100","6.8%","7","15.6%","14","5.3%","13","5.5%","184","5.9%","15","5.6%","40","5.6%","25","8.7%","4","17.4%","8","3.3%","17","4.6%","83","5.9%","1","1.4%","125","1.2%","27","1.2%","149","6.6%","18","4.6%","77","6.5%","263","6.9%","17","9.6%","1,245","8.2%","135","7.5%","4","3.5%","52","3.3%","10","4.7%","20","18.2%","31","6.3%","125","7.8%","66","5.6%","21","3.3%","209","6.2%","100","5.4%","285","7.1%","127","6.0%","1","1.4%","17","5.6%","5","2.6%","11","6.6%","266","8.2%","21","6.0%","13","5.3%","133","7.2%","123","8.2%","42","5.8%","195","9.2%","263","6.8%","128","5.5%","42","4.6%","184","5.8%","25","7.0%","1,754","8.0%","12","8.3%","59","4.5%","242","6.4%","2","6.7%","23","5.4%","14","4.5%","207","6.2%"
"Cohabiting couple household With own children under 18 [3]","2,909","1.9%","46","1.3%","240","1.3%","313","3.5%","86","1.6%","29","2.6%","11","1.4%","17","2.5%","13","1.0%","786","2.8%","23","1.1%","4","1.2%","25","1.8%","9","1.3%","14","2.0%","67","2.3%","8","2.6%","24","2.4%","2","1.0%","7","0.8%","197","3.6%","20","1.7%","46","4.9%","57","1.7%","45","1.5%","11","3.2%","144","2.4%","43","1.1%","12","1.2%","19","2.4%","30","2.0%","100","1.5%","18","1.5%","49","2.0%","160","1.7%","998","2.5%","14","2.1%","10","1.6%","31","1.5%","46","1.6%","19","1.8%","10","1.2%","20","2.1%","0","0.0%","2","1.2%","11","3.4%","506","3.7%","22","1.6%","17","2.0%","163","2.5%","1,754","3.5%","33","2.7%","55","3.2%","54","2.9%","4","1.5%","0","-","11","1.5%","27","1.7%","1","1.2%","12","1.3%","174","3.2%","15","1.4%","16","2.1%","0","0.0%","12","4.3%","0","0.0%","54","2.4%","12","1.8%","13","2.6%","6","0.5%","8","1.4%","7","2.6%","1","0.5%","12","1.2%","255","2.7%","7","0.9%","3","0.9%","58","1.7%","18","2.0%","3","0.4%","53","2.0%","6","1.4%","0","-","23","1.9%","147","2.7%","3","0.5%","7","1.9%","72","3.0%","25","2.7%","64","3.3%","21","3.0%","6","0.6%","58","2.1%","26","1.4%","13","1.8%","13","0.9%","11","1.5%","112","1.8%","14","2.1%","6","1.1%","18","1.9%","5","2.7%","276","4.0%","782","2.2%","10","0.8%","614","2.7%","113","1.6%","12","1.1%","11","1.6%","10","1.7%","159","1.4%","29","1.8%","24","1.6%","1","2.2%","2","0.8%","2","0.8%","44","1.4%","3","1.1%","14","2.0%","9","3.1%","4","17.4%","4","1.6%","8","2.1%","33","2.3%","1","1.4%","50","0.5%","11","0.5%","72","3.2%","9","2.3%","39","3.3%","138","3.6%","8","4.5%","424","2.8%","48","2.7%","2","1.7%","20","1.3%","1","0.5%","5","4.5%","11","2.2%","49","3.1%","17","1.4%","8","1.3%","86","2.6%","40","2.1%","131","3.3%","47","2.2%","0","0.0%","4","1.3%","3","1.6%","2","1.2%","84","2.6%","7","2.0%","6","2.4%","54","2.9%","31","2.1%","12","1.6%","28","1.3%","107","2.8%","62","2.6%","13","1.4%","85","2.7%","15","4.2%","693","3.2%","5","3.5%","5","0.4%","59","1.6%","0","0.0%","8","1.9%","4","1.3%","76","2.3%"
"Male householder, no spouse or partner present:","27,589","18.3%","341","9.3%","2,131","11.3%","1,033","11.5%","782","14.7%","220","19.8%","181","22.2%","156","22.8%","178","13.2%","5,484","19.4%","348","16.8%","39","12.1%","285","20.2%","110","15.9%","137","20.0%","578","20.1%","67","21.6%","185","18.3%","45","22.2%","142","16.8%","922","17.0%","140","12.2%","222","23.7%","424","12.5%","344","11.7%","54","15.7%","1,057","17.9%","897","22.6%","215","20.8%","170","21.1%","345","22.7%","1,214","17.8%","263","22.6%","481","19.5%","1,739","19.0%","6,307","16.0%","109","16.7%","121","19.5%","245","11.8%","570","19.8%","205","19.1%","174","21.5%","204","21.5%","19","16.7%","33","19.8%","59","18.5%","2,219","16.4%","176","12.5%","123","14.8%","729","11.1%","7,511","14.8%","219","18.1%","256","14.8%","284","15.3%","47","17.9%","0","-","113","15.8%","313","19.9%","14","17.1%","137","14.4%","975","18.0%","155","14.1%","113","15.0%","15","37.5%","63","22.8%","50","26.7%","468","20.4%","132","20.3%","108","21.4%","253","23.0%","110","19.1%","89","32.8%","54","27.1%","179","18.5%","1,910","20.1%","98","12.1%","38","11.5%","454","13.1%","147","16.6%","131","19.1%","414","15.4%","59","13.9%","0","-","170","13.8%","935","17.3%","80","13.9%","73","19.9%","459","19.2%","213","22.8%","380","19.4%","136","19.3%","243","24.9%","565","20.3%","375","20.5%","186","26.0%","194","13.7%","137","19.1%","712","11.4%","106","16.0%","82","15.0%","196","20.5%","30","16.0%","1,179","16.9%","6,011","17.1%","249","19.5%","3,628","15.9%","966","14.0%","228","20.5%","104","14.8%","88","14.7%","3,008","25.7%","263","16.4%","276","18.7%","10","22.2%","61","22.9%","61","25.8%","636","20.5%","38","14.2%","177","25.0%","72","25.2%","6","26.1%","66","27.2%","85","22.8%","299","21.2%","5","7.2%","1,182","11.3%","199","9.2%","399","17.7%","66","16.8%","217","18.3%","616","16.1%","36","20.3%","2,967","19.5%","369","20.4%","28","24.3%","288","18.2%","59","28.0%","22","20.0%","128","25.9%","291","18.3%","206","17.4%","135","21.2%","440","13.2%","253","13.5%","738","18.4%","373","17.6%","8","11.6%","68","22.5%","29","15.0%","47","28.3%","694","21.5%","106","30.3%","54","22.0%","453","24.6%","323","21.5%","146","20.0%","382","18.0%","678","17.5%","327","13.9%","140","15.3%","458","14.5%","72","20.1%","3,949","18.0%","42","29.2%","292","22.1%","721","19.1%","8","26.7%","77","18.1%","58","18.8%","575","17.1%"
"Male householder, no spouse or partner present Living alone","17,659","11.7%","241","6.6%","1,333","7.1%","572","6.4%","489","9.2%","183","16.4%","125","15.4%","70","10.2%","122","9.1%","3,725","13.1%","249","12.0%","26","8.1%","206","14.6%","88","12.7%","89","13.0%","406","14.1%","44","14.2%","126","12.5%","24","11.8%","99","11.7%","632","11.7%","98","8.5%","130","13.9%","277","8.2%","240","8.2%","42","12.2%","690","11.7%","707","17.8%","172","16.6%","124","15.4%","275","18.1%","883","12.9%","203","17.4%","355","14.4%","1,230","13.4%","4,341","11.0%","78","11.9%","74","11.9%","143","6.9%","401","13.9%","144","13.4%","127","15.7%","152","16.1%","9","7.9%","27","16.2%","44","13.8%","1,306","9.6%","108","7.6%","78","9.4%","471","7.2%","4,387","8.7%","119","9.9%","164","9.5%","155","8.4%","31","11.8%","0","-","84","11.8%","214","13.6%","11","13.4%","75","7.9%","626","11.6%","97","8.8%","67","8.9%","8","20.0%","40","14.5%","41","21.9%","363","15.8%","109","16.8%","88","17.4%","205","18.6%","87","15.1%","70","25.8%","44","22.1%","124","12.8%","1,289","13.6%","54","6.7%","27","8.2%","284","8.2%","108","12.2%","108","15.7%","284","10.5%","39","9.2%","0","-","116","9.4%","645","12.0%","59","10.2%","44","12.0%","310","13.0%","160","17.1%","209","10.7%","103","14.7%","196","20.1%","426","15.3%","272","14.9%","162","22.6%","122","8.6%","90","12.5%","457","7.3%","66","9.9%","48","8.8%","128","13.4%","16","8.6%","710","10.2%","4,024","11.4%","199","15.5%","2,289","10.1%","691","10.0%","160","14.4%","68","9.7%","62","10.4%","1,984","17.0%","187","11.7%","214","14.5%","8","17.8%","42","15.8%","56","23.7%","512","16.5%","28","10.5%","139","19.6%","55","19.2%","2","8.7%","54","22.2%","61","16.4%","162","11.5%","2","2.9%","630","6.0%","115","5.3%","242","10.7%","35","8.9%","132","11.1%","404","10.6%","28","15.8%","2,151","14.1%","256","14.2%","20","17.4%","221","14.0%","44","20.9%","11","10.0%","92","18.6%","168","10.5%","144","12.2%","107","16.8%","290","8.7%","184","9.9%","484","12.1%","239","11.2%","5","7.2%","38","12.6%","20","10.4%","27","16.3%","515","15.9%","84","24.0%","41","16.7%","363","19.7%","218","14.5%","92","12.6%","247","11.6%","456","11.8%","201","8.6%","86","9.4%","288","9.1%","39","10.9%","2,605","11.9%","26","18.1%","248","18.7%","551","14.6%","8","26.7%","61","14.4%","48","15.5%","385","11.5%"
"Male householder, no spouse or partner present Living alone 65 years and over","4,614","3.1%","101","2.8%","524","2.8%","145","1.6%","93","1.7%","95","8.5%","67","8.2%","27","3.9%","63","4.7%","1,058","3.7%","106","5.1%","13","4.0%","76","5.4%","45","6.5%","46","6.7%","201","7.0%","17","5.5%","58","5.7%","12","5.9%","48","5.7%","210","3.9%","45","3.9%","38","4.1%","121","3.6%","87","3.0%","14","4.1%","273","4.6%","270","6.8%","95","9.2%","61","7.6%","119","7.8%","411","6.0%","91","7.8%","178","7.2%","519","5.7%","1,240","3.2%","27","4.1%","30","4.8%","52","2.5%","190","6.6%","68","6.3%","58","7.2%","81","8.6%","4","3.5%","11","6.6%","13","4.1%","480","3.5%","45","3.2%","29","3.5%","187","2.9%","1,431","2.8%","51","4.2%","76","4.4%","57","3.1%","17","6.5%","0","-","46","6.5%","62","3.9%","4","4.9%","24","2.5%","212","3.9%","34","3.1%","23","3.1%","1","2.5%","18","6.5%","22","11.8%","171","7.5%","74","11.4%","41","8.1%","105","9.5%","44","7.6%","27","10.0%","24","12.1%","52","5.4%","323","3.4%","23","2.9%","6","1.8%","97","2.8%","44","5.0%","45","6.6%","98","3.6%","16","3.8%","0","-","70","5.7%","290","5.4%","34","5.9%","16","4.4%","136","5.7%","79","8.5%","81","4.1%","46","6.5%","104","10.6%","234","8.4%","150","8.2%","93","13.0%","40","2.8%","23","3.2%","149","2.4%","27","4.1%","17","3.1%","50","5.2%","4","2.1%","246","3.5%","1,527","4.3%","98","7.7%","776","3.4%","296","4.3%","84","7.5%","36","5.1%","28","4.7%","326","2.8%","69","4.3%","105","7.1%","8","17.8%","20","7.5%","28","11.9%","262","8.4%","12","4.5%","80","11.3%","24","8.4%","1","4.3%","25","10.3%","27","7.2%","69","4.9%","1","1.4%","102","1.0%","41","1.9%","72","3.2%","8","2.0%","38","3.2%","140","3.7%","15","8.5%","760","5.0%","115","6.4%","7","6.1%","84","5.3%","22","10.4%","5","4.5%","27","5.5%","69","4.3%","56","4.7%","53","8.3%","131","3.9%","81","4.3%","189","4.7%","82","3.9%","1","1.4%","26","8.6%","14","7.3%","14","8.4%","210","6.5%","39","11.1%","29","11.8%","162","8.8%","57","3.8%","27","3.7%","59","2.8%","212","5.5%","82","3.5%","38","4.2%","123","3.9%","8","2.2%","750","3.4%","12","8.3%","125","9.4%","238","6.3%","1","3.3%","37","8.7%","26","8.4%","170","5.1%"
"Male householder, no spouse or partner present With own children under 18 [3]","2,628","1.7%","48","1.3%","283","1.5%","175","1.9%","111","2.1%","12","1.1%","10","1.2%","16","2.3%","20","1.5%","540","1.9%","27","1.3%","3","0.9%","26","1.8%","6","0.9%","11","1.6%","46","1.6%","6","1.9%","18","1.8%","7","3.4%","14","1.7%","105","1.9%","11","1.0%","23","2.5%","59","1.7%","37","1.3%","3","0.9%","128","2.2%","35","0.9%","8","0.8%","8","1.0%","10","0.7%","98","1.4%","14","1.2%","32","1.3%","155","1.7%","673","1.7%","12","1.8%","18","2.9%","27","1.3%","70","2.4%","9","0.8%","12","1.5%","17","1.8%","3","2.6%","2","1.2%","5","1.6%","266","2.0%","20","1.4%","15","1.8%","73","1.1%","937","1.8%","28","2.3%","18","1.0%","33","1.8%","7","2.7%","0","-","15","2.1%","49","3.1%","1","1.2%","14","1.5%","99","1.8%","22","2.0%","14","1.9%","1","2.5%","9","3.3%","2","1.1%","29","1.3%","3","0.5%","8","1.6%","11","1.0%","10","1.7%","4","1.5%","4","2.0%","21","2.2%","170","1.8%","19","2.4%","7","2.1%","52","1.5%","9","1.0%","9","1.3%","37","1.4%","7","1.7%","0","-","13","1.1%","86","1.6%","2","0.3%","5","1.4%","42","1.8%","15","1.6%","52","2.7%","7","1.0%","11","1.1%","37","1.3%","40","2.2%","3","0.4%","18","1.3%","15","2.1%","111","1.8%","13","2.0%","11","2.0%","23","2.4%","7","3.7%","133","1.9%","574","1.6%","10","0.8%","470","2.1%","72","1.0%","25","2.2%","6","0.9%","12","2.0%","181","1.5%","26","1.6%","27","1.8%","1","2.2%","6","2.3%","0","0.0%","37","1.2%","7","2.6%","16","2.3%","6","2.1%","2","8.7%","1","0.4%","4","1.1%","27","1.9%","0","0.0%","101","1.0%","26","1.2%","56","2.5%","5","1.3%","31","2.6%","60","1.6%","3","1.7%","249","1.6%","46","2.5%","4","3.5%","27","1.7%","3","1.4%","4","3.6%","8","1.6%","42","2.6%","16","1.4%","8","1.3%","58","1.7%","17","0.9%","84","2.1%","48","2.3%","0","0.0%","9","3.0%","5","2.6%","6","3.6%","47","1.5%","8","2.3%","5","2.0%","26","1.4%","29","1.9%","15","2.1%","38","1.8%","43","1.1%","50","2.1%","16","1.8%","68","2.2%","6","1.7%","462","2.1%","2","1.4%","15","1.1%","58","1.5%","0","0.0%","2","0.5%","5","1.6%","44","1.3%"
"Female householder, no spouse or partner present:","37,302","24.8%","518","14.2%","3,645","19.3%","1,485","16.5%","863","16.2%","208","18.7%","114","14.0%","224","32.7%","188","14.0%","7,147","25.2%","372","17.9%","47","14.6%","291","20.6%","104","15.0%","177","25.8%","577","20.0%","73","23.5%","180","17.8%","40","19.7%","103","12.2%","1,392","25.7%","174","15.1%","328","35.0%","525","15.5%","531","18.0%","48","13.9%","1,353","22.9%","992","24.9%","190","18.3%","150","18.6%","180","11.8%","1,053","15.4%","224","19.2%","441","17.9%","2,270","24.8%","8,910","22.7%","81","12.4%","88","14.2%","273","13.1%","594","20.6%","179","16.7%","133","16.4%","217","22.9%","18","15.8%","26","15.6%","76","23.8%","3,394","25.1%","170","12.0%","119","14.3%","1,057","16.1%","11,257","22.2%","218","18.0%","334","19.4%","295","15.9%","33","12.5%","0","-","100","14.0%","340","21.6%","8","9.8%","128","13.5%","1,283","23.7%","147","13.4%","107","14.2%","7","17.5%","58","21.0%","32","17.1%","492","21.5%","92","14.2%","76","15.0%","237","21.5%","110","19.1%","41","15.1%","40","20.1%","246","25.4%","1,854","19.5%","81","10.0%","40","12.1%","582","16.8%","171","19.3%","90","13.1%","460","17.1%","69","16.3%","0","-","180","14.6%","1,290","23.9%","67","11.6%","67","18.3%","524","21.9%","194","20.8%","373","19.1%","135","19.2%","135","13.8%","626","22.5%","378","20.7%","148","20.7%","221","15.6%","89","12.4%","951","15.3%","113","17.0%","91","16.6%","168","17.6%","18","9.6%","1,420","20.4%","8,955","25.4%","173","13.5%","5,085","22.3%","999","14.4%","170","15.3%","110","15.7%","91","15.2%","3,234","27.7%","266","16.6%","265","18.0%","7","15.6%","32","12.0%","39","16.5%","774","24.9%","60","22.5%","210","29.6%","56","19.6%","3","13.0%","26","10.7%","67","18.0%","245","17.4%","8","11.6%","1,724","16.5%","325","15.0%","529","23.5%","54","13.7%","193","16.2%","867","22.7%","36","20.3%","3,903","25.6%","403","22.3%","19","16.5%","295","18.7%","31","14.7%","43","39.1%","94","19.0%","318","19.9%","202","17.0%","106","16.6%","733","21.9%","334","17.9%","961","24.0%","421","19.8%","5","7.2%","60","19.9%","20","10.4%","28","16.9%","815","25.2%","80","22.9%","40","16.3%","446","24.2%","293","19.5%","94","12.9%","331","15.6%","864","22.3%","465","19.8%","143","15.7%","531","16.8%","47","13.1%","5,565","25.3%","29","20.1%","243","18.4%","720","19.1%","5","16.7%","85","20.0%","42","13.6%","810","24.2%"
"Female householder, no spouse or partner present Living alone","21,632","14.4%","327","8.9%","2,245","11.9%","665","7.4%","464","8.7%","151","13.6%","72","8.8%","94","13.7%","108","8.0%","4,140","14.6%","225","10.8%","24","7.5%","194","13.7%","66","9.5%","71","10.3%","358","12.4%","33","10.6%","80","7.9%","25","12.3%","59","7.0%","760","14.0%","90","7.8%","87","9.3%","282","8.3%","277","9.4%","25","7.2%","764","12.9%","758","19.1%","123","11.9%","95","11.8%","103","6.8%","652","9.5%","150","12.9%","274","11.1%","1,441","15.7%","4,883","12.4%","51","7.8%","57","9.2%","143","6.9%","402","14.0%","102","9.5%","73","9.0%","138","14.6%","12","10.5%","18","10.8%","49","15.4%","1,689","12.5%","80","5.7%","77","9.2%","538","8.2%","5,458","10.8%","89","7.4%","172","10.0%","158","8.5%","19","7.2%","0","-","65","9.1%","217","13.8%","5","6.1%","75","7.9%","679","12.5%","75","6.8%","60","8.0%","3","7.5%","30","10.9%","24","12.8%","336","14.7%","71","10.9%","49","9.7%","166","15.1%","81","14.0%","27","10.0%","28","14.1%","139","14.3%","1,008","10.6%","37","4.6%","22","6.6%","310","9.0%","116","13.1%","64","9.3%","254","9.4%","32","7.5%","0","-","107","8.7%","721","13.4%","31","5.4%","35","9.6%","304","12.7%","132","14.1%","179","9.2%","108","15.4%","98","10.0%","409","14.7%","239","13.1%","109","15.2%","132","9.3%","52","7.2%","473","7.6%","55","8.3%","56","10.2%","89","9.3%","11","5.9%","670","9.6%","5,579","15.8%","124","9.7%","2,720","12.0%","574","8.3%","100","9.0%","65","9.3%","61","10.2%","2,044","17.5%","176","11.0%","168","11.4%","4","8.9%","18","6.8%","29","12.3%","543","17.5%","44","16.5%","138","19.5%","30","10.5%","1","4.3%","13","5.3%","31","8.3%","134","9.5%","3","4.3%","833","8.0%","191","8.8%","253","11.2%","27","6.9%","117","9.8%","483","12.7%","16","9.0%","2,486","16.3%","175","9.7%","11","9.6%","176","11.1%","23","10.9%","14","12.7%","61","12.3%","136","8.5%","97","8.2%","64","10.0%","447","13.4%","197","10.5%","517","12.9%","223","10.5%","3","4.3%","21","7.0%","14","7.3%","9","5.4%","539","16.7%","66","18.9%","34","13.9%","283","15.4%","162","10.8%","60","8.2%","205","9.6%","498","12.9%","268","11.4%","76","8.3%","272","8.6%","21","5.9%","3,178","14.5%","12","8.3%","178","13.4%","463","12.3%","4","13.3%","56","13.2%","26","8.4%","447","13.3%"
"Female householder, no spouse or partner present Living alone 65 years and over","10,122","6.7%","221","6.0%","1,324","7.0%","300","3.3%","197","3.7%","91","8.2%","36","4.4%","41","6.0%","68","5.1%","1,823","6.4%","149","7.2%","16","5.0%","114","8.1%","41","5.9%","40","5.8%","219","7.6%","19","6.1%","60","5.9%","20","9.9%","33","3.9%","412","7.6%","53","4.6%","38","4.1%","181","5.3%","132","4.5%","19","5.5%","389","6.6%","381","9.6%","71","6.9%","59","7.3%","49","3.2%","402","5.9%","96","8.2%","170","6.9%","836","9.1%","2,517","6.4%","22","3.4%","29","4.7%","92","4.4%","262","9.1%","69","6.4%","42","5.2%","86","9.1%","4","3.5%","9","5.4%","20","6.3%","959","7.1%","54","3.8%","48","5.8%","303","4.6%","3,031","6.0%","55","4.6%","110","6.4%","86","4.6%","14","5.3%","0","-","42","5.9%","124","7.9%","3","3.7%","55","5.8%","392","7.2%","46","4.2%","34","4.5%","1","2.5%","18","6.5%","13","7.0%","204","8.9%","40","6.2%","26","5.1%","77","7.0%","45","7.8%","16","5.9%","23","11.6%","86","8.9%","495","5.2%","20","2.5%","17","5.1%","205","5.9%","78","8.8%","35","5.1%","141","5.2%","20","4.7%","0","-","74","6.0%","450","8.3%","13","2.3%","13","3.6%","177","7.4%","87","9.3%","96","4.9%","71","10.1%","61","6.2%","242","8.7%","161","8.8%","67","9.4%","91","6.4%","32","4.5%","269","4.3%","27","4.1%","30","5.5%","49","5.1%","6","3.2%","372","5.3%","3,257","9.2%","89","7.0%","1,475","6.5%","316","4.6%","59","5.3%","32","4.6%","38","6.3%","684","5.9%","101","6.3%","102","6.9%","0","0.0%","7","2.6%","29","12.3%","338","10.9%","31","11.6%","84","11.8%","12","4.2%","1","4.3%","5","2.1%","16","4.3%","69","4.9%","2","2.9%","303","2.9%","123","5.7%","127","5.6%","20","5.1%","87","7.3%","307","8.0%","10","5.6%","1,381","9.1%","83","4.6%","9","7.8%","121","7.7%","16","7.6%","9","8.2%","32","6.5%","79","5.0%","59","5.0%","49","7.7%","299","8.9%","110","5.9%","290","7.2%","126","5.9%","0","0.0%","10","3.3%","6","3.1%","3","1.8%","310","9.6%","43","12.3%","21","8.6%","183","9.9%","81","5.4%","31","4.2%","72","3.4%","321","8.3%","160","6.8%","51","5.6%","153","4.8%","9","2.5%","1,643","7.5%","5","3.5%","111","8.4%","209","5.5%","3","10.0%","34","8.0%","17","5.5%","298","8.9%"
"Female householder, no spouse or partner present With own children under 18 [3]","6,093","4.0%","77","2.1%","561","3.0%","401","4.5%","176","3.3%","24","2.2%","13","1.6%","38","5.5%","25","1.9%","1,340","4.7%","50","2.4%","7","2.2%","53","3.8%","13","1.9%","43","6.3%","75","2.6%","12","3.9%","43","4.3%","5","2.5%","15","1.8%","293","5.4%","27","2.3%","62","6.6%","99","2.9%","115","3.9%","7","2.0%","327","5.5%","99","2.5%","24","2.3%","19","2.4%","20","1.3%","108","1.6%","20","1.7%","58","2.4%","349","3.8%","1,943","4.9%","14","2.1%","12","1.9%","49","2.4%","66","2.3%","29","2.7%","12","1.5%","39","4.1%","2","1.8%","2","1.2%","16","5.0%","737","5.4%","19","1.3%","18","2.2%","195","3.0%","2,496","4.9%","69","5.7%","51","3.0%","51","2.7%","6","2.3%","0","-","12","1.7%","71","4.5%","1","1.2%","22","2.3%","302","5.6%","40","3.6%","19","2.5%","1","2.5%","17","6.2%","2","1.1%","58","2.5%","11","1.7%","5","1.0%","22","2.0%","10","1.7%","4","1.5%","2","1.0%","46","4.7%","386","4.1%","21","2.6%","3","0.9%","125","3.6%","18","2.0%","7","1.0%","82","3.0%","17","4.0%","0","-","24","1.9%","205","3.8%","13","2.3%","9","2.5%","102","4.3%","14","1.5%","91","4.7%","8","1.1%","5","0.5%","96","3.5%","41","2.2%","6","0.8%","31","2.2%","18","2.5%","238","3.8%","25","3.8%","12","2.2%","36","3.8%","5","2.7%","402","5.8%","1,384","3.9%","13","1.0%","1,030","4.5%","118","1.7%","28","2.5%","9","1.3%","17","2.8%","401","3.4%","30","1.9%","33","2.2%","1","2.2%","6","2.3%","4","1.7%","86","2.8%","7","2.6%","23","3.2%","12","4.2%","1","4.3%","3","1.2%","17","4.6%","54","3.8%","3","4.3%","268","2.6%","55","2.5%","128","5.7%","8","2.0%","33","2.8%","165","4.3%","6","3.4%","591","3.9%","66","3.7%","7","6.1%","54","3.4%","1","0.5%","14","12.7%","10","2.0%","81","5.1%","36","3.0%","15","2.4%","154","4.6%","38","2.0%","180","4.5%","108","5.1%","0","0.0%","13","4.3%","1","0.5%","1","0.6%","96","3.0%","5","1.4%","5","2.0%","63","3.4%","66","4.4%","9","1.2%","68","3.2%","154","4.0%","97","4.1%","36","3.9%","127","4.0%","11","3.1%","1,089","5.0%","4","2.8%","28","2.1%","112","3.0%","0","0.0%","5","1.2%","11","3.6%","166","5.0%"
"Households with individuals under 18 years","45,693","30.3%","1,401","38.3%","6,130","32.5%","4,149","46.2%","2,054","38.6%","224","20.1%","169","20.8%","259","37.8%","429","31.9%","9,363","33.0%","660","31.8%","124","38.6%","464","32.9%","199","28.7%","221","32.2%","735","25.5%","90","29.0%","403","39.9%","74","36.5%","321","38.0%","1,966","36.3%","434","37.8%","404","43.1%","1,385","40.9%","1,298","44.1%","139","40.3%","2,017","34.2%","677","17.0%","180","17.4%","188","23.4%","326","21.4%","1,501","22.0%","224","19.2%","517","21.0%","2,433","26.6%","15,139","38.5%","226","34.6%","178","28.7%","819","39.3%","786","27.3%","297","27.7%","208","25.7%","272","28.7%","36","31.6%","34","20.4%","101","31.7%","4,822","35.6%","488","34.5%","322","38.7%","2,643","40.4%","19,821","39.1%","497","41.1%","601","34.8%","680","36.6%","91","34.6%","0","-","249","34.9%","560","35.6%","23","28.0%","374","39.4%","2,118","39.1%","451","41.0%","327","43.4%","10","25.0%","107","38.8%","27","14.4%","508","22.2%","116","17.8%","95","18.8%","210","19.1%","126","21.8%","37","13.7%","32","16.1%","260","26.8%","3,256","34.3%","375","46.5%","130","39.3%","1,381","39.9%","265","29.9%","122","17.8%","996","37.0%","178","42.0%","0","-","311","25.2%","1,671","31.0%","123","21.4%","143","39.1%","811","33.9%","193","20.7%","800","40.9%","207","29.4%","151","15.5%","704","25.3%","403","22.0%","105","14.7%","527","37.1%","316","43.9%","2,890","46.4%","261","39.3%","215","39.3%","346","36.2%","83","44.4%","2,818","40.5%","9,795","27.8%","210","16.4%","7,778","34.2%","1,891","27.4%","263","23.6%","201","28.6%","205","34.2%","2,694","23.1%","469","29.2%","379","25.7%","15","33.3%","81","30.5%","27","11.4%","652","21.0%","64","24.0%","155","21.9%","93","32.5%","17","73.9%","56","23.0%","118","31.6%","544","38.5%","35","50.7%","3,735","35.7%","919","42.5%","825","36.6%","153","38.8%","450","37.9%","1,440","37.7%","50","28.2%","4,155","27.3%","534","29.5%","39","33.9%","525","33.2%","63","29.9%","57","51.8%","138","27.9%","612","38.4%","429","36.2%","166","26.0%","1,235","36.9%","652","34.9%","1,232","30.7%","835","39.3%","19","27.5%","105","34.8%","82","42.5%","38","22.9%","737","22.8%","70","20.0%","52","21.2%","432","23.4%","503","33.5%","231","31.6%","760","35.7%","1,179","30.4%","869","37.1%","325","35.6%","1,330","42.1%","168","46.9%","7,346","33.4%","48","33.3%","209","15.8%","945","25.0%","0","0.0%","102","24.0%","68","22.0%","1,005","30.0%"
"Households with individuals 65 years and over","41,148","27.3%","1,146","31.4%","6,785","35.9%","1,991","22.2%","1,186","22.3%","569","51.1%","376","46.2%","301","43.9%","541","40.3%","7,914","27.9%","849","40.9%","113","35.2%","499","35.3%","308","44.4%","312","45.5%","1,297","45.1%","131","42.3%","341","33.7%","85","41.9%","271","32.1%","1,683","31.1%","395","34.4%","334","35.6%","1,125","33.2%","814","27.6%","92","26.7%","1,871","31.7%","1,733","43.6%","501","48.4%","335","41.6%","558","36.6%","3,036","44.4%","603","51.7%","1,145","46.5%","3,631","39.7%","10,686","27.2%","228","34.9%","241","38.8%","665","31.9%","1,258","43.7%","496","46.3%","339","41.9%","416","43.9%","35","30.7%","65","38.9%","110","34.5%","4,419","32.6%","531","37.6%","278","33.4%","2,095","32.0%","14,562","28.7%","372","30.8%","650","37.7%","663","35.7%","118","44.9%","0","-","244","34.2%","520","33.1%","34","41.5%","303","31.9%","1,641","30.3%","339","30.8%","232","30.8%","16","40.0%","97","35.1%","94","50.3%","1,056","46.1%","342","52.6%","233","46.1%","527","47.9%","273","47.3%","122","45.0%","102","51.3%","386","39.8%","2,449","25.8%","247","30.6%","119","36.0%","1,100","31.8%","358","40.4%","337","49.1%","833","30.9%","135","31.8%","0","-","590","47.9%","2,145","39.8%","268","46.5%","121","33.1%","848","35.5%","431","46.2%","604","30.9%","287","40.8%","544","55.7%","1,229","44.2%","948","51.9%","390","54.5%","471","33.2%","190","26.4%","1,591","25.5%","197","29.7%","175","32.0%","324","33.9%","50","26.7%","2,052","29.5%","12,841","36.5%","629","49.1%","7,209","31.7%","2,756","39.9%","543","48.7%","290","41.3%","227","37.9%","2,566","22.0%","590","36.8%","586","39.8%","21","46.7%","111","41.7%","127","53.8%","1,500","48.3%","124","46.4%","353","49.8%","116","40.6%","6","26.1%","93","38.3%","144","38.6%","469","33.2%","20","29.0%","1,438","13.7%","671","31.0%","707","31.4%","118","29.9%","398","33.5%","1,293","33.9%","77","43.5%","5,294","34.7%","778","43.0%","43","37.4%","626","39.6%","92","43.6%","42","38.2%","176","35.6%","532","33.4%","393","33.2%","285","44.7%","1,227","36.7%","677","36.2%","1,560","38.9%","659","31.0%","28","40.6%","147","48.7%","78","40.4%","74","44.6%","1,297","40.1%","154","44.0%","136","55.5%","768","41.7%","447","29.8%","224","30.7%","503","23.6%","1,464","37.8%","759","32.4%","321","35.2%","931","29.5%","71","19.8%","6,589","30.0%","53","36.8%","662","50.0%","1,480","39.2%","10","33.3%","207","48.7%","150","48.5%","1,444","43.1%"
"HOUSING OCCUPANCY","","","","","","","","","","","","","","","","","","","","","","","","","","","","","","","","","","","","","","","","","","","","","","","","","","","","","","","","","","","","","","","","","","","","","","","","","","","","","","","","","","","","","","","","","","","","","","","","","","","","","","","","","","","","","","","","","","","","","","","","","","","","","","","","","","","","","","","","","","","","","","","","","","","","","","","","","","","","","","","","","","","","","","","","","","","","","","","","","","","","","","","","","","","","","","","","","","","","","","","","","","","","","","","","","","","","","","","","","","","","","","","","","","","","","","","","","","","","","","","","","","","","","","","","","","","","","","","","","","","","","","","","","","","","","","","","","","","","","","","","","","","","","","","","","","","","","","","","","","","","","","","","","","","","","","","","","","","","","","","","","","","","","","","","","","","","","","","","","","","",""
"Total housing units","158,271","100.0%","3,814","100.0%","20,067","100.0%","9,232","100.0%","5,517","100.0%","1,387","100.0%","1,255","100.0%","762","100.0%","1,400","100.0%","30,226","100.0%","2,515","100.0%","379","100.0%","1,802","100.0%","1,668","100.0%","927","100.0%","3,306","100.0%","395","100.0%","1,124","100.0%","224","100.0%","944","100.0%","5,710","100.0%","1,220","100.0%","1,009","100.0%","3,610","100.0%","3,064","100.0%","416","100.0%","6,736","100.0%","8,284","100.0%","2,182","100.0%","1,098","100.0%","2,163","100.0%","8,704","100.0%","1,870","100.0%","4,460","100.0%","11,278","100.0%","41,285","100.0%","710","100.0%","1,059","100.0%","2,160","100.0%","3,135","100.0%","1,266","100.0%","999","100.0%","1,153","100.0%","136","100.0%","228","100.0%","463","100.0%","14,159","100.0%","1,496","100.0%","875","100.0%","6,739","100.0%","52,580","100.0%","1,333","100.0%","1,829","100.0%","2,002","100.0%","348","100.0%","0","-","781","100.0%","1,818","100.0%","161","100.0%","1,087","100.0%","5,734","100.0%","1,166","100.0%","851","100.0%","130","100.0%","353","100.0%","411","100.0%","2,651","100.0%","898","100.0%","592","100.0%","1,362","100.0%","906","100.0%","753","100.0%","751","100.0%","1,154","100.0%","10,144","100.0%","875","100.0%","418","100.0%","3,692","100.0%","1,138","100.0%","3,947","100.0%","2,915","100.0%","452","100.0%","0","-","1,288","100.0%","5,634","100.0%","641","100.0%","409","100.0%","2,521","100.0%","1,031","100.0%","2,069","100.0%","810","100.0%","1,715","100.0%","3,144","100.0%","2,173","100.0%","1,030","100.0%","1,490","100.0%","811","100.0%","6,512","100.0%","726","100.0%","595","100.0%","1,052","100.0%","196","100.0%","7,321","100.0%","38,176","100.0%","2,193","100.0%","23,903","100.0%","8,099","100.0%","2,365","100.0%","816","100.0%","632","100.0%","12,403","100.0%","1,762","100.0%","1,646","100.0%","172","100.0%","402","100.0%","427","100.0%","3,567","100.0%","336","100.0%","794","100.0%","329","100.0%","31","100.0%","320","100.0%","405","100.0%","1,543","100.0%","87","100.0%","11,774","100.0%","2,263","100.0%","2,389","100.0%","447","100.0%","1,288","100.0%","4,094","100.0%","194","100.0%","16,099","100.0%","2,071","100.0%","162","100.0%","1,847","100.0%","305","100.0%","110","100.0%","545","100.0%","1,676","100.0%","1,291","100.0%","792","100.0%","3,502","100.0%","1,960","100.0%","4,222","100.0%","2,293","100.0%","82","100.0%","322","100.0%","240","100.0%","307","100.0%","3,648","100.0%","456","100.0%","417","100.0%","2,162","100.0%","2,082","100.0%","941","100.0%","2,792","100.0%","4,151","100.0%","2,499","100.0%","977","100.0%","3,279","100.0%","386","100.0%","23,211","100.0%","190","100.0%","3,684","100.0%","8,267","100.0%","238","100.0%","522","100.0%","370","100.0%","3,622","100.0%"
"Occupied housing units","150,642","95.2%","3,654","95.8%","18,889","94.1%","8,987","97.3%","5,316","96.4%","1,113","80.2%","814","64.9%","685","89.9%","1,344","96.0%","28,332","93.7%","2,077","82.6%","321","84.7%","1,412","78.4%","694","41.6%","686","74.0%","2,879","87.1%","310","78.5%","1,011","89.9%","203","90.6%","845","89.5%","5,412","94.8%","1,149","94.2%","937","92.9%","3,390","93.9%","2,944","96.1%","345","82.9%","5,903","87.6%","3,977","48.0%","1,036","47.5%","805","73.3%","1,523","70.4%","6,836","78.5%","1,166","62.4%","2,462","55.2%","9,155","81.2%","39,327","95.3%","653","92.0%","621","58.6%","2,083","96.4%","2,881","91.9%","1,072","84.7%","810","81.1%","947","82.1%","114","83.8%","167","73.2%","319","68.9%","13,540","95.6%","1,413","94.5%","833","95.2%","6,547","97.2%","50,706","96.4%","1,208","90.6%","1,726","94.4%","1,856","92.7%","263","75.6%","0","-","713","91.3%","1,571","86.4%","82","50.9%","949","87.3%","5,412","94.4%","1,101","94.4%","754","88.6%","40","30.8%","276","78.2%","187","45.5%","2,292","86.5%","650","72.4%","505","85.3%","1,100","80.8%","577","63.7%","271","36.0%","199","26.5%","969","84.0%","9,495","93.6%","807","92.2%","331","79.2%","3,463","93.8%","886","77.9%","686","17.4%","2,692","92.3%","424","93.8%","0","-","1,233","95.7%","5,390","95.7%","576","89.9%","366","89.5%","2,392","94.9%","933","90.5%","1,956","94.5%","703","86.8%","977","57.0%","2,782","88.5%","1,828","84.1%","716","69.5%","1,419","95.2%","719","88.7%","6,232","95.7%","664","91.5%","547","91.9%","955","90.8%","187","95.4%","6,956","95.0%","35,213","92.2%","1,280","58.4%","22,757","95.2%","6,914","85.4%","1,114","47.1%","702","86.0%","599","94.8%","11,684","94.2%","1,605","91.1%","1,473","89.5%","45","26.2%","266","66.2%","236","55.3%","3,104","87.0%","267","79.5%","709","89.3%","286","86.9%","23","74.2%","243","75.9%","373","92.1%","1,412","91.5%","69","79.3%","10,467","88.9%","2,164","95.6%","2,254","94.3%","394","88.1%","1,188","92.2%","3,818","93.3%","177","91.2%","15,246","94.7%","1,808","87.3%","115","71.0%","1,579","85.5%","211","69.2%","110","100.0%","494","90.6%","1,594","95.1%","1,185","91.8%","638","80.6%","3,346","95.5%","1,868","95.3%","4,009","95.0%","2,125","92.7%","69","84.1%","302","93.8%","193","80.4%","166","54.1%","3,232","88.6%","350","76.8%","245","58.8%","1,843","85.2%","1,502","72.1%","730","77.6%","2,128","76.2%","3,874","93.3%","2,345","93.8%","913","93.4%","3,159","96.3%","358","92.7%","21,968","94.6%","144","75.8%","1,324","35.9%","3,777","45.7%","30","12.6%","425","81.4%","309","83.5%","3,353","92.6%"
"Vacant housing units","7,629","4.8%","160","4.2%","1,178","5.9%","245","2.7%","201","3.6%","274","19.8%","441","35.1%","77","10.1%","56","4.0%","1,894","6.3%","438","17.4%","58","15.3%","390","21.6%","974","58.4%","241","26.0%","427","12.9%","85","21.5%","113","10.1%","21","9.4%","99","10.5%","298","5.2%","71","5.8%","72","7.1%","220","6.1%","120","3.9%","71","17.1%","833","12.4%","4,307","52.0%","1,146","52.5%","293","26.7%","640","29.6%","1,868","21.5%","704","37.6%","1,998","44.8%","2,123","18.8%","1,958","4.7%","57","8.0%","438","41.4%","77","3.6%","254","8.1%","194","15.3%","189","18.9%","206","17.9%","22","16.2%","61","26.8%","144","31.1%","619","4.4%","83","5.5%","42","4.8%","192","2.8%","1,874","3.6%","125","9.4%","103","5.6%","146","7.3%","85","24.4%","0","-","68","8.7%","247","13.6%","79","49.1%","138","12.7%","322","5.6%","65","5.6%","97","11.4%","90","69.2%","77","21.8%","224","54.5%","359","13.5%","248","27.6%","87","14.7%","262","19.2%","329","36.3%","482","64.0%","552","73.5%","185","16.0%","649","6.4%","68","7.8%","87","20.8%","229","6.2%","252","22.1%","3,261","82.6%","223","7.7%","28","6.2%","0","-","55","4.3%","244","4.3%","65","10.1%","43","10.5%","129","5.1%","98","9.5%","113","5.5%","107","13.2%","738","43.0%","362","11.5%","345","15.9%","314","30.5%","71","4.8%","92","11.3%","280","4.3%","62","8.5%","48","8.1%","97","9.2%","9","4.6%","365","5.0%","2,963","7.8%","913","41.6%","1,146","4.8%","1,185","14.6%","1,251","52.9%","114","14.0%","33","5.2%","719","5.8%","157","8.9%","173","10.5%","127","73.8%","136","33.8%","191","44.7%","463","13.0%","69","20.5%","85","10.7%","43","13.1%","8","25.8%","77","24.1%","32","7.9%","131","8.5%","18","20.7%","1,307","11.1%","99","4.4%","135","5.7%","53","11.9%","100","7.8%","276","6.7%","17","8.8%","853","5.3%","263","12.7%","47","29.0%","268","14.5%","94","30.8%","0","0.0%","51","9.4%","82","4.9%","106","8.2%","154","19.4%","156","4.5%","92","4.7%","213","5.0%","168","7.3%","13","15.9%","20","6.2%","47","19.6%","141","45.9%","416","11.4%","106","23.2%","172","41.2%","319","14.8%","580","27.9%","211","22.4%","664","23.8%","277","6.7%","154","6.2%","64","6.6%","120","3.7%","28","7.3%","1,243","5.4%","46","24.2%","2,360","64.1%","4,490","54.3%","208","87.4%","97","18.6%","61","16.5%","269","7.4%"
"For rent","2,960","1.9%","10","0.3%","422","2.1%","96","1.0%","85","1.5%","5","0.4%","8","0.6%","7","0.9%","5","0.4%","861","2.8%","19","0.8%","1","0.3%","31","1.7%","15","0.9%","11","1.2%","54","1.6%","15","3.8%","12","1.1%","1","0.4%","9","1.0%","75","1.3%","7","0.6%","9","0.9%","30","0.8%","33","1.1%","1","0.2%","76","1.1%","323","3.9%","32","1.5%","17","1.5%","10","0.5%","37","0.4%","23","1.2%","38","0.9%","248","2.2%","690","1.7%","8","1.1%","1","0.1%","10","0.5%","39","1.2%","24","1.9%","10","1.0%","24","2.1%","0","0.0%","0","0.0%","6","1.3%","175","1.2%","6","0.4%","4","0.5%","12","0.2%","655","1.2%","21","1.6%","23","1.3%","38","1.9%","1","0.3%","0","-","6","0.8%","45","2.5%","5","3.1%","10","0.9%","130","2.3%","8","0.7%","6","0.7%","0","0.0%","0","0.0%","7","1.7%","43","1.6%","10","1.1%","3","0.5%","29","2.1%","13","1.4%","5","0.7%","11","1.5%","11","1.0%","149","1.5%","1","0.1%","0","0.0%","22","0.6%","6","0.5%","106","2.7%","29","1.0%","5","1.1%","0","-","1","0.1%","43","0.8%","5","0.8%","7","1.7%","19","0.8%","4","0.4%","25","1.2%","16","2.0%","0","0.0%","32","1.0%","38","1.7%","15","1.5%","7","0.5%","14","1.7%","86","1.3%","11","1.5%","7","1.2%","25","2.4%","0","0.0%","68","0.9%","613","1.6%","15","0.7%","309","1.3%","72","0.9%","2","0.1%","5","0.6%","9","1.4%","353","2.8%","19","1.1%","9","0.5%","0","0.0%","6","1.5%","2","0.5%","30","0.8%","4","1.2%","13","1.6%","3","0.9%","0","0.0%","8","2.5%","3","0.7%","8","0.5%","0","0.0%","997","8.5%","20","0.9%","55","2.3%","2","0.4%","15","1.2%","67","1.6%","0","0.0%","266","1.7%","13","0.6%","0","0.0%","33","1.8%","7","2.3%","0","0.0%","11","2.0%","12","0.7%","19","1.5%","9","1.1%","36","1.0%","12","0.6%","49","1.2%","41","1.8%","2","2.4%","0","0.0%","1","0.4%","5","1.6%","61","1.7%","6","1.3%","0","0.0%","34","1.6%","136","6.5%","13","1.4%","98","3.5%","56","1.3%","46","1.8%","9","0.9%","31","0.9%","4","1.0%","508","2.2%","0","0.0%","13","0.4%","112","1.4%","0","0.0%","4","0.8%","4","1.1%","29","0.8%"
"Rented, not occupied","345","0.2%","1","0.0%","36","0.2%","1","0.0%","6","0.1%","1","0.1%","4","0.3%","6","0.8%","2","0.1%","72","0.2%","7","0.3%","0","0.0%","0","0.0%","0","0.0%","0","0.0%","6","0.2%","3","0.8%","6","0.5%","0","0.0%","1","0.1%","9","0.2%","1","0.1%","6","0.6%","4","0.1%","6","0.2%","2","0.5%","14","0.2%","57","0.7%","1","0.0%","4","0.4%","2","0.1%","14","0.2%","2","0.1%","5","0.1%","20","0.2%","110","0.3%","0","0.0%","4","0.4%","0","0.0%","3","0.1%","2","0.2%","2","0.2%","0","0.0%","0","0.0%","0","0.0%","1","0.2%","28","0.2%","0","0.0%","0","0.0%","3","0.0%","74","0.1%","2","0.2%","3","0.2%","3","0.1%","0","0.0%","0","-","3","0.4%","5","0.3%","0","0.0%","2","0.2%","8","0.1%","2","0.2%","1","0.1%","0","0.0%","2","0.6%","0","0.0%","8","0.3%","0","0.0%","0","0.0%","2","0.1%","0","0.0%","1","0.1%","0","0.0%","1","0.1%","34","0.3%","6","0.7%","2","0.5%","8","0.2%","8","0.7%","8","0.2%","10","0.3%","0","0.0%","0","-","0","0.0%","8","0.1%","4","0.6%","8","2.0%","9","0.4%","2","0.2%","3","0.1%","1","0.1%","0","0.0%","14","0.4%","2","0.1%","8","0.8%","7","0.5%","8","1.0%","1","0.0%","2","0.3%","0","0.0%","2","0.2%","0","0.0%","14","0.2%","65","0.2%","5","0.2%","27","0.1%","15","0.2%","3","0.1%","4","0.5%","1","0.2%","25","0.2%","8","0.5%","1","0.1%","0","0.0%","0","0.0%","0","0.0%","1","0.0%","3","0.9%","1","0.1%","0","0.0%","0","0.0%","1","0.3%","0","0.0%","4","0.3%","2","2.3%","62","0.5%","6","0.3%","0","0.0%","0","0.0%","7","0.5%","7","0.2%","0","0.0%","30","0.2%","2","0.1%","0","0.0%","3","0.2%","0","0.0%","0","0.0%","0","0.0%","3","0.2%","4","0.3%","0","0.0%","3","0.1%","1","0.1%","2","0.0%","3","0.1%","0","0.0%","0","0.0%","0","0.0%","0","0.0%","10","0.3%","0","0.0%","0","0.0%","1","0.0%","10","0.5%","1","0.1%","5","0.2%","9","0.2%","2","0.1%","0","0.0%","2","0.1%","0","0.0%","40","0.2%","0","0.0%","3","0.1%","24","0.3%","0","0.0%","0","0.0%","2","0.5%","5","0.1%"
"For sale only","1,127","0.7%","43","1.1%","173","0.9%","58","0.6%","25","0.5%","13","0.9%","12","1.0%","11","1.4%","8","0.6%","276","0.9%","17","0.7%","0","0.0%","22","1.2%","5","0.3%","6","0.6%","28","0.8%","2","0.5%","11","1.0%","1","0.4%","0","0.0%","51","0.9%","4","0.3%","5","0.5%","20","0.6%","18","0.6%","0","0.0%","54","0.8%","79","1.0%","13","0.6%","5","0.5%","13","0.6%","83","1.0%","27","1.4%","24","0.5%","77","0.7%","247","0.6%","7","1.0%","5","0.5%","17","0.8%","38","1.2%","16","1.3%","14","1.4%","26","2.3%","3","2.2%","0","0.0%","2","0.4%","128","0.9%","8","0.5%","2","0.2%","45","0.7%","408","0.8%","6","0.5%","17","0.9%","13","0.6%","7","2.0%","0","-","0","0.0%","17","0.9%","0","0.0%","3","0.3%","31","0.5%","8","0.7%","11","1.3%","0","0.0%","2","0.6%","9","2.2%","25","0.9%","7","0.8%","3","0.5%","29","2.1%","4","0.4%","3","0.4%","3","0.4%","12","1.0%","106","1.0%","10","1.1%","5","1.2%","30","0.8%","4","0.4%","14","0.4%","31","1.1%","1","0.2%","0","-","10","0.8%","48","0.9%","6","0.9%","2","0.5%","12","0.5%","5","0.5%","8","0.4%","6","0.7%","18","1.0%","19","0.6%","26","1.2%","6","0.6%","18","1.2%","2","0.2%","24","0.4%","2","0.3%","10","1.7%","5","0.5%","0","0.0%","39","0.5%","160","0.4%","22","1.0%","112","0.5%","63","0.8%","13","0.5%","7","0.9%","3","0.5%","72","0.6%","13","0.7%","18","1.1%","6","3.5%","6","1.5%","12","2.8%","43","1.2%","8","2.4%","10","1.3%","9","2.7%","0","0.0%","9","2.8%","4","1.0%","12","0.8%","5","5.7%","25","0.2%","15","0.7%","24","1.0%","4","0.9%","10","0.8%","33","0.8%","0","0.0%","74","0.5%","9","0.4%","0","0.0%","21","1.1%","0","0.0%","0","0.0%","1","0.2%","16","1.0%","25","1.9%","0","0.0%","38","1.1%","12","0.6%","27","0.6%","26","1.1%","0","0.0%","0","0.0%","8","3.3%","0","0.0%","56","1.5%","3","0.7%","0","0.0%","24","1.1%","13","0.6%","9","1.0%","61","2.2%","28","0.7%","20","0.8%","5","0.5%","19","0.6%","1","0.3%","180","0.8%","4","2.1%","27","0.7%","60","0.7%","0","0.0%","6","1.1%","2","0.5%","35","1.0%"
"Sold, not occupied","453","0.3%","18","0.5%","105","0.5%","28","0.3%","10","0.2%","4","0.3%","7","0.6%","7","0.9%","2","0.1%","72","0.2%","7","0.3%","0","0.0%","5","0.3%","1","0.1%","10","1.1%","2","0.1%","2","0.5%","7","0.6%","0","0.0%","6","0.6%","16","0.3%","7","0.6%","0","0.0%","6","0.2%","18","0.6%","6","1.4%","11","0.2%","41","0.5%","12","0.5%","5","0.5%","27","1.2%","52","0.6%","12","0.6%","21","0.5%","45","0.4%","108","0.3%","2","0.3%","6","0.6%","1","0.0%","26","0.8%","6","0.5%","2","0.2%","7","0.6%","0","0.0%","2","0.9%","9","1.9%","55","0.4%","15","1.0%","5","0.6%","34","0.5%","113","0.2%","6","0.5%","5","0.3%","15","0.7%","2","0.6%","0","-","7","0.9%","7","0.4%","3","1.9%","1","0.1%","33","0.6%","2","0.2%","9","1.1%","2","1.5%","7","2.0%","3","0.7%","20","0.8%","18","2.0%","9","1.5%","6","0.4%","13","1.4%","3","0.4%","0","0.0%","4","0.3%","34","0.3%","1","0.1%","8","1.9%","17","0.5%","16","1.4%","7","0.2%","38","1.3%","5","1.1%","0","-","4","0.3%","15","0.3%","4","0.6%","0","0.0%","3","0.1%","0","0.0%","7","0.3%","6","0.7%","15","0.9%","32","1.0%","17","0.8%","2","0.2%","3","0.2%","5","0.6%","22","0.3%","3","0.4%","7","1.2%","5","0.5%","1","0.5%","23","0.3%","141","0.4%","21","1.0%","64","0.3%","38","0.5%","12","0.5%","4","0.5%","3","0.5%","10","0.1%","4","0.2%","7","0.4%","0","0.0%","1","0.2%","0","0.0%","8","0.2%","6","1.8%","1","0.1%","2","0.6%","0","0.0%","5","1.6%","2","0.5%","3","0.2%","0","0.0%","16","0.1%","12","0.5%","0","0.0%","0","0.0%","7","0.5%","6","0.1%","0","0.0%","48","0.3%","8","0.4%","2","1.2%","26","1.4%","0","0.0%","0","0.0%","0","0.0%","9","0.5%","5","0.4%","10","1.3%","8","0.2%","16","0.8%","18","0.4%","13","0.6%","1","1.2%","0","0.0%","5","2.1%","8","2.6%","19","0.5%","6","1.3%","3","0.7%","12","0.6%","9","0.4%","4","0.4%","9","0.3%","33","0.8%","7","0.3%","1","0.1%","6","0.2%","0","0.0%","35","0.2%","0","0.0%","24","0.7%","32","0.4%","0","0.0%","7","1.3%","6","1.6%","31","0.9%"
"For seasonal, recreational, or occasional use","1,116","0.7%","47","1.2%","171","0.9%","9","0.1%","36","0.7%","180","13.0%","365","29.1%","9","1.2%","11","0.8%","107","0.4%","307","12.2%","28","7.4%","252","14.0%","884","53.0%","172","18.6%","222","6.7%","22","5.6%","18","1.6%","10","4.5%","27","2.9%","21","0.4%","28","2.3%","6","0.6%","27","0.7%","10","0.3%","52","12.5%","575","8.5%","3,698","44.6%","1,029","47.2%","214","19.5%","520","24.0%","1,447","16.6%","611","32.7%","1,815","40.7%","1,511","13.4%","238","0.6%","6","0.8%","388","36.6%","11","0.5%","62","2.0%","98","7.7%","74","7.4%","50","4.3%","4","2.9%","48","21.1%","99","21.4%","42","0.3%","13","0.9%","2","0.2%","27","0.4%","171","0.3%","4","0.3%","25","1.4%","17","0.8%","42","12.1%","0","-","28","3.6%","117","6.4%","56","34.8%","76","7.0%","25","0.4%","18","1.5%","22","2.6%","82","63.1%","36","10.2%","182","44.3%","105","4.0%","181","20.2%","42","7.1%","151","11.1%","261","28.8%","445","59.1%","521","69.4%","62","5.4%","54","0.5%","15","1.7%","54","12.9%","99","2.7%","174","15.3%","3,058","77.5%","56","1.9%","8","1.8%","0","-","21","1.6%","28","0.5%","29","4.5%","19","4.6%","15","0.6%","43","4.2%","15","0.7%","49","6.0%","625","36.4%","183","5.8%","131","6.0%","243","23.6%","13","0.9%","10","1.2%","44","0.7%","18","2.5%","7","1.2%","8","0.8%","0","0.0%","48","0.7%","1,590","4.2%","785","35.8%","345","1.4%","900","11.1%","1,169","49.4%","56","6.9%","8","1.3%","88","0.7%","34","1.9%","65","3.9%","115","66.9%","103","25.6%","148","34.7%","233","6.5%","23","6.8%","19","2.4%","8","2.4%","8","25.8%","23","7.2%","2","0.5%","30","1.9%","1","1.1%","74","0.6%","13","0.6%","8","0.3%","12","2.7%","22","1.7%","29","0.7%","0","0.0%","202","1.3%","82","4.0%","20","12.3%","131","7.1%","64","21.0%","0","0.0%","18","3.3%","10","0.6%","10","0.8%","85","10.7%","12","0.3%","11","0.6%","34","0.8%","24","1.0%","3","3.7%","3","0.9%","20","8.3%","121","39.4%","125","3.4%","60","13.2%","152","36.5%","136","6.3%","364","17.5%","157","16.7%","445","15.9%","48","1.2%","15","0.6%","5","0.5%","13","0.4%","12","3.1%","93","0.4%","26","13.7%","2,219","60.2%","4,091","49.5%","206","86.6%","57","10.9%","30","8.1%","51","1.4%"
"All other vacants","1,628","1.0%","41","1.1%","271","1.4%","53","0.6%","39","0.7%","71","5.1%","45","3.6%","37","4.9%","28","2.0%","506","1.7%","81","3.2%","29","7.7%","80","4.4%","69","4.1%","42","4.5%","115","3.5%","41","10.4%","59","5.2%","9","4.0%","56","5.9%","126","2.2%","24","2.0%","46","4.6%","133","3.7%","35","1.1%","10","2.4%","103","1.5%","109","1.3%","59","2.7%","48","4.4%","68","3.1%","235","2.7%","29","1.6%","95","2.1%","222","2.0%","565","1.4%","34","4.8%","34","3.2%","38","1.8%","86","2.7%","48","3.8%","87","8.7%","99","8.6%","15","11.0%","11","4.8%","27","5.8%","191","1.3%","41","2.7%","29","3.3%","71","1.1%","453","0.9%","86","6.5%","30","1.6%","60","3.0%","33","9.5%","0","-","24","3.1%","56","3.1%","15","9.3%","46","4.2%","95","1.7%","27","2.3%","48","5.6%","6","4.6%","30","8.5%","23","5.6%","158","6.0%","32","3.6%","30","5.1%","45","3.3%","38","4.2%","25","3.3%","17","2.3%","95","8.2%","272","2.7%","35","4.0%","18","4.3%","53","1.4%","44","3.9%","68","1.7%","59","2.0%","9","2.0%","0","-","19","1.5%","102","1.8%","17","2.7%","7","1.7%","71","2.8%","44","4.3%","55","2.7%","29","3.6%","80","4.7%","82","2.6%","131","6.0%","40","3.9%","23","1.5%","53","6.5%","103","1.6%","26","3.6%","17","2.9%","52","4.9%","8","4.1%","173","2.4%","394","1.0%","65","3.0%","289","1.2%","97","1.2%","52","2.2%","38","4.7%","9","1.4%","171","1.4%","79","4.5%","73","4.4%","6","3.5%","20","5.0%","29","6.8%","148","4.1%","25","7.4%","41","5.2%","21","6.4%","0","0.0%","31","9.7%","21","5.2%","74","4.8%","10","11.5%","133","1.1%","33","1.5%","48","2.0%","35","7.8%","39","3.0%","134","3.3%","17","8.8%","233","1.4%","149","7.2%","25","15.4%","54","2.9%","23","7.5%","0","0.0%","21","3.9%","32","1.9%","43","3.3%","50","6.3%","59","1.7%","40","2.0%","83","2.0%","61","2.7%","7","8.5%","17","5.3%","13","5.4%","7","2.3%","145","4.0%","31","6.8%","17","4.1%","112","5.2%","48","2.3%","27","2.9%","46","1.6%","103","2.5%","64","2.6%","44","4.5%","49","1.5%","11","2.8%","387","1.7%","16","8.4%","74","2.0%","171","2.1%","2","0.8%","23","4.4%","17","4.6%","118","3.3%"
"VACANCY RATES","","","","","","","","","","","","","","","","","","","","","","","","","","","","","","","","","","","","","","","","","","","","","","","","","","","","","","","","","","","","","","","","","","","","","","","","","","","","","","","","","","","","","","","","","","","","","","","","","","","","","","","","","","","","","","","","","","","","","","","","","","","","","","","","","","","","","","","","","","","","","","","","","","","","","","","","","","","","","","","","","","","","","","","","","","","","","","","","","","","","","","","","","","","","","","","","","","","","","","","","","","","","","","","","","","","","","","","","","","","","","","","","","","","","","","","","","","","","","","","","","","","","","","","","","","","","","","","","","","","","","","","","","","","","","","","","","","","","","","","","","","","","","","","","","","","","","","","","","","","","","","","","","","","","","","","","","","","","","","","","","","","","","","","","","","","","","","","","","","","",""
"Homeowner vacancy rate (percent) [4]","1.1","(X)","1.3","(X)","1.1","(X)","0.8","(X)","0.6","(X)","1.5","(X)","1.8","(X)","1.8","(X)","0.6","(X)","1.5","(X)","1.0","(X)","0.0","(X)","2.0","(X)","0.8","(X)","1.2","(X)","1.2","(X)","0.8","(X)","1.4","(X)","0.6","(X)","0.0","(X)","1.4","(X)","0.4","(X)","0.7","(X)","0.7","(X)","0.8","(X)","0.0","(X)","1.3","(X)","2.8","(X)","1.4","(X)","0.8","(X)","0.9","(X)","1.4","(X)","2.7","(X)","1.2","(X)","1.2","(X)","0.9","(X)","1.3","(X)","1.0","(X)","0.9","(X)","1.7","(X)","1.8","(X)","2.1","(X)","3.5","(X)","3.5","(X)","0.0","(X)","0.8","(X)","1.4","(X)","0.6","(X)","0.3","(X)","0.8","(X)","1.1","(X)","0.7","(X)","1.3","(X)","0.9","(X)","3.1","(X)","0.0","(X)","0.0","(X)","1.4","(X)","0.0","(X)","0.5","(X)","0.9","(X)","0.9","(X)","1.9","(X)","0.0","(X)","1.0","(X)","5.0","(X)","1.4","(X)","1.2","(X)","0.7","(X)","3.2","(X)","0.9","(X)","1.5","(X)","1.8","(X)","1.8","(X)","1.7","(X)","1.4","(X)","1.6","(X)","1.1","(X)","0.5","(X)","2.2","(X)","1.4","(X)","0.3","(X)","0.0","(X)","0.9","(X)","1.2","(X)","1.2","(X)","0.8","(X)","0.7","(X)","0.7","(X)","0.7","(X)","1.1","(X)","2.2","(X)","0.9","(X)","1.7","(X)","1.1","(X)","1.5","(X)","0.4","(X)","0.5","(X)","0.4","(X)","2.3","(X)","0.8","(X)","0.0","(X)","0.8","(X)","0.7","(X)","1.9","(X)","0.7","(X)","1.0","(X)","1.3","(X)","1.1","(X)","0.6","(X)","1.4","(X)","0.9","(X)","1.5","(X)","12.0","(X)","3.2","(X)","6.1","(X)","1.8","(X)","3.2","(X)","2.3","(X)","3.8","(X)","0.0","(X)","4.3","(X)","1.5","(X)","1.2","(X)","10.2","(X)","0.7","(X)","0.8","(X)","1.5","(X)","1.6","(X)","1.1","(X)","1.2","(X)","0.0","(X)","0.7","(X)","0.6","(X)","0.0","(X)","1.6","(X)","0.0","(X)","0.0","(X)","0.3","(X)","1.3","(X)","2.6","(X)","0.0","(X)","1.5","(X)","0.8","(X)","1.0","(X)","1.7","(X)","0.0","(X)","0.0","(X)","4.6","(X)","0.0","(X)","2.4","(X)","1.1","(X)","0.0","(X)","1.7","(X)","1.3","(X)","1.5","(X)","3.7","(X)","1.0","(X)","1.1","(X)","0.7","(X)","0.7","(X)","0.5","(X)","1.3","(X)","4.9","(X)","2.4","(X)","2.0","(X)","0.0","(X)","1.7","(X)","0.8","(X)","1.4","(X)"
"Rental vacancy rate (percent) [5]","5.4","(X)","2.5","(X)","10.4","(X)","5.6","(X)","6.9","(X)","2.0","(X)","4.7","(X)","7.7","(X)","4.6","(X)","7.9","(X)","5.3","(X)","2.4","(X)","8.5","(X)","15.5","(X)","5.4","(X)","8.2","(X)","16.0","(X)","4.5","(X)","2.5","(X)","5.6","(X)","4.2","(X)","3.2","(X)","3.4","(X)","5.5","(X)","4.9","(X)","1.0","(X)","4.2","(X)","20.0","(X)","17.1","(X)","9.5","(X)","5.4","(X)","3.7","(X)","9.3","(X)","6.9","(X)","7.7","(X)","5.4","(X)","6.0","(X)","0.8","(X)","4.0","(X)","5.3","(X)","10.4","(X)","5.5","(X)","9.4","(X)","0.0","(X)","0.0","(X)","7.6","(X)","3.8","(X)","3.0","(X)","1.9","(X)","1.5","(X)","4.4","(X)","6.0","(X)","5.3","(X)","8.3","(X)","2.0","(X)","0.0","(X)","4.0","(X)","10.3","(X)","23.8","(X)","3.2","(X)","6.2","(X)","3.4","(X)","2.9","(X)","0.0","(X)","0.0","(X)","28.0","(X)","6.8","(X)","11.0","(X)","2.8","(X)","11.0","(X)","9.2","(X)","5.7","(X)","24.4","(X)","3.5","(X)","4.0","(X)","0.9","(X)","0.0","(X)","3.1","(X)","3.3","(X)","57.0","(X)","4.6","(X)","5.4","(X)","0.0","(X)","0.5","(X)","3.1","(X)","6.3","(X)","5.3","(X)","2.4","(X)","1.7","(X)","3.3","(X)","9.6","(X)","0.0","(X)","4.2","(X)","10.3","(X)","7.7","(X)","3.3","(X)","5.5","(X)","8.0","(X)","8.3","(X)","5.5","(X)","6.9","(X)","0.0","(X)","3.0","(X)","4.8","(X)","8.4","(X)","4.7","(X)","7.8","(X)","1.2","(X)","4.5","(X)","7.2","(X)","5.1","(X)","7.1","(X)","3.3","(X)","0.0","(X)","6.4","(X)","3.8","(X)","4.1","(X)","9.8","(X)","4.2","(X)","4.8","(X)","0.0","(X)","14.0","(X)","2.6","(X)","1.7","(X)","0.0","(X)","12.7","(X)","4.6","(X)","7.2","(X)","1.4","(X)","4.3","(X)","5.9","(X)","0.0","(X)","5.1","(X)","3.0","(X)","0.0","(X)","10.0","(X)","7.6","(X)","0.0","(X)","5.4","(X)","2.7","(X)","6.5","(X)","5.2","(X)","4.3","(X)","3.4","(X)","3.8","(X)","6.2","(X)","22.2","(X)","0.0","(X)","3.0","(X)","11.4","(X)","5.8","(X)","6.2","(X)","0.0","(X)","6.3","(X)","21.0","(X)","8.1","(X)","15.0","(X)","5.1","(X)","8.6","(X)","4.5","(X)","4.9","(X)","2.4","(X)","6.0","(X)","0.0","(X)","5.3","(X)","10.5","(X)","0.0","(X)","4.2","(X)","7.0","(X)","3.2","(X)"
"HOUSING TENURE","","","","","","","","","","","","","","","","","","","","","","","","","","","","","","","","","","","","","","","","","","","","","","","","","","","","","","","","","","","","","","","","","","","","","","","","","","","","","","","","","","","","","","","","","","","","","","","","","","","","","","","","","","","","","","","","","","","","","","","","","","","","","","","","","","","","","","","","","","","","","","","","","","","","","","","","","","","","","","","","","","","","","","","","","","","","","","","","","","","","","","","","","","","","","","","","","","","","","","","","","","","","","","","","","","","","","","","","","","","","","","","","","","","","","","","","","","","","","","","","","","","","","","","","","","","","","","","","","","","","","","","","","","","","","","","","","","","","","","","","","","","","","","","","","","","","","","","","","","","","","","","","","","","","","","","","","","","","","","","","","","","","","","","","","","","","","","","","","","","",""
"Occupied housing units","150,642","100.0%","3,654","100.0%","18,889","100.0%","8,987","100.0%","5,316","100.0%","1,113","100.0%","814","100.0%","685","100.0%","1,344","100.0%","28,332","100.0%","2,077","100.0%","321","100.0%","1,412","100.0%","694","100.0%","686","100.0%","2,879","100.0%","310","100.0%","1,011","100.0%","203","100.0%","845","100.0%","5,412","100.0%","1,149","100.0%","937","100.0%","3,390","100.0%","2,944","100.0%","345","100.0%","5,903","100.0%","3,977","100.0%","1,036","100.0%","805","100.0%","1,523","100.0%","6,836","100.0%","1,166","100.0%","2,462","100.0%","9,155","100.0%","39,327","100.0%","653","100.0%","621","100.0%","2,083","100.0%","2,881","100.0%","1,072","100.0%","810","100.0%","947","100.0%","114","100.0%","167","100.0%","319","100.0%","13,540","100.0%","1,413","100.0%","833","100.0%","6,547","100.0%","50,706","100.0%","1,208","100.0%","1,726","100.0%","1,856","100.0%","263","100.0%","0","-","713","100.0%","1,571","100.0%","82","100.0%","949","100.0%","5,412","100.0%","1,101","100.0%","754","100.0%","40","100.0%","276","100.0%","187","100.0%","2,292","100.0%","650","100.0%","505","100.0%","1,100","100.0%","577","100.0%","271","100.0%","199","100.0%","969","100.0%","9,495","100.0%","807","100.0%","331","100.0%","3,463","100.0%","886","100.0%","686","100.0%","2,692","100.0%","424","100.0%","0","-","1,233","100.0%","5,390","100.0%","576","100.0%","366","100.0%","2,392","100.0%","933","100.0%","1,956","100.0%","703","100.0%","977","100.0%","2,782","100.0%","1,828","100.0%","716","100.0%","1,419","100.0%","719","100.0%","6,232","100.0%","664","100.0%","547","100.0%","955","100.0%","187","100.0%","6,956","100.0%","35,213","100.0%","1,280","100.0%","22,757","100.0%","6,914","100.0%","1,114","100.0%","702","100.0%","599","100.0%","11,684","100.0%","1,605","100.0%","1,473","100.0%","45","100.0%","266","100.0%","236","100.0%","3,104","100.0%","267","100.0%","709","100.0%","286","100.0%","23","100.0%","243","100.0%","373","100.0%","1,412","100.0%","69","100.0%","10,467","100.0%","2,164","100.0%","2,254","100.0%","394","100.0%","1,188","100.0%","3,818","100.0%","177","100.0%","15,246","100.0%","1,808","100.0%","115","100.0%","1,579","100.0%","211","100.0%","110","100.0%","494","100.0%","1,594","100.0%","1,185","100.0%","638","100.0%","3,346","100.0%","1,868","100.0%","4,009","100.0%","2,125","100.0%","69","100.0%","302","100.0%","193","100.0%","166","100.0%","3,232","100.0%","350","100.0%","245","100.0%","1,843","100.0%","1,502","100.0%","730","100.0%","2,128","100.0%","3,874","100.0%","2,345","100.0%","913","100.0%","3,159","100.0%","358","100.0%","21,968","100.0%","144","100.0%","1,324","100.0%","3,777","100.0%","30","100.0%","425","100.0%","309","100.0%","3,353","100.0%"
"Owner-occupied housing units","99,360","66.0%","3,263","89.3%","15,305","81.0%","7,382","82.1%","4,169","78.4%","874","78.5%","657","80.7%","607","88.6%","1,242","92.4%","18,346","64.8%","1,744","84.0%","281","87.5%","1,079","76.4%","612","88.2%","493","71.9%","2,279","79.2%","234","75.5%","760","75.2%","164","80.8%","695","82.2%","3,703","68.4%","939","81.7%","691","73.7%","2,875","84.8%","2,316","78.7%","243","70.4%","4,164","70.5%","2,742","68.9%","882","85.1%","647","80.4%","1,351","88.7%","5,885","86.1%","945","81.0%","1,951","79.2%","6,212","67.9%","27,310","69.4%","527","80.7%","508","81.8%","1,840","88.3%","2,192","76.1%","868","81.0%","641","79.1%","716","75.6%","82","71.9%","145","86.8%","247","77.4%","9,098","67.2%","1,219","86.3%","628","75.4%","5,736","87.6%","36,688","72.4%","883","73.1%","1,314","76.1%","1,441","77.6%","214","81.4%","0","-","573","80.4%","1,185","75.4%","66","80.5%","647","68.2%","3,458","63.9%","879","79.8%","552","73.2%","29","72.5%","191","69.2%","169","90.4%","1,711","74.7%","569","87.5%","401","79.4%","868","78.9%","449","77.8%","189","69.7%","165","82.9%","664","68.5%","5,924","62.4%","698","86.5%","292","88.2%","2,776","80.2%","720","81.3%","614","89.5%","2,094","77.8%","337","79.5%","0","-","1,051","85.2%","4,054","75.2%","506","87.8%","250","68.3%","1,615","67.5%","704","75.5%","1,215","62.1%","554","78.8%","799","81.8%","2,065","74.2%","1,499","82.0%","544","76.0%","1,219","85.9%","486","67.6%","5,243","84.1%","544","81.9%","427","78.1%","621","65.0%","110","58.8%","4,786","68.8%","23,072","65.5%","1,122","87.7%","16,562","72.8%","6,078","87.9%","956","85.8%","600","85.5%","484","80.8%","5,077","43.5%","1,365","85.0%","1,210","82.1%","44","97.8%","178","66.9%","185","78.4%","2,402","77.4%","233","87.3%","417","58.8%","227","79.4%","17","73.9%","195","80.2%","260","69.7%","961","68.1%","44","63.8%","3,705","35.4%","1,754","81.1%","1,545","68.5%","254","64.5%","858","72.2%","2,749","72.0%","156","88.1%","10,315","67.7%","1,389","76.8%","105","91.3%","1,284","81.3%","126","59.7%","82","74.5%","302","61.1%","1,162","72.9%","917","77.4%","474","74.3%","2,542","76.0%","1,523","81.5%","2,773","69.2%","1,512","71.2%","62","89.9%","251","83.1%","161","83.4%","127","76.5%","2,245","69.5%","259","74.0%","222","90.6%","1,337","72.5%","1,000","66.6%","583","79.9%","1,578","74.2%","2,834","73.2%","1,859","79.3%","724","79.3%","2,562","81.1%","193","53.9%","14,036","63.9%","78","54.2%","1,096","82.8%","2,842","75.2%","23","76.7%","333","78.4%","258","83.5%","2,483","74.1%"
"Renter-occupied housing units","51,282","34.0%","391","10.7%","3,584","19.0%","1,605","17.9%","1,147","21.6%","239","21.5%","157","19.3%","78","11.4%","102","7.6%","9,986","35.2%","333","16.0%","40","12.5%","333","23.6%","82","11.8%","193","28.1%","600","20.8%","76","24.5%","251","24.8%","39","19.2%","150","17.8%","1,709","31.6%","210","18.3%","246","26.3%","515","15.2%","628","21.3%","102","29.6%","1,739","29.5%","1,235","31.1%","154","14.9%","158","19.6%","172","11.3%","951","13.9%","221","19.0%","511","20.8%","2,943","32.1%","12,017","30.6%","126","19.3%","113","18.2%","243","11.7%","689","23.9%","204","19.0%","169","20.9%","231","24.4%","32","28.1%","22","13.2%","72","22.6%","4,442","32.8%","194","13.7%","205","24.6%","811","12.4%","14,018","27.6%","325","26.9%","412","23.9%","415","22.4%","49","18.6%","0","-","140","19.6%","386","24.6%","16","19.5%","302","31.8%","1,954","36.1%","222","20.2%","202","26.8%","11","27.5%","85","30.8%","18","9.6%","581","25.3%","81","12.5%","104","20.6%","232","21.1%","128","22.2%","82","30.3%","34","17.1%","305","31.5%","3,571","37.6%","109","13.5%","39","11.8%","687","19.8%","166","18.7%","72","10.5%","598","22.2%","87","20.5%","0","-","182","14.8%","1,336","24.8%","70","12.2%","116","31.7%","777","32.5%","229","24.5%","741","37.9%","149","21.2%","178","18.2%","717","25.8%","329","18.0%","172","24.0%","200","14.1%","233","32.4%","989","15.9%","120","18.1%","120","21.9%","334","35.0%","77","41.2%","2,170","31.2%","12,141","34.5%","158","12.3%","6,195","27.2%","836","12.1%","158","14.2%","102","14.5%","115","19.2%","6,607","56.5%","240","15.0%","263","17.9%","1","2.2%","88","33.1%","51","21.6%","702","22.6%","34","12.7%","292","41.2%","59","20.6%","6","26.1%","48","19.8%","113","30.3%","451","31.9%","25","36.2%","6,762","64.6%","410","18.9%","709","31.5%","140","35.5%","330","27.8%","1,069","28.0%","21","11.9%","4,931","32.3%","419","23.2%","10","8.7%","295","18.7%","85","40.3%","28","25.5%","192","38.9%","432","27.1%","268","22.6%","164","25.7%","804","24.0%","345","18.5%","1,236","30.8%","613","28.8%","7","10.1%","51","16.9%","32","16.6%","39","23.5%","987","30.5%","91","26.0%","23","9.4%","506","27.5%","502","33.4%","147","20.1%","550","25.8%","1,040","26.8%","486","20.7%","189","20.7%","597","18.9%","165","46.1%","7,932","36.1%","66","45.8%","228","17.2%","935","24.8%","7","23.3%","92","21.6%","51","16.5%","870","25.9%"
