"Label (Grouping)","Beaver CCD, Beaver County, Utah!!Count","Beaver CCD, Beaver County, Utah!!Percent","Milford-Minersville CCD, Beaver County, Utah!!Count","Milford-Minersville CCD, Beaver County, Utah!!Percent","Brigham City CCD, Box Elder County, Utah!!Count","Brigham City CCD, Box Elder County, Utah!!Percent","Howell-Snowville CCD, Box Elder County, Utah!!Count","Howell-Snowville CCD, Box Elder County, Utah!!Percent","Tremonton CCD, Box Elder County, Utah!!Count","Tremonton CCD, Box Elder County, Utah!!Percent","West Box Elder CCD, Box Elder County, Utah!!Count","West Box Elder CCD, Box Elder County, Utah!!Percent","East Cache CCD, Cache County, Utah!!Count","East Cache CCD, Cache County, Utah!!Percent","Hyrum CCD, Cache County, Utah!!Count","Hyrum CCD, Cache County, Utah!!Percent","Lewiston CCD, Cache County, Utah!!Count","Lewiston CCD, Cache County, Utah!!Percent","Logan CCD, Cache County, Utah!!Count","Logan CCD, Cache County, Utah!!Percent","Smithfield CCD, Cache County, Utah!!Count","Smithfield CCD, Cache County, Utah!!Percent","Wellsville CCD, Cache County, Utah!!Count","Wellsville CCD, Cache County, Utah!!Percent","East Carbon CCD, Carbon County, Utah!!Count","East Carbon CCD, Carbon County, Utah!!Percent","Helper CCD, Carbon County, Utah!!Count","Helper CCD, Carbon County, Utah!!Percent","Price CCD, Carbon County, Utah!!Count","Price CCD, Carbon County, Utah!!Percent","East Daggett CCD, Daggett County, Utah!!Count","East Daggett CCD, Daggett County, Utah!!Percent","West Daggett CCD, Daggett County, Utah!!Count","West Daggett CCD, Daggett County, Utah!!Percent","North Davis CCD, Davis County, Utah!!Count","North Davis CCD, Davis County, Utah!!Percent","South Davis CCD, Davis County, Utah!!Count","South Davis CCD, Davis County, Utah!!Percent","Duchesne CCD, Duchesne County, Utah!!Count","Duchesne CCD, Duchesne County, Utah!!Percent","North Duchesne CCD, Duchesne County, Utah!!Count","North Duchesne CCD, Duchesne County, Utah!!Percent","Roosevelt CCD, Duchesne County, Utah!!Count","Roosevelt CCD, Duchesne County, Utah!!Percent","South Duchesne CCD, Duchesne County, Utah!!Count","South Duchesne CCD, Duchesne County, Utah!!Percent","Castle Dale-Huntington CCD, Emery County, Utah!!Count","Castle Dale-Huntington CCD, Emery County, Utah!!Percent","Emery-Ferron CCD, Emery County, Utah!!Count","Emery-Ferron CCD, Emery County, Utah!!Percent","Green River CCD, Emery County, Utah!!Count","Green River CCD, Emery County, Utah!!Percent","East Garfield CCD, Garfield County, Utah!!Count","East Garfield CCD, Garfield County, Utah!!Percent","Escalante CCD, Garfield County, Utah!!Count","Escalante CCD, Garfield County, Utah!!Percent","Panguitch CCD, Garfield County, Utah!!Count","Panguitch CCD, Garfield County, Utah!!Percent","Tropic CCD, Garfield County, Utah!!Count","Tropic CCD, Garfield County, Utah!!Percent","Moab CCD, Grand County, Utah!!Count","Moab CCD, Grand County, Utah!!Percent","Thompson Springs CCD, Grand County, Utah!!Count","Thompson Springs CCD, Grand County, Utah!!Percent","Uintah and Ouray CCD, Grand County, Utah!!Count","Uintah and Ouray CCD, Grand County, Utah!!Percent","Beryl-Newcastle CCD, Iron County, Utah!!Count","Beryl-Newcastle CCD, Iron County, Utah!!Percent","Cedar City CCD, Iron County, Utah!!Count","Cedar City CCD, Iron County, Utah!!Percent","Parowan CCD, Iron County, Utah!!Count","Parowan CCD, Iron County, Utah!!Percent","Eureka CCD, Juab County, Utah!!Count","Eureka CCD, Juab County, Utah!!Percent","Nephi CCD, Juab County, Utah!!Count","Nephi CCD, Juab County, Utah!!Percent","West Juab CCD, Juab County, Utah!!Count","West Juab CCD, Juab County, Utah!!Percent","Kanab CCD, Kane County, Utah!!Count","Kanab CCD, Kane County, Utah!!Percent","Orderville CCD, Kane County, Utah!!Count","Orderville CCD, Kane County, Utah!!Percent","Delta CCD, Millard County, Utah!!Count","Delta CCD, Millard County, Utah!!Percent","Fillmore CCD, Millard County, Utah!!Count","Fillmore CCD, Millard County, Utah!!Percent","Garrison-Sevier Lake CCD, Millard County, Utah!!Count","Garrison-Sevier Lake CCD, Millard County, Utah!!Percent","Morgan North CCD, Morgan County, Utah!!Count","Morgan North CCD, Morgan County, Utah!!Percent","Morgan South CCD, Morgan County, Utah!!Count","Morgan South CCD, Morgan County, Utah!!Percent","Circleville CCD, Piute County, Utah!!Count","Circleville CCD, Piute County, Utah!!Percent","Marysvale CCD, Piute County, Utah!!Count","Marysvale CCD, Piute County, Utah!!Percent","Garden City-Laketown CCD, Rich County, Utah!!Count","Garden City-Laketown CCD, Rich County, Utah!!Percent","Randolph-Woodruff CCD, Rich County, Utah!!Count","Randolph-Woodruff CCD, Rich County, Utah!!Percent","Bingham CCD, Salt Lake County, Utah!!Count","Bingham CCD, Salt Lake County, Utah!!Percent","Cottonwood CCD, Salt Lake County, Utah!!Count","Cottonwood CCD, Salt Lake County, Utah!!Percent","Emigration CCD, Salt Lake County, Utah!!Count","Emigration CCD, Salt Lake County, Utah!!Percent","Magna CCD, Salt Lake County, Utah!!Count","Magna CCD, Salt Lake County, Utah!!Percent","Salt Lake City CCD, Salt Lake County, Utah!!Count","Salt Lake City CCD, Salt Lake County, Utah!!Percent","Blanding CCD, San Juan County, Utah!!Count","Blanding CCD, San Juan County, Utah!!Percent","Casa del Eco Mesa-White Mesa CCD, San Juan County, Utah!!Count","Casa del Eco Mesa-White Mesa CCD, San Juan County, Utah!!Percent","Monticello CCD, San Juan County, Utah!!Count","Monticello CCD, San Juan County, Utah!!Percent","Oljato CCD, San Juan County, Utah!!Count","Oljato CCD, San Juan County, Utah!!Percent","Ephraim-Manti CCD, Sanpete County, Utah!!Count","Ephraim-Manti CCD, Sanpete County, Utah!!Percent","Gunnison CCD, Sanpete County, Utah!!Count","Gunnison CCD, Sanpete County, Utah!!Percent","Mount Pleasant-Moroni CCD, Sanpete County, Utah!!Count","Mount Pleasant-Moroni CCD, Sanpete County, Utah!!Percent","Monroe CCD, Sevier County, Utah!!Count","Monroe CCD, Sevier County, Utah!!Percent","Richfield CCD, Sevier County, Utah!!Count","Richfield CCD, Sevier County, Utah!!Percent","Salina CCD, Sevier County, Utah!!Count","Salina CCD, Sevier County, Utah!!Percent","Coalville CCD, Summit County, Utah!!Count","Coalville CCD, Summit County, Utah!!Percent","Kamas CCD, Summit County, Utah!!Count","Kamas CCD, Summit County, Utah!!Percent","Park City CCD, Summit County, Utah!!Count","Park City CCD, Summit County, Utah!!Percent","Dugway-Wendover CCD, Tooele County, Utah!!Count","Dugway-Wendover CCD, Tooele County, Utah!!Percent","Rush Valley CCD, Tooele County, Utah!!Count","Rush Valley CCD, Tooele County, Utah!!Percent","Tooele-Grantsville CCD, Tooele County, Utah!!Count","Tooele-Grantsville CCD, Tooele County, Utah!!Percent","Uintah and Ouray CCD, Uintah County, Utah!!Count","Uintah and Ouray CCD, Uintah County, Utah!!Percent","Vernal CCD, Uintah County, Utah!!Count","Vernal CCD, Uintah County, Utah!!Percent","American Fork-Pleasant Grove CCD, Utah County, Utah!!Count","American Fork-Pleasant Grove CCD, Utah County, Utah!!Percent","Goshen CCD, Utah County, Utah!!Count","Goshen CCD, Utah County, Utah!!Percent","Lehi CCD, Utah County, Utah!!Count","Lehi CCD, Utah County, Utah!!Percent","Provo-Orem CCD, Utah County, Utah!!Count","Provo-Orem CCD, Utah County, Utah!!Percent","Spanish Fork-Payson CCD, Utah County, Utah!!Count","Spanish Fork-Payson CCD, Utah County, Utah!!Percent","Springville-Mapleton CCD, Utah County, Utah!!Count","Springville-Mapleton CCD, Utah County, Utah!!Percent","Heber City East CCD, Wasatch County, Utah!!Count","Heber City East CCD, Wasatch County, Utah!!Percent","Heber City South CCD, Wasatch County, Utah!!Count","Heber City South CCD, Wasatch County, Utah!!Percent","Heber City West CCD, Wasatch County, Utah!!Count","Heber City West CCD, Wasatch County, Utah!!Percent","North Wasatch CCD, Wasatch County, Utah!!Count","North Wasatch CCD, Wasatch County, Utah!!Percent","Soldier Summit CCD, Wasatch County, Utah!!Count","Soldier Summit CCD, Wasatch County, Utah!!Percent","Uintah and Ouray CCD, Wasatch County, Utah!!Count","Uintah and Ouray CCD, Wasatch County, Utah!!Percent","Enterprise CCD, Washington County, Utah!!Count","Enterprise CCD, Washington County, Utah!!Percent","Hurricane CCD, Washington County, Utah!!Count","Hurricane CCD, Washington County, Utah!!Percent","St. George CCD, Washington County, Utah!!Count","St. George CCD, Washington County, Utah!!Percent","Hanksville CCD, Wayne County, Utah!!Count","Hanksville CCD, Wayne County, Utah!!Percent","Loa CCD, Wayne County, Utah!!Count","Loa CCD, Wayne County, Utah!!Percent","Northwest Weber CCD, Weber County, Utah!!Count","Northwest Weber CCD, Weber County, Utah!!Percent","Ogden CCD, Weber County, Utah!!Count","Ogden CCD, Weber County, Utah!!Percent","Ogden Valley CCD, Weber County, Utah!!Count","Ogden Valley CCD, Weber County, Utah!!Percent"
"SEX AND AGE","","","","","","","","","","","","","","","","","","","","","","","","","","","","","","","","","","","","","","","","","","","","","","","","","","","","","","","","","","","","","","","","","","","","","","","","","","","","","","","","","","","","","","","","","","","","","","","","","","","","","","","","","","","","","","","","","","","","","","","","","","","","","","","","","","","","","","","","","","","","","","","","","","","","","","","","","","","","","","","","","","","","","","","","","","","","","","","","","","","","","","","","","",""
"Total population","4,426","100.0%","2,646","100.0%","30,535","100.0%","3,118","100.0%","23,633","100.0%","380","100.0%","115","100.0%","11,716","100.0%","6,883","100.0%","90,654","100.0%","16,627","100.0%","7,159","100.0%","1,577","100.0%","3,375","100.0%","15,460","100.0%","150","100.0%","785","100.0%","233,947","100.0%","128,732","100.0%","3,967","100.0%","26","100.0%","15,602","100.0%","1","100.0%","6,747","100.0%","2,147","100.0%","931","100.0%","50","100.0%","1,285","100.0%","2,342","100.0%","1,406","100.0%","9,535","100.0%","134","100.0%","0","-","1,452","100.0%","51,403","100.0%","4,434","100.0%","697","100.0%","10,953","100.0%","136","100.0%","6,120","100.0%","1,547","100.0%","7,820","100.0%","5,017","100.0%","138","100.0%","10,626","100.0%","1,669","100.0%","1,045","100.0%","393","100.0%","1,483","100.0%","1,027","100.0%","98,934","100.0%","4,530","100.0%","9,119","100.0%","33,384","100.0%","1,039,271","100.0%","4,879","100.0%","3,595","100.0%","3,562","100.0%","2,482","100.0%","10,565","100.0%","5,580","100.0%","12,292","100.0%","5,142","100.0%","11,777","100.0%","4,603","100.0%","5,799","100.0%","7,846","100.0%","28,712","100.0%","1,717","100.0%","985","100.0%","69,996","100.0%","5,552","100.0%","30,068","100.0%","148,978","100.0%","5,884","100.0%","135,207","100.0%","225,926","100.0%","87,042","100.0%","56,362","100.0%","14,611","100.0%","4,840","100.0%","12,277","100.0%","3,015","100.0%","0","-","45","100.0%","2,736","100.0%","31,777","100.0%","145,766","100.0%","258","100.0%","2,228","100.0%","21,084","100.0%","232,873","100.0%","8,266","100.0%"
"Under 5 years","269","6.1%","215","8.1%","2,195","7.2%","244","7.8%","2,085","8.8%","36","9.5%","5","4.3%","1,044","8.9%","567","8.2%","6,907","7.6%","1,472","8.9%","497","6.9%","92","5.8%","171","5.1%","922","6.0%","10","6.7%","30","3.8%","18,357","7.8%","9,639","7.5%","256","6.5%","3","11.5%","1,271","8.1%","0","0.0%","406","6.0%","132","6.1%","77","8.3%","0","0.0%","58","4.5%","127","5.4%","79","5.6%","473","5.0%","9","6.7%","0","-","62","4.3%","3,700","7.2%","275","6.2%","30","4.3%","899","8.2%","18","13.2%","333","5.4%","79","5.1%","602","7.7%","380","7.6%","8","5.8%","738","6.9%","117","7.0%","58","5.6%","10","2.5%","106","7.1%","86","8.4%","8,718","8.8%","198","4.4%","468","5.1%","2,588","7.8%","66,518","6.4%","374","7.7%","221","6.1%","240","6.7%","145","5.8%","739","7.0%","300","5.4%","880","7.2%","291","5.7%","870","7.4%","323","7.0%","334","5.8%","498","6.3%","1,289","4.5%","104","6.1%","51","5.2%","5,468","7.8%","398","7.2%","2,497","8.3%","11,525","7.7%","616","10.5%","16,266","12.0%","17,757","7.9%","7,212","8.3%","5,214","9.3%","960","6.6%","438","9.0%","868","7.1%","152","5.0%","0","-","2","4.4%","212","7.7%","1,994","6.3%","9,177","6.3%","10","3.9%","119","5.3%","1,305","6.2%","16,884","7.3%","408","4.9%"
"5 to 9 years","352","8.0%","213","8.0%","2,511","8.2%","275","8.8%","2,193","9.3%","30","7.9%","16","13.9%","1,152","9.8%","668","9.7%","6,755","7.5%","1,679","10.1%","678","9.5%","115","7.3%","234","6.9%","1,142","7.4%","14","9.3%","49","6.2%","21,926","9.4%","11,383","8.8%","281","7.1%","2","7.7%","1,486","9.5%","0","0.0%","545","8.1%","173","8.1%","67","7.2%","0","0.0%","62","4.8%","137","5.8%","80","5.7%","571","6.0%","1","0.7%","0","-","110","7.6%","3,966","7.7%","320","7.2%","43","6.2%","1,096","10.0%","9","6.6%","341","5.6%","99","6.4%","700","9.0%","375","7.5%","12","8.7%","1,071","10.1%","133","8.0%","62","5.9%","14","3.6%","118","8.0%","124","12.1%","10,073","10.2%","256","5.7%","537","5.9%","3,015","9.0%","72,490","7.0%","436","8.9%","278","7.7%","280","7.9%","186","7.5%","753","7.1%","330","5.9%","988","8.0%","397","7.7%","1,005","8.5%","336","7.3%","403","6.9%","586","7.5%","1,698","5.9%","112","6.5%","85","8.6%","6,576","9.4%","520","9.4%","2,840","9.4%","13,655","9.2%","720","12.2%","16,909","12.5%","15,083","6.7%","8,430","9.7%","5,656","10.0%","1,257","8.6%","530","11.0%","1,031","8.4%","116","3.8%","0","-","0","0.0%","274","10.0%","2,284","7.2%","10,523","7.2%","13","5.0%","133","6.0%","1,833","8.7%","17,948","7.7%","491","5.9%"
"10 to 14 years","437","9.9%","254","9.6%","2,872","9.4%","312","10.0%","2,342","9.9%","25","6.6%","6","5.2%","1,142","9.7%","675","9.8%","6,736","7.4%","1,733","10.4%","797","11.1%","132","8.4%","237","7.0%","1,247","8.1%","9","6.0%","49","6.2%","23,236","9.9%","11,646","9.0%","369","9.3%","2","7.7%","1,609","10.3%","0","0.0%","675","10.0%","177","8.2%","68","7.3%","0","0.0%","80","6.2%","194","8.3%","120","8.5%","617","6.5%","7","5.2%","0","-","169","11.6%","4,374","8.5%","331","7.5%","51","7.3%","1,179","10.8%","10","7.4%","454","7.4%","114","7.4%","741","9.5%","456","9.1%","7","5.1%","1,269","11.9%","166","9.9%","97","9.3%","28","7.1%","127","8.6%","79","7.7%","10,372","10.5%","311","6.9%","618","6.8%","3,242","9.7%","77,174","7.4%","440","9.0%","307","8.5%","264","7.4%","212","8.5%","911","8.6%","344","6.2%","1,153","9.4%","466","9.1%","1,122","9.5%","396","8.6%","472","8.1%","712","9.1%","2,216","7.7%","135","7.9%","97","9.8%","7,157","10.2%","563","10.1%","3,022","10.1%","15,832","10.6%","606","10.3%","15,495","11.5%","14,480","6.4%","9,146","10.5%","5,971","10.6%","1,465","10.0%","501","10.4%","1,188","9.7%","131","4.3%","0","-","2","4.4%","295","10.8%","2,591","8.2%","11,609","8.0%","6","2.3%","142","6.4%","2,089","9.9%","18,654","8.0%","637","7.7%"
"15 to 19 years","370","8.4%","244","9.2%","2,581","8.5%","292","9.4%","1,899","8.0%","35","9.2%","6","5.2%","1,050","9.0%","565","8.2%","9,192","10.1%","1,478","8.9%","824","11.5%","82","5.2%","262","7.8%","1,182","7.6%","12","8.0%","66","8.4%","20,921","8.9%","10,234","7.9%","287","7.2%","0","0.0%","1,302","8.3%","0","0.0%","567","8.4%","196","9.1%","69","7.4%","6","12.0%","72","5.6%","190","8.1%","128","9.1%","543","5.7%","18","13.4%","0","-","176","12.1%","5,146","10.0%","343","7.7%","46","6.6%","999","9.1%","5","3.7%","344","5.6%","135","8.7%","656","8.4%","423","8.4%","19","13.8%","1,039","9.8%","163","9.8%","90","8.6%","29","7.4%","105","7.1%","72","7.0%","8,952","9.0%","264","5.8%","640","7.0%","2,817","8.4%","75,687","7.3%","438","9.0%","315","8.8%","281","7.9%","235","9.5%","1,396","13.2%","331","5.9%","1,220","9.9%","411","8.0%","1,092","9.3%","360","7.8%","450","7.8%","600","7.6%","2,171","7.6%","107","6.2%","78","7.9%","6,166","8.8%","473","8.5%","2,506","8.3%","15,088","10.1%","498","8.5%","11,631","8.6%","20,706","9.2%","8,494","9.8%","5,260","9.3%","1,384","9.5%","395","8.2%","989","8.1%","164","5.4%","0","-","2","4.4%","235","8.6%","2,504","7.9%","11,580","7.9%","26","10.1%","140","6.3%","1,761","8.4%","18,196","7.8%","637","7.7%"
"20 to 24 years","251","5.7%","138","5.2%","1,860","6.1%","159","5.1%","1,454","6.2%","12","3.2%","11","9.6%","725","6.2%","377","5.5%","15,321","16.9%","1,003","6.0%","399","5.6%","55","3.5%","145","4.3%","982","6.4%","1","0.7%","31","3.9%","16,164","6.9%","7,979","6.2%","152","3.8%","4","15.4%","818","5.2%","0","0.0%","318","4.7%","65","3.0%","52","5.6%","0","0.0%","49","3.8%","85","3.6%","82","5.8%","478","5.0%","8","6.0%","0","-","92","6.3%","6,347","12.3%","208","4.7%","50","7.2%","654","6.0%","6","4.4%","229","3.7%","77","5.0%","329","4.2%","239","4.8%","6","4.3%","555","5.2%","81","4.9%","60","5.7%","12","3.1%","62","4.2%","50","4.9%","6,633","6.7%","199","4.4%","427","4.7%","2,428","7.3%","82,729","8.0%","374","7.7%","225","6.3%","167","4.7%","164","6.6%","1,198","11.3%","363","6.5%","634","5.2%","260","5.1%","638","5.4%","237","5.1%","357","6.2%","393","5.0%","1,401","4.9%","131","7.6%","50","5.1%","4,226","6.0%","303","5.5%","1,718","5.7%","11,335","7.6%","311","5.3%","7,577","5.6%","46,610","20.6%","6,034","6.9%","4,001","7.1%","850","5.8%","270","5.6%","665","5.4%","145","4.8%","0","-","3","6.7%","136","5.0%","1,779","5.6%","10,408","7.1%","7","2.7%","114","5.1%","1,119","5.3%","18,239","7.8%","406","4.9%"
"25 to 29 years","247","5.6%","149","5.6%","1,764","5.8%","139","4.5%","1,475","6.2%","24","6.3%","2","1.7%","768","6.6%","417","6.1%","8,125","9.0%","979","5.9%","291","4.1%","64","4.1%","171","5.1%","844","5.5%","1","0.7%","26","3.3%","15,025","6.4%","8,262","6.4%","189","4.8%","0","0.0%","928","5.9%","0","0.0%","328","4.9%","72","3.4%","62","6.7%","4","8.0%","63","4.9%","90","3.8%","81","5.8%","647","6.8%","12","9.0%","0","-","71","4.9%","3,577","7.0%","192","4.3%","43","6.2%","637","5.8%","6","4.4%","314","5.1%","57","3.7%","390","5.0%","245","4.9%","0","0.0%","379","3.6%","54","3.2%","51","4.9%","16","4.1%","48","3.2%","39","3.8%","7,209","7.3%","202","4.5%","340","3.7%","2,481","7.4%","88,851","8.5%","265","5.4%","241","6.7%","181","5.1%","184","7.4%","505","4.8%","445","8.0%","554","4.5%","193","3.8%","588","5.0%","256","5.6%","312","5.4%","370","4.7%","1,349","4.7%","89","5.2%","44","4.5%","4,301","6.1%","309","5.6%","1,918","6.4%","9,880","6.6%","357","6.1%","10,599","7.8%","25,600","11.3%","5,620","6.5%","3,669","6.5%","686","4.7%","282","5.8%","605","4.9%","197","6.5%","0","-","1","2.2%","113","4.1%","1,543","4.9%","8,142","5.6%","16","6.2%","86","3.9%","1,062","5.0%","18,115","7.8%","263","3.2%"
"30 to 34 years","296","6.7%","144","5.4%","1,723","5.6%","168","5.4%","1,468","6.2%","15","3.9%","8","7.0%","738","6.3%","431","6.3%","5,579","6.2%","1,136","6.8%","319","4.5%","101","6.4%","199","5.9%","863","5.6%","9","6.0%","26","3.3%","15,640","6.7%","8,546","6.6%","173","4.4%","1","3.8%","1,104","7.1%","0","0.0%","346","5.1%","111","5.2%","40","4.3%","4","8.0%","65","5.1%","129","5.5%","58","4.1%","675","7.1%","12","9.0%","0","-","55","3.8%","2,970","5.8%","215","4.8%","30","4.3%","626","5.7%","6","4.4%","305","5.0%","62","4.0%","457","5.8%","256","5.1%","10","7.2%","490","4.6%","59","3.5%","43","4.1%","10","2.5%","77","5.2%","66","6.4%","7,681","7.8%","236","5.2%","405","4.4%","2,544","7.6%","82,859","8.0%","324","6.6%","228","6.3%","203","5.7%","134","5.4%","540","5.1%","458","8.2%","586","4.8%","258","5.0%","668","5.7%","245","5.3%","292","5.0%","446","5.7%","1,602","5.6%","101","5.9%","50","5.1%","4,839","6.9%","350","6.3%","2,037","6.8%","8,596","5.8%","444","7.5%","11,807","8.7%","14,649","6.5%","5,497","6.3%","3,590","6.4%","788","5.4%","316","6.5%","705","5.7%","185","6.1%","0","-","0","0.0%","168","6.1%","1,697","5.3%","7,593","5.2%","11","4.3%","90","4.0%","1,254","5.9%","16,834","7.2%","334","4.0%"
"35 to 39 years","312","7.0%","197","7.4%","2,149","7.0%","206","6.6%","1,579","6.7%","16","4.2%","6","5.2%","818","7.0%","453","6.6%","5,283","5.8%","1,204","7.2%","471","6.6%","98","6.2%","235","7.0%","985","6.4%","8","5.3%","46","5.9%","17,486","7.5%","9,572","7.4%","210","5.3%","0","0.0%","1,117","7.2%","0","0.0%","426","6.3%","113","5.3%","62","6.7%","1","2.0%","72","5.6%","142","6.1%","94","6.7%","691","7.2%","6","4.5%","0","-","73","5.0%","3,014","5.9%","213","4.8%","41","5.9%","706","6.4%","11","8.1%","374","6.1%","58","3.7%","517","6.6%","305","6.1%","20","14.5%","715","6.7%","100","6.0%","54","5.2%","16","4.1%","79","5.3%","66","6.4%","8,213","8.3%","290","6.4%","558","6.1%","2,713","8.1%","78,426","7.5%","311","6.4%","193","5.4%","188","5.3%","127","5.1%","578","5.5%","518","9.3%","693","5.6%","335","6.5%","731","6.2%","314","6.8%","360","6.2%","565","7.2%","1,776","6.2%","102","5.9%","68","6.9%","5,167","7.4%","382","6.9%","2,344","7.8%","9,464","6.4%","458","7.8%","11,612","8.6%","11,648","5.2%","5,798","6.7%","3,875","6.9%","926","6.3%","427","8.8%","779","6.3%","196","6.5%","0","-","2","4.4%","148","5.4%","1,890","5.9%","8,460","5.8%","6","2.3%","134","6.0%","1,658","7.9%","16,404","7.0%","467","5.6%"
"40 to 44 years","282","6.4%","204","7.7%","2,073","6.8%","227","7.3%","1,519","6.4%","24","6.3%","5","4.3%","765","6.5%","431","6.3%","4,796","5.3%","1,127","6.8%","492","6.9%","60","3.8%","227","6.7%","1,021","6.6%","16","10.7%","39","5.0%","16,873","7.2%","9,442","7.3%","248","6.3%","0","0.0%","1,005","6.4%","0","0.0%","453","6.7%","132","6.1%","58","6.2%","3","6.0%","64","5.0%","139","5.9%","88","6.3%","638","6.7%","1","0.7%","0","-","78","5.4%","2,974","5.8%","264","6.0%","53","7.6%","748","6.8%","7","5.1%","380","6.2%","83","5.4%","457","5.8%","284","5.7%","1","0.7%","822","7.7%","118","7.1%","57","5.5%","21","5.3%","88","5.9%","49","4.8%","8,055","8.1%","313","6.9%","643","7.1%","2,517","7.5%","72,286","7.0%","270","5.5%","176","4.9%","239","6.7%","154","6.2%","567","5.4%","486","8.7%","713","5.8%","303","5.9%","800","6.8%","349","7.6%","377","6.5%","590","7.5%","2,007","7.0%","105","6.1%","59","6.0%","5,142","7.3%","350","6.3%","1,997","6.6%","10,426","7.0%","408","6.9%","10,129","7.5%","10,460","4.6%","6,023","6.9%","3,813","6.8%","1,069","7.3%","360","7.4%","900","7.3%","188","6.2%","0","-","1","2.2%","151","5.5%","1,767","5.6%","8,167","5.6%","15","5.8%","124","5.6%","1,650","7.8%","15,261","6.6%","551","6.7%"
"45 to 49 years","234","5.3%","121","4.6%","1,579","5.2%","188","6.0%","1,147","4.9%","21","5.5%","12","10.4%","645","5.5%","352","5.1%","3,810","4.2%","891","5.4%","486","6.8%","83","5.3%","187","5.5%","831","5.4%","8","5.3%","44","5.6%","13,533","5.8%","7,108","5.5%","259","6.5%","1","3.8%","755","4.8%","0","0.0%","359","5.3%","101","4.7%","56","6.0%","2","4.0%","70","5.4%","132","5.6%","99","7.0%","561","5.9%","3","2.2%","0","-","69","4.8%","2,321","4.5%","206","4.6%","39","5.6%","563","5.1%","4","2.9%","309","5.0%","90","5.8%","381","4.9%","259","5.2%","1","0.7%","641","6.0%","100","6.0%","44","4.2%","10","2.5%","92","6.2%","46","4.5%","6,273","6.3%","311","6.9%","592","6.5%","2,038","6.1%","60,443","5.8%","234","4.8%","200","5.6%","232","6.5%","175","7.1%","467","4.4%","365","6.5%","610","5.0%","262","5.1%","570","4.8%","262","5.7%","303","5.2%","501","6.4%","2,244","7.8%","107","6.2%","65","6.6%","4,399","6.3%","289","5.2%","1,575","5.2%","8,904","6.0%","283","4.8%","6,644","4.9%","8,323","3.7%","4,954","5.7%","3,043","5.4%","984","6.7%","267","5.5%","703","5.7%","163","5.4%","0","-","3","6.7%","124","4.5%","1,507","4.7%","6,989","4.8%","17","6.6%","121","5.4%","1,384","6.6%","12,832","5.5%","484","5.9%"
"50 to 54 years","216","4.9%","104","3.9%","1,467","4.8%","119","3.8%","1,100","4.7%","15","3.9%","8","7.0%","522","4.5%","302","4.4%","3,175","3.5%","683","4.1%","350","4.9%","81","5.1%","152","4.5%","729","4.7%","8","5.3%","36","4.6%","11,236","4.8%","5,921","4.6%","221","5.6%","0","0.0%","727","4.7%","0","0.0%","279","4.1%","99","4.6%","67","7.2%","6","12.0%","46","3.6%","122","5.2%","65","4.6%","564","5.9%","1","0.7%","0","-","60","4.1%","2,015","3.9%","208","4.7%","54","7.7%","480","4.4%","8","5.9%","317","5.2%","86","5.6%","349","4.5%","246","4.9%","6","4.3%","565","5.3%","94","5.6%","43","4.1%","23","5.9%","74","5.0%","45","4.4%","4,498","4.5%","351","7.7%","589","6.5%","1,628","4.9%","54,251","5.2%","205","4.2%","213","5.9%","174","4.9%","144","5.8%","418","4.0%","316","5.7%","594","4.8%","256","5.0%","501","4.3%","212","4.6%","350","6.0%","475","6.1%","2,403","8.4%","106","6.2%","44","4.5%","3,545","5.1%","242","4.4%","1,255","4.2%","7,737","5.2%","223","3.8%","4,246","3.1%","7,406","3.3%","4,025","4.6%","2,586","4.6%","817","5.6%","200","4.1%","658","5.4%","243","8.1%","0","-","4","8.9%","107","3.9%","1,541","4.8%","6,173","4.2%","19","7.4%","112","5.0%","1,107","5.3%","11,469","4.9%","548","6.6%"
"55 to 59 years","236","5.3%","146","5.5%","1,674","5.5%","174","5.6%","1,252","5.3%","17","4.5%","2","1.7%","525","4.5%","337","4.9%","3,236","3.6%","721","4.3%","386","5.4%","116","7.4%","241","7.1%","904","5.8%","5","3.3%","47","6.0%","11,002","4.7%","6,273","4.9%","241","6.1%","0","0.0%","759","4.9%","1","100.0%","402","6.0%","133","6.2%","55","5.9%","4","8.0%","119","9.3%","124","5.3%","89","6.3%","576","6.0%","6","4.5%","0","-","82","5.6%","2,192","4.3%","289","6.5%","56","8.0%","469","4.3%","10","7.4%","378","6.2%","112","7.2%","473","6.0%","244","4.9%","16","11.6%","531","5.0%","116","7.0%","70","6.7%","28","7.1%","78","5.3%","58","5.6%","3,595","3.6%","354","7.8%","699","7.7%","1,514","4.5%","53,154","5.1%","238","4.9%","247","6.9%","210","5.9%","162","6.5%","449","4.2%","324","5.8%","662","5.4%","334","6.5%","591","5.0%","287","6.2%","447","7.7%","559","7.1%","2,373","8.3%","138","8.0%","54","5.5%","3,467","5.0%","337","6.1%","1,394","4.6%","6,752","4.5%","229","3.9%","3,278","2.4%","7,403","3.3%","3,677","4.2%","2,205","3.9%","798","5.5%","184","3.8%","623","5.1%","284","9.4%","0","-","4","8.9%","148","5.4%","1,708","5.4%","6,586","4.5%","26","10.1%","166","7.5%","1,225","5.8%","12,262","5.3%","711","8.6%"
"60 to 64 years","241","5.4%","152","5.7%","1,683","5.5%","172","5.5%","1,258","5.3%","28","7.4%","6","5.2%","483","4.1%","388","5.6%","3,133","3.5%","713","4.3%","333","4.7%","119","7.5%","263","7.8%","1,025","6.6%","14","9.3%","70","8.9%","10,146","4.3%","6,255","4.9%","313","7.9%","3","11.5%","829","5.3%","0","0.0%","480","7.1%","182","8.5%","53","5.7%","5","10.0%","117","9.1%","144","6.1%","94","6.7%","736","7.7%","16","11.9%","0","-","97","6.7%","2,290","4.5%","329","7.4%","36","5.2%","498","4.5%","7","5.1%","472","7.7%","100","6.5%","499","6.4%","323","6.4%","7","5.1%","534","5.0%","90","5.4%","69","6.6%","36","9.2%","117","7.9%","92","9.0%","2,839","2.9%","354","7.8%","690","7.6%","1,419","4.3%","50,992","4.9%","250","5.1%","217","6.0%","241","6.8%","138","5.6%","476","4.5%","274","4.9%","711","5.8%","326","6.3%","629","5.3%","300","6.5%","454","7.8%","515","6.6%","2,250","7.8%","173","10.1%","75","7.6%","3,045","4.4%","313","5.6%","1,518","5.0%","5,687","3.8%","249","4.2%","2,805","2.1%","7,004","3.1%","3,446","4.0%","2,157","3.8%","826","5.7%","202","4.2%","741","6.0%","361","12.0%","0","-","9","20.0%","147","5.4%","2,024","6.4%","7,866","5.4%","18","7.0%","199","8.9%","1,114","5.3%","11,436","4.9%","838","10.1%"
"65 to 69 years","229","5.2%","136","5.1%","1,423","4.7%","141","4.5%","1,010","4.3%","45","11.8%","4","3.5%","458","3.9%","349","5.1%","2,803","3.1%","617","3.7%","321","4.5%","148","9.4%","225","6.7%","953","6.2%","15","10.0%","98","12.5%","8,213","3.5%","5,249","4.1%","249","6.3%","0","0.0%","641","4.1%","0","0.0%","397","5.9%","169","7.9%","54","5.8%","3","6.0%","100","7.8%","204","8.7%","67","4.8%","621","6.5%","13","9.7%","0","-","103","7.1%","2,206","4.3%","329","7.4%","33","4.7%","459","4.2%","11","8.1%","526","8.6%","113","7.3%","410","5.2%","306","6.1%","10","7.2%","436","4.1%","98","5.9%","71","6.8%","34","8.7%","104","7.0%","60","5.8%","2,283","2.3%","306","6.8%","689","7.6%","1,096","3.3%","43,297","4.2%","211","4.3%","174","4.8%","229","6.4%","96","3.9%","482","4.6%","256","4.6%","757","6.2%","350","6.8%","594","5.0%","275","6.0%","344","5.9%","390","5.0%","1,701","5.9%","81","4.7%","67","6.8%","2,343","3.3%","282","5.1%","1,249","4.2%","4,654","3.1%","172","2.9%","2,226","1.6%","5,878","2.6%","3,042","3.5%","1,687","3.0%","634","4.3%","181","3.7%","673","5.5%","238","7.9%","0","-","2","4.4%","161","5.9%","2,204","6.9%","8,940","6.1%","21","8.1%","200","9.0%","895","4.2%","9,408","4.0%","642","7.8%"
"70 to 74 years","176","4.0%","89","3.4%","1,023","3.4%","122","3.9%","704","3.0%","18","4.7%","8","7.0%","367","3.1%","220","3.2%","2,095","2.3%","495","3.0%","198","2.8%","117","7.4%","183","5.4%","739","4.8%","7","4.7%","59","7.5%","5,944","2.5%","4,060","3.2%","229","5.8%","9","34.6%","486","3.1%","0","0.0%","306","4.5%","128","6.0%","33","3.5%","5","10.0%","130","10.1%","156","6.7%","74","5.3%","513","5.4%","5","3.7%","0","-","56","3.9%","1,835","3.6%","291","6.6%","31","4.4%","390","3.6%","5","3.7%","467","7.6%","112","7.2%","361","4.6%","244","4.9%","1","0.7%","316","3.0%","84","5.0%","61","5.8%","40","10.2%","94","6.3%","46","4.5%","1,686","1.7%","260","5.7%","452","5.0%","630","1.9%","32,194","3.1%","208","4.3%","141","3.9%","189","5.3%","101","4.1%","425","4.0%","164","2.9%","616","5.0%","250","4.9%","522","4.4%","190","4.1%","224","3.9%","290","3.7%","1,158","4.0%","55","3.2%","39","4.0%","1,820","2.6%","195","3.5%","893","3.0%","3,621","2.4%","130","2.2%","1,796","1.3%","4,711","2.1%","2,351","2.7%","1,420","2.5%","495","3.4%","119","2.5%","528","4.3%","137","4.5%","0","-","3","6.7%","139","5.1%","1,951","6.1%","8,889","6.1%","14","5.4%","153","6.9%","660","3.1%","7,618","3.3%","393","4.8%"
"75 to 79 years","133","3.0%","56","2.1%","796","2.6%","86","2.8%","500","2.1%","8","2.1%","2","1.7%","243","2.1%","160","2.3%","1,504","1.7%","333","2.0%","146","2.0%","61","3.9%","110","3.3%","472","3.1%","9","6.0%","51","6.5%","3,716","1.6%","3,013","2.3%","134","3.4%","1","3.8%","329","2.1%","0","0.0%","225","3.3%","81","3.8%","23","2.5%","5","10.0%","41","3.2%","95","4.1%","44","3.1%","281","2.9%","9","6.7%","0","-","61","4.2%","1,204","2.3%","190","4.3%","22","3.2%","258","2.4%","6","4.4%","298","4.9%","80","5.2%","204","2.6%","216","4.3%","5","3.6%","249","2.3%","49","2.9%","46","4.4%","25","6.4%","64","4.3%","26","2.5%","931","0.9%","154","3.4%","300","3.3%","354","1.1%","21,468","2.1%","142","2.9%","94","2.6%","92","2.6%","54","2.2%","281","2.7%","139","2.5%","471","3.8%","199","3.9%","359","3.0%","115","2.5%","160","2.8%","153","2.0%","663","2.3%","40","2.3%","33","3.4%","1,110","1.6%","122","2.2%","562","1.9%","2,636","1.8%","108","1.8%","1,034","0.8%","3,427","1.5%","1,542","1.8%","965","1.7%","331","2.3%","84","1.7%","330","2.7%","87","2.9%","0","-","5","11.1%","89","3.3%","1,360","4.3%","6,835","4.7%","15","5.8%","89","4.0%","424","2.0%","4,947","2.1%","229","2.8%"
"80 to 84 years","88","2.0%","35","1.3%","582","1.9%","53","1.7%","366","1.5%","3","0.8%","7","6.1%","151","1.3%","97","1.4%","1,105","1.2%","202","1.2%","108","1.5%","24","1.5%","87","2.6%","313","2.0%","2","1.3%","14","1.8%","2,364","1.0%","2,041","1.6%","96","2.4%","0","0.0%","254","1.6%","0","0.0%","151","2.2%","38","1.8%","21","2.3%","0","0.0%","37","2.9%","70","3.0%","46","3.3%","179","1.9%","5","3.7%","0","-","27","1.9%","754","1.5%","113","2.5%","16","2.3%","170","1.6%","4","2.9%","167","2.7%","58","3.7%","141","1.8%","106","2.1%","8","5.8%","156","1.5%","28","1.7%","42","4.0%","17","4.3%","26","1.8%","8","0.8%","541","0.5%","91","2.0%","219","2.4%","186","0.6%","13,486","1.3%","84","1.7%","62","1.7%","80","2.2%","37","1.5%","206","1.9%","77","1.4%","281","2.3%","132","2.6%","266","2.3%","86","1.9%","78","1.3%","108","1.4%","283","1.0%","13","0.8%","6","0.6%","671","1.0%","65","1.2%","378","1.3%","1,711","1.1%","40","0.7%","645","0.5%","2,344","1.0%","970","1.1%","673","1.2%","184","1.3%","47","1.0%","175","1.4%","16","0.5%","0","-","0","0.0%","54","2.0%","838","2.6%","4,262","2.9%","11","4.3%","46","2.1%","324","1.5%","3,207","1.4%","132","1.6%"
"85 years and over","57","1.3%","49","1.9%","580","1.9%","41","1.3%","282","1.2%","8","2.1%","1","0.9%","120","1.0%","94","1.4%","1,099","1.2%","161","1.0%","63","0.9%","29","1.8%","46","1.4%","306","2.0%","2","1.3%","4","0.5%","2,165","0.9%","2,109","1.6%","60","1.5%","0","0.0%","182","1.2%","0","0.0%","84","1.2%","45","2.1%","14","1.5%","2","4.0%","40","3.1%","62","2.6%","18","1.3%","171","1.8%","2","1.5%","0","-","11","0.8%","518","1.0%","118","2.7%","23","3.3%","122","1.1%","3","2.2%","112","1.8%","32","2.1%","153","2.0%","110","2.2%","1","0.7%","120","1.1%","19","1.1%","27","2.6%","24","6.1%","24","1.6%","15","1.5%","382","0.4%","80","1.8%","253","2.8%","174","0.5%","12,966","1.2%","75","1.5%","63","1.8%","72","2.0%","34","1.4%","174","1.6%","90","1.6%","169","1.4%","119","2.3%","231","2.0%","60","1.3%","82","1.4%","95","1.2%","128","0.4%","18","1.0%","20","2.0%","554","0.8%","59","1.1%","365","1.2%","1,475","1.0%","32","0.5%","508","0.4%","2,437","1.1%","781","0.9%","577","1.0%","157","1.1%","37","0.8%","116","0.9%","12","0.4%","0","-","2","4.4%","35","1.3%","595","1.9%","3,567","2.4%","7","2.7%","60","2.7%","220","1.0%","3,159","1.4%","95","1.1%"
"Selected Age Categories","","","","","","","","","","","","","","","","","","","","","","","","","","","","","","","","","","","","","","","","","","","","","","","","","","","","","","","","","","","","","","","","","","","","","","","","","","","","","","","","","","","","","","","","","","","","","","","","","","","","","","","","","","","","","","","","","","","","","","","","","","","","","","","","","","","","","","","","","","","","","","","","","","","","","","","","","","","","","","","","","","","","","","","","","","","","","","","","","","","","","","","","","",""
"16 years and over","3,284","74.2%","1,907","72.1%","22,385","73.3%","2,221","71.2%","16,598","70.2%","281","73.9%","88","76.5%","8,133","69.4%","4,853","70.5%","68,971","76.1%","11,395","68.5%","4,986","69.6%","1,219","77.3%","2,677","79.3%","11,908","77.0%","115","76.7%","642","81.8%","165,786","70.9%","93,752","72.8%","3,004","75.7%","19","73.1%","10,942","70.1%","1","100.0%","4,973","73.7%","1,613","75.1%","704","75.6%","49","98.0%","1,073","83.5%","1,839","78.5%","1,098","78.1%","7,760","81.4%","112","83.6%","0","-","1,071","73.8%","38,466","74.8%","3,425","77.2%","562","80.6%","7,530","68.7%","99","72.8%","4,900","80.1%","1,219","78.8%","5,613","71.8%","3,701","73.8%","106","76.8%","7,305","68.7%","1,216","72.9%","802","76.7%","331","84.2%","1,119","75.5%","720","70.1%","67,762","68.5%","3,708","81.9%","7,350","80.6%","23,949","71.7%","807,943","77.7%","3,555","72.9%","2,724","75.8%","2,723","76.4%","1,896","76.4%","7,955","75.3%","4,540","81.4%","9,004","73.3%","3,902","75.9%","8,548","72.6%","3,475","75.5%","4,513","77.8%","5,916","75.4%","23,032","80.2%","1,340","78.0%","737","74.8%","49,408","70.6%","3,969","71.5%","21,156","70.4%","104,715","70.3%","3,822","65.0%","83,727","61.9%","175,817","77.8%","60,432","69.4%","38,331","68.0%","10,649","72.9%","3,287","67.9%","8,953","72.9%","2,580","85.6%","0","-","40","88.9%","1,914","70.0%","24,374","76.7%","112,209","77.0%","219","84.9%","1,800","80.8%","15,496","73.5%","175,786","75.5%","6,613","80.0%"
"18 years and over","3,114","70.4%","1,796","67.9%","21,268","69.7%","2,088","67.0%","15,789","66.8%","266","70.0%","87","75.7%","7,674","65.5%","4,609","67.0%","66,398","73.2%","10,764","64.7%","4,629","64.7%","1,182","75.0%","2,562","75.9%","11,441","74.0%","106","70.7%","610","77.7%","157,076","67.1%","89,308","69.4%","2,877","72.5%","19","73.1%","10,371","66.5%","1","100.0%","4,749","70.4%","1,533","71.4%","674","72.4%","46","92.0%","1,037","80.7%","1,760","75.1%","1,038","73.8%","7,517","78.8%","105","78.4%","0","-","998","68.7%","36,760","71.5%","3,272","73.8%","545","78.2%","7,114","65.0%","97","71.3%","4,751","77.6%","1,164","75.2%","5,302","67.8%","3,532","70.4%","101","73.2%","6,854","64.5%","1,142","68.4%","775","74.2%","317","80.7%","1,057","71.3%","686","66.8%","63,976","64.7%","3,596","79.4%","7,068","77.5%","22,778","68.2%","777,477","74.8%","3,368","69.0%","2,593","72.1%","2,596","72.9%","1,785","71.9%","7,552","71.5%","4,407","79.0%","8,475","68.9%","3,727","72.5%","8,033","68.2%","3,313","72.0%","4,286","73.9%","5,652","72.0%","22,068","76.9%","1,290","75.1%","710","72.1%","46,739","66.8%","3,755","67.6%","20,091","66.8%","98,126","65.9%","3,602","61.2%","78,641","58.2%","170,014","75.3%","56,860","65.3%","36,023","63.9%","10,030","68.6%","3,114","64.3%","8,527","69.5%","2,500","82.9%","0","-","39","86.7%","1,798","65.7%","23,262","73.2%","107,677","73.9%","211","81.8%","1,739","78.1%","14,733","69.9%","168,531","72.4%","6,328","76.6%"
"21 years and over","2,941","66.4%","1,692","63.9%","19,937","65.3%","1,960","62.9%","14,807","62.7%","253","66.6%","79","68.7%","7,165","61.2%","4,339","63.0%","58,073","64.1%","10,068","60.6%","4,258","59.5%","1,148","72.8%","2,444","72.4%","10,751","69.5%","105","70.0%","590","75.2%","146,036","62.4%","84,128","65.4%","2,733","68.9%","19","73.1%","9,735","62.4%","1","100.0%","4,485","66.5%","1,451","67.6%","643","69.1%","44","88.0%","996","77.5%","1,672","71.4%","978","69.6%","7,233","75.9%","99","73.9%","0","-","922","63.5%","32,691","63.6%","3,113","70.2%","516","74.0%","6,647","60.7%","92","67.6%","4,606","75.3%","1,105","71.4%","5,049","64.6%","3,337","66.5%","91","65.9%","6,360","59.9%","1,075","64.4%","731","70.0%","311","79.1%","1,010","68.1%","652","63.5%","59,311","60.0%","3,464","76.5%","6,757","74.1%","21,236","63.6%","731,045","70.3%","3,109","63.7%","2,403","66.8%","2,460","69.1%","1,660","66.9%","6,458","61.1%","4,201","75.3%","7,912","64.4%","3,527","68.6%","7,516","63.8%","3,137","68.2%","4,042","69.7%","5,346","68.1%","21,026","73.2%","1,237","72.0%","659","66.9%","43,655","62.4%","3,546","63.9%","18,804","62.5%","90,328","60.6%","3,355","57.0%","73,312","54.2%","150,809","66.8%","52,429","60.2%","33,437","59.3%","9,317","63.8%","2,917","60.3%","8,061","65.7%","2,423","80.4%","0","-","39","86.7%","1,676","61.3%","22,062","69.4%","100,456","68.9%","200","77.5%","1,671","75.0%","13,821","65.6%","157,639","67.7%","5,986","72.4%"
"62 years and over","835","18.9%","458","17.3%","5,414","17.7%","541","17.4%","3,581","15.2%","100","26.3%","25","21.7%","1,633","13.9%","1,143","16.6%","10,431","11.5%","2,240","13.5%","1,020","14.2%","456","28.9%","820","24.3%","3,403","22.0%","42","28.0%","261","33.2%","28,347","12.1%","20,121","15.6%","941","23.7%","11","42.3%","2,379","15.2%","0","0.0%","1,463","21.7%","577","26.9%","173","18.6%","18","36.0%","419","32.6%","670","28.6%","306","21.8%","2,224","23.3%","49","36.6%","0","-","312","21.5%","7,920","15.4%","1,241","28.0%","141","20.2%","1,696","15.5%","32","23.5%","1,870","30.6%","453","29.3%","1,581","20.2%","1,176","23.4%","26","18.8%","1,588","14.9%","329","19.7%","293","28.0%","161","41.0%","381","25.7%","223","21.7%","7,440","7.5%","1,082","23.9%","2,330","25.6%","3,228","9.7%","153,202","14.7%","867","17.8%","655","18.2%","806","22.6%","399","16.1%","1,844","17.5%","890","15.9%","2,709","22.0%","1,230","23.9%","2,339","19.9%","905","19.7%","1,141","19.7%","1,335","17.0%","5,268","18.3%","299","17.4%","214","21.7%","8,284","11.8%","902","16.2%","4,351","14.5%","17,326","11.6%","633","10.8%","7,838","5.8%","22,907","10.1%","10,647","12.2%","6,568","11.7%","2,299","15.7%","581","12.0%","2,289","18.6%","693","23.0%","0","-","16","35.6%","556","20.3%","8,161","25.7%","37,302","25.6%","81","31.4%","667","29.9%","3,188","15.1%","35,042","15.0%","2,005","24.3%"
"65 years and over","683","15.4%","365","13.8%","4,404","14.4%","443","14.2%","2,862","12.1%","82","21.6%","22","19.1%","1,339","11.4%","920","13.4%","8,606","9.5%","1,808","10.9%","836","11.7%","379","24.0%","651","19.3%","2,783","18.0%","35","23.3%","226","28.8%","22,402","9.6%","16,472","12.8%","768","19.4%","10","38.5%","1,892","12.1%","0","0.0%","1,163","17.2%","461","21.5%","145","15.6%","15","30.0%","348","27.1%","587","25.1%","249","17.7%","1,765","18.5%","34","25.4%","0","-","258","17.8%","6,517","12.7%","1,041","23.5%","125","17.9%","1,399","12.8%","29","21.3%","1,570","25.7%","395","25.5%","1,269","16.2%","982","19.6%","25","18.1%","1,277","12.0%","278","16.7%","247","23.6%","140","35.6%","312","21.0%","155","15.1%","5,823","5.9%","891","19.7%","1,913","21.0%","2,440","7.3%","123,411","11.9%","720","14.8%","534","14.9%","662","18.6%","322","13.0%","1,568","14.8%","726","13.0%","2,294","18.7%","1,050","20.4%","1,972","16.7%","726","15.8%","888","15.3%","1,036","13.2%","3,933","13.7%","207","12.1%","165","16.8%","6,498","9.3%","723","13.0%","3,447","11.5%","14,097","9.5%","482","8.2%","6,209","4.6%","18,797","8.3%","8,686","10.0%","5,322","9.4%","1,801","12.3%","468","9.7%","1,822","14.8%","490","16.3%","0","-","12","26.7%","478","17.5%","6,948","21.9%","32,493","22.3%","68","26.4%","548","24.6%","2,523","12.0%","28,339","12.2%","1,491","18.0%"
"Male population","2,413","100.0%","1,345","100.0%","15,324","100.0%","1,584","100.0%","12,097","100.0%","185","100.0%","52","100.0%","5,916","100.0%","3,474","100.0%","44,965","100.0%","8,306","100.0%","3,649","100.0%","808","100.0%","1,690","100.0%","7,730","100.0%","79","100.0%","431","100.0%","118,233","100.0%","64,018","100.0%","2,070","100.0%","16","100.0%","7,846","100.0%","1","100.0%","3,410","100.0%","1,099","100.0%","456","100.0%","36","100.0%","637","100.0%","1,212","100.0%","734","100.0%","4,742","100.0%","68","100.0%","0","-","763","100.0%","25,421","100.0%","2,220","100.0%","348","100.0%","5,648","100.0%","72","100.0%","3,038","100.0%","770","100.0%","3,976","100.0%","2,532","100.0%","73","100.0%","5,439","100.0%","850","100.0%","532","100.0%","183","100.0%","776","100.0%","533","100.0%","49,268","100.0%","2,368","100.0%","4,610","100.0%","16,765","100.0%","522,597","100.0%","2,378","100.0%","1,806","100.0%","1,851","100.0%","1,234","100.0%","5,327","100.0%","3,655","100.0%","6,284","100.0%","2,604","100.0%","5,937","100.0%","2,329","100.0%","2,990","100.0%","4,001","100.0%","14,587","100.0%","905","100.0%","513","100.0%","35,269","100.0%","2,729","100.0%","14,957","100.0%","74,660","100.0%","2,939","100.0%","68,128","100.0%","112,971","100.0%","43,899","100.0%","28,287","100.0%","7,444","100.0%","2,488","100.0%","6,162","100.0%","1,547","100.0%","0","-","24","100.0%","1,422","100.0%","15,950","100.0%","71,743","100.0%","134","100.0%","1,105","100.0%","10,816","100.0%","116,809","100.0%","4,239","100.0%"
"Male population Under 5 years","127","5.3%","118","8.8%","1,119","7.3%","127","8.0%","1,133","9.4%","13","7.0%","2","3.8%","537","9.1%","302","8.7%","3,510","7.8%","762","9.2%","266","7.3%","50","6.2%","83","4.9%","510","6.6%","5","6.3%","19","4.4%","9,498","8.0%","4,958","7.7%","129","6.2%","2","12.5%","639","8.1%","0","0.0%","201","5.9%","69","6.3%","49","10.7%","0","0.0%","23","3.6%","76","6.3%","44","6.0%","238","5.0%","4","5.9%","0","-","31","4.1%","1,899","7.5%","148","6.7%","13","3.7%","448","7.9%","3","4.2%","172","5.7%","41","5.3%","301","7.6%","202","8.0%","5","6.8%","358","6.6%","62","7.3%","29","5.5%","2","1.1%","56","7.2%","47","8.8%","4,377","8.9%","105","4.4%","263","5.7%","1,287","7.7%","34,055","6.5%","168","7.1%","125","6.9%","137","7.4%","77","6.2%","371","7.0%","168","4.6%","457","7.3%","163","6.3%","445","7.5%","170","7.3%","162","5.4%","238","5.9%","672","4.6%","54","6.0%","26","5.1%","2,803","7.9%","190","7.0%","1,294","8.7%","5,891","7.9%","301","10.2%","8,349","12.3%","9,090","8.0%","3,743","8.5%","2,683","9.5%","498","6.7%","243","9.8%","447","7.3%","85","5.5%","0","-","2","8.3%","110","7.7%","1,024","6.4%","4,723","6.6%","3","2.2%","53","4.8%","659","6.1%","8,750","7.5%","185","4.4%"
"Male population 5 to 9 years","194","8.0%","103","7.7%","1,270","8.3%","135","8.5%","1,141","9.4%","20","10.8%","3","5.8%","600","10.1%","342","9.8%","3,443","7.7%","825","9.9%","377","10.3%","66","8.2%","123","7.3%","622","8.0%","7","8.9%","27","6.3%","11,354","9.6%","5,859","9.2%","139","6.7%","2","12.5%","770","9.8%","0","0.0%","282","8.3%","96","8.7%","24","5.3%","0","0.0%","34","5.3%","74","6.1%","43","5.9%","289","6.1%","0","0.0%","0","-","61","8.0%","2,028","8.0%","157","7.1%","28","8.0%","587","10.4%","6","8.3%","179","5.9%","55","7.1%","366","9.2%","198","7.8%","6","8.2%","563","10.4%","64","7.5%","24","4.5%","10","5.5%","62","8.0%","63","11.8%","5,073","10.3%","118","5.0%","275","6.0%","1,506","9.0%","37,114","7.1%","227","9.5%","135","7.5%","128","6.9%","101","8.2%","386","7.2%","159","4.4%","509","8.1%","190","7.3%","520","8.8%","174","7.5%","215","7.2%","330","8.2%","869","6.0%","55","6.1%","59","11.5%","3,369","9.6%","276","10.1%","1,468","9.8%","7,020","9.4%","346","11.8%","8,703","12.8%","7,994","7.1%","4,290","9.8%","2,886","10.2%","665","8.9%","279","11.2%","513","8.3%","59","3.8%","0","-","0","0.0%","156","11.0%","1,206","7.6%","5,439","7.6%","5","3.7%","83","7.5%","931","8.6%","9,173","7.9%","245","5.8%"
"Male population 10 to 14 years","224","9.3%","122","9.1%","1,497","9.8%","158","10.0%","1,220","10.1%","12","6.5%","1","1.9%","612","10.3%","311","9.0%","3,452","7.7%","863","10.4%","406","11.1%","67","8.3%","122","7.2%","660","8.5%","2","2.5%","22","5.1%","12,181","10.3%","5,966","9.3%","189","9.1%","1","6.3%","838","10.7%","0","0.0%","400","11.7%","99","9.0%","33","7.2%","0","0.0%","45","7.1%","100","8.3%","62","8.4%","308","6.5%","6","8.8%","0","-","87","11.4%","2,249","8.8%","171","7.7%","22","6.3%","655","11.6%","6","8.3%","239","7.9%","48","6.2%","381","9.6%","217","8.6%","4","5.5%","694","12.8%","83","9.8%","47","8.8%","12","6.6%","70","9.0%","47","8.8%","5,317","10.8%","160","6.8%","316","6.9%","1,673","10.0%","39,719","7.6%","252","10.6%","189","10.5%","135","7.3%","113","9.2%","475","8.9%","193","5.3%","594","9.5%","246","9.4%","578","9.7%","198","8.5%","234","7.8%","384","9.6%","1,157","7.9%","78","8.6%","54","10.5%","3,660","10.4%","249","9.1%","1,538","10.3%","8,109","10.9%","315","10.7%","7,906","11.6%","7,505","6.6%","4,712","10.7%","3,076","10.9%","769","10.3%","236","9.5%","639","10.4%","77","5.0%","0","-","1","4.2%","157","11.0%","1,364","8.6%","6,019","8.4%","5","3.7%","65","5.9%","1,073","9.9%","9,630","8.2%","358","8.4%"
"Male population 15 to 19 years","190","7.9%","130","9.7%","1,348","8.8%","142","9.0%","994","8.2%","13","7.0%","3","5.8%","521","8.8%","304","8.8%","4,079","9.1%","751","9.0%","393","10.8%","40","5.0%","127","7.5%","571","7.4%","8","10.1%","47","10.9%","10,865","9.2%","5,254","8.2%","146","7.1%","0","0.0%","659","8.4%","0","0.0%","286","8.4%","92","8.4%","30","6.6%","5","13.9%","35","5.5%","107","8.8%","68","9.3%","295","6.2%","11","16.2%","0","-","77","10.1%","2,381","9.4%","174","7.8%","29","8.3%","543","9.6%","4","5.6%","176","5.8%","61","7.9%","339","8.5%","224","8.8%","12","16.4%","571","10.5%","86","10.1%","50","9.4%","14","7.7%","58","7.5%","24","4.5%","4,565","9.3%","139","5.9%","318","6.9%","1,449","8.6%","38,665","7.4%","214","9.0%","146","8.1%","138","7.5%","110","8.9%","636","11.9%","183","5.0%","698","11.1%","209","8.0%","592","10.0%","196","8.4%","251","8.4%","316","7.9%","1,130","7.7%","51","5.6%","40","7.8%","3,206","9.1%","233","8.5%","1,277","8.5%","7,754","10.4%","254","8.6%","5,917","8.7%","8,716","7.7%","4,381","10.0%","2,765","9.8%","727","9.8%","221","8.9%","519","8.4%","81","5.2%","0","-","1","4.2%","132","9.3%","1,292","8.1%","5,727","8.0%","12","9.0%","71","6.4%","911","8.4%","9,160","7.8%","343","8.1%"
"Male population 20 to 24 years","161","6.7%","69","5.1%","1,015","6.6%","97","6.1%","744","6.2%","10","5.4%","7","13.5%","355","6.0%","189","5.4%","7,646","17.0%","517","6.2%","222","6.1%","25","3.1%","70","4.1%","520","6.7%","0","0.0%","19","4.4%","8,553","7.2%","4,104","6.4%","93","4.5%","0","0.0%","433","5.5%","0","0.0%","172","5.0%","35","3.2%","26","5.7%","0","0.0%","29","4.6%","44","3.6%","38","5.2%","243","5.1%","2","2.9%","0","-","52","6.8%","3,153","12.4%","115","5.2%","34","9.8%","336","5.9%","4","5.6%","114","3.8%","37","4.8%","173","4.4%","124","4.9%","6","8.2%","305","5.6%","35","4.1%","30","5.6%","6","3.3%","36","4.6%","36","6.8%","3,381","6.9%","99","4.2%","219","4.8%","1,221","7.3%","42,184","8.1%","193","8.1%","106","5.9%","89","4.8%","83","6.7%","712","13.4%","238","6.5%","321","5.1%","149","5.7%","332","5.6%","121","5.2%","192","6.4%","204","5.1%","767","5.3%","62","6.9%","25","4.9%","2,194","6.2%","166","6.1%","870","5.8%","5,803","7.8%","157","5.3%","3,689","5.4%","23,384","20.7%","3,151","7.2%","2,031","7.2%","449","6.0%","132","5.3%","356","5.8%","82","5.3%","0","-","1","4.2%","71","5.0%","913","5.7%","5,301","7.4%","1","0.7%","51","4.6%","618","5.7%","9,331","8.0%","212","5.0%"
"Male population 25 to 29 years","159","6.6%","68","5.1%","904","5.9%","59","3.7%","743","6.1%","10","5.4%","0","0.0%","384","6.5%","209","6.0%","4,402","9.8%","499","6.0%","155","4.2%","34","4.2%","77","4.6%","417","5.4%","1","1.3%","14","3.2%","7,673","6.5%","4,143","6.5%","104","5.0%","0","0.0%","448","5.7%","0","0.0%","154","4.5%","40","3.6%","35","7.7%","4","11.1%","23","3.6%","52","4.3%","43","5.9%","312","6.6%","5","7.4%","0","-","36","4.7%","1,865","7.3%","100","4.5%","19","5.5%","324","5.7%","1","1.4%","158","5.2%","25","3.2%","180","4.5%","141","5.6%","0","0.0%","195","3.6%","32","3.8%","25","4.7%","2","1.1%","20","2.6%","14","2.6%","3,537","7.2%","119","5.0%","183","4.0%","1,252","7.5%","45,770","8.8%","123","5.2%","112","6.2%","98","5.3%","99","8.0%","260","4.9%","329","9.0%","276","4.4%","102","3.9%","302","5.1%","131","5.6%","165","5.5%","190","4.7%","721","4.9%","39","4.3%","19","3.7%","2,102","6.0%","141","5.2%","937","6.3%","5,068","6.8%","164","5.6%","5,023","7.4%","14,228","12.6%","2,844","6.5%","1,806","6.4%","357","4.8%","145","5.8%","308","5.0%","96","6.2%","0","-","1","4.2%","54","3.8%","808","5.1%","4,149","5.8%","8","6.0%","50","4.5%","568","5.3%","9,322","8.0%","136","3.2%"
"Male population 30 to 34 years","188","7.8%","69","5.1%","835","5.4%","82","5.2%","745","6.2%","13","7.0%","5","9.6%","370","6.3%","223","6.4%","2,866","6.4%","578","7.0%","151","4.1%","53","6.6%","110","6.5%","420","5.4%","3","3.8%","9","2.1%","7,689","6.5%","4,238","6.6%","83","4.0%","1","6.3%","556","7.1%","0","0.0%","160","4.7%","54","4.9%","17","3.7%","2","5.6%","32","5.0%","71","5.9%","33","4.5%","346","7.3%","5","7.4%","0","-","26","3.4%","1,471","5.8%","109","4.9%","12","3.4%","326","5.8%","4","5.6%","150","4.9%","38","4.9%","234","5.9%","128","5.1%","5","6.8%","226","4.2%","26","3.1%","24","4.5%","5","2.7%","40","5.2%","26","4.9%","3,717","7.5%","118","5.0%","180","3.9%","1,278","7.6%","42,883","8.2%","147","6.2%","125","6.9%","120","6.5%","67","5.4%","274","5.1%","366","10.0%","277","4.4%","130","5.0%","317","5.3%","125","5.4%","149","5.0%","202","5.0%","799","5.5%","51","5.6%","27","5.3%","2,384","6.8%","168","6.2%","992","6.6%","4,252","5.7%","221","7.5%","5,940","8.7%","7,839","6.9%","2,766","6.3%","1,756","6.2%","380","5.1%","161","6.5%","353","5.7%","95","6.1%","0","-","0","0.0%","84","5.9%","830","5.2%","3,825","5.3%","5","3.7%","46","4.2%","653","6.0%","8,517","7.3%","153","3.6%"
"Male population 35 to 39 years","181","7.5%","106","7.9%","1,061","6.9%","110","6.9%","808","6.7%","5","2.7%","4","7.7%","415","7.0%","219","6.3%","2,652","5.9%","608","7.3%","225","6.2%","51","6.3%","129","7.6%","456","5.9%","4","5.1%","24","5.6%","8,791","7.4%","4,763","7.4%","105","5.1%","0","0.0%","543","6.9%","0","0.0%","199","5.8%","60","5.5%","30","6.6%","1","2.8%","40","6.3%","87","7.2%","42","5.7%","351","7.4%","0","0.0%","0","-","40","5.2%","1,497","5.9%","97","4.4%","20","5.7%","343","6.1%","7","9.7%","192","6.3%","26","3.4%","270","6.8%","152","6.0%","3","4.1%","328","6.0%","48","5.6%","31","5.8%","5","2.7%","38","4.9%","38","7.1%","4,096","8.3%","145","6.1%","279","6.1%","1,385","8.3%","40,104","7.7%","140","5.9%","101","5.6%","94","5.1%","64","5.2%","290","5.4%","388","10.6%","336","5.3%","163","6.3%","351","5.9%","165","7.1%","167","5.6%","298","7.4%","865","5.9%","63","7.0%","37","7.2%","2,607","7.4%","187","6.9%","1,174","7.8%","4,662","6.2%","234","8.0%","5,897","8.7%","5,961","5.3%","2,897","6.6%","1,945","6.9%","435","5.8%","211","8.5%","357","5.8%","91","5.9%","0","-","0","0.0%","73","5.1%","949","5.9%","4,177","5.8%","5","3.7%","68","6.2%","835","7.7%","8,396","7.2%","241","5.7%"
"Male population 40 to 44 years","164","6.8%","111","8.3%","1,054","6.9%","120","7.6%","774","6.4%","10","5.4%","2","3.8%","373","6.3%","224","6.4%","2,429","5.4%","558","6.7%","248","6.8%","24","3.0%","110","6.5%","520","6.7%","12","15.2%","14","3.2%","8,379","7.1%","4,767","7.4%","133","6.4%","0","0.0%","527","6.7%","0","0.0%","248","7.3%","65","5.9%","30","6.6%","3","8.3%","34","5.3%","76","6.3%","47","6.4%","321","6.8%","0","0.0%","0","-","42","5.5%","1,479","5.8%","133","6.0%","23","6.6%","377","6.7%","6","8.3%","211","6.9%","42","5.5%","229","5.8%","137","5.4%","1","1.4%","431","7.9%","60","7.1%","29","5.5%","9","4.9%","44","5.7%","24","4.5%","3,933","8.0%","168","7.1%","320","6.9%","1,243","7.4%","36,707","7.0%","132","5.6%","86","4.8%","131","7.1%","87","7.1%","300","5.6%","379","10.4%","360","5.7%","150","5.8%","411","6.9%","172","7.4%","212","7.1%","317","7.9%","980","6.7%","47","5.2%","31","6.0%","2,567","7.3%","175","6.4%","1,013","6.8%","5,131","6.9%","219","7.5%","5,194","7.6%","5,196","4.6%","3,036","6.9%","1,909","6.7%","514","6.9%","196","7.9%","436","7.1%","106","6.9%","0","-","0","0.0%","82","5.8%","889","5.6%","4,099","5.7%","9","6.7%","64","5.8%","860","8.0%","7,707","6.6%","265","6.3%"
"Male population 45 to 49 years","133","5.5%","55","4.1%","773","5.0%","89","5.6%","584","4.8%","9","4.9%","4","7.7%","311","5.3%","175","5.0%","1,894","4.2%","447","5.4%","232","6.4%","41","5.1%","98","5.8%","417","5.4%","4","5.1%","27","6.3%","6,714","5.7%","3,516","5.5%","151","7.3%","1","6.3%","379","4.8%","0","0.0%","180","5.3%","47","4.3%","25","5.5%","1","2.8%","33","5.2%","65","5.4%","54","7.4%","280","5.9%","1","1.5%","0","-","38","5.0%","1,123","4.4%","107","4.8%","19","5.5%","276","4.9%","3","4.2%","154","5.1%","37","4.8%","197","5.0%","128","5.1%","1","1.4%","318","5.8%","50","5.9%","22","4.1%","6","3.3%","52","6.7%","25","4.7%","3,151","6.4%","166","7.0%","305","6.6%","1,058","6.3%","30,647","5.9%","110","4.6%","100","5.5%","119","6.4%","99","8.0%","233","4.4%","266","7.3%","327","5.2%","138","5.3%","321","5.4%","134","5.8%","136","4.5%","242","6.0%","1,089","7.5%","60","6.6%","38","7.4%","2,240","6.4%","153","5.6%","764","5.1%","4,478","6.0%","143","4.9%","3,477","5.1%","4,127","3.7%","2,477","5.6%","1,497","5.3%","504","6.8%","152","6.1%","356","5.8%","93","6.0%","0","-","0","0.0%","59","4.1%","765","4.8%","3,395","4.7%","7","5.2%","53","4.8%","752","7.0%","6,415","5.5%","241","5.7%"
"Male population 50 to 54 years","115","4.8%","57","4.2%","745","4.9%","65","4.1%","535","4.4%","7","3.8%","5","9.6%","283","4.8%","159","4.6%","1,593","3.5%","330","4.0%","188","5.2%","43","5.3%","68","4.0%","371","4.8%","5","6.3%","17","3.9%","5,644","4.8%","2,911","4.5%","111","5.4%","0","0.0%","367","4.7%","0","0.0%","140","4.1%","46","4.2%","33","7.2%","4","11.1%","22","3.5%","58","4.8%","35","4.8%","283","6.0%","1","1.5%","0","-","40","5.2%","970","3.8%","92","4.1%","31","8.9%","254","4.5%","7","9.7%","148","4.9%","45","5.8%","176","4.4%","121","4.8%","5","6.8%","282","5.2%","45","5.3%","23","4.3%","11","6.0%","44","5.7%","20","3.8%","2,321","4.7%","187","7.9%","295","6.4%","812","4.8%","27,429","5.2%","102","4.3%","103","5.7%","106","5.7%","70","5.7%","216","4.1%","221","6.0%","295","4.7%","149","5.7%","249","4.2%","109","4.7%","176","5.9%","234","5.8%","1,183","8.1%","55","6.1%","18","3.5%","1,815","5.1%","120","4.4%","619","4.1%","3,841","5.1%","120","4.1%","2,252","3.3%","3,571","3.2%","2,002","4.6%","1,310","4.6%","399","5.4%","96","3.9%","309","5.0%","111","7.2%","0","-","4","16.7%","48","3.4%","751","4.7%","3,001","4.2%","11","8.2%","64","5.8%","574","5.3%","5,680","4.9%","274","6.5%"
"Male population 55 to 59 years","136","5.6%","75","5.6%","835","5.4%","87","5.5%","625","5.2%","4","2.2%","1","1.9%","252","4.3%","168","4.8%","1,532","3.4%","367","4.4%","194","5.3%","67","8.3%","104","6.2%","439","5.7%","1","1.3%","24","5.6%","5,464","4.6%","3,008","4.7%","121","5.8%","0","0.0%","374","4.8%","1","100.0%","187","5.5%","66","6.0%","28","6.1%","3","8.3%","56","8.8%","53","4.4%","44","6.0%","288","6.1%","2","2.9%","0","-","42","5.5%","1,067","4.2%","139","6.3%","28","8.0%","245","4.3%","4","5.6%","176","5.8%","56","7.3%","221","5.6%","123","4.9%","13","17.8%","271","5.0%","64","7.5%","46","8.6%","17","9.3%","33","4.3%","28","5.3%","1,769","3.6%","184","7.8%","346","7.5%","756","4.5%","26,250","5.0%","108","4.5%","122","6.8%","110","5.9%","83","6.7%","233","4.4%","220","6.0%","326","5.2%","145","5.6%","296","5.0%","132","5.7%","239","8.0%","270","6.7%","1,170","8.0%","86","9.5%","27","5.3%","1,758","5.0%","158","5.8%","654","4.4%","3,389","4.5%","119","4.0%","1,612","2.4%","3,582","3.2%","1,791","4.1%","1,132","4.0%","408","5.5%","89","3.6%","301","4.9%","125","8.1%","0","-","1","4.2%","75","5.3%","818","5.1%","3,008","4.2%","10","7.5%","71","6.4%","634","5.9%","6,125","5.2%","368","8.7%"
"Male population 60 to 64 years","106","4.4%","68","5.1%","795","5.2%","87","5.5%","644","5.3%","20","10.8%","3","5.8%","236","4.0%","192","5.5%","1,501","3.3%","330","4.0%","181","5.0%","61","7.5%","148","8.8%","471","6.1%","12","15.2%","41","9.5%","5,028","4.3%","3,017","4.7%","170","8.2%","1","6.3%","425","5.4%","0","0.0%","239","7.0%","95","8.6%","28","6.1%","3","8.3%","58","9.1%","63","5.2%","53","7.2%","350","7.4%","15","22.1%","0","-","48","6.3%","1,114","4.4%","171","7.7%","11","3.2%","247","4.4%","4","5.6%","217","7.1%","51","6.6%","266","6.7%","176","7.0%","2","2.7%","276","5.1%","48","5.6%","34","6.4%","16","8.7%","58","7.5%","52","9.8%","1,378","2.8%","197","8.3%","333","7.2%","688","4.1%","24,880","4.8%","128","5.4%","107","5.9%","124","6.7%","54","4.4%","230","4.3%","158","4.3%","350","5.6%","158","6.1%","306","5.2%","145","6.2%","220","7.4%","268","6.7%","1,128","7.7%","90","9.9%","34","6.6%","1,541","4.4%","161","5.9%","741","5.0%","2,841","3.8%","120","4.1%","1,334","2.0%","3,292","2.9%","1,685","3.8%","1,037","3.7%","437","5.9%","103","4.1%","360","5.8%","175","11.3%","0","-","5","20.8%","69","4.9%","926","5.8%","3,532","4.9%","13","9.7%","98","8.9%","550","5.1%","5,638","4.8%","432","10.2%"
"Male population 65 to 69 years","114","4.7%","76","5.7%","698","4.6%","66","4.2%","528","4.4%","16","8.6%","2","3.8%","226","3.8%","175","5.0%","1,335","3.0%","313","3.8%","151","4.1%","75","9.3%","112","6.6%","485","6.3%","10","12.7%","61","14.2%","3,896","3.3%","2,493","3.9%","135","6.5%","0","0.0%","316","4.0%","0","0.0%","206","6.0%","85","7.7%","31","6.8%","3","8.3%","42","6.6%","98","8.1%","37","5.0%","318","6.7%","6","8.8%","0","-","58","7.6%","1,047","4.1%","163","7.3%","16","4.6%","219","3.9%","5","6.9%","246","8.1%","60","7.8%","191","4.8%","149","5.9%","4","5.5%","218","4.0%","56","6.6%","29","5.5%","15","8.2%","59","7.6%","39","7.3%","1,052","2.1%","149","6.3%","369","8.0%","550","3.3%","20,926","4.0%","95","4.0%","79","4.4%","108","5.8%","38","3.1%","210","3.9%","144","3.9%","395","6.3%","170","6.5%","281","4.7%","139","6.0%","187","6.3%","203","5.1%","875","6.0%","39","4.3%","28","5.5%","1,130","3.2%","146","5.3%","605","4.0%","2,223","3.0%","80","2.7%","1,029","1.5%","2,782","2.5%","1,483","3.4%","796","2.8%","340","4.6%","95","3.8%","323","5.2%","122","7.9%","0","-","2","8.3%","67","4.7%","1,038","6.5%","4,100","5.7%","16","11.9%","104","9.4%","438","4.0%","4,534","3.9%","334","7.9%"
"Male population 70 to 74 years","81","3.4%","48","3.6%","503","3.3%","79","5.0%","350","2.9%","14","7.6%","5","9.6%","189","3.2%","109","3.1%","975","2.2%","243","2.9%","93","2.5%","63","7.8%","101","6.0%","363","4.7%","3","3.8%","31","7.2%","2,869","2.4%","1,835","2.9%","111","5.4%","8","50.0%","237","3.0%","0","0.0%","148","4.3%","81","7.4%","18","3.9%","3","8.3%","67","10.5%","78","6.4%","35","4.8%","249","5.3%","3","4.4%","0","-","31","4.1%","915","3.6%","147","6.6%","15","4.3%","205","3.6%","2","2.8%","225","7.4%","57","7.4%","202","5.1%","123","4.9%","1","1.4%","150","2.8%","45","5.3%","34","6.4%","22","12.0%","45","5.8%","18","3.4%","768","1.6%","150","6.3%","257","5.6%","309","1.8%","14,953","2.9%","100","4.2%","76","4.2%","93","5.0%","44","3.6%","202","3.8%","91","2.5%","310","4.9%","132","5.1%","234","3.9%","94","4.0%","126","4.2%","152","3.8%","590","4.0%","35","3.9%","17","3.3%","868","2.5%","103","3.8%","430","2.9%","1,639","2.2%","68","2.3%","823","1.2%","2,154","1.9%","1,116","2.5%","673","2.4%","250","3.4%","54","2.2%","265","4.3%","81","5.2%","0","-","2","8.3%","76","5.3%","1,001","6.3%","4,260","5.9%","6","4.5%","75","6.8%","303","2.8%","3,631","3.1%","221","5.2%"
"Male population 75 to 79 years","61","2.5%","26","1.9%","375","2.4%","42","2.7%","228","1.9%","4","2.2%","2","3.8%","120","2.0%","78","2.2%","673","1.5%","150","1.8%","83","2.3%","29","3.6%","54","3.2%","230","3.0%","1","1.3%","25","5.8%","1,733","1.5%","1,369","2.1%","67","3.2%","0","0.0%","147","1.9%","0","0.0%","112","3.3%","37","3.4%","7","1.5%","3","8.3%","25","3.9%","53","4.4%","22","3.0%","140","3.0%","3","4.4%","0","-","34","4.5%","581","2.3%","86","3.9%","11","3.2%","120","2.1%","3","4.2%","153","5.0%","46","6.0%","114","2.9%","91","3.6%","4","5.5%","128","2.4%","22","2.6%","25","4.7%","15","8.2%","34","4.4%","17","3.2%","418","0.8%","75","3.2%","140","3.0%","151","0.9%","9,668","1.8%","64","2.7%","31","1.7%","46","2.5%","21","1.7%","143","2.7%","77","2.1%","236","3.8%","95","3.6%","175","2.9%","60","2.6%","88","2.9%","68","1.7%","369","2.5%","25","2.8%","20","3.9%","520","1.5%","46","1.7%","246","1.6%","1,192","1.6%","46","1.6%","479","0.7%","1,531","1.4%","744","1.7%","442","1.6%","170","2.3%","44","1.8%","169","2.7%","56","3.6%","0","-","3","12.5%","49","3.4%","664","4.2%","3,296","4.6%","9","6.7%","42","3.8%","214","2.0%","2,203","1.9%","116","2.7%"
"Male population 80 to 84 years","47","1.9%","20","1.5%","238","1.6%","26","1.6%","182","1.5%","2","1.1%","3","5.8%","83","1.4%","51","1.5%","515","1.1%","105","1.3%","50","1.4%","11","1.4%","33","2.0%","133","1.7%","0","0.0%","9","2.1%","1,025","0.9%","932","1.5%","53","2.6%","0","0.0%","120","1.5%","0","0.0%","64","1.9%","15","1.4%","8","1.8%","0","0.0%","16","2.5%","34","2.8%","24","3.3%","72","1.5%","4","5.9%","0","-","13","1.7%","373","1.5%","60","2.7%","5","1.4%","87","1.5%","1","1.4%","82","2.7%","35","4.5%","71","1.8%","50","2.0%","1","1.4%","74","1.4%","12","1.4%","18","3.4%","7","3.8%","14","1.8%","6","1.1%","244","0.5%","48","2.0%","106","2.3%","71","0.4%","5,677","1.1%","45","1.9%","34","1.9%","40","2.2%","13","1.1%","77","1.4%","33","0.9%","143","2.3%","72","2.8%","129","2.2%","39","1.7%","35","1.2%","48","1.2%","150","1.0%","6","0.7%","4","0.8%","304","0.9%","32","1.2%","169","1.1%","756","1.0%","19","0.6%","286","0.4%","1,004","0.9%","437","1.0%","319","1.1%","91","1.2%","17","0.7%","98","1.6%","7","0.5%","0","-","0","0.0%","38","2.7%","418","2.6%","2,037","2.8%","7","5.2%","20","1.8%","151","1.4%","1,365","1.2%","74","1.7%"
"Male population 85 years and over","32","1.3%","24","1.8%","259","1.7%","13","0.8%","119","1.0%","3","1.6%","0","0.0%","49","0.8%","44","1.3%","468","1.0%","60","0.7%","34","0.9%","8","1.0%","21","1.2%","125","1.6%","1","1.3%","1","0.2%","877","0.7%","885","1.4%","30","1.4%","0","0.0%","68","0.9%","0","0.0%","32","0.9%","17","1.5%","4","0.9%","1","2.8%","23","3.6%","23","1.9%","10","1.4%","59","1.2%","0","0.0%","0","-","7","0.9%","209","0.8%","51","2.3%","12","3.4%","56","1.0%","2","2.8%","46","1.5%","10","1.3%","65","1.6%","48","1.9%","0","0.0%","51","0.9%","12","1.4%","12","2.3%","9","4.9%","13","1.7%","9","1.7%","171","0.3%","41","1.7%","106","2.3%","76","0.5%","4,966","1.0%","30","1.3%","29","1.6%","35","1.9%","11","0.9%","79","1.5%","42","1.1%","74","1.2%","43","1.7%","98","1.7%","25","1.1%","36","1.2%","37","0.9%","73","0.5%","9","1.0%","9","1.8%","201","0.6%","25","0.9%","166","1.1%","611","0.8%","13","0.4%","218","0.3%","1,015","0.9%","344","0.8%","224","0.8%","51","0.7%","14","0.6%","53","0.9%","5","0.3%","0","-","1","4.2%","22","1.5%","294","1.8%","1,655","2.3%","2","1.5%","27","2.4%","92","0.9%","1,232","1.1%","41","1.0%"
"Selected Age Categories","","","","","","","","","","","","","","","","","","","","","","","","","","","","","","","","","","","","","","","","","","","","","","","","","","","","","","","","","","","","","","","","","","","","","","","","","","","","","","","","","","","","","","","","","","","","","","","","","","","","","","","","","","","","","","","","","","","","","","","","","","","","","","","","","","","","","","","","","","","","","","","","","","","","","","","","","","","","","","","","","","","","","","","","","","","","","","","","","","","","","","","","","",""
"16 years and over","1,816","75.3%","965","71.7%","11,144","72.7%","1,140","72.0%","8,392","69.4%","136","73.5%","46","88.5%","4,048","68.4%","2,450","70.5%","33,947","75.5%","5,676","68.3%","2,508","68.7%","619","76.6%","1,331","78.8%","5,806","75.1%","63","79.7%","352","81.7%","82,805","70.0%","46,040","71.9%","1,586","76.6%","11","68.8%","5,445","69.4%","1","100.0%","2,469","72.4%","809","73.6%","344","75.4%","36","100.0%","532","83.5%","932","76.9%","570","77.7%","3,838","80.9%","56","82.4%","0","-","565","74.0%","18,793","73.9%","1,703","76.7%","277","79.6%","3,822","67.7%","57","79.2%","2,402","79.1%","602","78.2%","2,844","71.5%","1,855","73.3%","54","74.0%","3,693","67.9%","618","72.7%","416","78.2%","154","84.2%","581","74.9%","368","69.0%","33,488","68.0%","1,953","82.5%","3,678","79.8%","11,985","71.5%","403,995","77.3%","1,701","71.5%","1,329","73.6%","1,434","77.5%","927","75.1%","4,002","75.1%","3,095","84.7%","4,569","72.7%","1,968","75.6%","4,269","71.9%","1,741","74.8%","2,332","78.0%","2,984","74.6%","11,627","79.7%","702","77.6%","369","71.9%","24,728","70.1%","1,969","72.2%","10,371","69.3%","51,963","69.6%","1,910","65.0%","41,764","61.3%","86,973","77.0%","30,243","68.9%","19,047","67.3%","5,367","72.1%","1,683","67.6%","4,449","72.2%","1,303","84.2%","0","-","20","83.3%","976","68.6%","12,093","75.8%","54,396","75.8%","115","85.8%","883","79.9%","7,951","73.5%","87,427","74.8%","3,381","79.8%"
"18 years and over","1,736","71.9%","913","67.9%","10,539","68.8%","1,073","67.7%","7,969","65.9%","133","71.9%","45","86.5%","3,823","64.6%","2,314","66.6%","32,623","72.6%","5,353","64.4%","2,347","64.3%","595","73.6%","1,276","75.5%","5,584","72.2%","57","72.2%","329","76.3%","78,288","66.2%","43,775","68.4%","1,523","73.6%","11","68.8%","5,179","66.0%","1","100.0%","2,342","68.7%","776","70.6%","332","72.8%","33","91.7%","515","80.8%","897","74.0%","540","73.6%","3,712","78.3%","52","76.5%","0","-","534","70.0%","17,968","70.7%","1,620","73.0%","269","77.3%","3,596","63.7%","55","76.4%","2,324","76.5%","583","75.7%","2,675","67.3%","1,776","70.1%","51","69.9%","3,449","63.4%","580","68.2%","404","75.9%","149","81.4%","543","70.0%","360","67.5%","31,524","64.0%","1,896","80.1%","3,547","76.9%","11,399","68.0%","388,451","74.3%","1,602","67.4%","1,274","70.5%","1,360","73.5%","878","71.2%","3,815","71.6%","3,015","82.5%","4,278","68.1%","1,883","72.3%","3,980","67.0%","1,664","71.4%","2,208","73.8%","2,841","71.0%","11,125","76.3%","678","74.9%","355","69.2%","23,372","66.3%","1,863","68.3%","9,846","65.8%","48,626","65.1%","1,806","61.4%","39,162","57.5%","84,009","74.4%","28,400","64.7%","17,817","63.0%","5,024","67.5%","1,590","63.9%","4,211","68.3%","1,271","82.2%","0","-","20","83.3%","915","64.3%","11,526","72.3%","52,096","72.6%","112","83.6%","859","77.7%","7,561","69.9%","83,731","71.7%","3,234","76.3%"
"21 years and over","1,643","68.1%","849","63.1%","9,861","64.4%","1,002","63.3%","7,439","61.5%","126","68.1%","40","76.9%","3,561","60.2%","2,182","62.8%","29,149","64.8%","4,997","60.2%","2,137","58.6%","581","71.9%","1,218","72.1%","5,237","67.7%","57","72.2%","315","73.1%","72,490","61.3%","41,073","64.2%","1,440","69.6%","11","68.8%","4,827","61.5%","1","100.0%","2,195","64.4%","734","66.8%","314","68.9%","31","86.1%","488","76.6%","840","69.3%","505","68.8%","3,566","75.2%","47","69.1%","0","-","500","65.5%","16,172","63.6%","1,540","69.4%","248","71.3%","3,340","59.1%","51","70.8%","2,252","74.1%","559","72.6%","2,555","64.3%","1,664","65.7%","45","61.6%","3,176","58.4%","548","64.5%","376","70.7%","144","78.7%","517","66.6%","340","63.8%","29,137","59.1%","1,831","77.3%","3,382","73.4%","10,583","63.1%","364,693","69.8%","1,477","62.1%","1,185","65.6%","1,294","69.9%","812","65.8%","3,295","61.9%","2,913","79.7%","3,953","62.9%","1,762","67.7%","3,723","62.7%","1,561","67.0%","2,070","69.2%","2,680","67.0%","10,625","72.8%","657","72.6%","327","63.7%","21,718","61.6%","1,749","64.1%","9,178","61.4%","44,568","59.7%","1,687","57.4%","36,423","53.5%","76,604","67.8%","26,078","59.4%","16,430","58.1%","4,670","62.7%","1,485","59.7%","3,956","64.2%","1,223","79.1%","0","-","20","83.3%","841","59.1%","10,905","68.4%","48,686","67.9%","108","80.6%","821","74.3%","7,094","65.6%","78,277","67.0%","3,056","72.1%"
"62 years and over","403","16.7%","241","17.9%","2,548","16.6%","277","17.5%","1,773","14.7%","55","29.7%","14","26.9%","798","13.5%","578","16.6%","4,804","10.7%","1,065","12.8%","502","13.8%","222","27.5%","412","24.4%","1,622","21.0%","20","25.3%","145","33.6%","13,338","11.3%","9,279","14.5%","497","24.0%","9","56.3%","1,162","14.8%","0","0.0%","718","21.1%","299","27.2%","85","18.6%","11","30.6%","205","32.2%","329","27.1%","162","22.1%","1,061","22.4%","30","44.1%","0","-","166","21.8%","3,803","15.0%","611","27.5%","66","19.0%","841","14.9%","16","22.2%","893","29.4%","238","30.9%","814","20.5%","570","22.5%","10","13.7%","792","14.6%","173","20.4%","133","25.0%","77","42.1%","201","25.9%","124","23.3%","3,437","7.0%","578","24.4%","1,175","25.5%","1,529","9.1%","70,835","13.6%","403","16.9%","314","17.4%","395","21.3%","155","12.6%","847","15.9%","478","13.1%","1,357","21.6%","602","23.1%","1,083","18.2%","451","19.4%","597","20.0%","665","16.6%","2,746","18.8%","166","18.3%","102","19.9%","3,908","11.1%","450","16.5%","2,048","13.7%","8,037","10.8%","299","10.2%","3,619","5.3%","10,391","9.2%","5,059","11.5%","3,064","10.8%","1,175","15.8%","286","11.5%","1,140","18.5%","375","24.2%","0","-","10","41.7%","289","20.3%","3,996","25.1%","17,530","24.4%","50","37.3%","330","29.9%","1,529","14.1%","16,228","13.9%","1,051","24.8%"
"65 years and over","335","13.9%","194","14.4%","2,073","13.5%","226","14.3%","1,407","11.6%","39","21.1%","12","23.1%","667","11.3%","457","13.2%","3,966","8.8%","871","10.5%","411","11.3%","186","23.0%","321","19.0%","1,336","17.3%","15","19.0%","127","29.5%","10,400","8.8%","7,514","11.7%","396","19.1%","8","50.0%","888","11.3%","0","0.0%","562","16.5%","235","21.4%","68","14.9%","10","27.8%","173","27.2%","286","23.6%","128","17.4%","838","17.7%","16","23.5%","0","-","143","18.7%","3,125","12.3%","507","22.8%","59","17.0%","687","12.2%","13","18.1%","752","24.8%","208","27.0%","643","16.2%","461","18.2%","10","13.7%","621","11.4%","147","17.3%","118","22.2%","68","37.2%","165","21.3%","89","16.7%","2,653","5.4%","463","19.6%","978","21.2%","1,157","6.9%","56,190","10.8%","334","14.0%","249","13.8%","322","17.4%","127","10.3%","711","13.3%","387","10.6%","1,158","18.4%","512","19.7%","917","15.4%","357","15.3%","472","15.8%","508","12.7%","2,057","14.1%","114","12.6%","78","15.2%","3,023","8.6%","352","12.9%","1,616","10.8%","6,421","8.6%","226","7.7%","2,835","4.2%","8,486","7.5%","4,124","9.4%","2,454","8.7%","902","12.1%","224","9.0%","908","14.7%","271","17.5%","0","-","8","33.3%","252","17.7%","3,415","21.4%","15,348","21.4%","40","29.9%","268","24.3%","1,198","11.1%","12,965","11.1%","786","18.5%"
"Female population","2,013","100.0%","1,301","100.0%","15,211","100.0%","1,534","100.0%","11,536","100.0%","195","100.0%","63","100.0%","5,800","100.0%","3,409","100.0%","45,689","100.0%","8,321","100.0%","3,510","100.0%","769","100.0%","1,685","100.0%","7,730","100.0%","71","100.0%","354","100.0%","115,714","100.0%","64,714","100.0%","1,897","100.0%","10","100.0%","7,756","100.0%","0","-","3,337","100.0%","1,048","100.0%","475","100.0%","14","100.0%","648","100.0%","1,130","100.0%","672","100.0%","4,793","100.0%","66","100.0%","0","-","689","100.0%","25,982","100.0%","2,214","100.0%","349","100.0%","5,305","100.0%","64","100.0%","3,082","100.0%","777","100.0%","3,844","100.0%","2,485","100.0%","65","100.0%","5,187","100.0%","819","100.0%","513","100.0%","210","100.0%","707","100.0%","494","100.0%","49,666","100.0%","2,162","100.0%","4,509","100.0%","16,619","100.0%","516,674","100.0%","2,501","100.0%","1,789","100.0%","1,711","100.0%","1,248","100.0%","5,238","100.0%","1,925","100.0%","6,008","100.0%","2,538","100.0%","5,840","100.0%","2,274","100.0%","2,809","100.0%","3,845","100.0%","14,125","100.0%","812","100.0%","472","100.0%","34,727","100.0%","2,823","100.0%","15,111","100.0%","74,318","100.0%","2,945","100.0%","67,079","100.0%","112,955","100.0%","43,143","100.0%","28,075","100.0%","7,167","100.0%","2,352","100.0%","6,115","100.0%","1,468","100.0%","0","-","21","100.0%","1,314","100.0%","15,827","100.0%","74,023","100.0%","124","100.0%","1,123","100.0%","10,268","100.0%","116,064","100.0%","4,027","100.0%"
"Female population Under 5 years","142","7.1%","97","7.5%","1,076","7.1%","117","7.6%","952","8.3%","23","11.8%","3","4.8%","507","8.7%","265","7.8%","3,397","7.4%","710","8.5%","231","6.6%","42","5.5%","88","5.2%","412","5.3%","5","7.0%","11","3.1%","8,859","7.7%","4,681","7.2%","127","6.7%","1","10.0%","632","8.1%","0","-","205","6.1%","63","6.0%","28","5.9%","0","0.0%","35","5.4%","51","4.5%","35","5.2%","235","4.9%","5","7.6%","0","-","31","4.5%","1,801","6.9%","127","5.7%","17","4.9%","451","8.5%","15","23.4%","161","5.2%","38","4.9%","301","7.8%","178","7.2%","3","4.6%","380","7.3%","55","6.7%","29","5.7%","8","3.8%","50","7.1%","39","7.9%","4,341","8.7%","93","4.3%","205","4.5%","1,301","7.8%","32,463","6.3%","206","8.2%","96","5.4%","103","6.0%","68","5.4%","368","7.0%","132","6.9%","423","7.0%","128","5.0%","425","7.3%","153","6.7%","172","6.1%","260","6.8%","617","4.4%","50","6.2%","25","5.3%","2,665","7.7%","208","7.4%","1,203","8.0%","5,634","7.6%","315","10.7%","7,917","11.8%","8,667","7.7%","3,469","8.0%","2,531","9.0%","462","6.4%","195","8.3%","421","6.9%","67","4.6%","0","-","0","0.0%","102","7.8%","970","6.1%","4,454","6.0%","7","5.6%","66","5.9%","646","6.3%","8,134","7.0%","223","5.5%"
"Female population 5 to 9 years","158","7.8%","110","8.5%","1,241","8.2%","140","9.1%","1,052","9.1%","10","5.1%","13","20.6%","552","9.5%","326","9.6%","3,312","7.2%","854","10.3%","301","8.6%","49","6.4%","111","6.6%","520","6.7%","7","9.9%","22","6.2%","10,572","9.1%","5,524","8.5%","142","7.5%","0","0.0%","716","9.2%","0","-","263","7.9%","77","7.3%","43","9.1%","0","0.0%","28","4.3%","63","5.6%","37","5.5%","282","5.9%","1","1.5%","0","-","49","7.1%","1,938","7.5%","163","7.4%","15","4.3%","509","9.6%","3","4.7%","162","5.3%","44","5.7%","334","8.7%","177","7.1%","6","9.2%","508","9.8%","69","8.4%","38","7.4%","4","1.9%","56","7.9%","61","12.3%","5,000","10.1%","138","6.4%","262","5.8%","1,509","9.1%","35,376","6.8%","209","8.4%","143","8.0%","152","8.9%","85","6.8%","367","7.0%","171","8.9%","479","8.0%","207","8.2%","485","8.3%","162","7.1%","188","6.7%","256","6.7%","829","5.9%","57","7.0%","26","5.5%","3,207","9.2%","244","8.6%","1,372","9.1%","6,635","8.9%","374","12.7%","8,206","12.2%","7,089","6.3%","4,140","9.6%","2,770","9.9%","592","8.3%","251","10.7%","518","8.5%","57","3.9%","0","-","0","0.0%","118","9.0%","1,078","6.8%","5,084","6.9%","8","6.5%","50","4.5%","902","8.8%","8,775","7.6%","246","6.1%"
"Female population 10 to 14 years","213","10.6%","132","10.1%","1,375","9.0%","154","10.0%","1,122","9.7%","13","6.7%","5","7.9%","530","9.1%","364","10.7%","3,284","7.2%","870","10.5%","391","11.1%","65","8.5%","115","6.8%","587","7.6%","7","9.9%","27","7.6%","11,055","9.6%","5,680","8.8%","180","9.5%","1","10.0%","771","9.9%","0","-","275","8.2%","78","7.4%","35","7.4%","0","0.0%","35","5.4%","94","8.3%","58","8.6%","309","6.4%","1","1.5%","0","-","82","11.9%","2,125","8.2%","160","7.2%","29","8.3%","524","9.9%","4","6.3%","215","7.0%","66","8.5%","360","9.4%","239","9.6%","3","4.6%","575","11.1%","83","10.1%","50","9.7%","16","7.6%","57","8.1%","32","6.5%","5,055","10.2%","151","7.0%","302","6.7%","1,569","9.4%","37,455","7.2%","188","7.5%","118","6.6%","129","7.5%","99","7.9%","436","8.3%","151","7.8%","559","9.3%","220","8.7%","544","9.3%","198","8.7%","238","8.5%","328","8.5%","1,059","7.5%","57","7.0%","43","9.1%","3,497","10.1%","314","11.1%","1,484","9.8%","7,723","10.4%","291","9.9%","7,589","11.3%","6,975","6.2%","4,434","10.3%","2,895","10.3%","696","9.7%","265","11.3%","549","9.0%","54","3.7%","0","-","1","4.8%","138","10.5%","1,227","7.8%","5,590","7.6%","1","0.8%","77","6.9%","1,016","9.9%","9,024","7.8%","279","6.9%"
"Female population 15 to 19 years","180","8.9%","114","8.8%","1,233","8.1%","150","9.8%","905","7.8%","22","11.3%","3","4.8%","529","9.1%","261","7.7%","5,113","11.2%","727","8.7%","431","12.3%","42","5.5%","135","8.0%","611","7.9%","4","5.6%","19","5.4%","10,056","8.7%","4,980","7.7%","141","7.4%","0","0.0%","643","8.3%","0","-","281","8.4%","104","9.9%","39","8.2%","1","7.1%","37","5.7%","83","7.3%","60","8.9%","248","5.2%","7","10.6%","0","-","99","14.4%","2,765","10.6%","169","7.6%","17","4.9%","456","8.6%","1","1.6%","168","5.5%","74","9.5%","317","8.2%","199","8.0%","7","10.8%","468","9.0%","77","9.4%","40","7.8%","15","7.1%","47","6.6%","48","9.7%","4,387","8.8%","125","5.8%","322","7.1%","1,368","8.2%","37,022","7.2%","224","9.0%","169","9.4%","143","8.4%","125","10.0%","760","14.5%","148","7.7%","522","8.7%","202","8.0%","500","8.6%","164","7.2%","199","7.1%","284","7.4%","1,041","7.4%","56","6.9%","38","8.1%","2,960","8.5%","240","8.5%","1,229","8.1%","7,334","9.9%","244","8.3%","5,714","8.5%","11,990","10.6%","4,113","9.5%","2,495","8.9%","657","9.2%","174","7.4%","470","7.7%","83","5.7%","0","-","1","4.8%","103","7.8%","1,212","7.7%","5,853","7.9%","14","11.3%","69","6.1%","850","8.3%","9,036","7.8%","294","7.3%"
"Female population 20 to 24 years","90","4.5%","69","5.3%","845","5.6%","62","4.0%","710","6.2%","2","1.0%","4","6.3%","370","6.4%","188","5.5%","7,675","16.8%","486","5.8%","177","5.0%","30","3.9%","75","4.5%","462","6.0%","1","1.4%","12","3.4%","7,611","6.6%","3,875","6.0%","59","3.1%","4","40.0%","385","5.0%","0","-","146","4.4%","30","2.9%","26","5.5%","0","0.0%","20","3.1%","41","3.6%","44","6.5%","235","4.9%","6","9.1%","0","-","40","5.8%","3,194","12.3%","93","4.2%","16","4.6%","318","6.0%","2","3.1%","115","3.7%","40","5.1%","156","4.1%","115","4.6%","0","0.0%","250","4.8%","46","5.6%","30","5.8%","6","2.9%","26","3.7%","14","2.8%","3,252","6.5%","100","4.6%","208","4.6%","1,207","7.3%","40,545","7.8%","181","7.2%","119","6.7%","78","4.6%","81","6.5%","486","9.3%","125","6.5%","313","5.2%","111","4.4%","306","5.2%","116","5.1%","165","5.9%","189","4.9%","634","4.5%","69","8.5%","25","5.3%","2,032","5.9%","137","4.9%","848","5.6%","5,532","7.4%","154","5.2%","3,888","5.8%","23,226","20.6%","2,883","6.7%","1,970","7.0%","401","5.6%","138","5.9%","309","5.1%","63","4.3%","0","-","2","9.5%","65","4.9%","866","5.5%","5,107","6.9%","6","4.8%","63","5.6%","501","4.9%","8,908","7.7%","194","4.8%"
"Female population 25 to 29 years","88","4.4%","81","6.2%","860","5.7%","80","5.2%","732","6.3%","14","7.2%","2","3.2%","384","6.6%","208","6.1%","3,723","8.1%","480","5.8%","136","3.9%","30","3.9%","94","5.6%","427","5.5%","0","0.0%","12","3.4%","7,352","6.4%","4,119","6.4%","85","4.5%","0","0.0%","480","6.2%","0","-","174","5.2%","32","3.1%","27","5.7%","0","0.0%","40","6.2%","38","3.4%","38","5.7%","335","7.0%","7","10.6%","0","-","35","5.1%","1,712","6.6%","92","4.2%","24","6.9%","313","5.9%","5","7.8%","156","5.1%","32","4.1%","210","5.5%","104","4.2%","0","0.0%","184","3.5%","22","2.7%","26","5.1%","14","6.7%","28","4.0%","25","5.1%","3,672","7.4%","83","3.8%","157","3.5%","1,229","7.4%","43,081","8.3%","142","5.7%","129","7.2%","83","4.9%","85","6.8%","245","4.7%","116","6.0%","278","4.6%","91","3.6%","286","4.9%","125","5.5%","147","5.2%","180","4.7%","628","4.4%","50","6.2%","25","5.3%","2,199","6.3%","168","6.0%","981","6.5%","4,812","6.5%","193","6.6%","5,576","8.3%","11,372","10.1%","2,776","6.4%","1,863","6.6%","329","4.6%","137","5.8%","297","4.9%","101","6.9%","0","-","0","0.0%","59","4.5%","735","4.6%","3,993","5.4%","8","6.5%","36","3.2%","494","4.8%","8,793","7.6%","127","3.2%"
"Female population 30 to 34 years","108","5.4%","75","5.8%","888","5.8%","86","5.6%","723","6.3%","2","1.0%","3","4.8%","368","6.3%","208","6.1%","2,713","5.9%","558","6.7%","168","4.8%","48","6.2%","89","5.3%","443","5.7%","6","8.5%","17","4.8%","7,951","6.9%","4,308","6.7%","90","4.7%","0","0.0%","548","7.1%","0","-","186","5.6%","57","5.4%","23","4.8%","2","14.3%","33","5.1%","58","5.1%","25","3.7%","329","6.9%","7","10.6%","0","-","29","4.2%","1,499","5.8%","106","4.8%","18","5.2%","300","5.7%","2","3.1%","155","5.0%","24","3.1%","223","5.8%","128","5.2%","5","7.7%","264","5.1%","33","4.0%","19","3.7%","5","2.4%","37","5.2%","40","8.1%","3,964","8.0%","118","5.5%","225","5.0%","1,266","7.6%","39,976","7.7%","177","7.1%","103","5.8%","83","4.9%","67","5.4%","266","5.1%","92","4.8%","309","5.1%","128","5.0%","351","6.0%","120","5.3%","143","5.1%","244","6.3%","803","5.7%","50","6.2%","23","4.9%","2,455","7.1%","182","6.4%","1,045","6.9%","4,344","5.8%","223","7.6%","5,867","8.7%","6,810","6.0%","2,731","6.3%","1,834","6.5%","408","5.7%","155","6.6%","352","5.8%","90","6.1%","0","-","0","0.0%","84","6.4%","867","5.5%","3,768","5.1%","6","4.8%","44","3.9%","601","5.9%","8,317","7.2%","181","4.5%"
"Female population 35 to 39 years","131","6.5%","91","7.0%","1,088","7.2%","96","6.3%","771","6.7%","11","5.6%","2","3.2%","403","6.9%","234","6.9%","2,631","5.8%","596","7.2%","246","7.0%","47","6.1%","106","6.3%","529","6.8%","4","5.6%","22","6.2%","8,695","7.5%","4,809","7.4%","105","5.5%","0","0.0%","574","7.4%","0","-","227","6.8%","53","5.1%","32","6.7%","0","0.0%","32","4.9%","55","4.9%","52","7.7%","340","7.1%","6","9.1%","0","-","33","4.8%","1,517","5.8%","116","5.2%","21","6.0%","363","6.8%","4","6.3%","182","5.9%","32","4.1%","247","6.4%","153","6.2%","17","26.2%","387","7.5%","52","6.3%","23","4.5%","11","5.2%","41","5.8%","28","5.7%","4,117","8.3%","145","6.7%","279","6.2%","1,328","8.0%","38,322","7.4%","171","6.8%","92","5.1%","94","5.5%","63","5.0%","288","5.5%","130","6.8%","357","5.9%","172","6.8%","380","6.5%","149","6.6%","193","6.9%","267","6.9%","911","6.4%","39","4.8%","31","6.6%","2,560","7.4%","195","6.9%","1,170","7.7%","4,802","6.5%","224","7.6%","5,715","8.5%","5,687","5.0%","2,901","6.7%","1,930","6.9%","491","6.9%","216","9.2%","422","6.9%","105","7.2%","0","-","2","9.5%","75","5.7%","941","5.9%","4,283","5.8%","1","0.8%","66","5.9%","823","8.0%","8,008","6.9%","226","5.6%"
"Female population 40 to 44 years","118","5.9%","93","7.1%","1,019","6.7%","107","7.0%","745","6.5%","14","7.2%","3","4.8%","392","6.8%","207","6.1%","2,367","5.2%","569","6.8%","244","7.0%","36","4.7%","117","6.9%","501","6.5%","4","5.6%","25","7.1%","8,494","7.3%","4,675","7.2%","115","6.1%","0","0.0%","478","6.2%","0","-","205","6.1%","67","6.4%","28","5.9%","0","0.0%","30","4.6%","63","5.6%","41","6.1%","317","6.6%","1","1.5%","0","-","36","5.2%","1,495","5.8%","131","5.9%","30","8.6%","371","7.0%","1","1.6%","169","5.5%","41","5.3%","228","5.9%","147","5.9%","0","0.0%","391","7.5%","58","7.1%","28","5.5%","12","5.7%","44","6.2%","25","5.1%","4,122","8.3%","145","6.7%","323","7.2%","1,274","7.7%","35,579","6.9%","138","5.5%","90","5.0%","108","6.3%","67","5.4%","267","5.1%","107","5.6%","353","5.9%","153","6.0%","389","6.7%","177","7.8%","165","5.9%","273","7.1%","1,027","7.3%","58","7.1%","28","5.9%","2,575","7.4%","175","6.2%","984","6.5%","5,295","7.1%","189","6.4%","4,935","7.4%","5,264","4.7%","2,987","6.9%","1,904","6.8%","555","7.7%","164","7.0%","464","7.6%","82","5.6%","0","-","1","4.8%","69","5.3%","878","5.5%","4,068","5.5%","6","4.8%","60","5.3%","790","7.7%","7,554","6.5%","286","7.1%"
"Female population 45 to 49 years","101","5.0%","66","5.1%","806","5.3%","99","6.5%","563","4.9%","12","6.2%","8","12.7%","334","5.8%","177","5.2%","1,916","4.2%","444","5.3%","254","7.2%","42","5.5%","89","5.3%","414","5.4%","4","5.6%","17","4.8%","6,819","5.9%","3,592","5.6%","108","5.7%","0","0.0%","376","4.8%","0","-","179","5.4%","54","5.2%","31","6.5%","1","7.1%","37","5.7%","67","5.9%","45","6.7%","281","5.9%","2","3.0%","0","-","31","4.5%","1,198","4.6%","99","4.5%","20","5.7%","287","5.4%","1","1.6%","155","5.0%","53","6.8%","184","4.8%","131","5.3%","0","0.0%","323","6.2%","50","6.1%","22","4.3%","4","1.9%","40","5.7%","21","4.3%","3,122","6.3%","145","6.7%","287","6.4%","980","5.9%","29,796","5.8%","124","5.0%","100","5.6%","113","6.6%","76","6.1%","234","4.5%","99","5.1%","283","4.7%","124","4.9%","249","4.3%","128","5.6%","167","5.9%","259","6.7%","1,155","8.2%","47","5.8%","27","5.7%","2,159","6.2%","136","4.8%","811","5.4%","4,426","6.0%","140","4.8%","3,167","4.7%","4,196","3.7%","2,477","5.7%","1,546","5.5%","480","6.7%","115","4.9%","347","5.7%","70","4.8%","0","-","3","14.3%","65","4.9%","742","4.7%","3,594","4.9%","10","8.1%","68","6.1%","632","6.2%","6,417","5.5%","243","6.0%"
"Female population 50 to 54 years","101","5.0%","47","3.6%","722","4.7%","54","3.5%","565","4.9%","8","4.1%","3","4.8%","239","4.1%","143","4.2%","1,582","3.5%","353","4.2%","162","4.6%","38","4.9%","84","5.0%","358","4.6%","3","4.2%","19","5.4%","5,592","4.8%","3,010","4.7%","110","5.8%","0","0.0%","360","4.6%","0","-","139","4.2%","53","5.1%","34","7.2%","2","14.3%","24","3.7%","64","5.7%","30","4.5%","281","5.9%","0","0.0%","0","-","20","2.9%","1,045","4.0%","116","5.2%","23","6.6%","226","4.3%","1","1.6%","169","5.5%","41","5.3%","173","4.5%","125","5.0%","1","1.5%","283","5.5%","49","6.0%","20","3.9%","12","5.7%","30","4.2%","25","5.1%","2,177","4.4%","164","7.6%","294","6.5%","816","4.9%","26,822","5.2%","103","4.1%","110","6.1%","68","4.0%","74","5.9%","202","3.9%","95","4.9%","299","5.0%","107","4.2%","252","4.3%","103","4.5%","174","6.2%","241","6.3%","1,220","8.6%","51","6.3%","26","5.5%","1,730","5.0%","122","4.3%","636","4.2%","3,896","5.2%","103","3.5%","1,994","3.0%","3,835","3.4%","2,023","4.7%","1,276","4.5%","418","5.8%","104","4.4%","349","5.7%","132","9.0%","0","-","0","0.0%","59","4.5%","790","5.0%","3,172","4.3%","8","6.5%","48","4.3%","533","5.2%","5,789","5.0%","274","6.8%"
"Female population 55 to 59 years","100","5.0%","71","5.5%","839","5.5%","87","5.7%","627","5.4%","13","6.7%","1","1.6%","273","4.7%","169","5.0%","1,704","3.7%","354","4.3%","192","5.5%","49","6.4%","137","8.1%","465","6.0%","4","5.6%","23","6.5%","5,538","4.8%","3,265","5.0%","120","6.3%","0","0.0%","385","5.0%","0","-","215","6.4%","67","6.4%","27","5.7%","1","7.1%","63","9.7%","71","6.3%","45","6.7%","288","6.0%","4","6.1%","0","-","40","5.8%","1,125","4.3%","150","6.8%","28","8.0%","224","4.2%","6","9.4%","202","6.6%","56","7.2%","252","6.6%","121","4.9%","3","4.6%","260","5.0%","52","6.3%","24","4.7%","11","5.2%","45","6.4%","30","6.1%","1,826","3.7%","170","7.9%","353","7.8%","758","4.6%","26,904","5.2%","130","5.2%","125","7.0%","100","5.8%","79","6.3%","216","4.1%","104","5.4%","336","5.6%","189","7.4%","295","5.1%","155","6.8%","208","7.4%","289","7.5%","1,203","8.5%","52","6.4%","27","5.7%","1,709","4.9%","179","6.3%","740","4.9%","3,363","4.5%","110","3.7%","1,666","2.5%","3,821","3.4%","1,886","4.4%","1,073","3.8%","390","5.4%","95","4.0%","322","5.3%","159","10.8%","0","-","3","14.3%","73","5.6%","890","5.6%","3,578","4.8%","16","12.9%","95","8.5%","591","5.8%","6,137","5.3%","343","8.5%"
"Female population 60 to 64 years","135","6.7%","84","6.5%","888","5.8%","85","5.5%","614","5.3%","8","4.1%","3","4.8%","247","4.3%","196","5.7%","1,632","3.6%","383","4.6%","152","4.3%","58","7.5%","115","6.8%","554","7.2%","2","2.8%","29","8.2%","5,118","4.4%","3,238","5.0%","143","7.5%","2","20.0%","404","5.2%","0","-","241","7.2%","87","8.3%","25","5.3%","2","14.3%","59","9.1%","81","7.2%","41","6.1%","386","8.1%","1","1.5%","0","-","49","7.1%","1,176","4.5%","158","7.1%","25","7.2%","251","4.7%","3","4.7%","255","8.3%","49","6.3%","233","6.1%","147","5.9%","5","7.7%","258","5.0%","42","5.1%","35","6.8%","20","9.5%","59","8.3%","40","8.1%","1,461","2.9%","157","7.3%","357","7.9%","731","4.4%","26,112","5.1%","122","4.9%","110","6.1%","117","6.8%","84","6.7%","246","4.7%","116","6.0%","361","6.0%","168","6.6%","323","5.5%","155","6.8%","234","8.3%","247","6.4%","1,122","7.9%","83","10.2%","41","8.7%","1,504","4.3%","152","5.4%","777","5.1%","2,846","3.8%","129","4.4%","1,471","2.2%","3,712","3.3%","1,761","4.1%","1,120","4.0%","389","5.4%","99","4.2%","381","6.2%","186","12.7%","0","-","4","19.0%","78","5.9%","1,098","6.9%","4,334","5.9%","5","4.0%","101","9.0%","564","5.5%","5,798","5.0%","406","10.1%"
"Female population 65 to 69 years","115","5.7%","60","4.6%","725","4.8%","75","4.9%","482","4.2%","29","14.9%","2","3.2%","232","4.0%","174","5.1%","1,468","3.2%","304","3.7%","170","4.8%","73","9.5%","113","6.7%","468","6.1%","5","7.0%","37","10.5%","4,317","3.7%","2,756","4.3%","114","6.0%","0","0.0%","325","4.2%","0","-","191","5.7%","84","8.0%","23","4.8%","0","0.0%","58","9.0%","106","9.4%","30","4.5%","303","6.3%","7","10.6%","0","-","45","6.5%","1,159","4.5%","166","7.5%","17","4.9%","240","4.5%","6","9.4%","280","9.1%","53","6.8%","219","5.7%","157","6.3%","6","9.2%","218","4.2%","42","5.1%","42","8.2%","19","9.0%","45","6.4%","21","4.3%","1,231","2.5%","157","7.3%","320","7.1%","546","3.3%","22,371","4.3%","116","4.6%","95","5.3%","121","7.1%","58","4.6%","272","5.2%","112","5.8%","362","6.0%","180","7.1%","313","5.4%","136","6.0%","157","5.6%","187","4.9%","826","5.8%","42","5.2%","39","8.3%","1,213","3.5%","136","4.8%","644","4.3%","2,431","3.3%","92","3.1%","1,197","1.8%","3,096","2.7%","1,559","3.6%","891","3.2%","294","4.1%","86","3.7%","350","5.7%","116","7.9%","0","-","0","0.0%","94","7.2%","1,166","7.4%","4,840","6.5%","5","4.0%","96","8.5%","457","4.5%","4,874","4.2%","308","7.6%"
"Female population 70 to 74 years","95","4.7%","41","3.2%","520","3.4%","43","2.8%","354","3.1%","4","2.1%","3","4.8%","178","3.1%","111","3.3%","1,120","2.5%","252","3.0%","105","3.0%","54","7.0%","82","4.9%","376","4.9%","4","5.6%","28","7.9%","3,075","2.7%","2,225","3.4%","118","6.2%","1","10.0%","249","3.2%","0","-","158","4.7%","47","4.5%","15","3.2%","2","14.3%","63","9.7%","78","6.9%","39","5.8%","264","5.5%","2","3.0%","0","-","25","3.6%","920","3.5%","144","6.5%","16","4.6%","185","3.5%","3","4.7%","242","7.9%","55","7.1%","159","4.1%","121","4.9%","0","0.0%","166","3.2%","39","4.8%","27","5.3%","18","8.6%","49","6.9%","28","5.7%","918","1.8%","110","5.1%","195","4.3%","321","1.9%","17,241","3.3%","108","4.3%","65","3.6%","96","5.6%","57","4.6%","223","4.3%","73","3.8%","306","5.1%","118","4.6%","288","4.9%","96","4.2%","98","3.5%","138","3.6%","568","4.0%","20","2.5%","22","4.7%","952","2.7%","92","3.3%","463","3.1%","1,982","2.7%","62","2.1%","973","1.5%","2,557","2.3%","1,235","2.9%","747","2.7%","245","3.4%","65","2.8%","263","4.3%","56","3.8%","0","-","1","4.8%","63","4.8%","950","6.0%","4,629","6.3%","8","6.5%","78","6.9%","357","3.5%","3,987","3.4%","172","4.3%"
"Female population 75 to 79 years","72","3.6%","30","2.3%","421","2.8%","44","2.9%","272","2.4%","4","2.1%","0","0.0%","123","2.1%","82","2.4%","831","1.8%","183","2.2%","63","1.8%","32","4.2%","56","3.3%","242","3.1%","8","11.3%","26","7.3%","1,983","1.7%","1,644","2.5%","67","3.5%","1","10.0%","182","2.3%","0","-","113","3.4%","44","4.2%","16","3.4%","2","14.3%","16","2.5%","42","3.7%","22","3.3%","141","2.9%","6","9.1%","0","-","27","3.9%","623","2.4%","104","4.7%","11","3.2%","138","2.6%","3","4.7%","145","4.7%","34","4.4%","90","2.3%","125","5.0%","1","1.5%","121","2.3%","27","3.3%","21","4.1%","10","4.8%","30","4.2%","9","1.8%","513","1.0%","79","3.7%","160","3.5%","203","1.2%","11,800","2.3%","78","3.1%","63","3.5%","46","2.7%","33","2.6%","138","2.6%","62","3.2%","235","3.9%","104","4.1%","184","3.2%","55","2.4%","72","2.6%","85","2.2%","294","2.1%","15","1.8%","13","2.8%","590","1.7%","76","2.7%","316","2.1%","1,444","1.9%","62","2.1%","555","0.8%","1,896","1.7%","798","1.8%","523","1.9%","161","2.2%","40","1.7%","161","2.6%","31","2.1%","0","-","2","9.5%","40","3.0%","696","4.4%","3,539","4.8%","6","4.8%","47","4.2%","210","2.0%","2,744","2.4%","113","2.8%"
"Female population 80 to 84 years","41","2.0%","15","1.2%","344","2.3%","27","1.8%","184","1.6%","1","0.5%","4","6.3%","68","1.2%","46","1.3%","590","1.3%","97","1.2%","58","1.7%","13","1.7%","54","3.2%","180","2.3%","2","2.8%","5","1.4%","1,339","1.2%","1,109","1.7%","43","2.3%","0","0.0%","134","1.7%","0","-","87","2.6%","23","2.2%","13","2.7%","0","0.0%","21","3.2%","36","3.2%","22","3.3%","107","2.2%","1","1.5%","0","-","14","2.0%","381","1.5%","53","2.4%","11","3.2%","83","1.6%","3","4.7%","85","2.8%","23","3.0%","70","1.8%","56","2.3%","7","10.8%","82","1.6%","16","2.0%","24","4.7%","10","4.8%","12","1.7%","2","0.4%","297","0.6%","43","2.0%","113","2.5%","115","0.7%","7,809","1.5%","39","1.6%","28","1.6%","40","2.3%","24","1.9%","129","2.5%","44","2.3%","138","2.3%","60","2.4%","137","2.3%","47","2.1%","43","1.5%","60","1.6%","133","0.9%","7","0.9%","2","0.4%","367","1.1%","33","1.2%","209","1.4%","955","1.3%","21","0.7%","359","0.5%","1,340","1.2%","533","1.2%","354","1.3%","93","1.3%","30","1.3%","77","1.3%","9","0.6%","0","-","0","0.0%","16","1.2%","420","2.7%","2,225","3.0%","4","3.2%","26","2.3%","173","1.7%","1,842","1.6%","58","1.4%"
"Female population 85 years and over","25","1.2%","25","1.9%","321","2.1%","28","1.8%","163","1.4%","5","2.6%","1","1.6%","71","1.2%","50","1.5%","631","1.4%","101","1.2%","29","0.8%","21","2.7%","25","1.5%","181","2.3%","1","1.4%","3","0.8%","1,288","1.1%","1,224","1.9%","30","1.6%","0","0.0%","114","1.5%","0","-","52","1.6%","28","2.7%","10","2.1%","1","7.1%","17","2.6%","39","3.5%","8","1.2%","112","2.3%","2","3.0%","0","-","4","0.6%","309","1.2%","67","3.0%","11","3.2%","66","1.2%","1","1.6%","66","2.1%","22","2.8%","88","2.3%","62","2.5%","1","1.5%","69","1.3%","7","0.9%","15","2.9%","15","7.1%","11","1.6%","6","1.2%","211","0.4%","39","1.8%","147","3.3%","98","0.6%","8,000","1.5%","45","1.8%","34","1.9%","37","2.2%","23","1.8%","95","1.8%","48","2.5%","95","1.6%","76","3.0%","133","2.3%","35","1.5%","46","1.6%","58","1.5%","55","0.4%","9","1.1%","11","2.3%","353","1.0%","34","1.2%","199","1.3%","864","1.2%","19","0.6%","290","0.4%","1,422","1.3%","437","1.0%","353","1.3%","106","1.5%","23","1.0%","63","1.0%","7","0.5%","0","-","1","4.8%","13","1.0%","301","1.9%","1,912","2.6%","5","4.0%","33","2.9%","128","1.2%","1,927","1.7%","54","1.3%"
"Selected Age Categories","","","","","","","","","","","","","","","","","","","","","","","","","","","","","","","","","","","","","","","","","","","","","","","","","","","","","","","","","","","","","","","","","","","","","","","","","","","","","","","","","","","","","","","","","","","","","","","","","","","","","","","","","","","","","","","","","","","","","","","","","","","","","","","","","","","","","","","","","","","","","","","","","","","","","","","","","","","","","","","","","","","","","","","","","","","","","","","","","","","","","","","","","",""
"16 years and over","1,468","72.9%","942","72.4%","11,241","73.9%","1,081","70.5%","8,206","71.1%","145","74.4%","42","66.7%","4,085","70.4%","2,403","70.5%","35,024","76.7%","5,719","68.7%","2,478","70.6%","600","78.0%","1,346","79.9%","6,102","78.9%","52","73.2%","290","81.9%","82,981","71.7%","47,712","73.7%","1,418","74.7%","8","80.0%","5,497","70.9%","0","-","2,504","75.0%","804","76.7%","360","75.8%","13","92.9%","541","83.5%","907","80.3%","528","78.6%","3,922","81.8%","56","84.8%","0","-","506","73.4%","19,673","75.7%","1,722","77.8%","285","81.7%","3,708","69.9%","42","65.6%","2,498","81.1%","617","79.4%","2,769","72.0%","1,846","74.3%","52","80.0%","3,612","69.6%","598","73.0%","386","75.2%","177","84.3%","538","76.1%","352","71.3%","34,274","69.0%","1,755","81.2%","3,672","81.4%","11,964","72.0%","403,948","78.2%","1,854","74.1%","1,395","78.0%","1,289","75.3%","969","77.6%","3,953","75.5%","1,445","75.1%","4,435","73.8%","1,934","76.2%","4,279","73.3%","1,734","76.3%","2,181","77.6%","2,932","76.3%","11,405","80.7%","638","78.6%","368","78.0%","24,680","71.1%","2,000","70.8%","10,785","71.4%","52,752","71.0%","1,912","64.9%","41,963","62.6%","88,844","78.7%","30,189","70.0%","19,284","68.7%","5,282","73.7%","1,604","68.2%","4,504","73.7%","1,277","87.0%","0","-","20","95.2%","938","71.4%","12,281","77.6%","57,813","78.1%","104","83.9%","917","81.7%","7,545","73.5%","88,359","76.1%","3,232","80.3%"
"18 years and over","1,378","68.5%","883","67.9%","10,729","70.5%","1,015","66.2%","7,820","67.8%","133","68.2%","42","66.7%","3,851","66.4%","2,295","67.3%","33,775","73.9%","5,411","65.0%","2,282","65.0%","587","76.3%","1,286","76.3%","5,857","75.8%","49","69.0%","281","79.4%","78,788","68.1%","45,533","70.4%","1,354","71.4%","8","80.0%","5,192","66.9%","0","-","2,407","72.1%","757","72.2%","342","72.0%","13","92.9%","522","80.6%","863","76.4%","498","74.1%","3,805","79.4%","53","80.3%","0","-","464","67.3%","18,792","72.3%","1,652","74.6%","276","79.1%","3,518","66.3%","42","65.6%","2,427","78.7%","581","74.8%","2,627","68.3%","1,756","70.7%","50","76.9%","3,405","65.6%","562","68.6%","371","72.3%","168","80.0%","514","72.7%","326","66.0%","32,452","65.3%","1,700","78.6%","3,521","78.1%","11,379","68.5%","389,026","75.3%","1,766","70.6%","1,319","73.7%","1,236","72.2%","907","72.7%","3,737","71.3%","1,392","72.3%","4,197","69.9%","1,844","72.7%","4,053","69.4%","1,649","72.5%","2,078","74.0%","2,811","73.1%","10,943","77.5%","612","75.4%","355","75.2%","23,367","67.3%","1,892","67.0%","10,245","67.8%","49,500","66.6%","1,796","61.0%","39,479","58.9%","86,005","76.1%","28,460","66.0%","18,206","64.8%","5,006","69.8%","1,524","64.8%","4,316","70.6%","1,229","83.7%","0","-","19","90.5%","883","67.2%","11,736","74.2%","55,581","75.1%","99","79.8%","880","78.4%","7,172","69.8%","84,800","73.1%","3,094","76.8%"
"21 years and over","1,298","64.5%","843","64.8%","10,076","66.2%","958","62.5%","7,368","63.9%","127","65.1%","39","61.9%","3,604","62.1%","2,157","63.3%","28,924","63.3%","5,071","60.9%","2,121","60.4%","567","73.7%","1,226","72.8%","5,514","71.3%","48","67.6%","275","77.7%","73,546","63.6%","43,055","66.5%","1,293","68.2%","8","80.0%","4,908","63.3%","0","-","2,290","68.6%","717","68.4%","329","69.3%","13","92.9%","508","78.4%","832","73.6%","473","70.4%","3,667","76.5%","52","78.8%","0","-","422","61.2%","16,519","63.6%","1,573","71.0%","268","76.8%","3,307","62.3%","41","64.1%","2,354","76.4%","546","70.3%","2,494","64.9%","1,673","67.3%","46","70.8%","3,184","61.4%","527","64.3%","355","69.2%","167","79.5%","493","69.7%","312","63.2%","30,174","60.8%","1,633","75.5%","3,375","74.9%","10,653","64.1%","366,352","70.9%","1,632","65.3%","1,218","68.1%","1,166","68.1%","848","67.9%","3,163","60.4%","1,288","66.9%","3,959","65.9%","1,765","69.5%","3,793","64.9%","1,576","69.3%","1,972","70.2%","2,666","69.3%","10,401","73.6%","580","71.4%","332","70.3%","21,937","63.2%","1,797","63.7%","9,626","63.7%","45,760","61.6%","1,668","56.6%","36,889","55.0%","74,205","65.7%","26,351","61.1%","17,007","60.6%","4,647","64.8%","1,432","60.9%","4,105","67.1%","1,200","81.7%","0","-","19","90.5%","835","63.5%","11,157","70.5%","51,770","69.9%","92","74.2%","850","75.7%","6,727","65.5%","79,362","68.4%","2,930","72.8%"
"62 years and over","432","21.5%","217","16.7%","2,866","18.8%","264","17.2%","1,808","15.7%","45","23.1%","11","17.5%","835","14.4%","565","16.6%","5,627","12.3%","1,175","14.1%","518","14.8%","234","30.4%","408","24.2%","1,781","23.0%","22","31.0%","116","32.8%","15,009","13.0%","10,842","16.8%","444","23.4%","2","20.0%","1,217","15.7%","0","-","745","22.3%","278","26.5%","88","18.5%","7","50.0%","214","33.0%","341","30.2%","144","21.4%","1,163","24.3%","19","28.8%","0","-","146","21.2%","4,117","15.8%","630","28.5%","75","21.5%","855","16.1%","16","25.0%","977","31.7%","215","27.7%","767","20.0%","606","24.4%","16","24.6%","796","15.3%","156","19.0%","160","31.2%","84","40.0%","180","25.5%","99","20.0%","4,003","8.1%","504","23.3%","1,155","25.6%","1,699","10.2%","82,367","15.9%","464","18.6%","341","19.1%","411","24.0%","244","19.6%","997","19.0%","412","21.4%","1,352","22.5%","628","24.7%","1,256","21.5%","454","20.0%","544","19.4%","670","17.4%","2,522","17.9%","133","16.4%","112","23.7%","4,376","12.6%","452","16.0%","2,303","15.2%","9,289","12.5%","334","11.3%","4,219","6.3%","12,516","11.1%","5,588","13.0%","3,504","12.5%","1,124","15.7%","295","12.5%","1,149","18.8%","318","21.7%","0","-","6","28.6%","267","20.3%","4,165","26.3%","19,772","26.7%","31","25.0%","337","30.0%","1,659","16.2%","18,814","16.2%","954","23.7%"
"65 years and over","348","17.3%","171","13.1%","2,331","15.3%","217","14.1%","1,455","12.6%","43","22.1%","10","15.9%","672","11.6%","463","13.6%","4,640","10.2%","937","11.3%","425","12.1%","193","25.1%","330","19.6%","1,447","18.7%","20","28.2%","99","28.0%","12,002","10.4%","8,958","13.8%","372","19.6%","2","20.0%","1,004","12.9%","0","-","601","18.0%","226","21.6%","77","16.2%","5","35.7%","175","27.0%","301","26.6%","121","18.0%","927","19.3%","18","27.3%","0","-","115","16.7%","3,392","13.1%","534","24.1%","66","18.9%","712","13.4%","16","25.0%","818","26.5%","187","24.1%","626","16.3%","521","21.0%","15","23.1%","656","12.6%","131","16.0%","129","25.1%","72","34.3%","147","20.8%","66","13.4%","3,170","6.4%","428","19.8%","935","20.7%","1,283","7.7%","67,221","13.0%","386","15.4%","285","15.9%","340","19.9%","195","15.6%","857","16.4%","339","17.6%","1,136","18.9%","538","21.2%","1,055","18.1%","369","16.2%","416","14.8%","528","13.7%","1,876","13.3%","93","11.5%","87","18.4%","3,475","10.0%","371","13.1%","1,831","12.1%","7,676","10.3%","256","8.7%","3,374","5.0%","10,311","9.1%","4,562","10.6%","2,868","10.2%","899","12.5%","244","10.4%","914","14.9%","219","14.9%","0","-","4","19.0%","226","17.2%","3,533","22.3%","17,145","23.2%","28","22.6%","280","24.9%","1,325","12.9%","15,374","13.2%","705","17.5%"
"MEDIAN AGE BY SEX","","","","","","","","","","","","","","","","","","","","","","","","","","","","","","","","","","","","","","","","","","","","","","","","","","","","","","","","","","","","","","","","","","","","","","","","","","","","","","","","","","","","","","","","","","","","","","","","","","","","","","","","","","","","","","","","","","","","","","","","","","","","","","","","","","","","","","","","","","","","","","","","","","","","","","","","","","","","","","","","","","","","","","","","","","","","","","","","","","","","","","","","","",""
"Both sexes","34.8","(X)","33.4","(X)","34.3","(X)","33.8","(X)","31.2","(X)","39.4","(X)","36.8","(X)","29.9","(X)","31.8","(X)","25.2","(X)","29.9","(X)","31.7","(X)","44.2","(X)","40.6","(X)","37.8","(X)","42.0","(X)","48.0","(X)","30.4","(X)","33.1","(X)","41.2","(X)","54.0","(X)","31.8","(X)","58.5","(X)","37.5","(X)","41.5","(X)","38.0","(X)","53.5","(X)","49.4","(X)","42.8","(X)","38.7","(X)","40.5","(X)","35.0","(X)","-","(X)","34.5","(X)","28.0","(X)","42.2","(X)","41.1","(X)","30.1","(X)","38.7","(X)","44.7","(X)","45.6","(X)","35.3","(X)","37.6","(X)","35.9","(X)","33.0","(X)","37.9","(X)","40.9","(X)","55.7","(X)","41.0","(X)","34.8","(X)","28.3","(X)","44.9","(X)","44.4","(X)","30.2","(X)","33.3","(X)","31.7","(X)","34.5","(X)","39.4","(X)","34.4","(X)","28.1","(X)","37.0","(X)","35.8","(X)","39.4","(X)","34.1","(X)","37.3","(X)","39.1","(X)","37.9","(X)","42.2","(X)","39.0","(X)","37.7","(X)","31.2","(X)","32.7","(X)","31.3","(X)","28.5","(X)","27.8","(X)","24.8","(X)","24.8","(X)","28.8","(X)","27.9","(X)","34.6","(X)","30.1","(X)","35.5","(X)","46.0","(X)","-","(X)","59.3","(X)","33.0","(X)","38.9","(X)","37.3","(X)","50.2","(X)","47.1","(X)","35.4","(X)","32.4","(X)","44.4","(X)"
"Male","33.8","(X)","33.7","(X)","33.0","(X)","34.4","(X)","30.5","(X)","38.5","(X)","44.0","(X)","29.4","(X)","31.7","(X)","25.3","(X)","29.5","(X)","30.3","(X)","43.0","(X)","40.2","(X)","36.6","(X)","42.8","(X)","48.0","(X)","29.4","(X)","32.0","(X)","41.5","(X)","69.0","(X)","31.4","(X)","58.5","(X)","36.6","(X)","40.4","(X)","37.9","(X)","52.7","(X)","48.8","(X)","39.5","(X)","39.0","(X)","39.8","(X)","48.5","(X)","-","(X)","36.5","(X)","27.5","(X)","41.4","(X)","39.7","(X)","28.8","(X)","40.5","(X)","42.8","(X)","46.7","(X)","35.3","(X)","36.5","(X)","32.5","(X)","30.9","(X)","38.3","(X)","40.8","(X)","58.4","(X)","40.5","(X)","35.9","(X)","27.7","(X)","45.5","(X)","44.3","(X)","30.0","(X)","32.6","(X)","30.3","(X)","33.4","(X)","39.3","(X)","32.1","(X)","26.8","(X)","37.4","(X)","35.2","(X)","38.2","(X)","33.0","(X)","36.5","(X)","38.7","(X)","37.4","(X)","41.7","(X)","40.0","(X)","35.7","(X)","30.6","(X)","33.1","(X)","30.5","(X)","27.6","(X)","27.9","(X)","24.3","(X)","25.0","(X)","28.0","(X)","27.0","(X)","33.6","(X)","29.6","(X)","34.3","(X)","45.1","(X)","-","(X)","61.3","(X)","31.9","(X)","37.8","(X)","35.9","(X)","53.2","(X)","45.3","(X)","35.0","(X)","31.6","(X)","44.6","(X)"
"Female","35.6","(X)","33.2","(X)","35.4","(X)","33.3","(X)","32.1","(X)","40.1","(X)","30.5","(X)","30.4","(X)","31.8","(X)","25.1","(X)","30.3","(X)","32.6","(X)","44.5","(X)","41.1","(X)","38.6","(X)","41.3","(X)","48.1","(X)","31.5","(X)","34.1","(X)","40.7","(X)","24.5","(X)","32.3","(X)","-","(X)","38.4","(X)","42.3","(X)","38.1","(X)","61.0","(X)","49.8","(X)","46.8","(X)","38.3","(X)","41.2","(X)","34.0","(X)","-","(X)","31.8","(X)","28.4","(X)","43.1","(X)","42.8","(X)","31.4","(X)","35.0","(X)","47.0","(X)","44.8","(X)","35.4","(X)","38.5","(X)","36.1","(X)","34.4","(X)","37.5","(X)","41.8","(X)","53.0","(X)","42.0","(X)","33.5","(X)","28.9","(X)","44.1","(X)","44.5","(X)","30.5","(X)","34.0","(X)","32.8","(X)","35.8","(X)","39.4","(X)","37.2","(X)","29.3","(X)","36.2","(X)","36.5","(X)","40.3","(X)","35.3","(X)","38.1","(X)","39.3","(X)","38.4","(X)","42.6","(X)","36.6","(X)","40.0","(X)","31.7","(X)","32.4","(X)","32.1","(X)","29.4","(X)","27.8","(X)","25.2","(X)","24.6","(X)","29.6","(X)","28.6","(X)","35.4","(X)","30.5","(X)","36.5","(X)","47.3","(X)","-","(X)","56.5","(X)","34.4","(X)","40.1","(X)","38.7","(X)","46.0","(X)","47.8","(X)","35.7","(X)","33.1","(X)","44.1","(X)"
"RACE","","","","","","","","","","","","","","","","","","","","","","","","","","","","","","","","","","","","","","","","","","","","","","","","","","","","","","","","","","","","","","","","","","","","","","","","","","","","","","","","","","","","","","","","","","","","","","","","","","","","","","","","","","","","","","","","","","","","","","","","","","","","","","","","","","","","","","","","","","","","","","","","","","","","","","","","","","","","","","","","","","","","","","","","","","","","","","","","","","","","","","","","","",""
"Total population","4,426","100.0%","2,646","100.0%","30,535","100.0%","3,118","100.0%","23,633","100.0%","380","100.0%","115","100.0%","11,716","100.0%","6,883","100.0%","90,654","100.0%","16,627","100.0%","7,159","100.0%","1,577","100.0%","3,375","100.0%","15,460","100.0%","150","100.0%","785","100.0%","233,947","100.0%","128,732","100.0%","3,967","100.0%","26","100.0%","15,602","100.0%","1","100.0%","6,747","100.0%","2,147","100.0%","931","100.0%","50","100.0%","1,285","100.0%","2,342","100.0%","1,406","100.0%","9,535","100.0%","134","100.0%","0","-","1,452","100.0%","51,403","100.0%","4,434","100.0%","697","100.0%","10,953","100.0%","136","100.0%","6,120","100.0%","1,547","100.0%","7,820","100.0%","5,017","100.0%","138","100.0%","10,626","100.0%","1,669","100.0%","1,045","100.0%","393","100.0%","1,483","100.0%","1,027","100.0%","98,934","100.0%","4,530","100.0%","9,119","100.0%","33,384","100.0%","1,039,271","100.0%","4,879","100.0%","3,595","100.0%","3,562","100.0%","2,482","100.0%","10,565","100.0%","5,580","100.0%","12,292","100.0%","5,142","100.0%","11,777","100.0%","4,603","100.0%","5,799","100.0%","7,846","100.0%","28,712","100.0%","1,717","100.0%","985","100.0%","69,996","100.0%","5,552","100.0%","30,068","100.0%","148,978","100.0%","5,884","100.0%","135,207","100.0%","225,926","100.0%","87,042","100.0%","56,362","100.0%","14,611","100.0%","4,840","100.0%","12,277","100.0%","3,015","100.0%","0","-","45","100.0%","2,736","100.0%","31,777","100.0%","145,766","100.0%","258","100.0%","2,228","100.0%","21,084","100.0%","232,873","100.0%","8,266","100.0%"
"One Race","4,205","95.0%","2,478","93.7%","28,541","93.5%","2,993","96.0%","22,372","94.7%","361","95.0%","99","86.1%","10,991","93.8%","6,660","96.8%","84,562","93.3%","15,829","95.2%","6,892","96.3%","1,420","90.0%","3,062","90.7%","14,278","92.4%","142","94.7%","752","95.8%","214,922","91.9%","119,773","93.0%","3,851","97.1%","24","92.3%","14,841","95.1%","0","0.0%","6,460","95.7%","2,083","97.0%","784","84.2%","49","98.0%","1,255","97.7%","2,258","96.4%","1,298","92.3%","8,719","91.4%","108","80.6%","0","-","1,344","92.6%","48,157","93.7%","4,241","95.6%","678","97.3%","10,527","96.1%","131","96.3%","5,871","95.9%","1,486","96.1%","7,444","95.2%","4,728","94.2%","128","92.8%","10,224","96.2%","1,631","97.7%","936","89.6%","382","97.2%","1,415","95.4%","999","97.3%","90,091","91.1%","4,251","93.8%","8,490","93.1%","29,835","89.4%","935,628","90.0%","4,594","94.2%","3,521","97.9%","3,334","93.6%","2,448","98.6%","10,103","95.6%","5,296","94.9%","11,643","94.7%","4,916","95.6%","11,281","95.8%","4,390","95.4%","5,497","94.8%","7,453","95.0%","26,511","92.3%","1,397","81.4%","882","89.5%","64,539","92.2%","5,237","94.3%","28,168","93.7%","138,010","92.6%","5,459","92.8%","123,694","91.5%","200,557","88.8%","80,662","92.7%","51,693","91.7%","13,551","92.7%","4,442","91.8%","11,428","93.1%","2,750","91.2%","0","-","41","91.1%","2,649","96.8%","29,792","93.8%","135,058","92.7%","245","95.0%","2,113","94.8%","19,963","94.7%","210,705","90.5%","7,902","95.6%"
"One Race White","3,763","85.0%","2,141","80.9%","26,695","87.4%","2,890","92.7%","20,851","88.2%","348","91.6%","92","80.0%","9,841","84.0%","6,272","91.1%","75,212","83.0%","14,756","88.7%","6,669","93.2%","1,321","83.8%","2,930","86.8%","13,392","86.6%","139","92.7%","745","94.9%","193,015","82.5%","109,337","84.9%","3,714","93.6%","20","76.9%","13,342","85.5%","0","0.0%","6,304","93.4%","2,032","94.6%","667","71.6%","48","96.0%","1,199","93.3%","2,148","91.7%","1,146","81.5%","7,722","81.0%","95","70.9%","0","-","1,102","75.9%","44,033","85.7%","4,102","92.5%","650","93.3%","10,247","93.6%","75","55.1%","5,646","92.3%","1,438","93.0%","6,638","84.9%","4,106","81.8%","111","80.4%","10,079","94.9%","1,612","96.6%","911","87.2%","380","96.7%","1,382","93.2%","977","95.1%","79,463","80.3%","4,000","88.3%","7,894","86.6%","21,133","63.3%","735,480","70.8%","3,074","63.0%","34","0.9%","3,045","85.5%","122","4.9%","9,066","85.8%","4,534","81.3%","10,677","86.9%","4,676","90.9%","10,741","91.2%","4,250","92.3%","5,083","87.7%","6,992","89.1%","23,852","83.1%","849","49.4%","862","87.5%","59,300","84.7%","3,230","58.2%","26,377","87.7%","128,407","86.2%","5,080","86.3%","114,724","84.9%","168,149","74.4%","74,290","85.3%","47,107","83.6%","12,508","85.6%","3,904","80.7%","10,365","84.4%","2,317","76.8%","0","-","37","82.2%","2,551","93.2%","27,985","88.1%","121,241","83.2%","231","89.5%","2,052","92.1%","19,024","90.2%","178,705","76.7%","7,667","92.8%"
"One Race Black or African American","23","0.5%","0","0.0%","105","0.3%","7","0.2%","66","0.3%","0","0.0%","0","0.0%","33","0.3%","10","0.1%","963","1.1%","74","0.4%","35","0.5%","1","0.1%","2","0.1%","58","0.4%","1","0.7%","3","0.4%","3,274","1.4%","1,102","0.9%","5","0.1%","0","0.0%","16","0.1%","0","0.0%","4","0.1%","0","0.0%","0","0.0%","0","0.0%","2","0.2%","6","0.3%","3","0.2%","70","0.7%","3","2.2%","0","-","4","0.3%","403","0.8%","1","0.0%","6","0.9%","12","0.1%","0","0.0%","25","0.4%","6","0.4%","7","0.1%","8","0.2%","0","0.0%","12","0.1%","0","0.0%","0","0.0%","0","0.0%","4","0.3%","7","0.7%","958","1.0%","23","0.5%","24","0.3%","525","1.6%","21,944","2.1%","22","0.5%","6","0.2%","3","0.1%","5","0.2%","58","0.5%","123","2.2%","43","0.3%","11","0.2%","50","0.4%","4","0.1%","11","0.2%","10","0.1%","152","0.5%","25","1.5%","0","0.0%","440","0.6%","10","0.2%","88","0.3%","767","0.5%","7","0.1%","853","0.6%","2,104","0.9%","400","0.5%","272","0.5%","53","0.4%","20","0.4%","55","0.4%","28","0.9%","0","-","1","2.2%","8","0.3%","100","0.3%","880","0.6%","0","0.0%","1","0.0%","149","0.7%","3,437","1.5%","27","0.3%"
"One Race American Indian and Alaska Native","63","1.4%","41","1.5%","324","1.1%","9","0.3%","181","0.8%","2","0.5%","0","0.0%","91","0.8%","45","0.7%","851","0.9%","83","0.5%","38","0.5%","19","1.2%","25","0.7%","226","1.5%","0","0.0%","0","0.0%","1,713","0.7%","790","0.6%","39","1.0%","4","15.4%","897","5.7%","0","0.0%","32","0.5%","29","1.4%","2","0.2%","0","0.0%","15","1.2%","46","2.0%","46","3.3%","371","3.9%","2","1.5%","0","-","31","2.1%","1,037","2.0%","23","0.5%","0","0.0%","46","0.4%","52","38.2%","108","1.8%","21","1.4%","47","0.6%","104","2.1%","1","0.7%","33","0.3%","10","0.6%","5","0.5%","1","0.3%","2","0.1%","1","0.1%","654","0.7%","10","0.2%","13","0.1%","430","1.3%","12,082","1.2%","1,347","27.6%","3,467","96.4%","156","4.4%","2,308","93.0%","122","1.2%","123","2.2%","62","0.5%","58","1.1%","267","2.3%","15","0.3%","24","0.4%","24","0.3%","85","0.3%","100","5.8%","9","0.9%","617","0.9%","1,806","32.5%","626","2.1%","645","0.4%","34","0.6%","669","0.5%","2,281","1.0%","577","0.7%","396","0.7%","102","0.7%","33","0.7%","41","0.3%","11","0.4%","0","-","1","2.2%","20","0.7%","307","1.0%","1,862","1.3%","5","1.9%","14","0.6%","104","0.5%","2,599","1.1%","32","0.4%"
"One Race Asian","25","0.6%","7","0.3%","195","0.6%","8","0.3%","251","1.1%","1","0.3%","7","6.1%","83","0.7%","10","0.1%","2,097","2.3%","129","0.8%","27","0.4%","2","0.1%","7","0.2%","56","0.4%","1","0.7%","1","0.1%","4,705","2.0%","2,438","1.9%","6","0.2%","0","0.0%","57","0.4%","0","0.0%","31","0.5%","4","0.2%","5","0.5%","1","2.0%","12","0.9%","15","0.6%","9","0.6%","74","0.8%","6","4.5%","0","-","13","0.9%","608","1.2%","20","0.5%","2","0.3%","30","0.3%","2","1.5%","54","0.9%","7","0.5%","33","0.4%","108","2.2%","1","0.7%","55","0.5%","2","0.1%","0","0.0%","0","0.0%","2","0.1%","0","0.0%","2,573","2.6%","135","3.0%","462","5.1%","461","1.4%","47,399","4.6%","40","0.8%","0","0.0%","12","0.3%","2","0.1%","56","0.5%","9","0.2%","106","0.9%","11","0.2%","28","0.2%","6","0.1%","42","0.7%","25","0.3%","661","2.3%","25","1.5%","2","0.2%","499","0.7%","20","0.4%","149","0.5%","2,761","1.9%","11","0.2%","1,673","1.2%","5,170","2.3%","381","0.4%","417","0.7%","162","1.1%","43","0.9%","118","1.0%","37","1.2%","0","-","1","2.2%","10","0.4%","216","0.7%","1,640","1.1%","0","0.0%","16","0.7%","119","0.6%","3,679","1.6%","54","0.7%"
"One Race Native Hawaiian and Other Pacific Islander","9","0.2%","13","0.5%","63","0.2%","0","0.0%","40","0.2%","0","0.0%","0","0.0%","76","0.6%","12","0.2%","578","0.6%","31","0.2%","8","0.1%","0","0.0%","3","0.1%","26","0.2%","0","0.0%","2","0.3%","1,567","0.7%","1,778","1.4%","10","0.3%","0","0.0%","29","0.2%","0","0.0%","7","0.1%","0","0.0%","0","0.0%","0","0.0%","2","0.2%","3","0.1%","2","0.1%","13","0.1%","0","0.0%","0","-","3","0.2%","237","0.5%","4","0.1%","3","0.4%","41","0.4%","0","0.0%","1","0.0%","0","0.0%","4","0.1%","9","0.2%","0","0.0%","3","0.0%","0","0.0%","0","0.0%","0","0.0%","4","0.3%","0","0.0%","1,265","1.3%","7","0.2%","7","0.1%","905","2.7%","19,558","1.9%","44","0.9%","1","0.0%","3","0.1%","5","0.2%","166","1.6%","4","0.1%","77","0.6%","8","0.2%","31","0.3%","10","0.2%","12","0.2%","8","0.1%","24","0.1%","7","0.4%","2","0.2%","642","0.9%","5","0.1%","92","0.3%","1,163","0.8%","25","0.4%","1,248","0.9%","3,403","1.5%","448","0.5%","435","0.8%","26","0.2%","7","0.1%","7","0.1%","0","0.0%","0","-","1","2.2%","2","0.1%","148","0.5%","1,519","1.0%","1","0.4%","2","0.1%","33","0.2%","979","0.4%","19","0.2%"
"One Race Some Other Race","322","7.3%","276","10.4%","1,159","3.8%","79","2.5%","983","4.2%","10","2.6%","0","0.0%","867","7.4%","311","4.5%","4,861","5.4%","756","4.5%","115","1.6%","77","4.9%","95","2.8%","520","3.4%","1","0.7%","1","0.1%","10,648","4.6%","4,328","3.4%","77","1.9%","0","0.0%","500","3.2%","0","0.0%","82","1.2%","18","0.8%","110","11.8%","0","0.0%","25","1.9%","40","1.7%","92","6.5%","469","4.9%","2","1.5%","0","-","191","13.2%","1,839","3.6%","91","2.1%","17","2.4%","151","1.4%","2","1.5%","37","0.6%","14","0.9%","715","9.1%","393","7.8%","15","10.9%","42","0.4%","7","0.4%","20","1.9%","1","0.3%","21","1.4%","14","1.4%","5,178","5.2%","76","1.7%","90","1.0%","6,381","19.1%","99,165","9.5%","67","1.4%","13","0.4%","115","3.2%","6","0.2%","635","6.0%","503","9.0%","678","5.5%","152","3.0%","164","1.4%","105","2.3%","325","5.6%","394","5.0%","1,737","6.0%","391","22.8%","7","0.7%","3,041","4.3%","166","3.0%","836","2.8%","4,267","2.9%","302","5.1%","4,527","3.3%","19,450","8.6%","4,566","5.2%","3,066","5.4%","700","4.8%","435","9.0%","842","6.9%","357","11.8%","0","-","0","0.0%","58","2.1%","1,036","3.3%","7,916","5.4%","8","3.1%","28","1.3%","534","2.5%","21,306","9.1%","103","1.2%"
"Two or More Races","221","5.0%","168","6.3%","1,994","6.5%","125","4.0%","1,261","5.3%","19","5.0%","16","13.9%","725","6.2%","223","3.2%","6,092","6.7%","798","4.8%","267","3.7%","157","10.0%","313","9.3%","1,182","7.6%","8","5.3%","33","4.2%","19,025","8.1%","8,959","7.0%","116","2.9%","2","7.7%","761","4.9%","1","100.0%","287","4.3%","64","3.0%","147","15.8%","1","2.0%","30","2.3%","84","3.6%","108","7.7%","816","8.6%","26","19.4%","0","-","108","7.4%","3,246","6.3%","193","4.4%","19","2.7%","426","3.9%","5","3.7%","249","4.1%","61","3.9%","376","4.8%","289","5.8%","10","7.2%","402","3.8%","38","2.3%","109","10.4%","11","2.8%","68","4.6%","28","2.7%","8,843","8.9%","279","6.2%","629","6.9%","3,549","10.6%","103,643","10.0%","285","5.8%","74","2.1%","228","6.4%","34","1.4%","462","4.4%","284","5.1%","649","5.3%","226","4.4%","496","4.2%","213","4.6%","302","5.2%","393","5.0%","2,201","7.7%","320","18.6%","103","10.5%","5,457","7.8%","315","5.7%","1,900","6.3%","10,968","7.4%","425","7.2%","11,513","8.5%","25,369","11.2%","6,380","7.3%","4,669","8.3%","1,060","7.3%","398","8.2%","849","6.9%","265","8.8%","0","-","4","8.9%","87","3.2%","1,985","6.2%","10,708","7.3%","13","5.0%","115","5.2%","1,121","5.3%","22,168","9.5%","364","4.4%"
"TOTAL RACES TALLIED [1]","","","","","","","","","","","","","","","","","","","","","","","","","","","","","","","","","","","","","","","","","","","","","","","","","","","","","","","","","","","","","","","","","","","","","","","","","","","","","","","","","","","","","","","","","","","","","","","","","","","","","","","","","","","","","","","","","","","","","","","","","","","","","","","","","","","","","","","","","","","","","","","","","","","","","","","","","","","","","","","","","","","","","","","","","","","","","","","","","","","","","","","","","",""
"Total races tallied","4,677","105.7%","2,840","107.3%","32,654","106.9%","3,250","104.2%","24,966","105.6%","404","106.3%","133","115.7%","12,470","106.4%","7,113","103.3%","97,111","107.1%","17,478","105.1%","7,443","104.0%","1,744","110.6%","3,705","109.8%","16,712","108.1%","165","110.0%","823","104.8%","254,570","108.8%","138,291","107.4%","4,087","103.0%","28","107.7%","16,415","105.2%","2","200.0%","7,068","104.8%","2,217","103.3%","1,080","116.0%","51","102.0%","1,324","103.0%","2,450","104.6%","1,519","108.0%","10,406","109.1%","164","122.4%","0","-","1,568","108.0%","54,892","106.8%","4,659","105.1%","724","103.9%","11,404","104.1%","141","103.7%","6,403","104.6%","1,627","105.2%","8,230","105.2%","5,323","106.1%","149","108.0%","11,075","104.2%","1,721","103.1%","1,163","111.3%","406","103.3%","1,562","105.3%","1,058","103.0%","108,317","109.5%","4,824","106.5%","9,785","107.3%","37,130","111.2%","1,149,114","110.6%","5,197","106.5%","3,689","102.6%","3,832","107.6%","2,530","101.9%","11,066","104.7%","5,876","105.3%","12,960","105.4%","5,393","104.9%","12,309","104.5%","4,819","104.7%","6,121","105.6%","8,253","105.2%","31,029","108.1%","2,049","119.3%","1,095","111.2%","75,753","108.2%","5,891","106.1%","32,108","106.8%","160,866","108.0%","6,334","107.6%","147,692","109.2%","253,428","112.2%","93,882","107.9%","61,371","108.9%","15,732","107.7%","5,268","108.8%","13,173","107.3%","3,282","108.9%","0","-","55","122.2%","2,828","103.4%","33,887","106.6%","157,187","107.8%","274","106.2%","2,369","106.3%","22,289","105.7%","256,326","110.1%","8,641","104.5%"
"White alone or in combination with one or more other races","3,973","89.8%","2,295","86.7%","28,630","93.8%","3,014","96.7%","22,088","93.5%","367","96.6%","106","92.2%","10,534","89.9%","6,490","94.3%","81,127","89.5%","15,516","93.3%","6,932","96.8%","1,476","93.6%","3,238","95.9%","14,532","94.0%","146","97.3%","773","98.5%","211,154","90.3%","117,920","91.6%","3,817","96.2%","22","84.6%","14,033","89.9%","0","0.0%","6,586","97.6%","2,094","97.5%","812","87.2%","48","96.0%","1,227","95.5%","2,224","95.0%","1,251","89.0%","8,504","89.2%","120","89.6%","0","-","1,209","83.3%","47,149","91.7%","4,294","96.8%","669","96.0%","10,653","97.3%","80","58.8%","5,883","96.1%","1,495","96.6%","6,992","89.4%","4,383","87.4%","120","87.0%","10,474","98.6%","1,647","98.7%","1,016","97.2%","390","99.2%","1,448","97.6%","1,002","97.6%","87,906","88.9%","4,272","94.3%","8,508","93.3%","24,484","73.3%","833,581","80.2%","3,333","68.3%","83","2.3%","3,263","91.6%","150","6.0%","9,513","90.0%","4,762","85.3%","11,305","92.0%","4,894","95.2%","11,227","95.3%","4,459","96.9%","5,370","92.6%","7,374","94.0%","25,996","90.5%","1,146","66.7%","965","98.0%","64,613","92.3%","3,490","62.9%","28,225","93.9%","139,048","93.3%","5,495","93.4%","125,785","93.0%","192,353","85.1%","80,436","92.4%","51,651","91.6%","13,541","92.7%","4,288","88.6%","11,194","91.2%","2,575","85.4%","0","-","41","91.1%","2,634","96.3%","29,892","94.1%","131,572","90.3%","239","92.6%","2,149","96.5%","20,110","95.4%","199,777","85.8%","8,022","97.0%"
"Black or African American alone or in combination with one or more other races","44","1.0%","19","0.7%","255","0.8%","11","0.4%","167","0.7%","1","0.3%","1","0.9%","112","1.0%","30","0.4%","1,516","1.7%","164","1.0%","71","1.0%","10","0.6%","23","0.7%","128","0.8%","4","2.7%","5","0.6%","5,697","2.4%","2,032","1.6%","17","0.4%","0","0.0%","67","0.4%","0","0.0%","22","0.3%","4","0.2%","2","0.2%","0","0.0%","6","0.5%","24","1.0%","14","1.0%","135","1.4%","5","3.7%","0","-","11","0.8%","747","1.5%","12","0.3%","8","1.1%","42","0.4%","0","0.0%","52","0.8%","16","1.0%","42","0.5%","32","0.6%","0","0.0%","61","0.6%","7","0.4%","9","0.9%","0","0.0%","12","0.8%","15","1.5%","1,872","1.9%","48","1.1%","95","1.0%","854","2.6%","32,055","3.1%","55","1.1%","27","0.8%","27","0.8%","13","0.5%","97","0.9%","138","2.5%","93","0.8%","26","0.5%","103","0.9%","18","0.4%","30","0.5%","33","0.4%","306","1.1%","45","2.6%","7","0.7%","959","1.4%","29","0.5%","276","0.9%","1,694","1.1%","27","0.5%","1,910","1.4%","4,181","1.9%","871","1.0%","628","1.1%","134","0.9%","49","1.0%","106","0.9%","43","1.4%","0","-","3","6.7%","17","0.6%","228","0.7%","1,895","1.3%","6","2.3%","21","0.9%","281","1.3%","6,123","2.6%","53","0.6%"
"American Indian and Alaska Native alone or in combination with one or more other races","128","2.9%","63","2.4%","861","2.8%","42","1.3%","444","1.9%","12","3.2%","4","3.5%","218","1.9%","90","1.3%","1,860","2.1%","284","1.7%","109","1.5%","63","4.0%","78","2.3%","536","3.5%","5","3.3%","17","2.2%","4,993","2.1%","2,188","1.7%","83","2.1%","4","15.4%","1,282","8.2%","0","0.0%","112","1.7%","61","2.8%","9","1.0%","0","0.0%","25","1.9%","87","3.7%","62","4.4%","581","6.1%","8","6.0%","0","-","47","3.2%","1,859","3.6%","75","1.7%","5","0.7%","161","1.5%","52","38.2%","199","3.3%","39","2.5%","177","2.3%","178","3.5%","3","2.2%","132","1.2%","27","1.6%","33","3.2%","6","1.5%","24","1.6%","13","1.3%","1,816","1.8%","36","0.8%","87","1.0%","968","2.9%","26,520","2.6%","1,489","30.5%","3,537","98.4%","225","6.3%","2,332","94.0%","256","2.4%","181","3.2%","262","2.1%","139","2.7%","428","3.6%","57","1.2%","83","1.4%","101","1.3%","375","1.3%","132","7.7%","48","4.9%","1,831","2.6%","2,030","36.6%","1,273","4.2%","2,407","1.6%","103","1.8%","2,470","1.8%","5,728","2.5%","1,711","2.0%","1,042","1.8%","264","1.8%","76","1.6%","162","1.3%","32","1.1%","0","-","5","11.1%","38","1.4%","778","2.4%","3,766","2.6%","8","3.1%","64","2.9%","363","1.7%","6,571","2.8%","101","1.2%"
"Asian alone or in combination with one or more other races","50","1.1%","18","0.7%","482","1.6%","13","0.4%","443","1.9%","6","1.6%","15","13.0%","169","1.4%","31","0.5%","3,039","3.4%","233","1.4%","53","0.7%","7","0.4%","29","0.9%","156","1.0%","5","3.3%","8","1.0%","8,857","3.8%","4,352","3.4%","26","0.7%","0","0.0%","124","0.8%","0","0.0%","57","0.8%","13","0.6%","10","1.1%","2","4.0%","22","1.7%","33","1.4%","12","0.9%","172","1.8%","15","11.2%","0","-","19","1.3%","1,102","2.1%","58","1.3%","6","0.9%","97","0.9%","2","1.5%","103","1.7%","18","1.2%","69","0.9%","140","2.8%","3","2.2%","150","1.4%","12","0.7%","4","0.4%","2","0.5%","14","0.9%","1","0.1%","4,161","4.2%","205","4.5%","690","7.6%","817","2.4%","63,174","6.1%","79","1.6%","6","0.2%","47","1.3%","14","0.6%","115","1.1%","76","1.4%","178","1.4%","39","0.8%","80","0.7%","21","0.5%","95","1.6%","66","0.8%","1,061","3.7%","49","2.9%","10","1.0%","1,149","1.6%","53","1.0%","349","1.2%","5,066","3.4%","52","0.9%","4,106","3.0%","9,602","4.3%","1,107","1.3%","1,163","2.1%","270","1.8%","80","1.7%","215","1.8%","55","1.8%","0","-","3","6.7%","13","0.5%","470","1.5%","3,004","2.1%","0","0.0%","38","1.7%","286","1.4%","6,657","2.9%","115","1.4%"
"Native Hawaiian and Other Pacific Islander alone or in combination with one or more other races","32","0.7%","31","1.2%","140","0.5%","2","0.1%","99","0.4%","2","0.5%","0","0.0%","106","0.9%","25","0.4%","929","1.0%","82","0.5%","27","0.4%","0","0.0%","10","0.3%","65","0.4%","2","1.3%","5","0.6%","3,031","1.3%","2,706","2.1%","18","0.5%","0","0.0%","63","0.4%","1","100.0%","19","0.3%","2","0.1%","1","0.1%","1","2.0%","7","0.5%","14","0.6%","11","0.8%","26","0.3%","1","0.7%","0","-","7","0.5%","480","0.9%","18","0.4%","11","1.6%","93","0.8%","0","0.0%","25","0.4%","10","0.6%","24","0.3%","21","0.4%","0","0.0%","20","0.2%","4","0.2%","7","0.7%","1","0.3%","19","1.3%","4","0.4%","2,130","2.2%","25","0.6%","37","0.4%","1,133","3.4%","26,612","2.6%","61","1.3%","8","0.2%","15","0.4%","10","0.4%","227","2.1%","60","1.1%","89","0.7%","39","0.8%","67","0.6%","22","0.5%","28","0.5%","30","0.4%","80","0.3%","28","1.6%","6","0.6%","969","1.4%","39","0.7%","169","0.6%","2,524","1.7%","62","1.1%","2,727","2.0%","6,500","2.9%","1,067","1.2%","936","1.7%","74","0.5%","15","0.3%","51","0.4%","6","0.2%","0","-","1","2.2%","7","0.3%","311","1.0%","2,684","1.8%","3","1.2%","16","0.7%","84","0.4%","2,045","0.9%","48","0.6%"
"Some Other Race alone or in combination with one or more other races","450","10.2%","414","15.6%","2,286","7.5%","168","5.4%","1,725","7.3%","16","4.2%","7","6.1%","1,331","11.4%","447","6.5%","8,640","9.5%","1,199","7.2%","251","3.5%","188","11.9%","327","9.7%","1,295","8.4%","3","2.0%","15","1.9%","20,838","8.9%","9,093","7.1%","126","3.2%","2","7.7%","846","5.4%","1","100.0%","272","4.0%","43","2.0%","246","26.4%","0","0.0%","37","2.9%","68","2.9%","169","12.0%","988","10.4%","15","11.2%","0","-","275","18.9%","3,555","6.9%","202","4.6%","25","3.6%","358","3.3%","7","5.1%","141","2.3%","49","3.2%","926","11.8%","569","11.3%","23","16.7%","238","2.2%","24","1.4%","94","9.0%","7","1.8%","45","3.0%","23","2.2%","10,432","10.5%","238","5.3%","368","4.0%","8,874","26.6%","167,172","16.1%","180","3.7%","28","0.8%","255","7.2%","11","0.4%","858","8.1%","659","11.8%","1,033","8.4%","256","5.0%","404","3.4%","242","5.3%","515","8.9%","649","8.3%","3,211","11.2%","649","37.8%","59","6.0%","6,232","8.9%","250","4.5%","1,816","6.0%","10,127","6.8%","595","10.1%","10,694","7.9%","35,064","15.5%","8,690","10.0%","5,951","10.6%","1,449","9.9%","760","15.7%","1,445","11.8%","571","18.9%","0","-","2","4.4%","119","4.3%","2,208","6.9%","14,266","9.8%","18","7.0%","81","3.6%","1,165","5.5%","35,153","15.1%","302","3.7%"
"HISPANIC OR LATINO","","","","","","","","","","","","","","","","","","","","","","","","","","","","","","","","","","","","","","","","","","","","","","","","","","","","","","","","","","","","","","","","","","","","","","","","","","","","","","","","","","","","","","","","","","","","","","","","","","","","","","","","","","","","","","","","","","","","","","","","","","","","","","","","","","","","","","","","","","","","","","","","","","","","","","","","","","","","","","","","","","","","","","","","","","","","","","","","","","","","","","","","","",""
"Total population","4,426","100.0%","2,646","100.0%","30,535","100.0%","3,118","100.0%","23,633","100.0%","380","100.0%","115","100.0%","11,716","100.0%","6,883","100.0%","90,654","100.0%","16,627","100.0%","7,159","100.0%","1,577","100.0%","3,375","100.0%","15,460","100.0%","150","100.0%","785","100.0%","233,947","100.0%","128,732","100.0%","3,967","100.0%","26","100.0%","15,602","100.0%","1","100.0%","6,747","100.0%","2,147","100.0%","931","100.0%","50","100.0%","1,285","100.0%","2,342","100.0%","1,406","100.0%","9,535","100.0%","134","100.0%","0","-","1,452","100.0%","51,403","100.0%","4,434","100.0%","697","100.0%","10,953","100.0%","136","100.0%","6,120","100.0%","1,547","100.0%","7,820","100.0%","5,017","100.0%","138","100.0%","10,626","100.0%","1,669","100.0%","1,045","100.0%","393","100.0%","1,483","100.0%","1,027","100.0%","98,934","100.0%","4,530","100.0%","9,119","100.0%","33,384","100.0%","1,039,271","100.0%","4,879","100.0%","3,595","100.0%","3,562","100.0%","2,482","100.0%","10,565","100.0%","5,580","100.0%","12,292","100.0%","5,142","100.0%","11,777","100.0%","4,603","100.0%","5,799","100.0%","7,846","100.0%","28,712","100.0%","1,717","100.0%","985","100.0%","69,996","100.0%","5,552","100.0%","30,068","100.0%","148,978","100.0%","5,884","100.0%","135,207","100.0%","225,926","100.0%","87,042","100.0%","56,362","100.0%","14,611","100.0%","4,840","100.0%","12,277","100.0%","3,015","100.0%","0","-","45","100.0%","2,736","100.0%","31,777","100.0%","145,766","100.0%","258","100.0%","2,228","100.0%","21,084","100.0%","232,873","100.0%","8,266","100.0%"
"Hispanic or Latino (of any race)","580","13.1%","486","18.4%","3,067","10.0%","179","5.7%","2,279","9.6%","12","3.2%","7","6.1%","1,604","13.7%","507","7.4%","11,224","12.4%","1,477","8.9%","257","3.6%","291","18.5%","430","12.7%","1,956","12.7%","5","3.3%","24","3.1%","28,001","12.0%","11,294","8.8%","184","4.6%","3","11.5%","1,097","7.0%","1","100.0%","349","5.2%","62","2.9%","294","31.6%","0","0.0%","49","3.8%","113","4.8%","222","15.8%","1,211","12.7%","15","11.2%","0","-","360","24.8%","4,839","9.4%","283","6.4%","46","6.6%","523","4.8%","5","3.7%","277","4.5%","45","2.9%","1,084","13.9%","666","13.3%","24","17.4%","296","2.8%","42","2.5%","121","11.6%","3","0.8%","69","4.7%","28","2.7%","13,369","13.5%","218","4.8%","418","4.6%","10,846","32.5%","207,237","19.9%","295","6.0%","57","1.6%","376","10.6%","19","0.8%","1,042","9.9%","761","13.6%","1,240","10.1%","265","5.2%","504","4.3%","284","6.2%","624","10.8%","772","9.8%","3,341","11.6%","856","49.9%","78","7.9%","8,588","12.3%","327","5.9%","2,507","8.3%","12,439","8.3%","706","12.0%","13,717","10.1%","43,187","19.1%","11,037","12.7%","7,445","13.2%","1,758","12.0%","983","20.3%","1,668","13.6%","632","21.0%","0","-","5","11.1%","140","5.1%","2,810","8.8%","17,532","12.0%","17","6.6%","79","3.5%","1,478","7.0%","46,905","20.1%","359","4.3%"
"Not Hispanic or Latino","3,846","86.9%","2,160","81.6%","27,468","90.0%","2,939","94.3%","21,354","90.4%","368","96.8%","108","93.9%","10,112","86.3%","6,376","92.6%","79,430","87.6%","15,150","91.1%","6,902","96.4%","1,286","81.5%","2,945","87.3%","13,504","87.3%","145","96.7%","761","96.9%","205,946","88.0%","117,438","91.2%","3,783","95.4%","23","88.5%","14,505","93.0%","0","0.0%","6,398","94.8%","2,085","97.1%","637","68.4%","50","100.0%","1,236","96.2%","2,229","95.2%","1,184","84.2%","8,324","87.3%","119","88.8%","0","-","1,092","75.2%","46,564","90.6%","4,151","93.6%","651","93.4%","10,430","95.2%","131","96.3%","5,843","95.5%","1,502","97.1%","6,736","86.1%","4,351","86.7%","114","82.6%","10,330","97.2%","1,627","97.5%","924","88.4%","390","99.2%","1,414","95.3%","999","97.3%","85,565","86.5%","4,312","95.2%","8,701","95.4%","22,538","67.5%","832,034","80.1%","4,584","94.0%","3,538","98.4%","3,186","89.4%","2,463","99.2%","9,523","90.1%","4,819","86.4%","11,052","89.9%","4,877","94.8%","11,273","95.7%","4,319","93.8%","5,175","89.2%","7,074","90.2%","25,371","88.4%","861","50.1%","907","92.1%","61,408","87.7%","5,225","94.1%","27,561","91.7%","136,539","91.7%","5,178","88.0%","121,490","89.9%","182,739","80.9%","76,005","87.3%","48,917","86.8%","12,853","88.0%","3,857","79.7%","10,609","86.4%","2,383","79.0%","0","-","40","88.9%","2,596","94.9%","28,967","91.2%","128,234","88.0%","241","93.4%","2,149","96.5%","19,606","93.0%","185,968","79.9%","7,907","95.7%"
"HISPANIC OR LATINO BY RACE","","","","","","","","","","","","","","","","","","","","","","","","","","","","","","","","","","","","","","","","","","","","","","","","","","","","","","","","","","","","","","","","","","","","","","","","","","","","","","","","","","","","","","","","","","","","","","","","","","","","","","","","","","","","","","","","","","","","","","","","","","","","","","","","","","","","","","","","","","","","","","","","","","","","","","","","","","","","","","","","","","","","","","","","","","","","","","","","","","","","","","","","","",""
"Total population","4,426","100.0%","2,646","100.0%","30,535","100.0%","3,118","100.0%","23,633","100.0%","380","100.0%","115","100.0%","11,716","100.0%","6,883","100.0%","90,654","100.0%","16,627","100.0%","7,159","100.0%","1,577","100.0%","3,375","100.0%","15,460","100.0%","150","100.0%","785","100.0%","233,947","100.0%","128,732","100.0%","3,967","100.0%","26","100.0%","15,602","100.0%","1","100.0%","6,747","100.0%","2,147","100.0%","931","100.0%","50","100.0%","1,285","100.0%","2,342","100.0%","1,406","100.0%","9,535","100.0%","134","100.0%","0","-","1,452","100.0%","51,403","100.0%","4,434","100.0%","697","100.0%","10,953","100.0%","136","100.0%","6,120","100.0%","1,547","100.0%","7,820","100.0%","5,017","100.0%","138","100.0%","10,626","100.0%","1,669","100.0%","1,045","100.0%","393","100.0%","1,483","100.0%","1,027","100.0%","98,934","100.0%","4,530","100.0%","9,119","100.0%","33,384","100.0%","1,039,271","100.0%","4,879","100.0%","3,595","100.0%","3,562","100.0%","2,482","100.0%","10,565","100.0%","5,580","100.0%","12,292","100.0%","5,142","100.0%","11,777","100.0%","4,603","100.0%","5,799","100.0%","7,846","100.0%","28,712","100.0%","1,717","100.0%","985","100.0%","69,996","100.0%","5,552","100.0%","30,068","100.0%","148,978","100.0%","5,884","100.0%","135,207","100.0%","225,926","100.0%","87,042","100.0%","56,362","100.0%","14,611","100.0%","4,840","100.0%","12,277","100.0%","3,015","100.0%","0","-","45","100.0%","2,736","100.0%","31,777","100.0%","145,766","100.0%","258","100.0%","2,228","100.0%","21,084","100.0%","232,873","100.0%","8,266","100.0%"
"Hispanic or Latino","580","13.1%","486","18.4%","3,067","10.0%","179","5.7%","2,279","9.6%","12","3.2%","7","6.1%","1,604","13.7%","507","7.4%","11,224","12.4%","1,477","8.9%","257","3.6%","291","18.5%","430","12.7%","1,956","12.7%","5","3.3%","24","3.1%","28,001","12.0%","11,294","8.8%","184","4.6%","3","11.5%","1,097","7.0%","1","100.0%","349","5.2%","62","2.9%","294","31.6%","0","0.0%","49","3.8%","113","4.8%","222","15.8%","1,211","12.7%","15","11.2%","0","-","360","24.8%","4,839","9.4%","283","6.4%","46","6.6%","523","4.8%","5","3.7%","277","4.5%","45","2.9%","1,084","13.9%","666","13.3%","24","17.4%","296","2.8%","42","2.5%","121","11.6%","3","0.8%","69","4.7%","28","2.7%","13,369","13.5%","218","4.8%","418","4.6%","10,846","32.5%","207,237","19.9%","295","6.0%","57","1.6%","376","10.6%","19","0.8%","1,042","9.9%","761","13.6%","1,240","10.1%","265","5.2%","504","4.3%","284","6.2%","624","10.8%","772","9.8%","3,341","11.6%","856","49.9%","78","7.9%","8,588","12.3%","327","5.9%","2,507","8.3%","12,439","8.3%","706","12.0%","13,717","10.1%","43,187","19.1%","11,037","12.7%","7,445","13.2%","1,758","12.0%","983","20.3%","1,668","13.6%","632","21.0%","0","-","5","11.1%","140","5.1%","2,810","8.8%","17,532","12.0%","17","6.6%","79","3.5%","1,478","7.0%","46,905","20.1%","359","4.3%"
"Hispanic or Latino White alone","122","2.8%","65","2.5%","804","2.6%","25","0.8%","594","2.5%","0","0.0%","0","0.0%","263","2.2%","71","1.0%","2,715","3.0%","354","2.1%","63","0.9%","115","7.3%","152","4.5%","731","4.7%","1","0.7%","2","0.3%","7,341","3.1%","2,553","2.0%","71","1.8%","0","0.0%","269","1.7%","0","0.0%","111","1.6%","28","1.3%","53","5.7%","0","0.0%","11","0.9%","33","1.4%","51","3.6%","334","3.5%","2","1.5%","0","-","97","6.7%","1,422","2.8%","98","2.2%","19","2.7%","172","1.6%","0","0.0%","153","2.5%","7","0.5%","144","1.8%","75","1.5%","0","0.0%","114","1.1%","15","0.9%","15","1.4%","0","0.0%","25","1.7%","5","0.5%","3,238","3.3%","60","1.3%","104","1.1%","1,805","5.4%","41,849","4.0%","95","1.9%","0","0.0%","132","3.7%","10","0.4%","226","2.1%","99","1.8%","264","2.1%","55","1.1%","156","1.3%","60","1.3%","136","2.3%","163","2.1%","520","1.8%","188","10.9%","15","1.5%","2,609","3.7%","31","0.6%","850","2.8%","3,119","2.1%","131","2.2%","3,599","2.7%","8,379","3.7%","2,454","2.8%","1,615","2.9%","372","2.5%","208","4.3%","304","2.5%","79","2.6%","0","-","0","0.0%","33","1.2%","738","2.3%","3,544","2.4%","3","1.2%","13","0.6%","385","1.8%","11,005","4.7%","117","1.4%"
"Hispanic or Latino Black or African American alone","0","0.0%","0","0.0%","12","0.0%","0","0.0%","5","0.0%","0","0.0%","0","0.0%","8","0.1%","0","0.0%","55","0.1%","6","0.0%","1","0.0%","0","0.0%","1","0.0%","10","0.1%","1","0.7%","2","0.3%","279","0.1%","89","0.1%","0","0.0%","0","0.0%","0","0.0%","0","0.0%","2","0.0%","0","0.0%","0","0.0%","0","0.0%","2","0.2%","2","0.1%","2","0.1%","8","0.1%","0","0.0%","0","-","0","0.0%","33","0.1%","0","0.0%","4","0.6%","3","0.0%","0","0.0%","4","0.1%","0","0.0%","0","0.0%","0","0.0%","0","0.0%","0","0.0%","0","0.0%","0","0.0%","0","0.0%","0","0.0%","0","0.0%","72","0.1%","0","0.0%","1","0.0%","47","0.1%","1,378","0.1%","4","0.1%","0","0.0%","0","0.0%","0","0.0%","0","0.0%","0","0.0%","0","0.0%","0","0.0%","0","0.0%","0","0.0%","3","0.1%","2","0.0%","5","0.0%","0","0.0%","0","0.0%","29","0.0%","0","0.0%","8","0.0%","29","0.0%","2","0.0%","33","0.0%","163","0.1%","36","0.0%","30","0.1%","8","0.1%","4","0.1%","4","0.0%","0","0.0%","0","-","0","0.0%","0","0.0%","15","0.0%","60","0.0%","0","0.0%","0","0.0%","16","0.1%","388","0.2%","0","0.0%"
"Hispanic or Latino American Indian and Alaska Native alone","12","0.3%","22","0.8%","76","0.2%","0","0.0%","57","0.2%","0","0.0%","0","0.0%","50","0.4%","23","0.3%","365","0.4%","45","0.3%","5","0.1%","12","0.8%","9","0.3%","50","0.3%","0","0.0%","0","0.0%","709","0.3%","330","0.3%","6","0.2%","3","11.5%","56","0.4%","0","0.0%","3","0.0%","4","0.2%","1","0.1%","0","0.0%","0","0.0%","15","0.6%","2","0.1%","43","0.5%","0","0.0%","0","-","5","0.3%","136","0.3%","2","0.0%","0","0.0%","9","0.1%","0","0.0%","7","0.1%","3","0.2%","21","0.3%","30","0.6%","1","0.7%","7","0.1%","5","0.3%","2","0.2%","0","0.0%","1","0.1%","1","0.1%","325","0.3%","1","0.0%","7","0.1%","248","0.7%","5,403","0.5%","39","0.8%","27","0.8%","25","0.7%","1","0.0%","38","0.4%","12","0.2%","17","0.1%","8","0.2%","12","0.1%","7","0.2%","18","0.3%","7","0.1%","41","0.1%","24","1.4%","7","0.7%","250","0.4%","63","1.1%","92","0.3%","238","0.2%","19","0.3%","295","0.2%","1,124","0.5%","246","0.3%","147","0.3%","61","0.4%","33","0.7%","18","0.1%","8","0.3%","0","-","1","2.2%","5","0.2%","83","0.3%","535","0.4%","0","0.0%","0","0.0%","31","0.1%","1,296","0.6%","14","0.2%"
"Hispanic or Latino Asian alone","0","0.0%","0","0.0%","11","0.0%","0","0.0%","6","0.0%","0","0.0%","0","0.0%","3","0.0%","1","0.0%","43","0.0%","3","0.0%","0","0.0%","0","0.0%","0","0.0%","2","0.0%","0","0.0%","1","0.1%","187","0.1%","49","0.0%","0","0.0%","0","0.0%","3","0.0%","0","0.0%","3","0.0%","0","0.0%","1","0.1%","0","0.0%","1","0.1%","4","0.2%","2","0.1%","0","0.0%","0","0.0%","0","-","0","0.0%","20","0.0%","0","0.0%","0","0.0%","2","0.0%","0","0.0%","2","0.0%","0","0.0%","0","0.0%","1","0.0%","0","0.0%","0","0.0%","0","0.0%","0","0.0%","0","0.0%","0","0.0%","0","0.0%","38","0.0%","2","0.0%","2","0.0%","30","0.1%","717","0.1%","19","0.4%","0","0.0%","1","0.0%","0","0.0%","0","0.0%","0","0.0%","0","0.0%","2","0.0%","1","0.0%","2","0.0%","0","0.0%","0","0.0%","5","0.0%","0","0.0%","0","0.0%","15","0.0%","1","0.0%","11","0.0%","60","0.0%","0","0.0%","68","0.1%","131","0.1%","15","0.0%","28","0.0%","5","0.0%","0","0.0%","6","0.0%","3","0.1%","0","-","0","0.0%","1","0.0%","7","0.0%","56","0.0%","0","0.0%","0","0.0%","5","0.0%","242","0.1%","2","0.0%"
"Hispanic or Latino Native Hawaiian and Other Pacific Islander alone","1","0.0%","0","0.0%","4","0.0%","0","0.0%","1","0.0%","0","0.0%","0","0.0%","4","0.0%","0","0.0%","37","0.0%","4","0.0%","0","0.0%","0","0.0%","0","0.0%","0","0.0%","0","0.0%","0","0.0%","88","0.0%","53","0.0%","0","0.0%","0","0.0%","0","0.0%","0","0.0%","0","0.0%","0","0.0%","0","0.0%","0","0.0%","0","0.0%","0","0.0%","0","0.0%","2","0.0%","0","0.0%","0","-","0","0.0%","7","0.0%","0","0.0%","0","0.0%","3","0.0%","0","0.0%","0","0.0%","0","0.0%","0","0.0%","0","0.0%","0","0.0%","3","0.0%","0","0.0%","0","0.0%","0","0.0%","0","0.0%","0","0.0%","34","0.0%","0","0.0%","1","0.0%","34","0.1%","479","0.0%","2","0.0%","0","0.0%","0","0.0%","0","0.0%","0","0.0%","0","0.0%","0","0.0%","0","0.0%","0","0.0%","0","0.0%","0","0.0%","0","0.0%","2","0.0%","0","0.0%","1","0.1%","13","0.0%","0","0.0%","0","0.0%","36","0.0%","0","0.0%","37","0.0%","84","0.0%","18","0.0%","6","0.0%","0","0.0%","0","0.0%","0","0.0%","0","0.0%","0","-","0","0.0%","0","0.0%","10","0.0%","52","0.0%","0","0.0%","0","0.0%","3","0.0%","78","0.0%","2","0.0%"
"Hispanic or Latino Some Other Race alone","314","7.1%","276","10.4%","1,118","3.7%","68","2.2%","935","4.0%","8","2.1%","0","0.0%","841","7.2%","295","4.3%","4,568","5.0%","696","4.2%","88","1.2%","66","4.2%","87","2.6%","481","3.1%","0","0.0%","0","0.0%","9,817","4.2%","3,915","3.0%","65","1.6%","0","0.0%","465","3.0%","0","0.0%","69","1.0%","17","0.8%","108","11.6%","0","0.0%","25","1.9%","40","1.7%","89","6.3%","408","4.3%","1","0.7%","0","-","183","12.6%","1,699","3.3%","85","1.9%","16","2.3%","142","1.3%","2","1.5%","21","0.3%","12","0.8%","703","9.0%","379","7.6%","14","10.1%","34","0.3%","6","0.4%","20","1.9%","0","0.0%","21","1.4%","13","1.3%","4,781","4.8%","50","1.1%","62","0.7%","6,237","18.7%","94,223","9.1%","58","1.2%","13","0.4%","103","2.9%","1","0.0%","593","5.6%","503","9.0%","639","5.2%","130","2.5%","137","1.2%","105","2.3%","306","5.3%","386","4.9%","1,609","5.6%","382","22.2%","6","0.6%","2,769","4.0%","146","2.6%","740","2.5%","3,734","2.5%","293","5.0%","4,024","3.0%","18,512","8.2%","4,304","4.9%","2,890","5.1%","672","4.6%","430","8.9%","815","6.6%","352","11.7%","0","-","0","0.0%","50","1.8%","900","2.8%","7,429","5.1%","7","2.7%","24","1.1%","462","2.2%","20,396","8.8%","71","0.9%"
"Hispanic or Latino Two or More Races","131","3.0%","123","4.6%","1,042","3.4%","86","2.8%","681","2.9%","4","1.1%","7","6.1%","435","3.7%","117","1.7%","3,441","3.8%","369","2.2%","100","1.4%","98","6.2%","181","5.4%","682","4.4%","3","2.0%","19","2.4%","9,580","4.1%","4,305","3.3%","42","1.1%","0","0.0%","304","1.9%","1","100.0%","161","2.4%","13","0.6%","131","14.1%","0","0.0%","10","0.8%","19","0.8%","76","5.4%","416","4.4%","12","9.0%","0","-","75","5.2%","1,522","3.0%","98","2.2%","7","1.0%","192","1.8%","3","2.2%","90","1.5%","23","1.5%","216","2.8%","181","3.6%","9","6.5%","138","1.3%","16","1.0%","84","8.0%","3","0.8%","22","1.5%","9","0.9%","4,881","4.9%","105","2.3%","241","2.6%","2,445","7.3%","63,188","6.1%","78","1.6%","17","0.5%","115","3.2%","7","0.3%","185","1.8%","147","2.6%","320","2.6%","70","1.4%","198","1.7%","110","2.4%","161","2.8%","214","2.7%","1,159","4.0%","262","15.3%","49","5.0%","2,903","4.1%","86","1.5%","806","2.7%","5,223","3.5%","261","4.4%","5,661","4.2%","14,794","6.5%","3,964","4.6%","2,729","4.8%","640","4.4%","308","6.4%","521","4.2%","190","6.3%","0","-","4","8.9%","51","1.9%","1,057","3.3%","5,856","4.0%","7","2.7%","42","1.9%","576","2.7%","13,500","5.8%","153","1.9%"
"Not Hispanic or Latino","3,846","86.9%","2,160","81.6%","27,468","90.0%","2,939","94.3%","21,354","90.4%","368","96.8%","108","93.9%","10,112","86.3%","6,376","92.6%","79,430","87.6%","15,150","91.1%","6,902","96.4%","1,286","81.5%","2,945","87.3%","13,504","87.3%","145","96.7%","761","96.9%","205,946","88.0%","117,438","91.2%","3,783","95.4%","23","88.5%","14,505","93.0%","0","0.0%","6,398","94.8%","2,085","97.1%","637","68.4%","50","100.0%","1,236","96.2%","2,229","95.2%","1,184","84.2%","8,324","87.3%","119","88.8%","0","-","1,092","75.2%","46,564","90.6%","4,151","93.6%","651","93.4%","10,430","95.2%","131","96.3%","5,843","95.5%","1,502","97.1%","6,736","86.1%","4,351","86.7%","114","82.6%","10,330","97.2%","1,627","97.5%","924","88.4%","390","99.2%","1,414","95.3%","999","97.3%","85,565","86.5%","4,312","95.2%","8,701","95.4%","22,538","67.5%","832,034","80.1%","4,584","94.0%","3,538","98.4%","3,186","89.4%","2,463","99.2%","9,523","90.1%","4,819","86.4%","11,052","89.9%","4,877","94.8%","11,273","95.7%","4,319","93.8%","5,175","89.2%","7,074","90.2%","25,371","88.4%","861","50.1%","907","92.1%","61,408","87.7%","5,225","94.1%","27,561","91.7%","136,539","91.7%","5,178","88.0%","121,490","89.9%","182,739","80.9%","76,005","87.3%","48,917","86.8%","12,853","88.0%","3,857","79.7%","10,609","86.4%","2,383","79.0%","0","-","40","88.9%","2,596","94.9%","28,967","91.2%","128,234","88.0%","241","93.4%","2,149","96.5%","19,606","93.0%","185,968","79.9%","7,907","95.7%"
"Not Hispanic or Latino White alone","3,641","82.3%","2,076","78.5%","25,891","84.8%","2,865","91.9%","20,257","85.7%","348","91.6%","92","80.0%","9,578","81.8%","6,201","90.1%","72,497","80.0%","14,402","86.6%","6,606","92.3%","1,206","76.5%","2,778","82.3%","12,661","81.9%","138","92.0%","743","94.6%","185,674","79.4%","106,784","83.0%","3,643","91.8%","20","76.9%","13,073","83.8%","0","0.0%","6,193","91.8%","2,004","93.3%","614","66.0%","48","96.0%","1,188","92.5%","2,115","90.3%","1,095","77.9%","7,388","77.5%","93","69.4%","0","-","1,005","69.2%","42,611","82.9%","4,004","90.3%","631","90.5%","10,075","92.0%","75","55.1%","5,493","89.8%","1,431","92.5%","6,494","83.0%","4,031","80.3%","111","80.4%","9,965","93.8%","1,597","95.7%","896","85.7%","380","96.7%","1,357","91.5%","972","94.6%","76,225","77.0%","3,940","87.0%","7,790","85.4%","19,328","57.9%","693,631","66.7%","2,979","61.1%","34","0.9%","2,913","81.8%","112","4.5%","8,840","83.7%","4,435","79.5%","10,413","84.7%","4,621","89.9%","10,585","89.9%","4,190","91.0%","4,947","85.3%","6,829","87.0%","23,332","81.3%","661","38.5%","847","86.0%","56,691","81.0%","3,199","57.6%","25,527","84.9%","125,288","84.1%","4,949","84.1%","111,125","82.2%","159,770","70.7%","71,836","82.5%","45,492","80.7%","12,136","83.1%","3,696","76.4%","10,061","81.9%","2,238","74.2%","0","-","37","82.2%","2,518","92.0%","27,247","85.7%","117,697","80.7%","228","88.4%","2,039","91.5%","18,639","88.4%","167,700","72.0%","7,550","91.3%"
"Not Hispanic or Latino Black or African American alone","23","0.5%","0","0.0%","93","0.3%","7","0.2%","61","0.3%","0","0.0%","0","0.0%","25","0.2%","10","0.1%","908","1.0%","68","0.4%","34","0.5%","1","0.1%","1","0.0%","48","0.3%","0","0.0%","1","0.1%","2,995","1.3%","1,013","0.8%","5","0.1%","0","0.0%","16","0.1%","0","0.0%","2","0.0%","0","0.0%","0","0.0%","0","0.0%","0","0.0%","4","0.2%","1","0.1%","62","0.7%","3","2.2%","0","-","4","0.3%","370","0.7%","1","0.0%","2","0.3%","9","0.1%","0","0.0%","21","0.3%","6","0.4%","7","0.1%","8","0.2%","0","0.0%","12","0.1%","0","0.0%","0","0.0%","0","0.0%","4","0.3%","7","0.7%","886","0.9%","23","0.5%","23","0.3%","478","1.4%","20,566","2.0%","18","0.4%","6","0.2%","3","0.1%","5","0.2%","58","0.5%","123","2.2%","43","0.3%","11","0.2%","50","0.4%","4","0.1%","8","0.1%","8","0.1%","147","0.5%","25","1.5%","0","0.0%","411","0.6%","10","0.2%","80","0.3%","738","0.5%","5","0.1%","820","0.6%","1,941","0.9%","364","0.4%","242","0.4%","45","0.3%","16","0.3%","51","0.4%","28","0.9%","0","-","1","2.2%","8","0.3%","85","0.3%","820","0.6%","0","0.0%","1","0.0%","133","0.6%","3,049","1.3%","27","0.3%"
"Not Hispanic or Latino American Indian and Alaska Native alone","51","1.2%","19","0.7%","248","0.8%","9","0.3%","124","0.5%","2","0.5%","0","0.0%","41","0.3%","22","0.3%","486","0.5%","38","0.2%","33","0.5%","7","0.4%","16","0.5%","176","1.1%","0","0.0%","0","0.0%","1,004","0.4%","460","0.4%","33","0.8%","1","3.8%","841","5.4%","0","0.0%","29","0.4%","25","1.2%","1","0.1%","0","0.0%","15","1.2%","31","1.3%","44","3.1%","328","3.4%","2","1.5%","0","-","26","1.8%","901","1.8%","21","0.5%","0","0.0%","37","0.3%","52","38.2%","101","1.7%","18","1.2%","26","0.3%","74","1.5%","0","0.0%","26","0.2%","5","0.3%","3","0.3%","1","0.3%","1","0.1%","0","0.0%","329","0.3%","9","0.2%","6","0.1%","182","0.5%","6,679","0.6%","1,308","26.8%","3,440","95.7%","131","3.7%","2,307","92.9%","84","0.8%","111","2.0%","45","0.4%","50","1.0%","255","2.2%","8","0.2%","6","0.1%","17","0.2%","44","0.2%","76","4.4%","2","0.2%","367","0.5%","1,743","31.4%","534","1.8%","407","0.3%","15","0.3%","374","0.3%","1,157","0.5%","331","0.4%","249","0.4%","41","0.3%","0","0.0%","23","0.2%","3","0.1%","0","-","0","0.0%","15","0.5%","224","0.7%","1,327","0.9%","5","1.9%","14","0.6%","73","0.3%","1,303","0.6%","18","0.2%"
"Not Hispanic or Latino Asian alone","25","0.6%","7","0.3%","184","0.6%","8","0.3%","245","1.0%","1","0.3%","7","6.1%","80","0.7%","9","0.1%","2,054","2.3%","126","0.8%","27","0.4%","2","0.1%","7","0.2%","54","0.3%","1","0.7%","0","0.0%","4,518","1.9%","2,389","1.9%","6","0.2%","0","0.0%","54","0.3%","0","0.0%","28","0.4%","4","0.2%","4","0.4%","1","2.0%","11","0.9%","11","0.5%","7","0.5%","74","0.8%","6","4.5%","0","-","13","0.9%","588","1.1%","20","0.5%","2","0.3%","28","0.3%","2","1.5%","52","0.8%","7","0.5%","33","0.4%","107","2.1%","1","0.7%","55","0.5%","2","0.1%","0","0.0%","0","0.0%","2","0.1%","0","0.0%","2,535","2.6%","133","2.9%","460","5.0%","431","1.3%","46,682","4.5%","21","0.4%","0","0.0%","11","0.3%","2","0.1%","56","0.5%","9","0.2%","106","0.9%","9","0.2%","27","0.2%","4","0.1%","42","0.7%","25","0.3%","656","2.3%","25","1.5%","2","0.2%","484","0.7%","19","0.3%","138","0.5%","2,701","1.8%","11","0.2%","1,605","1.2%","5,039","2.2%","366","0.4%","389","0.7%","157","1.1%","43","0.9%","112","0.9%","34","1.1%","0","-","1","2.2%","9","0.3%","209","0.7%","1,584","1.1%","0","0.0%","16","0.7%","114","0.5%","3,437","1.5%","52","0.6%"
"Not Hispanic or Latino Native Hawaiian and Other Pacific Islander alone","8","0.2%","13","0.5%","59","0.2%","0","0.0%","39","0.2%","0","0.0%","0","0.0%","72","0.6%","12","0.2%","541","0.6%","27","0.2%","8","0.1%","0","0.0%","3","0.1%","26","0.2%","0","0.0%","2","0.3%","1,479","0.6%","1,725","1.3%","10","0.3%","0","0.0%","29","0.2%","0","0.0%","7","0.1%","0","0.0%","0","0.0%","0","0.0%","2","0.2%","3","0.1%","2","0.1%","11","0.1%","0","0.0%","0","-","3","0.2%","230","0.4%","4","0.1%","3","0.4%","38","0.3%","0","0.0%","1","0.0%","0","0.0%","4","0.1%","9","0.2%","0","0.0%","0","0.0%","0","0.0%","0","0.0%","0","0.0%","4","0.3%","0","0.0%","1,231","1.2%","7","0.2%","6","0.1%","871","2.6%","19,079","1.8%","42","0.9%","1","0.0%","3","0.1%","5","0.2%","166","1.6%","4","0.1%","77","0.6%","8","0.2%","31","0.3%","10","0.2%","12","0.2%","8","0.1%","22","0.1%","7","0.4%","1","0.1%","629","0.9%","5","0.1%","92","0.3%","1,127","0.8%","25","0.4%","1,211","0.9%","3,319","1.5%","430","0.5%","429","0.8%","26","0.2%","7","0.1%","7","0.1%","0","0.0%","0","-","1","2.2%","2","0.1%","138","0.4%","1,467","1.0%","1","0.4%","2","0.1%","30","0.1%","901","0.4%","17","0.2%"
"Not Hispanic or Latino Some Other Race alone","8","0.2%","0","0.0%","41","0.1%","11","0.4%","48","0.2%","2","0.5%","0","0.0%","26","0.2%","16","0.2%","293","0.3%","60","0.4%","27","0.4%","11","0.7%","8","0.2%","39","0.3%","1","0.7%","1","0.1%","831","0.4%","413","0.3%","12","0.3%","0","0.0%","35","0.2%","0","0.0%","13","0.2%","1","0.0%","2","0.2%","0","0.0%","0","0.0%","0","0.0%","3","0.2%","61","0.6%","1","0.7%","0","-","8","0.6%","140","0.3%","6","0.1%","1","0.1%","9","0.1%","0","0.0%","16","0.3%","2","0.1%","12","0.2%","14","0.3%","1","0.7%","8","0.1%","1","0.1%","0","0.0%","1","0.3%","0","0.0%","1","0.1%","397","0.4%","26","0.6%","28","0.3%","144","0.4%","4,942","0.5%","9","0.2%","0","0.0%","12","0.3%","5","0.2%","42","0.4%","0","0.0%","39","0.3%","22","0.4%","27","0.2%","0","0.0%","19","0.3%","8","0.1%","128","0.4%","9","0.5%","1","0.1%","272","0.4%","20","0.4%","96","0.3%","533","0.4%","9","0.2%","503","0.4%","938","0.4%","262","0.3%","176","0.3%","28","0.2%","5","0.1%","27","0.2%","5","0.2%","0","-","0","0.0%","8","0.3%","136","0.4%","487","0.3%","1","0.4%","4","0.2%","72","0.3%","910","0.4%","32","0.4%"
"Not Hispanic or Latino Two or More Races","90","2.0%","45","1.7%","952","3.1%","39","1.3%","580","2.5%","15","3.9%","9","7.8%","290","2.5%","106","1.5%","2,651","2.9%","429","2.6%","167","2.3%","59","3.7%","132","3.9%","500","3.2%","5","3.3%","14","1.8%","9,445","4.0%","4,654","3.6%","74","1.9%","2","7.7%","457","2.9%","0","0.0%","126","1.9%","51","2.4%","16","1.7%","1","2.0%","20","1.6%","65","2.8%","32","2.3%","400","4.2%","14","10.4%","0","-","33","2.3%","1,724","3.4%","95","2.1%","12","1.7%","234","2.1%","2","1.5%","159","2.6%","38","2.5%","160","2.0%","108","2.2%","1","0.7%","264","2.5%","22","1.3%","25","2.4%","8","2.0%","46","3.1%","19","1.9%","3,962","4.0%","174","3.8%","388","4.3%","1,104","3.3%","40,455","3.9%","207","4.2%","57","1.6%","113","3.2%","27","1.1%","277","2.6%","137","2.5%","329","2.7%","156","3.0%","298","2.5%","103","2.2%","141","2.4%","179","2.3%","1,042","3.6%","58","3.4%","54","5.5%","2,554","3.6%","229","4.1%","1,094","3.6%","5,745","3.9%","164","2.8%","5,852","4.3%","10,575","4.7%","2,416","2.8%","1,940","3.4%","420","2.9%","90","1.9%","328","2.7%","75","2.5%","0","-","0","0.0%","36","1.3%","928","2.9%","4,852","3.3%","6","2.3%","73","3.3%","545","2.6%","8,668","3.7%","211","2.6%"
"RELATIONSHIP","","","","","","","","","","","","","","","","","","","","","","","","","","","","","","","","","","","","","","","","","","","","","","","","","","","","","","","","","","","","","","","","","","","","","","","","","","","","","","","","","","","","","","","","","","","","","","","","","","","","","","","","","","","","","","","","","","","","","","","","","","","","","","","","","","","","","","","","","","","","","","","","","","","","","","","","","","","","","","","","","","","","","","","","","","","","","","","","","","","","","","","","","",""
"Total population","4,426","100.0%","2,646","100.0%","30,535","100.0%","3,118","100.0%","23,633","100.0%","380","100.0%","115","100.0%","11,716","100.0%","6,883","100.0%","90,654","100.0%","16,627","100.0%","7,159","100.0%","1,577","100.0%","3,375","100.0%","15,460","100.0%","150","100.0%","785","100.0%","233,947","100.0%","128,732","100.0%","3,967","100.0%","26","100.0%","15,602","100.0%","1","100.0%","6,747","100.0%","2,147","100.0%","931","100.0%","50","100.0%","1,285","100.0%","2,342","100.0%","1,406","100.0%","9,535","100.0%","134","100.0%","0","-","1,452","100.0%","51,403","100.0%","4,434","100.0%","697","100.0%","10,953","100.0%","136","100.0%","6,120","100.0%","1,547","100.0%","7,820","100.0%","5,017","100.0%","138","100.0%","10,626","100.0%","1,669","100.0%","1,045","100.0%","393","100.0%","1,483","100.0%","1,027","100.0%","98,934","100.0%","4,530","100.0%","9,119","100.0%","33,384","100.0%","1,039,271","100.0%","4,879","100.0%","3,595","100.0%","3,562","100.0%","2,482","100.0%","10,565","100.0%","5,580","100.0%","12,292","100.0%","5,142","100.0%","11,777","100.0%","4,603","100.0%","5,799","100.0%","7,846","100.0%","28,712","100.0%","1,717","100.0%","985","100.0%","69,996","100.0%","5,552","100.0%","30,068","100.0%","148,978","100.0%","5,884","100.0%","135,207","100.0%","225,926","100.0%","87,042","100.0%","56,362","100.0%","14,611","100.0%","4,840","100.0%","12,277","100.0%","3,015","100.0%","0","-","45","100.0%","2,736","100.0%","31,777","100.0%","145,766","100.0%","258","100.0%","2,228","100.0%","21,084","100.0%","232,873","100.0%","8,266","100.0%"
"In households","4,076","92.1%","2,629","99.4%","30,199","98.9%","3,118","100.0%","23,611","99.9%","380","100.0%","115","100.0%","11,710","99.9%","6,883","100.0%","86,574","95.5%","16,627","100.0%","7,100","99.2%","1,577","100.0%","3,375","100.0%","15,146","98.0%","150","100.0%","785","100.0%","232,622","99.4%","127,748","99.2%","3,872","97.6%","26","100.0%","15,502","99.4%","1","100.0%","6,715","99.5%","2,123","98.9%","931","100.0%","50","100.0%","1,260","98.1%","2,264","96.7%","1,261","89.7%","9,357","98.1%","134","100.0%","0","-","1,437","99.0%","49,810","96.9%","4,400","99.2%","697","100.0%","10,835","98.9%","136","100.0%","5,906","96.5%","1,528","98.8%","7,724","98.8%","4,957","98.8%","138","100.0%","10,597","99.7%","1,669","100.0%","1,045","100.0%","393","100.0%","1,441","97.2%","1,018","99.1%","98,623","99.7%","4,445","98.1%","9,119","100.0%","33,364","99.9%","1,021,650","98.3%","4,658","95.5%","3,595","100.0%","3,481","97.7%","2,338","94.2%","9,811","92.9%","3,888","69.7%","11,997","97.6%","5,122","99.6%","11,392","96.7%","4,603","100.0%","5,771","99.5%","7,801","99.4%","28,649","99.8%","1,704","99.2%","978","99.3%","69,477","99.3%","5,532","99.6%","29,930","99.5%","148,365","99.6%","5,833","99.1%","135,115","99.9%","211,819","93.8%","86,352","99.2%","55,989","99.3%","14,387","98.5%","4,840","100.0%","12,257","99.8%","3,008","99.8%","0","-","45","100.0%","2,736","100.0%","31,429","98.9%","143,342","98.3%","258","100.0%","2,228","100.0%","20,420","96.9%","229,942","98.7%","8,206","99.3%"
"Householder","1,407","31.8%","865","32.7%","10,116","33.1%","949","30.4%","7,464","31.6%","124","32.6%","36","31.3%","3,437","29.3%","2,137","31.0%","29,090","32.1%","4,945","29.7%","2,032","28.4%","650","41.2%","1,398","41.4%","5,898","38.2%","57","38.0%","335","42.7%","70,325","30.1%","41,262","32.1%","1,446","36.5%","18","69.2%","5,046","32.3%","1","100.0%","2,392","35.5%","784","36.5%","355","38.1%","25","50.0%","551","42.9%","851","36.3%","449","31.9%","3,931","41.2%","57","42.5%","0","-","466","32.1%","16,629","32.4%","1,645","37.1%","272","39.0%","3,229","29.5%","49","36.0%","2,480","40.5%","587","37.9%","2,578","33.0%","1,671","33.3%","40","29.0%","3,055","28.8%","522","31.3%","365","34.9%","170","43.3%","524","35.3%","357","34.8%","27,990","28.3%","1,681","37.1%","3,320","36.4%","9,581","28.7%","362,670","34.9%","1,565","32.1%","1,105","30.7%","1,290","36.2%","681","27.4%","3,174","30.0%","1,296","23.2%","3,923","31.9%","1,796","34.9%","3,998","33.9%","1,691","36.7%","2,025","34.9%","2,661","33.9%","11,002","38.3%","702","40.9%","327","33.2%","21,048","30.1%","1,800","32.4%","10,197","33.9%","41,268","27.7%","1,545","26.3%","34,250","25.3%","67,905","30.1%","24,034","27.6%","15,602","27.7%","4,371","29.9%","1,359","28.1%","4,027","32.8%","1,263","41.9%","0","-","18","40.0%","852","31.1%","10,942","34.4%","50,628","34.7%","124","48.1%","932","41.8%","6,302","29.9%","80,362","34.5%","2,930","35.4%"
"Opposite-sex spouse","820","18.5%","539","20.4%","6,238","20.4%","669","21.5%","4,966","21.0%","87","22.9%","27","23.5%","2,455","21.0%","1,527","22.2%","16,639","18.4%","3,597","21.6%","1,594","22.3%","285","18.1%","670","19.9%","3,010","19.5%","39","26.0%","193","24.6%","46,249","19.8%","26,316","20.4%","867","21.9%","1","3.8%","3,109","19.9%","0","0.0%","1,499","22.2%","490","22.8%","173","18.6%","11","22.0%","283","22.0%","537","22.9%","262","18.6%","1,641","17.2%","23","17.2%","0","-","255","17.6%","9,498","18.5%","998","22.5%","145","20.8%","2,213","20.2%","22","16.2%","1,277","20.9%","354","22.9%","1,672","21.4%","1,091","21.7%","39","28.3%","2,376","22.4%","401","24.0%","225","21.5%","99","25.2%","345","23.3%","226","22.0%","19,190","19.4%","1,056","23.3%","2,247","24.6%","5,358","16.0%","176,872","17.0%","858","17.6%","467","13.0%","743","20.9%","269","10.8%","1,923","18.2%","831","14.9%","2,616","21.3%","1,132","22.0%","2,369","20.1%","981","21.3%","1,386","23.9%","1,713","21.8%","6,377","22.2%","282","16.4%","202","20.5%","13,426","19.2%","911","16.4%","5,937","19.7%","29,679","19.9%","1,228","20.9%","26,316","19.5%","38,317","17.0%","17,144","19.7%","11,234","19.9%","3,009","20.6%","941","19.4%","2,580","21.0%","751","24.9%","0","-","11","24.4%","610","22.3%","6,765","21.3%","30,844","21.2%","60","23.3%","543","24.4%","4,659","22.1%","41,468","17.8%","2,118","25.6%"
"Same-sex spouse","0","0.0%","3","0.1%","13","0.0%","1","0.0%","20","0.1%","0","0.0%","1","0.9%","6","0.1%","2","0.0%","80","0.1%","6","0.0%","4","0.1%","1","0.1%","6","0.2%","14","0.1%","0","0.0%","1","0.1%","274","0.1%","164","0.1%","2","0.1%","0","0.0%","13","0.1%","0","0.0%","4","0.1%","4","0.2%","2","0.2%","0","0.0%","0","0.0%","3","0.1%","2","0.1%","21","0.2%","0","0.0%","0","-","2","0.1%","52","0.1%","1","0.0%","0","0.0%","7","0.1%","0","0.0%","15","0.2%","0","0.0%","2","0.0%","4","0.1%","0","0.0%","1","0.0%","0","0.0%","0","0.0%","0","0.0%","1","0.1%","1","0.1%","165","0.2%","11","0.2%","35","0.4%","69","0.2%","2,870","0.3%","3","0.1%","2","0.1%","2","0.1%","0","0.0%","4","0.0%","4","0.1%","12","0.1%","0","0.0%","5","0.0%","2","0.0%","11","0.2%","10","0.1%","55","0.2%","3","0.2%","3","0.3%","62","0.1%","6","0.1%","30","0.1%","102","0.1%","5","0.1%","86","0.1%","234","0.1%","54","0.1%","42","0.1%","15","0.1%","6","0.1%","16","0.1%","2","0.1%","0","-","0","0.0%","4","0.1%","48","0.2%","133","0.1%","0","0.0%","4","0.2%","25","0.1%","389","0.2%","6","0.1%"
"Opposite-sex unmarried partner","45","1.0%","42","1.6%","372","1.2%","30","1.0%","296","1.3%","2","0.5%","1","0.9%","108","0.9%","46","0.7%","1,134","1.3%","159","1.0%","41","0.6%","45","2.9%","102","3.0%","310","2.0%","2","1.3%","8","1.0%","2,867","1.2%","1,449","1.1%","52","1.3%","0","0.0%","253","1.6%","0","0.0%","89","1.3%","24","1.1%","23","2.5%","1","2.0%","26","2.0%","31","1.3%","17","1.2%","342","3.6%","1","0.7%","0","-","18","1.2%","859","1.7%","67","1.5%","16","2.3%","86","0.8%","0","0.0%","110","1.8%","27","1.7%","76","1.0%","62","1.2%","2","1.4%","63","0.6%","12","0.7%","10","1.0%","5","1.3%","6","0.4%","4","0.4%","1,370","1.4%","89","2.0%","120","1.3%","755","2.3%","23,392","2.3%","70","1.4%","80","2.2%","51","1.4%","59","2.4%","78","0.7%","40","0.7%","120","1.0%","39","0.8%","152","1.3%","72","1.6%","81","1.4%","136","1.7%","619","2.2%","34","2.0%","8","0.8%","1,216","1.7%","100","1.8%","550","1.8%","868","0.6%","27","0.5%","948","0.7%","1,759","0.8%","714","0.8%","378","0.7%","170","1.2%","38","0.8%","152","1.2%","81","2.7%","0","-","1","2.2%","19","0.7%","522","1.6%","1,963","1.3%","2","0.8%","27","1.2%","173","0.8%","5,161","2.2%","95","1.1%"
"Same-sex unmarried partner","2","0.0%","1","0.0%","8","0.0%","0","0.0%","3","0.0%","0","0.0%","0","0.0%","1","0.0%","8","0.1%","74","0.1%","4","0.0%","1","0.0%","0","0.0%","4","0.1%","12","0.1%","0","0.0%","1","0.1%","158","0.1%","110","0.1%","4","0.1%","0","0.0%","5","0.0%","0","0.0%","6","0.1%","1","0.0%","1","0.1%","0","0.0%","1","0.1%","4","0.2%","0","0.0%","17","0.2%","0","0.0%","0","-","0","0.0%","36","0.1%","8","0.2%","2","0.3%","5","0.0%","0","0.0%","4","0.1%","2","0.1%","1","0.0%","2","0.0%","0","0.0%","1","0.0%","0","0.0%","0","0.0%","0","0.0%","0","0.0%","2","0.2%","73","0.1%","4","0.1%","12","0.1%","27","0.1%","1,969","0.2%","4","0.1%","0","0.0%","1","0.0%","0","0.0%","6","0.1%","1","0.0%","5","0.0%","1","0.0%","4","0.0%","3","0.1%","6","0.1%","3","0.0%","14","0.0%","4","0.2%","0","0.0%","45","0.1%","1","0.0%","21","0.1%","63","0.0%","3","0.1%","43","0.0%","142","0.1%","32","0.0%","13","0.0%","11","0.1%","3","0.1%","7","0.1%","2","0.1%","0","-","0","0.0%","1","0.0%","20","0.1%","109","0.1%","0","0.0%","1","0.0%","6","0.0%","260","0.1%","0","0.0%"
"Child [2]","1,483","33.5%","961","36.3%","11,190","36.6%","1,164","37.3%","9,079","38.4%","134","35.3%","45","39.1%","4,793","40.9%","2,693","39.1%","28,641","31.6%","6,969","41.9%","3,027","42.3%","419","26.6%","965","28.6%","4,752","30.7%","38","25.3%","206","26.2%","93,512","40.0%","48,318","37.5%","1,274","32.1%","5","19.2%","5,979","38.3%","0","0.0%","2,290","33.9%","682","31.8%","299","32.1%","10","20.0%","306","23.8%","701","29.9%","429","30.5%","2,352","24.7%","34","25.4%","0","-","467","32.2%","16,835","32.8%","1,362","30.7%","186","26.7%","4,507","41.1%","40","29.4%","1,619","26.5%","471","30.4%","2,799","35.8%","1,708","34.0%","46","33.3%","4,578","43.1%","621","37.2%","356","34.1%","94","23.9%","493","33.2%","383","37.3%","41,281","41.7%","1,233","27.2%","2,786","30.6%","12,333","36.9%","321,584","30.9%","1,757","36.0%","1,258","35.0%","1,141","32.0%","882","35.5%","3,519","33.3%","1,435","25.7%","4,257","34.6%","1,740","33.8%","4,107","34.9%","1,549","33.7%","1,898","32.7%","2,694","34.3%","8,441","29.4%","501","29.2%","337","34.2%","27,179","38.8%","1,952","35.2%","11,222","37.3%","63,232","42.4%","2,593","44.1%","63,430","46.9%","66,917","29.6%","36,595","42.0%","24,137","42.8%","5,602","38.3%","1,999","41.3%","4,443","36.2%","660","21.9%","0","-","8","17.8%","1,082","39.5%","9,989","31.4%","46,053","31.6%","54","20.9%","609","27.3%","7,859","37.3%","77,963","33.5%","2,554","30.9%"
"Under 18 years","1,166","26.3%","763","28.8%","8,317","27.2%","896","28.7%","7,068","29.9%","104","27.4%","27","23.5%","3,692","31.5%","2,101","30.5%","22,568","24.9%","5,542","33.3%","2,330","32.5%","309","19.6%","731","21.7%","3,540","22.9%","33","22.0%","158","20.1%","70,569","30.2%","36,195","28.1%","982","24.8%","5","19.2%","4,734","30.3%","0","0.0%","1,784","26.4%","548","25.5%","218","23.4%","3","6.0%","207","16.1%","530","22.6%","330","23.5%","1,764","18.5%","21","15.7%","0","-","348","24.0%","13,100","25.5%","1,012","22.8%","109","15.6%","3,468","31.7%","27","19.9%","1,230","20.1%","346","22.4%","2,229","28.5%","1,315","26.2%","30","21.7%","3,541","33.3%","470","28.2%","244","23.3%","70","17.8%","392","26.4%","318","31.0%","32,361","32.7%","844","18.6%","1,910","20.9%","8,934","26.8%","227,871","21.9%","1,321","27.1%","643","17.9%","881","24.7%","447","18.0%","2,657","25.1%","1,046","18.7%","3,192","26.0%","1,258","24.5%","3,243","27.5%","1,181","25.7%","1,370","23.6%","1,996","25.4%","6,247","21.8%","338","19.7%","237","24.1%","20,844","29.8%","1,417","25.5%","9,142","30.4%","46,852","31.4%","2,108","35.8%","53,570","39.6%","50,319","22.3%","27,428","31.5%","18,688","33.2%","4,171","28.5%","1,543","31.9%","3,409","27.8%","441","14.6%","0","-","5","11.1%","868","31.7%","7,308","23.0%","34,416","23.6%","35","13.6%","445","20.0%","5,818","27.6%","56,674","24.3%","1,726","20.9%"
"Grandchild","83","1.9%","41","1.5%","804","2.6%","119","3.8%","680","2.9%","7","1.8%","1","0.9%","289","2.5%","168","2.4%","1,254","1.4%","255","1.5%","134","1.9%","73","4.6%","86","2.5%","416","2.7%","5","3.3%","12","1.5%","5,526","2.4%","2,860","2.2%","88","2.2%","1","3.8%","399","2.6%","0","0.0%","173","2.6%","44","2.0%","20","2.1%","1","2.0%","21","1.6%","47","2.0%","26","1.8%","188","2.0%","4","3.0%","0","-","53","3.7%","989","1.9%","100","2.3%","36","5.2%","322","2.9%","11","8.1%","112","1.8%","35","2.3%","202","2.6%","141","2.8%","5","3.6%","193","1.8%","48","2.9%","21","2.0%","6","1.5%","25","1.7%","14","1.4%","1,818","1.8%","74","1.6%","113","1.2%","1,144","3.4%","26,452","2.5%","120","2.5%","399","11.1%","79","2.2%","221","8.9%","238","2.3%","104","1.9%","361","2.9%","130","2.5%","245","2.1%","93","2.0%","122","2.1%","141","1.8%","243","0.8%","63","3.7%","27","2.7%","1,937","2.8%","336","6.1%","659","2.2%","3,479","2.3%","114","1.9%","2,132","1.6%","4,454","2.0%","2,473","2.8%","1,271","2.3%","329","2.3%","144","3.0%","280","2.3%","44","1.5%","0","-","1","2.2%","51","1.9%","842","2.6%","3,216","2.2%","4","1.6%","19","0.9%","483","2.3%","6,414","2.8%","170","2.1%"
"Grandchild Under 18 years","74","1.7%","38","1.4%","617","2.0%","97","3.1%","568","2.4%","6","1.6%","1","0.9%","217","1.9%","124","1.8%","967","1.1%","199","1.2%","98","1.4%","65","4.1%","65","1.9%","323","2.1%","5","3.3%","11","1.4%","4,363","1.9%","2,172","1.7%","69","1.7%","1","3.8%","312","2.0%","0","0.0%","123","1.8%","36","1.7%","18","1.9%","1","2.0%","16","1.2%","40","1.7%","20","1.4%","133","1.4%","4","3.0%","0","-","45","3.1%","737","1.4%","79","1.8%","30","4.3%","255","2.3%","10","7.4%","73","1.2%","24","1.6%","161","2.1%","115","2.3%","5","3.6%","164","1.5%","42","2.5%","16","1.5%","5","1.3%","20","1.3%","9","0.9%","1,487","1.5%","56","1.2%","80","0.9%","956","2.9%","20,699","2.0%","89","1.8%","314","8.7%","53","1.5%","196","7.9%","192","1.8%","86","1.5%","297","2.4%","107","2.1%","207","1.8%","70","1.5%","93","1.6%","109","1.4%","194","0.7%","54","3.1%","22","2.2%","1,565","2.2%","259","4.7%","543","1.8%","2,788","1.9%","97","1.6%","1,790","1.3%","3,357","1.5%","1,973","2.3%","974","1.7%","260","1.8%","111","2.3%","221","1.8%","28","0.9%","0","-","0","0.0%","42","1.5%","644","2.0%","2,426","1.7%","3","1.2%","13","0.6%","376","1.8%","4,983","2.1%","134","1.6%"
"Other relatives","153","3.5%","92","3.5%","912","3.0%","120","3.8%","721","3.1%","22","5.8%","2","1.7%","425","3.6%","193","2.8%","2,553","2.8%","458","2.8%","179","2.5%","69","4.4%","85","2.5%","420","2.7%","3","2.0%","12","1.5%","8,360","3.6%","4,445","3.5%","87","2.2%","1","3.8%","466","3.0%","0","0.0%","154","2.3%","53","2.5%","38","4.1%","1","2.0%","36","2.8%","65","2.8%","53","3.8%","300","3.1%","9","6.7%","0","-","109","7.5%","2,008","3.9%","146","3.3%","22","3.2%","291","2.7%","10","7.4%","155","2.5%","28","1.8%","232","3.0%","197","3.9%","6","4.3%","231","2.2%","52","3.1%","47","4.5%","15","3.8%","24","1.6%","19","1.9%","4,358","4.4%","145","3.2%","230","2.5%","2,765","8.3%","55,725","5.4%","156","3.2%","252","7.0%","100","2.8%","206","8.3%","285","2.7%","137","2.5%","486","4.0%","163","3.2%","303","2.6%","148","3.2%","136","2.3%","221","2.8%","614","2.1%","70","4.1%","54","5.5%","2,955","4.2%","342","6.2%","788","2.6%","5,682","3.8%","224","3.8%","4,904","3.6%","10,264","4.5%","3,557","4.1%","2,182","3.9%","510","3.5%","226","4.7%","397","3.2%","87","2.9%","0","-","6","13.3%","81","3.0%","1,323","4.2%","5,497","3.8%","8","3.1%","61","2.7%","602","2.9%","10,241","4.4%","200","2.4%"
"Nonrelatives","83","1.9%","85","3.2%","546","1.8%","66","2.1%","382","1.6%","4","1.1%","2","1.7%","196","1.7%","109","1.6%","7,109","7.8%","234","1.4%","88","1.2%","35","2.2%","59","1.7%","314","2.0%","6","4.0%","17","2.2%","5,351","2.3%","2,824","2.2%","52","1.3%","0","0.0%","232","1.5%","0","0.0%","108","1.6%","41","1.9%","20","2.1%","1","2.0%","36","2.8%","25","1.1%","23","1.6%","565","5.9%","6","4.5%","0","-","67","4.6%","2,904","5.6%","73","1.6%","18","2.6%","175","1.6%","4","2.9%","134","2.2%","24","1.6%","162","2.1%","81","1.6%","0","0.0%","99","0.9%","13","0.8%","21","2.0%","4","1.0%","23","1.6%","12","1.2%","2,378","2.4%","152","3.4%","256","2.8%","1,332","4.0%","50,116","4.8%","125","2.6%","32","0.9%","74","2.1%","20","0.8%","584","5.5%","40","0.7%","217","1.8%","121","2.4%","209","1.8%","64","1.4%","106","1.8%","222","2.8%","1,284","4.5%","45","2.6%","20","2.0%","1,609","2.3%","84","1.5%","526","1.7%","3,992","2.7%","94","1.6%","3,006","2.2%","21,827","9.7%","1,749","2.0%","1,130","2.0%","370","2.5%","124","2.6%","355","2.9%","118","3.9%","0","-","0","0.0%","36","1.3%","978","3.1%","4,899","3.4%","6","2.3%","32","1.4%","311","1.5%","7,684","3.3%","133","1.6%"
"In group quarters","350","7.9%","17","0.6%","336","1.1%","0","0.0%","22","0.1%","0","0.0%","0","0.0%","6","0.1%","0","0.0%","4,080","4.5%","0","0.0%","59","0.8%","0","0.0%","0","0.0%","314","2.0%","0","0.0%","0","0.0%","1,325","0.6%","984","0.8%","95","2.4%","0","0.0%","100","0.6%","0","0.0%","32","0.5%","24","1.1%","0","0.0%","0","0.0%","25","1.9%","78","3.3%","145","10.3%","178","1.9%","0","0.0%","0","-","15","1.0%","1,593","3.1%","34","0.8%","0","0.0%","118","1.1%","0","0.0%","214","3.5%","19","1.2%","96","1.2%","60","1.2%","0","0.0%","29","0.3%","0","0.0%","0","0.0%","0","0.0%","42","2.8%","9","0.9%","311","0.3%","85","1.9%","0","0.0%","20","0.1%","17,621","1.7%","221","4.5%","0","0.0%","81","2.3%","144","5.8%","754","7.1%","1,692","30.3%","295","2.4%","20","0.4%","385","3.3%","0","0.0%","28","0.5%","45","0.6%","63","0.2%","13","0.8%","7","0.7%","519","0.7%","20","0.4%","138","0.5%","613","0.4%","51","0.9%","92","0.1%","14,107","6.2%","690","0.8%","373","0.7%","224","1.5%","0","0.0%","20","0.2%","7","0.2%","0","-","0","0.0%","0","0.0%","348","1.1%","2,424","1.7%","0","0.0%","0","0.0%","664","3.1%","2,931","1.3%","60","0.7%"
"Institutionalized population:","350","7.9%","17","0.6%","299","1.0%","0","0.0%","22","0.1%","0","0.0%","0","0.0%","0","0.0%","0","0.0%","477","0.5%","0","0.0%","51","0.7%","0","0.0%","0","0.0%","139","0.9%","0","0.0%","0","0.0%","694","0.3%","952","0.7%","91","2.3%","0","0.0%","75","0.5%","0","0.0%","15","0.2%","24","1.1%","0","0.0%","0","0.0%","25","1.9%","78","3.3%","0","0.0%","72","0.8%","0","0.0%","0","-","15","1.0%","265","0.5%","19","0.4%","0","0.0%","82","0.7%","0","0.0%","196","3.2%","0","0.0%","86","1.1%","52","1.0%","0","0.0%","29","0.3%","0","0.0%","0","0.0%","0","0.0%","0","0.0%","4","0.4%","247","0.2%","2","0.0%","0","0.0%","11","0.0%","8,181","0.8%","61","1.3%","0","0.0%","73","2.0%","0","0.0%","141","1.3%","1,692","30.3%","91","0.7%","20","0.4%","343","2.9%","0","0.0%","28","0.5%","45","0.6%","3","0.0%","0","0.0%","0","0.0%","391","0.6%","12","0.2%","81","0.3%","256","0.2%","0","0.0%","37","0.0%","821","0.4%","605","0.7%","327","0.6%","224","1.5%","0","0.0%","0","0.0%","0","0.0%","0","-","0","0.0%","0","0.0%","206","0.6%","1,007","0.7%","0","0.0%","0","0.0%","648","3.1%","1,050","0.5%","50","0.6%"
"Institutionalized population Male","344","7.8%","8","0.3%","210","0.7%","0","0.0%","12","0.1%","0","0.0%","0","0.0%","0","0.0%","0","0.0%","272","0.3%","0","0.0%","5","0.1%","0","0.0%","0","0.0%","68","0.4%","0","0.0%","0","0.0%","259","0.1%","539","0.4%","77","1.9%","0","0.0%","28","0.2%","0","0.0%","7","0.1%","16","0.7%","0","0.0%","0","0.0%","18","1.4%","63","2.7%","0","0.0%","32","0.3%","0","0.0%","0","-","2","0.1%","155","0.3%","15","0.3%","0","0.0%","53","0.5%","0","0.0%","172","2.8%","0","0.0%","44","0.6%","51","1.0%","0","0.0%","16","0.2%","0","0.0%","0","0.0%","0","0.0%","0","0.0%","4","0.4%","107","0.1%","0","0.0%","0","0.0%","11","0.0%","5,750","0.6%","33","0.7%","0","0.0%","70","2.0%","0","0.0%","108","1.0%","1,672","30.0%","79","0.6%","5","0.1%","201","1.7%","0","0.0%","20","0.3%","16","0.2%","3","0.0%","0","0.0%","0","0.0%","225","0.3%","10","0.2%","31","0.1%","96","0.1%","0","0.0%","2","0.0%","508","0.2%","441","0.5%","131","0.2%","76","0.5%","0","0.0%","0","0.0%","0","0.0%","0","-","0","0.0%","0","0.0%","133","0.4%","608","0.4%","0","0.0%","0","0.0%","536","2.5%","678","0.3%","43","0.5%"
"Institutionalized population Female","6","0.1%","9","0.3%","89","0.3%","0","0.0%","10","0.0%","0","0.0%","0","0.0%","0","0.0%","0","0.0%","205","0.2%","0","0.0%","46","0.6%","0","0.0%","0","0.0%","71","0.5%","0","0.0%","0","0.0%","435","0.2%","413","0.3%","14","0.4%","0","0.0%","47","0.3%","0","0.0%","8","0.1%","8","0.4%","0","0.0%","0","0.0%","7","0.5%","15","0.6%","0","0.0%","40","0.4%","0","0.0%","0","-","13","0.9%","110","0.2%","4","0.1%","0","0.0%","29","0.3%","0","0.0%","24","0.4%","0","0.0%","42","0.5%","1","0.0%","0","0.0%","13","0.1%","0","0.0%","0","0.0%","0","0.0%","0","0.0%","0","0.0%","140","0.1%","2","0.0%","0","0.0%","0","0.0%","2,431","0.2%","28","0.6%","0","0.0%","3","0.1%","0","0.0%","33","0.3%","20","0.4%","12","0.1%","15","0.3%","142","1.2%","0","0.0%","8","0.1%","29","0.4%","0","0.0%","0","0.0%","0","0.0%","166","0.2%","2","0.0%","50","0.2%","160","0.1%","0","0.0%","35","0.0%","313","0.1%","164","0.2%","196","0.3%","148","1.0%","0","0.0%","0","0.0%","0","0.0%","0","-","0","0.0%","0","0.0%","73","0.2%","399","0.3%","0","0.0%","0","0.0%","112","0.5%","372","0.2%","7","0.1%"
"Noninstitutionalized population:","0","0.0%","0","0.0%","37","0.1%","0","0.0%","0","0.0%","0","0.0%","0","0.0%","6","0.1%","0","0.0%","3,603","4.0%","0","0.0%","8","0.1%","0","0.0%","0","0.0%","175","1.1%","0","0.0%","0","0.0%","631","0.3%","32","0.0%","4","0.1%","0","0.0%","25","0.2%","0","0.0%","17","0.3%","0","0.0%","0","0.0%","0","0.0%","0","0.0%","0","0.0%","145","10.3%","106","1.1%","0","0.0%","0","-","0","0.0%","1,328","2.6%","15","0.3%","0","0.0%","36","0.3%","0","0.0%","18","0.3%","19","1.2%","10","0.1%","8","0.2%","0","0.0%","0","0.0%","0","0.0%","0","0.0%","0","0.0%","42","2.8%","5","0.5%","64","0.1%","83","1.8%","0","0.0%","9","0.0%","9,440","0.9%","160","3.3%","0","0.0%","8","0.2%","144","5.8%","613","5.8%","0","0.0%","204","1.7%","0","0.0%","42","0.4%","0","0.0%","0","0.0%","0","0.0%","60","0.2%","13","0.8%","7","0.7%","128","0.2%","8","0.1%","57","0.2%","357","0.2%","51","0.9%","55","0.0%","13,286","5.9%","85","0.1%","46","0.1%","0","0.0%","0","0.0%","20","0.2%","7","0.2%","0","-","0","0.0%","0","0.0%","142","0.4%","1,417","1.0%","0","0.0%","0","0.0%","16","0.1%","1,881","0.8%","10","0.1%"
"Noninstitutionalized population Male","0","0.0%","0","0.0%","14","0.0%","0","0.0%","0","0.0%","0","0.0%","0","0.0%","0","0.0%","0","0.0%","1,574","1.7%","0","0.0%","4","0.1%","0","0.0%","0","0.0%","115","0.7%","0","0.0%","0","0.0%","485","0.2%","23","0.0%","1","0.0%","0","0.0%","18","0.1%","0","0.0%","8","0.1%","0","0.0%","0","0.0%","0","0.0%","0","0.0%","0","0.0%","72","5.1%","63","0.7%","0","0.0%","0","-","0","0.0%","577","1.1%","11","0.2%","0","0.0%","24","0.2%","0","0.0%","10","0.2%","15","1.0%","9","0.1%","7","0.1%","0","0.0%","0","0.0%","0","0.0%","0","0.0%","0","0.0%","38","2.6%","5","0.5%","37","0.0%","67","1.5%","0","0.0%","2","0.0%","5,183","0.5%","75","1.5%","0","0.0%","3","0.1%","63","2.5%","332","3.1%","0","0.0%","143","1.2%","0","0.0%","16","0.1%","0","0.0%","0","0.0%","0","0.0%","33","0.1%","6","0.3%","2","0.2%","77","0.1%","4","0.1%","27","0.1%","194","0.1%","38","0.6%","43","0.0%","6,191","2.7%","35","0.0%","27","0.0%","0","0.0%","0","0.0%","10","0.1%","3","0.1%","0","-","0","0.0%","0","0.0%","75","0.2%","640","0.4%","0","0.0%","0","0.0%","11","0.1%","997","0.4%","6","0.1%"
"Noninstitutionalized population Female","0","0.0%","0","0.0%","23","0.1%","0","0.0%","0","0.0%","0","0.0%","0","0.0%","6","0.1%","0","0.0%","2,029","2.2%","0","0.0%","4","0.1%","0","0.0%","0","0.0%","60","0.4%","0","0.0%","0","0.0%","146","0.1%","9","0.0%","3","0.1%","0","0.0%","7","0.0%","0","0.0%","9","0.1%","0","0.0%","0","0.0%","0","0.0%","0","0.0%","0","0.0%","73","5.2%","43","0.5%","0","0.0%","0","-","0","0.0%","751","1.5%","4","0.1%","0","0.0%","12","0.1%","0","0.0%","8","0.1%","4","0.3%","1","0.0%","1","0.0%","0","0.0%","0","0.0%","0","0.0%","0","0.0%","0","0.0%","4","0.3%","0","0.0%","27","0.0%","16","0.4%","0","0.0%","7","0.0%","4,257","0.4%","85","1.7%","0","0.0%","5","0.1%","81","3.3%","281","2.7%","0","0.0%","61","0.5%","0","0.0%","26","0.2%","0","0.0%","0","0.0%","0","0.0%","27","0.1%","7","0.4%","5","0.5%","51","0.1%","4","0.1%","30","0.1%","163","0.1%","13","0.2%","12","0.0%","7,095","3.1%","50","0.1%","19","0.0%","0","0.0%","0","0.0%","10","0.1%","4","0.1%","0","-","0","0.0%","0","0.0%","67","0.2%","777","0.5%","0","0.0%","0","0.0%","5","0.0%","884","0.4%","4","0.0%"
"HOUSEHOLDS BY TYPE","","","","","","","","","","","","","","","","","","","","","","","","","","","","","","","","","","","","","","","","","","","","","","","","","","","","","","","","","","","","","","","","","","","","","","","","","","","","","","","","","","","","","","","","","","","","","","","","","","","","","","","","","","","","","","","","","","","","","","","","","","","","","","","","","","","","","","","","","","","","","","","","","","","","","","","","","","","","","","","","","","","","","","","","","","","","","","","","","","","","","","","","","",""
"Total households","1,402","100.0%","874","100.0%","10,138","100.0%","956","100.0%","7,448","100.0%","136","100.0%","32","100.0%","3,436","100.0%","2,150","100.0%","29,068","100.0%","4,944","100.0%","2,028","100.0%","644","100.0%","1,419","100.0%","5,887","100.0%","66","100.0%","326","100.0%","70,300","100.0%","41,252","100.0%","1,458","100.0%","3","100.0%","5,048","100.0%","2","100.0%","2,394","100.0%","785","100.0%","356","100.0%","35","100.0%","535","100.0%","850","100.0%","461","100.0%","3,967","100.0%","39","100.0%","0","-","467","100.0%","16,607","100.0%","1,657","100.0%","273","100.0%","3,209","100.0%","47","100.0%","2,496","100.0%","585","100.0%","2,571","100.0%","1,675","100.0%","53","100.0%","3,054","100.0%","520","100.0%","372","100.0%","164","100.0%","543","100.0%","343","100.0%","27,997","100.0%","1,703","100.0%","3,337","100.0%","9,554","100.0%","362,638","100.0%","1,575","100.0%","1,092","100.0%","1,296","100.0%","686","100.0%","3,179","100.0%","1,291","100.0%","3,924","100.0%","1,784","100.0%","4,001","100.0%","1,679","100.0%","2,029","100.0%","2,657","100.0%","11,002","100.0%","713","100.0%","327","100.0%","21,047","100.0%","1,790","100.0%","10,203","100.0%","41,283","100.0%","1,547","100.0%","34,242","100.0%","67,833","100.0%","24,035","100.0%","15,618","100.0%","4,371","100.0%","1,359","100.0%","4,023","100.0%","1,273","100.0%","0","-","14","100.0%","870","100.0%","10,980","100.0%","50,566","100.0%","114","100.0%","950","100.0%","6,308","100.0%","80,368","100.0%","2,919","100.0%"
"Married couple household","828","59.1%","540","61.8%","6,254","61.7%","662","69.2%","4,975","66.8%","94","69.1%","25","78.1%","2,458","71.5%","1,536","71.4%","16,696","57.4%","3,622","73.3%","1,591","78.5%","292","45.3%","705","49.7%","2,997","50.9%","32","48.5%","195","59.8%","46,513","66.2%","26,482","64.2%","859","58.9%","1","33.3%","3,125","61.9%","1","50.0%","1,500","62.7%","493","62.8%","175","49.2%","22","62.9%","276","51.6%","533","62.7%","269","58.4%","1,651","41.6%","25","64.1%","0","-","260","55.7%","9,546","57.5%","993","59.9%","150","54.9%","2,214","69.0%","23","48.9%","1,299","52.0%","364","62.2%","1,686","65.6%","1,080","64.5%","35","66.0%","2,380","77.9%","403","77.5%","237","63.7%","94","57.3%","352","64.8%","225","65.6%","19,387","69.2%","1,069","62.8%","2,289","68.6%","5,442","57.0%","179,672","49.5%","863","54.8%","462","42.3%","760","58.6%","274","39.9%","1,942","61.1%","841","65.1%","2,604","66.4%","1,129","63.3%","2,381","59.5%","981","58.4%","1,396","68.8%","1,725","64.9%","6,432","58.5%","297","41.7%","207","63.3%","13,486","64.1%","920","51.4%","5,968","58.5%","29,775","72.1%","1,241","80.2%","26,418","77.2%","38,511","56.8%","17,203","71.6%","11,276","72.2%","3,020","69.1%","953","70.1%","2,599","64.6%","743","58.4%","0","-","10","71.4%","594","68.3%","6,809","62.0%","31,020","61.3%","55","48.2%","546","57.5%","4,684","74.3%","41,830","52.0%","2,122","72.7%"
"Married couple household With own children under 18 [3]","372","26.5%","260","29.7%","2,840","28.0%","304","31.8%","2,412","32.4%","42","30.9%","16","50.0%","1,315","38.3%","767","35.7%","7,892","27.2%","1,946","39.4%","812","40.0%","95","14.8%","276","19.5%","1,142","19.4%","9","13.6%","53","16.3%","24,920","35.4%","13,039","31.6%","314","21.5%","0","0.0%","1,538","30.5%","1","50.0%","616","25.7%","168","21.4%","78","21.9%","10","28.6%","71","13.3%","186","21.9%","106","23.0%","542","13.7%","7","17.9%","0","-","106","22.7%","4,279","25.8%","355","21.4%","55","20.1%","1,126","35.1%","6","12.8%","411","16.5%","103","17.6%","736","28.6%","456","27.2%","17","32.1%","1,236","40.5%","173","33.3%","89","23.9%","19","11.6%","146","26.9%","101","29.4%","12,002","42.9%","387","22.7%","894","26.8%","2,951","30.9%","80,019","22.1%","420","26.7%","165","15.1%","287","22.1%","115","16.8%","903","28.4%","376","29.1%","1,046","26.7%","447","25.1%","1,064","26.6%","416","24.8%","527","26.0%","752","28.3%","2,706","24.6%","133","18.7%","88","26.9%","7,257","34.5%","426","23.8%","3,042","29.8%","16,308","39.5%","753","48.7%","18,639","54.4%","17,523","25.8%","9,427","39.2%","6,446","41.3%","1,466","33.5%","553","40.7%","1,181","29.4%","167","13.1%","0","-","3","21.4%","259","29.8%","2,374","21.6%","11,426","22.6%","16","14.0%","178","18.7%","2,256","35.8%","19,101","23.8%","685","23.5%"
"Cohabiting couple household","39","2.8%","41","4.7%","380","3.7%","33","3.5%","312","4.2%","4","2.9%","0","0.0%","115","3.3%","65","3.0%","1,186","4.1%","144","2.9%","44","2.2%","42","6.5%","102","7.2%","325","5.5%","0","0.0%","14","4.3%","3,012","4.3%","1,581","3.8%","53","3.6%","0","0.0%","263","5.2%","1","50.0%","90","3.8%","25","3.2%","29","8.1%","3","8.6%","24","4.5%","28","3.3%","18","3.9%","364","9.2%","0","0.0%","0","-","19","4.1%","886","5.3%","72","4.3%","16","5.9%","79","2.5%","1","2.1%","124","5.0%","24","4.1%","85","3.3%","62","3.7%","4","7.5%","65","2.1%","10","1.9%","11","3.0%","2","1.2%","6","1.1%","4","1.2%","1,449","5.2%","97","5.7%","143","4.3%","773","8.1%","25,366","7.0%","70","4.4%","83","7.6%","52","4.0%","52","7.6%","87","2.7%","38","2.9%","124","3.2%","40","2.2%","160","4.0%","71","4.2%","90","4.4%","146","5.5%","633","5.8%","35","4.9%","15","4.6%","1,258","6.0%","102","5.7%","581","5.7%","930","2.3%","37","2.4%","988","2.9%","1,881","2.8%","754","3.1%","388","2.5%","172","3.9%","41","3.0%","160","4.0%","87","6.8%","0","-","1","7.1%","22","2.5%","524","4.8%","2,082","4.1%","8","7.0%","23","2.4%","189","3.0%","5,413","6.7%","91","3.1%"
"Cohabiting couple household With own children under 18 [3]","16","1.1%","13","1.5%","167","1.6%","16","1.7%","145","1.9%","3","2.2%","0","0.0%","44","1.3%","26","1.2%","349","1.2%","72","1.5%","17","0.8%","19","3.0%","39","2.7%","114","1.9%","0","0.0%","8","2.5%","1,182","1.7%","486","1.2%","17","1.2%","0","0.0%","125","2.5%","1","50.0%","34","1.4%","13","1.7%","9","2.5%","0","0.0%","2","0.4%","6","0.7%","9","2.0%","110","2.8%","0","0.0%","0","-","8","1.7%","306","1.8%","19","1.1%","2","0.7%","33","1.0%","1","2.1%","24","1.0%","10","1.7%","39","1.5%","31","1.9%","3","5.7%","29","0.9%","0","0.0%","2","0.5%","0","0.0%","2","0.4%","0","0.0%","609","2.2%","26","1.5%","28","0.8%","410","4.3%","6,891","1.9%","44","2.8%","47","4.3%","13","1.0%","31","4.5%","33","1.0%","17","1.3%","48","1.2%","16","0.9%","76","1.9%","27","1.6%","26","1.3%","38","1.4%","111","1.0%","12","1.7%","10","3.1%","589","2.8%","39","2.2%","281","2.8%","370","0.9%","15","1.0%","434","1.3%","627","0.9%","383","1.6%","199","1.3%","51","1.2%","19","1.4%","62","1.5%","18","1.4%","0","-","1","7.1%","10","1.1%","179","1.6%","684","1.4%","4","3.5%","8","0.8%","76","1.2%","2,144","2.7%","18","0.6%"
"Male householder, no spouse or partner present:","254","18.1%","151","17.3%","1,473","14.5%","137","14.3%","1,020","13.7%","18","13.2%","4","12.5%","360","10.5%","265","12.3%","4,827","16.6%","488","9.9%","159","7.8%","143","22.2%","295","20.8%","1,082","18.4%","22","33.3%","73","22.4%","8,900","12.7%","5,163","12.5%","287","19.7%","2","66.7%","743","14.7%","0","0.0%","348","14.5%","126","16.1%","62","17.4%","5","14.3%","114","21.3%","132","15.5%","95","20.6%","874","22.0%","1","2.6%","0","-","113","24.2%","2,697","16.2%","267","16.1%","52","19.0%","410","12.8%","11","23.4%","437","17.5%","89","15.2%","389","15.1%","222","13.3%","8","15.1%","243","8.0%","51","9.8%","66","17.7%","32","19.5%","86","15.8%","60","17.5%","2,923","10.4%","297","17.4%","414","12.4%","1,477","15.5%","69,636","19.2%","235","14.9%","224","20.5%","244","18.8%","141","20.6%","481","15.1%","182","14.1%","530","13.5%","259","14.5%","627","15.7%","263","15.7%","272","13.4%","367","13.8%","1,860","16.9%","229","32.1%","47","14.4%","2,892","13.7%","347","19.4%","1,538","15.1%","4,132","10.0%","134","8.7%","2,950","8.6%","11,886","17.5%","2,406","10.0%","1,525","9.8%","564","12.9%","171","12.6%","534","13.3%","214","16.8%","0","-","0","0.0%","123","14.1%","1,582","14.4%","6,555","13.0%","29","25.4%","171","18.0%","622","9.9%","14,577","18.1%","372","12.7%"
"Male householder, no spouse or partner present Living alone","170","12.1%","91","10.4%","973","9.6%","82","8.6%","652","8.8%","11","8.1%","2","6.3%","225","6.5%","171","8.0%","2,520","8.7%","289","5.8%","115","5.7%","103","16.0%","187","13.2%","780","13.2%","15","22.7%","55","16.9%","5,191","7.4%","3,201","7.8%","206","14.1%","2","66.7%","487","9.6%","0","0.0%","242","10.1%","87","11.1%","37","10.4%","3","8.6%","89","16.6%","99","11.6%","64","13.9%","572","14.4%","0","0.0%","0","-","66","14.1%","1,512","9.1%","190","11.5%","29","10.6%","262","8.2%","5","10.6%","341","13.7%","70","12.0%","262","10.2%","163","9.7%","5","9.4%","165","5.4%","39","7.5%","36","9.7%","22","13.4%","65","12.0%","44","12.8%","1,387","5.0%","186","10.9%","279","8.4%","681","7.1%","42,595","11.7%","176","11.2%","133","12.2%","163","12.6%","83","12.1%","273","8.6%","114","8.8%","364","9.3%","163","9.1%","429","10.7%","194","11.6%","176","8.7%","233","8.8%","1,241","11.3%","174","24.4%","29","8.9%","1,711","8.1%","202","11.3%","1,051","10.3%","2,176","5.3%","61","3.9%","1,374","4.0%","4,914","7.2%","1,218","5.1%","814","5.2%","348","8.0%","95","7.0%","319","7.9%","132","10.4%","0","-","0","0.0%","75","8.6%","1,037","9.4%","3,973","7.9%","18","15.8%","128","13.5%","366","5.8%","9,206","11.5%","274","9.4%"
"Male householder, no spouse or partner present Living alone 65 years and over","73","5.2%","32","3.7%","312","3.1%","32","3.3%","214","2.9%","5","3.7%","0","0.0%","81","2.4%","62","2.9%","571","2.0%","99","2.0%","42","2.1%","46","7.1%","84","5.9%","307","5.2%","5","7.6%","20","6.1%","1,183","1.7%","898","2.2%","66","4.5%","0","0.0%","135","2.7%","0","0.0%","102","4.3%","40","5.1%","16","4.5%","0","0.0%","42","7.9%","56","6.6%","23","5.0%","218","5.5%","0","0.0%","0","-","22","4.7%","463","2.8%","101","6.1%","11","4.0%","113","3.5%","0","0.0%","185","7.4%","39","6.7%","109","4.2%","58","3.5%","2","3.8%","64","2.1%","17","3.3%","13","3.5%","10","6.1%","31","5.7%","29","8.5%","199","0.7%","53","3.1%","133","4.0%","171","1.8%","9,399","2.6%","67","4.3%","40","3.7%","73","5.6%","8","1.2%","104","3.3%","47","3.6%","161","4.1%","79","4.4%","169","4.2%","69","4.1%","52","2.6%","72","2.7%","337","3.1%","37","5.2%","14","4.3%","464","2.2%","60","3.4%","291","2.9%","561","1.4%","12","0.8%","222","0.6%","1,028","1.5%","397","1.7%","263","1.7%","114","2.6%","27","2.0%","129","3.2%","36","2.8%","0","-","0","0.0%","35","4.0%","499","4.5%","1,844","3.6%","7","6.1%","50","5.3%","143","2.3%","2,499","3.1%","104","3.6%"
"Male householder, no spouse or partner present With own children under 18 [3]","35","2.5%","19","2.2%","149","1.5%","26","2.7%","141","1.9%","2","1.5%","0","0.0%","38","1.1%","29","1.3%","339","1.2%","80","1.6%","18","0.9%","9","1.4%","32","2.3%","84","1.4%","4","6.1%","10","3.1%","1,249","1.8%","597","1.4%","35","2.4%","0","0.0%","133","2.6%","0","0.0%","41","1.7%","14","1.8%","7","2.0%","0","0.0%","9","1.7%","9","1.1%","10","2.2%","86","2.2%","0","0.0%","0","-","14","3.0%","253","1.5%","16","1.0%","4","1.5%","43","1.3%","2","4.3%","26","1.0%","6","1.0%","40","1.6%","15","0.9%","2","3.8%","25","0.8%","5","1.0%","7","1.9%","1","0.6%","8","1.5%","2","0.6%","625","2.2%","28","1.6%","37","1.1%","231","2.4%","6,460","1.8%","18","1.1%","24","2.2%","37","2.9%","17","2.5%","48","1.5%","20","1.5%","54","1.4%","28","1.6%","75","1.9%","22","1.3%","27","1.3%","49","1.8%","200","1.8%","20","2.8%","6","1.8%","419","2.0%","53","3.0%","175","1.7%","645","1.6%","24","1.6%","617","1.8%","1,063","1.6%","374","1.6%","233","1.5%","71","1.6%","28","2.1%","82","2.0%","21","1.6%","0","-","0","0.0%","17","2.0%","167","1.5%","713","1.4%","6","5.3%","14","1.5%","90","1.4%","1,616","2.0%","37","1.3%"
"Female householder, no spouse or partner present:","281","20.0%","142","16.2%","2,031","20.0%","124","13.0%","1,141","15.3%","20","14.7%","3","9.4%","503","14.6%","284","13.2%","6,359","21.9%","690","14.0%","234","11.5%","167","25.9%","317","22.3%","1,483","25.2%","12","18.2%","44","13.5%","11,875","16.9%","8,026","19.5%","259","17.8%","0","0.0%","917","18.2%","0","0.0%","456","19.0%","141","18.0%","90","25.3%","5","14.3%","121","22.6%","157","18.5%","79","17.1%","1,078","27.2%","13","33.3%","0","-","75","16.1%","3,478","20.9%","325","19.6%","55","20.1%","506","15.8%","12","25.5%","636","25.5%","108","18.5%","411","16.0%","311","18.6%","6","11.3%","366","12.0%","56","10.8%","58","15.6%","36","22.0%","99","18.2%","54","15.7%","4,238","15.1%","240","14.1%","491","14.7%","1,862","19.5%","87,964","24.3%","407","25.8%","323","29.6%","240","18.5%","219","31.9%","669","21.0%","230","17.8%","666","17.0%","356","20.0%","833","20.8%","364","21.7%","271","13.4%","419","15.8%","2,077","18.9%","152","21.3%","58","17.7%","3,411","16.2%","421","23.5%","2,116","20.7%","6,446","15.6%","135","8.7%","3,886","11.3%","15,555","22.9%","3,672","15.3%","2,429","15.6%","615","14.1%","194","14.3%","730","18.1%","229","18.0%","0","-","3","21.4%","131","15.1%","2,065","18.8%","10,909","21.6%","22","19.3%","210","22.1%","813","12.9%","18,548","23.1%","334","11.4%"
"Female householder, no spouse or partner present Living alone","166","11.8%","70","8.0%","1,097","10.8%","61","6.4%","591","7.9%","15","11.0%","1","3.1%","222","6.5%","162","7.5%","2,955","10.2%","346","7.0%","122","6.0%","109","16.9%","190","13.4%","862","14.6%","2","3.0%","27","8.3%","5,366","7.6%","4,246","10.3%","147","10.1%","0","0.0%","470","9.3%","0","0.0%","279","11.7%","85","10.8%","49","13.8%","5","14.3%","67","12.5%","107","12.6%","45","9.8%","624","15.7%","10","25.6%","0","-","33","7.1%","1,597","9.6%","194","11.7%","25","9.2%","255","7.9%","8","17.0%","457","18.3%","64","10.9%","236","9.2%","181","10.8%","1","1.9%","195","6.4%","29","5.6%","39","10.5%","21","12.8%","68","12.5%","30","8.7%","1,568","5.6%","131","7.7%","263","7.9%","580","6.1%","45,479","12.5%","180","11.4%","116","10.6%","138","10.6%","81","11.8%","360","11.3%","123","9.5%","376","9.6%","196","11.0%","467","11.7%","191","11.4%","134","6.6%","225","8.5%","1,162","10.6%","81","11.4%","37","11.3%","1,540","7.3%","180","10.1%","1,113","10.9%","2,911","7.1%","81","5.2%","1,448","4.2%","6,006","8.9%","1,636","6.8%","1,109","7.1%","311","7.1%","88","6.5%","342","8.5%","137","10.8%","0","-","0","0.0%","80","9.2%","1,176","10.7%","6,031","11.9%","14","12.3%","147","15.5%","461","7.3%","9,360","11.6%","209","7.2%"
"Female householder, no spouse or partner present Living alone 65 years and over","97","6.9%","52","5.9%","607","6.0%","44","4.6%","329","4.4%","11","8.1%","1","3.1%","141","4.1%","95","4.4%","1,332","4.6%","210","4.2%","71","3.5%","70","10.9%","101","7.1%","486","8.3%","1","1.5%","19","5.8%","2,498","3.6%","2,199","5.3%","92","6.3%","0","0.0%","252","5.0%","0","0.0%","168","7.0%","57","7.3%","21","5.9%","4","11.4%","28","5.2%","66","7.8%","28","6.1%","315","7.9%","2","5.1%","0","-","21","4.5%","800","4.8%","134","8.1%","15","5.5%","151","4.7%","5","10.6%","244","9.8%","46","7.9%","131","5.1%","119","7.1%","1","1.9%","129","4.2%","16","3.1%","24","6.5%","15","9.1%","38","7.0%","17","5.0%","553","2.0%","70","4.1%","178","5.3%","272","2.8%","18,699","5.2%","93","5.9%","70","6.4%","81","6.3%","38","5.5%","231","7.3%","77","6.0%","256","6.5%","141","7.9%","289","7.2%","104","6.2%","69","3.4%","123","4.6%","428","3.9%","22","3.1%","23","7.0%","780","3.7%","87","4.9%","524","5.1%","1,550","3.8%","43","2.8%","647","1.9%","2,530","3.7%","933","3.9%","674","4.3%","150","3.4%","42","3.1%","184","4.6%","39","3.1%","0","-","0","0.0%","48","5.5%","744","6.8%","3,976","7.9%","11","9.6%","92","9.7%","273","4.3%","4,619","5.7%","115","3.9%"
"Female householder, no spouse or partner present With own children under 18 [3]","47","3.4%","40","4.6%","402","4.0%","19","2.0%","256","3.4%","1","0.7%","0","0.0%","127","3.7%","52","2.4%","1,168","4.0%","152","3.1%","48","2.4%","15","2.3%","43","3.0%","289","4.9%","2","3.0%","2","0.6%","3,023","4.3%","1,461","3.5%","50","3.4%","0","0.0%","214","4.2%","0","0.0%","77","3.2%","24","3.1%","18","5.1%","0","0.0%","15","2.8%","16","1.9%","17","3.7%","176","4.4%","1","2.6%","0","-","16","3.4%","768","4.6%","48","2.9%","6","2.2%","125","3.9%","2","4.3%","61","2.4%","15","2.6%","81","3.2%","34","2.0%","5","9.4%","66","2.2%","9","1.7%","8","2.2%","5","3.0%","13","2.4%","17","5.0%","1,409","5.0%","46","2.7%","55","1.6%","587","6.1%","15,861","4.4%","104","6.6%","54","4.9%","41","3.2%","40","5.8%","105","3.3%","40","3.1%","113","2.9%","52","2.9%","177","4.4%","77","4.6%","57","2.8%","87","3.3%","438","4.0%","21","2.9%","8","2.4%","862","4.1%","85","4.7%","510","5.0%","1,427","3.5%","17","1.1%","1,227","3.6%","2,602","3.8%","896","3.7%","570","3.6%","123","2.8%","44","3.2%","182","4.5%","47","3.7%","0","-","2","14.3%","19","2.2%","344","3.1%","1,884","3.7%","0","0.0%","21","2.2%","108","1.7%","3,982","5.0%","50","1.7%"
"Households with individuals under 18 years","531","37.9%","375","42.9%","3,971","39.2%","427","44.7%","3,287","44.1%","52","38.2%","19","59.4%","1,660","48.3%","960","44.7%","10,553","36.3%","2,420","48.9%","964","47.5%","182","28.3%","448","31.6%","1,881","32.0%","22","33.3%","95","29.1%","33,239","47.3%","17,050","41.3%","486","33.3%","1","33.3%","2,282","45.2%","2","100.0%","863","36.0%","258","32.9%","140","39.3%","11","31.4%","122","22.8%","236","27.8%","169","36.7%","1,119","28.2%","9","23.1%","0","-","173","37.0%","6,239","37.6%","515","31.1%","86","31.5%","1,491","46.5%","12","25.5%","627","25.1%","160","27.4%","1,015","39.5%","631","37.7%","30","56.6%","1,472","48.2%","204","39.2%","130","34.9%","36","22.0%","193","35.5%","130","37.9%","15,746","56.2%","547","32.1%","1,099","32.9%","4,867","50.9%","123,788","34.1%","682","43.3%","453","41.5%","441","34.0%","291","42.4%","1,246","39.2%","509","39.4%","1,447","36.9%","641","35.9%","1,543","38.6%","597","35.6%","713","35.1%","1,035","39.0%","3,701","33.6%","238","33.4%","126","38.5%","10,235","48.6%","756","42.2%","4,397","43.1%","20,612","49.9%","908","58.7%","22,037","64.4%","24,220","35.7%","12,258","51.0%","8,091","51.8%","1,904","43.6%","721","53.1%","1,656","41.2%","298","23.4%","0","-","9","64.3%","347","39.9%","3,534","32.2%","16,330","32.3%","37","32.5%","263","27.7%","2,819","44.7%","30,317","37.7%","863","29.6%"
"Households with individuals 65 years and over","522","37.2%","289","33.1%","3,096","30.5%","298","31.2%","2,085","28.0%","44","32.4%","5","15.6%","896","26.1%","604","28.1%","6,011","20.7%","1,242","25.1%","568","28.0%","287","44.6%","522","36.8%","2,071","35.2%","29","43.9%","133","40.8%","15,312","21.8%","11,165","27.1%","560","38.4%","1","33.3%","1,486","29.4%","1","50.0%","858","35.8%","324","41.3%","108","30.3%","12","34.3%","242","45.2%","397","46.7%","181","39.3%","1,413","35.6%","9","23.1%","0","-","162","34.7%","4,531","27.3%","744","44.9%","91","33.3%","972","30.3%","17","36.2%","1,111","44.5%","262","44.8%","874","34.0%","638","38.1%","12","22.6%","905","29.6%","181","34.8%","157","42.2%","79","48.2%","237","43.6%","116","33.8%","4,193","15.0%","581","34.1%","1,288","38.6%","1,964","20.6%","87,174","24.0%","487","30.9%","404","37.0%","494","38.1%","233","34.0%","1,076","33.8%","441","34.2%","1,559","39.7%","739","41.4%","1,342","33.5%","546","32.5%","614","30.3%","748","28.2%","2,833","25.7%","174","24.4%","127","38.8%","4,753","22.6%","641","35.8%","2,601","25.5%","9,170","22.2%","330","21.3%","4,431","12.9%","12,722","18.8%","5,738","23.9%","3,653","23.4%","1,214","27.8%","327","24.1%","1,289","32.0%","359","28.2%","0","-","4","28.6%","307","35.3%","4,616","42.0%","20,950","41.4%","45","39.5%","424","44.6%","1,756","27.8%","20,648","25.7%","990","33.9%"
"HOUSING OCCUPANCY","","","","","","","","","","","","","","","","","","","","","","","","","","","","","","","","","","","","","","","","","","","","","","","","","","","","","","","","","","","","","","","","","","","","","","","","","","","","","","","","","","","","","","","","","","","","","","","","","","","","","","","","","","","","","","","","","","","","","","","","","","","","","","","","","","","","","","","","","","","","","","","","","","","","","","","","","","","","","","","","","","","","","","","","","","","","","","","","","","","","","","","","","",""
"Total housing units","1,804","100.0%","1,059","100.0%","10,486","100.0%","1,044","100.0%","7,720","100.0%","267","100.0%","406","100.0%","3,562","100.0%","2,244","100.0%","30,396","100.0%","5,079","100.0%","2,087","100.0%","842","100.0%","2,131","100.0%","6,606","100.0%","126","100.0%","1,012","100.0%","72,595","100.0%","42,622","100.0%","2,744","100.0%","37","100.0%","5,908","100.0%","36","100.0%","2,739","100.0%","893","100.0%","437","100.0%","103","100.0%","769","100.0%","1,945","100.0%","684","100.0%","5,124","100.0%","68","100.0%","0","-","662","100.0%","17,962","100.0%","3,128","100.0%","311","100.0%","3,420","100.0%","85","100.0%","3,245","100.0%","2,759","100.0%","2,890","100.0%","1,952","100.0%","65","100.0%","3,145","100.0%","558","100.0%","559","100.0%","289","100.0%","2,646","100.0%","454","100.0%","29,423","100.0%","2,605","100.0%","3,702","100.0%","9,885","100.0%","382,664","100.0%","1,814","100.0%","1,296","100.0%","1,564","100.0%","815","100.0%","3,652","100.0%","1,378","100.0%","5,207","100.0%","2,034","100.0%","4,538","100.0%","1,945","100.0%","2,764","100.0%","4,524","100.0%","18,386","100.0%","895","100.0%","394","100.0%","21,713","100.0%","2,180","100.0%","11,477","100.0%","42,877","100.0%","1,599","100.0%","35,128","100.0%","71,961","100.0%","24,828","100.0%","16,177","100.0%","5,404","100.0%","1,428","100.0%","4,909","100.0%","2,421","100.0%","0","-","300","100.0%","1,322","100.0%","12,952","100.0%","60,256","100.0%","165","100.0%","1,513","100.0%","6,442","100.0%","84,336","100.0%","4,836","100.0%"
"Occupied housing units","1,402","77.7%","874","82.5%","10,138","96.7%","956","91.6%","7,448","96.5%","136","50.9%","32","7.9%","3,436","96.5%","2,150","95.8%","29,068","95.6%","4,944","97.3%","2,028","97.2%","644","76.5%","1,419","66.6%","5,887","89.1%","66","52.4%","326","32.2%","70,300","96.8%","41,252","96.8%","1,458","53.1%","3","8.1%","5,048","85.4%","2","5.6%","2,394","87.4%","785","87.9%","356","81.5%","35","34.0%","535","69.6%","850","43.7%","461","67.4%","3,967","77.4%","39","57.4%","0","-","467","70.5%","16,607","92.5%","1,657","53.0%","273","87.8%","3,209","93.8%","47","55.3%","2,496","76.9%","585","21.2%","2,571","89.0%","1,675","85.8%","53","81.5%","3,054","97.1%","520","93.2%","372","66.5%","164","56.7%","543","20.5%","343","75.6%","27,997","95.2%","1,703","65.4%","3,337","90.1%","9,554","96.7%","362,638","94.8%","1,575","86.8%","1,092","84.3%","1,296","82.9%","686","84.2%","3,179","87.0%","1,291","93.7%","3,924","75.4%","1,784","87.7%","4,001","88.2%","1,679","86.3%","2,029","73.4%","2,657","58.7%","11,002","59.8%","713","79.7%","327","83.0%","21,047","96.9%","1,790","82.1%","10,203","88.9%","41,283","96.3%","1,547","96.7%","34,242","97.5%","67,833","94.3%","24,035","96.8%","15,618","96.5%","4,371","80.9%","1,359","95.2%","4,023","82.0%","1,273","52.6%","0","-","14","4.7%","870","65.8%","10,980","84.8%","50,566","83.9%","114","69.1%","950","62.8%","6,308","97.9%","80,368","95.3%","2,919","60.4%"
"Vacant housing units","402","22.3%","185","17.5%","348","3.3%","88","8.4%","272","3.5%","131","49.1%","374","92.1%","126","3.5%","94","4.2%","1,328","4.4%","135","2.7%","59","2.8%","198","23.5%","712","33.4%","719","10.9%","60","47.6%","686","67.8%","2,295","3.2%","1,370","3.2%","1,286","46.9%","34","91.9%","860","14.6%","34","94.4%","345","12.6%","108","12.1%","81","18.5%","68","66.0%","234","30.4%","1,095","56.3%","223","32.6%","1,157","22.6%","29","42.6%","0","-","195","29.5%","1,355","7.5%","1,471","47.0%","38","12.2%","211","6.2%","38","44.7%","749","23.1%","2,174","78.8%","319","11.0%","277","14.2%","12","18.5%","91","2.9%","38","6.8%","187","33.5%","125","43.3%","2,103","79.5%","111","24.4%","1,426","4.8%","902","34.6%","365","9.9%","331","3.3%","20,026","5.2%","239","13.2%","204","15.7%","268","17.1%","129","15.8%","473","13.0%","87","6.3%","1,283","24.6%","250","12.3%","537","11.8%","266","13.7%","735","26.6%","1,867","41.3%","7,384","40.2%","182","20.3%","67","17.0%","666","3.1%","390","17.9%","1,274","11.1%","1,594","3.7%","52","3.3%","886","2.5%","4,128","5.7%","793","3.2%","559","3.5%","1,033","19.1%","69","4.8%","886","18.0%","1,148","47.4%","0","-","286","95.3%","452","34.2%","1,972","15.2%","9,690","16.1%","51","30.9%","563","37.2%","134","2.1%","3,968","4.7%","1,917","39.6%"
"For rent","23","1.3%","44","4.2%","102","1.0%","8","0.8%","62","0.8%","1","0.4%","0","0.0%","22","0.6%","2","0.1%","549","1.8%","20","0.4%","6","0.3%","25","3.0%","65","3.1%","251","3.8%","0","0.0%","0","0.0%","1,028","1.4%","534","1.3%","42","1.5%","3","8.1%","234","4.0%","1","2.8%","60","2.2%","18","2.0%","1","0.2%","0","0.0%","13","1.7%","12","0.6%","10","1.5%","133","2.6%","3","4.4%","0","-","14","2.1%","311","1.7%","22","0.7%","6","1.9%","49","1.4%","9","10.6%","75","2.3%","11","0.4%","51","1.8%","28","1.4%","3","4.6%","8","0.3%","3","0.5%","4","0.7%","2","0.7%","6","0.2%","6","1.3%","746","2.5%","33","1.3%","17","0.5%","110","1.1%","10,626","2.8%","46","2.5%","0","0.0%","24","1.5%","9","1.1%","103","2.8%","15","1.1%","38","0.7%","27","1.3%","54","1.2%","30","1.5%","21","0.8%","19","0.4%","471","2.6%","97","10.8%","1","0.3%","203","0.9%","22","1.0%","553","4.8%","432","1.0%","10","0.6%","237","0.7%","2,115","2.9%","248","1.0%","126","0.8%","62","1.1%","5","0.4%","80","1.6%","53","2.2%","0","-","4","1.3%","2","0.2%","248","1.9%","1,460","2.4%","8","4.8%","24","1.6%","24","0.4%","1,665","2.0%","26","0.5%"
"Rented, not occupied","7","0.4%","5","0.5%","17","0.2%","4","0.4%","4","0.1%","0","0.0%","0","0.0%","0","0.0%","1","0.0%","80","0.3%","9","0.2%","3","0.1%","5","0.6%","2","0.1%","14","0.2%","2","1.6%","2","0.2%","77","0.1%","62","0.1%","4","0.1%","0","0.0%","8","0.1%","1","2.8%","3","0.1%","0","0.0%","2","0.5%","0","0.0%","0","0.0%","0","0.0%","0","0.0%","33","0.6%","0","0.0%","0","-","0","0.0%","48","0.3%","9","0.3%","1","0.3%","14","0.4%","2","2.4%","8","0.2%","2","0.1%","4","0.1%","4","0.2%","0","0.0%","2","0.1%","1","0.2%","1","0.2%","1","0.3%","5","0.2%","3","0.7%","46","0.2%","9","0.3%","7","0.2%","6","0.1%","937","0.2%","7","0.4%","2","0.2%","1","0.1%","9","1.1%","53","1.5%","1","0.1%","10","0.2%","2","0.1%","15","0.3%","6","0.3%","4","0.1%","1","0.0%","60","0.3%","0","0.0%","1","0.3%","31","0.1%","21","1.0%","19","0.2%","78","0.2%","3","0.2%","42","0.1%","260","0.4%","28","0.1%","25","0.2%","4","0.1%","5","0.4%","15","0.3%","20","0.8%","0","-","2","0.7%","0","0.0%","32","0.2%","124","0.2%","1","0.6%","8","0.5%","2","0.0%","203","0.2%","19","0.4%"
"For sale only","17","0.9%","19","1.8%","54","0.5%","5","0.5%","32","0.4%","2","0.7%","3","0.7%","15","0.4%","10","0.4%","134","0.4%","19","0.4%","6","0.3%","20","2.4%","24","1.1%","79","1.2%","1","0.8%","3","0.3%","416","0.6%","176","0.4%","24","0.9%","0","0.0%","129","2.2%","0","0.0%","25","0.9%","13","1.5%","0","0.0%","0","0.0%","18","2.3%","13","0.7%","9","1.3%","40","0.8%","0","0.0%","0","-","4","0.6%","127","0.7%","26","0.8%","4","1.3%","35","1.0%","0","0.0%","26","0.8%","16","0.6%","20","0.7%","19","1.0%","0","0.0%","7","0.2%","3","0.5%","1","0.2%","5","1.7%","9","0.3%","9","2.0%","252","0.9%","26","1.0%","29","0.8%","68","0.7%","1,835","0.5%","16","0.9%","0","0.0%","10","0.6%","0","0.0%","23","0.6%","11","0.8%","24","0.5%","18","0.9%","35","0.8%","12","0.6%","24","0.9%","35","0.8%","169","0.9%","4","0.4%","0","0.0%","134","0.6%","29","1.3%","200","1.7%","208","0.5%","9","0.6%","259","0.7%","294","0.4%","154","0.6%","72","0.4%","65","1.2%","10","0.7%","58","1.2%","27","1.1%","0","-","0","0.0%","17","1.3%","125","1.0%","644","1.1%","1","0.6%","10","0.7%","45","0.7%","603","0.7%","17","0.4%"
"Sold, not occupied","9","0.5%","14","1.3%","27","0.3%","16","1.5%","11","0.1%","0","0.0%","6","1.5%","19","0.5%","4","0.2%","58","0.2%","7","0.1%","5","0.2%","33","3.9%","9","0.4%","33","0.5%","0","0.0%","6","0.6%","157","0.2%","93","0.2%","8","0.3%","0","0.0%","51","0.9%","0","0.0%","22","0.8%","12","1.3%","2","0.5%","0","0.0%","0","0.0%","3","0.2%","3","0.4%","9","0.2%","0","0.0%","0","-","13","2.0%","59","0.3%","18","0.6%","7","2.3%","11","0.3%","2","2.4%","15","0.5%","9","0.3%","8","0.3%","13","0.7%","0","0.0%","2","0.1%","0","0.0%","2","0.4%","5","1.7%","2","0.1%","3","0.7%","94","0.3%","16","0.6%","15","0.4%","23","0.2%","842","0.2%","7","0.4%","3","0.2%","16","1.0%","5","0.6%","19","0.5%","5","0.4%","3","0.1%","21","1.0%","20","0.4%","11","0.6%","17","0.6%","2","0.0%","123","0.7%","0","0.0%","3","0.8%","59","0.3%","34","1.6%","48","0.4%","103","0.2%","3","0.2%","58","0.2%","158","0.2%","77","0.3%","47","0.3%","30","0.6%","6","0.4%","14","0.3%","13","0.5%","0","-","0","0.0%","0","0.0%","30","0.2%","200","0.3%","0","0.0%","9","0.6%","10","0.2%","182","0.2%","19","0.4%"
"For seasonal, recreational, or occasional use","270","15.0%","56","5.3%","18","0.2%","31","3.0%","41","0.5%","98","36.7%","364","89.7%","34","1.0%","27","1.2%","155","0.5%","21","0.4%","14","0.7%","32","3.8%","475","22.3%","63","1.0%","50","39.7%","647","63.9%","130","0.2%","143","0.3%","1,102","40.2%","30","81.1%","243","4.1%","32","88.9%","139","5.1%","26","2.9%","20","4.6%","46","44.7%","151","19.6%","997","51.3%","145","21.2%","803","15.7%","22","32.4%","0","-","87","13.1%","525","2.9%","1,335","42.7%","11","3.5%","34","1.0%","11","12.9%","501","15.4%","2,073","75.1%","124","4.3%","105","5.4%","2","3.1%","25","0.8%","17","3.0%","131","23.4%","104","36.0%","2,038","77.0%","61","13.4%","51","0.2%","766","29.4%","245","6.6%","12","0.1%","2,028","0.5%","89","4.9%","60","4.6%","163","10.4%","26","3.2%","122","3.3%","22","1.6%","1,083","20.8%","137","6.7%","322","7.1%","167","8.6%","623","22.5%","1,747","38.6%","6,332","34.4%","15","1.7%","45","11.4%","42","0.2%","136","6.2%","188","1.6%","374","0.9%","3","0.2%","98","0.3%","363","0.5%","84","0.3%","145","0.9%","829","15.3%","36","2.5%","672","13.7%","971","40.1%","0","-","279","93.0%","411","31.1%","1,340","10.3%","6,640","11.0%","30","18.2%","451","29.8%","15","0.2%","306","0.4%","1,723","35.6%"
"All other vacants","76","4.2%","47","4.4%","130","1.2%","24","2.3%","122","1.6%","30","11.2%","1","0.2%","36","1.0%","50","2.2%","352","1.2%","59","1.2%","25","1.2%","83","9.9%","137","6.4%","279","4.2%","7","5.6%","28","2.8%","487","0.7%","362","0.8%","106","3.9%","1","2.7%","195","3.3%","0","0.0%","96","3.5%","39","4.4%","56","12.8%","22","21.4%","52","6.8%","70","3.6%","56","8.2%","139","2.7%","4","5.9%","0","-","77","11.6%","285","1.6%","61","2.0%","9","2.9%","68","2.0%","14","16.5%","124","3.8%","63","2.3%","112","3.9%","108","5.5%","7","10.8%","47","1.5%","14","2.5%","48","8.6%","8","2.8%","43","1.6%","29","6.4%","237","0.8%","52","2.0%","52","1.4%","112","1.1%","3,758","1.0%","74","4.1%","139","10.7%","54","3.5%","80","9.8%","153","4.2%","33","2.4%","125","2.4%","45","2.2%","91","2.0%","40","2.1%","46","1.7%","63","1.4%","229","1.2%","66","7.4%","17","4.3%","197","0.9%","148","6.8%","266","2.3%","399","0.9%","24","1.5%","192","0.5%","938","1.3%","202","0.8%","144","0.9%","43","0.8%","7","0.5%","47","1.0%","64","2.6%","0","-","1","0.3%","22","1.7%","197","1.5%","622","1.0%","11","6.7%","61","4.0%","38","0.6%","1,009","1.2%","113","2.3%"
"VACANCY RATES","","","","","","","","","","","","","","","","","","","","","","","","","","","","","","","","","","","","","","","","","","","","","","","","","","","","","","","","","","","","","","","","","","","","","","","","","","","","","","","","","","","","","","","","","","","","","","","","","","","","","","","","","","","","","","","","","","","","","","","","","","","","","","","","","","","","","","","","","","","","","","","","","","","","","","","","","","","","","","","","","","","","","","","","","","","","","","","","","","","","","","","","","",""
"Homeowner vacancy rate (percent) [4]","1.6","(X)","2.7","(X)","0.7","(X)","0.6","(X)","0.5","(X)","2.1","(X)","8.1","(X)","0.5","(X)","0.5","(X)","0.8","(X)","0.5","(X)","0.3","(X)","3.8","(X)","2.2","(X)","1.9","(X)","1.9","(X)","1.1","(X)","0.8","(X)","0.6","(X)","1.9","(X)","0.0","(X)","3.2","(X)","0.0","(X)","1.3","(X)","1.9","(X)","0.0","(X)","0.0","(X)","4.1","(X)","1.8","(X)","2.5","(X)","1.5","(X)","0.0","(X)","0.0","(X)","1.2","(X)","1.2","(X)","1.9","(X)","1.6","(X)","1.3","(X)","0.0","(X)","1.3","(X)","3.2","(X)","1.0","(X)","1.4","(X)","0.0","(X)","0.3","(X)","0.6","(X)","0.3","(X)","3.1","(X)","2.0","(X)","3.2","(X)","1.1","(X)","1.7","(X)","0.9","(X)","0.9","(X)","0.8","(X)","1.4","(X)","0.0","(X)","0.9","(X)","0.0","(X)","1.0","(X)","1.0","(X)","0.7","(X)","1.2","(X)","1.2","(X)","0.9","(X)","1.4","(X)","1.5","(X)","2.0","(X)","2.1","(X)","0.0","(X)","0.8","(X)","1.9","(X)","2.7","(X)","0.7","(X)","0.6","(X)","0.9","(X)","0.9","(X)","0.8","(X)","0.6","(X)","1.8","(X)","0.9","(X)","1.9","(X)","2.8","(X)","0.0","(X)","0.0","(X)","2.2","(X)","1.4","(X)","1.7","(X)","1.6","(X)","1.3","(X)","0.8","(X)","1.1","(X)","0.6","(X)"
"Rental vacancy rate (percent) [5]","6.0","(X)","17.5","(X)","3.9","(X)","7.4","(X)","4.0","(X)","2.3","(X)","0.0","(X)","4.8","(X)","0.6","(X)","4.0","(X)","2.0","(X)","2.6","(X)","12.6","(X)","15.5","(X)","12.4","(X)","0.0","(X)","0.0","(X)","5.9","(X)","4.9","(X)","14.7","(X)","60.0","(X)","16.9","(X)","25.0","(X)","11.4","(X)","11.5","(X)","1.0","(X)","0.0","(X)","10.1","(X)","8.5","(X)","7.7","(X)","8.7","(X)","23.1","(X)","0.0","(X)","9.3","(X)","4.8","(X)","6.0","(X)","12.5","(X)","7.3","(X)","28.1","(X)","11.6","(X)","9.1","(X)","8.2","(X)","7.9","(X)","10.7","(X)","2.3","(X)","5.0","(X)","4.8","(X)","13.3","(X)","5.3","(X)","7.3","(X)","11.5","(X)","12.0","(X)","6.1","(X)","5.0","(X)","7.1","(X)","9.1","(X)","0.0","(X)","8.5","(X)","8.3","(X)","8.7","(X)","5.5","(X)","5.5","(X)","8.1","(X)","4.7","(X)","8.2","(X)","5.4","(X)","4.3","(X)","14.5","(X)","15.5","(X)","2.9","(X)","5.4","(X)","6.5","(X)","15.2","(X)","3.9","(X)","6.1","(X)","3.9","(X)","5.6","(X)","4.9","(X)","3.4","(X)","6.2","(X)","1.6","(X)","7.3","(X)","12.1","(X)","0.0","(X)","44.4","(X)","1.6","(X)","9.3","(X)","9.1","(X)","12.9","(X)","10.5","(X)","4.5","(X)","6.4","(X)","7.5","(X)"
"HOUSING TENURE","","","","","","","","","","","","","","","","","","","","","","","","","","","","","","","","","","","","","","","","","","","","","","","","","","","","","","","","","","","","","","","","","","","","","","","","","","","","","","","","","","","","","","","","","","","","","","","","","","","","","","","","","","","","","","","","","","","","","","","","","","","","","","","","","","","","","","","","","","","","","","","","","","","","","","","","","","","","","","","","","","","","","","","","","","","","","","","","","","","","","","","","","",""
"Occupied housing units","1,402","100.0%","874","100.0%","10,138","100.0%","956","100.0%","7,448","100.0%","136","100.0%","32","100.0%","3,436","100.0%","2,150","100.0%","29,068","100.0%","4,944","100.0%","2,028","100.0%","644","100.0%","1,419","100.0%","5,887","100.0%","66","100.0%","326","100.0%","70,300","100.0%","41,252","100.0%","1,458","100.0%","3","100.0%","5,048","100.0%","2","100.0%","2,394","100.0%","785","100.0%","356","100.0%","35","100.0%","535","100.0%","850","100.0%","461","100.0%","3,967","100.0%","39","100.0%","0","-","467","100.0%","16,607","100.0%","1,657","100.0%","273","100.0%","3,209","100.0%","47","100.0%","2,496","100.0%","585","100.0%","2,571","100.0%","1,675","100.0%","53","100.0%","3,054","100.0%","520","100.0%","372","100.0%","164","100.0%","543","100.0%","343","100.0%","27,997","100.0%","1,703","100.0%","3,337","100.0%","9,554","100.0%","362,638","100.0%","1,575","100.0%","1,092","100.0%","1,296","100.0%","686","100.0%","3,179","100.0%","1,291","100.0%","3,924","100.0%","1,784","100.0%","4,001","100.0%","1,679","100.0%","2,029","100.0%","2,657","100.0%","11,002","100.0%","713","100.0%","327","100.0%","21,047","100.0%","1,790","100.0%","10,203","100.0%","41,283","100.0%","1,547","100.0%","34,242","100.0%","67,833","100.0%","24,035","100.0%","15,618","100.0%","4,371","100.0%","1,359","100.0%","4,023","100.0%","1,273","100.0%","0","-","14","100.0%","870","100.0%","10,980","100.0%","50,566","100.0%","114","100.0%","950","100.0%","6,308","100.0%","80,368","100.0%","2,919","100.0%"
"Owner-occupied housing units","1,047","74.7%","672","76.9%","7,621","75.2%","860","90.0%","5,969","80.1%","93","68.4%","28","87.5%","3,001","87.3%","1,819","84.6%","15,803","54.4%","3,966","80.2%","1,810","89.3%","475","73.8%","1,067","75.2%","4,123","70.0%","53","80.3%","270","82.8%","54,092","76.9%","30,893","74.9%","1,219","83.6%","1","33.3%","3,904","77.3%","0","0.0%","1,931","80.7%","646","82.3%","256","71.9%","23","65.7%","419","78.3%","721","84.8%","341","74.0%","2,603","65.6%","29","74.4%","0","-","330","70.7%","10,482","63.1%","1,321","79.7%","232","85.0%","2,604","81.1%","26","55.3%","1,932","77.4%","477","81.5%","2,005","78.0%","1,352","80.7%","28","52.8%","2,712","88.8%","464","89.2%","293","78.8%","152","92.7%","440","81.0%","270","78.7%","22,292","79.6%","1,471","86.4%","3,083","92.4%","7,483","78.3%","225,583","62.2%","1,124","71.4%","949","86.9%","1,040","80.2%","595","86.7%","2,155","67.8%","1,032","79.9%","3,286","83.7%","1,480","83.0%","2,923","73.1%","1,349","80.3%","1,668","82.2%","2,233","84.0%","8,285","75.3%","186","26.1%","294","89.9%","17,490","83.1%","1,494","83.5%","7,132","69.9%","30,772","74.5%","1,396","90.2%","28,440","83.1%","32,344","47.7%","19,300","80.3%","12,101","77.5%","3,433","78.5%","1,049","77.2%","3,019","75.0%","909","71.4%","0","-","11","78.6%","748","86.0%","8,605","78.4%","36,186","71.6%","61","53.5%","753","79.3%","5,795","91.9%","56,345","70.1%","2,616","89.6%"
"Renter-occupied housing units","355","25.3%","202","23.1%","2,517","24.8%","96","10.0%","1,479","19.9%","43","31.6%","4","12.5%","435","12.7%","331","15.4%","13,265","45.6%","978","19.8%","218","10.7%","169","26.2%","352","24.8%","1,764","30.0%","13","19.7%","56","17.2%","16,208","23.1%","10,359","25.1%","239","16.4%","2","66.7%","1,144","22.7%","2","100.0%","463","19.3%","139","17.7%","100","28.1%","12","34.3%","116","21.7%","129","15.2%","120","26.0%","1,364","34.4%","10","25.6%","0","-","137","29.3%","6,125","36.9%","336","20.3%","41","15.0%","605","18.9%","21","44.7%","564","22.6%","108","18.5%","566","22.0%","323","19.3%","25","47.2%","342","11.2%","56","10.8%","79","21.2%","12","7.3%","103","19.0%","73","21.3%","5,705","20.4%","232","13.6%","254","7.6%","2,071","21.7%","137,055","37.8%","451","28.6%","143","13.1%","256","19.8%","91","13.3%","1,024","32.2%","259","20.1%","638","16.3%","304","17.0%","1,078","26.9%","330","19.7%","361","17.8%","424","16.0%","2,717","24.7%","527","73.9%","33","10.1%","3,557","16.9%","296","16.5%","3,071","30.1%","10,511","25.5%","151","9.8%","5,802","16.9%","35,489","52.3%","4,735","19.7%","3,517","22.5%","938","21.5%","310","22.8%","1,004","25.0%","364","28.6%","0","-","3","21.4%","122","14.0%","2,375","21.6%","14,380","28.4%","53","46.5%","197","20.7%","513","8.1%","24,023","29.9%","303","10.4%"
