"Label (Grouping)","Chinle CCD, Apache County, Arizona!!Count","Chinle CCD, Apache County, Arizona!!Percent","Dennehotso CCD, Apache County, Arizona!!Count","Dennehotso CCD, Apache County, Arizona!!Percent","Eagar-Springerville CCD, Apache County, Arizona!!Count","Eagar-Springerville CCD, Apache County, Arizona!!Percent","Fort Apache CCD, Apache County, Arizona!!Count","Fort Apache CCD, Apache County, Arizona!!Percent","Fort Defiance CCD, Apache County, Arizona!!Count","Fort Defiance CCD, Apache County, Arizona!!Percent","Puerco CCD, Apache County, Arizona!!Count","Puerco CCD, Apache County, Arizona!!Percent","St. Johns CCD, Apache County, Arizona!!Count","St. Johns CCD, Apache County, Arizona!!Percent","Sweetwater CCD, Apache County, Arizona!!Count","Sweetwater CCD, Apache County, Arizona!!Percent","Benson CCD, Cochise County, Arizona!!Count","Benson CCD, Cochise County, Arizona!!Percent","Bisbee CCD, Cochise County, Arizona!!Count","Bisbee CCD, Cochise County, Arizona!!Percent","Bowie CCD, Cochise County, Arizona!!Count","Bowie CCD, Cochise County, Arizona!!Percent","Douglas CCD, Cochise County, Arizona!!Count","Douglas CCD, Cochise County, Arizona!!Percent","Elfrida CCD, Cochise County, Arizona!!Count","Elfrida CCD, Cochise County, Arizona!!Percent","Sierra Vista CCD, Cochise County, Arizona!!Count","Sierra Vista CCD, Cochise County, Arizona!!Percent","Willcox CCD, Cochise County, Arizona!!Count","Willcox CCD, Cochise County, Arizona!!Percent","Flagstaff CCD, Coconino County, Arizona!!Count","Flagstaff CCD, Coconino County, Arizona!!Percent","Havasupai CCD, Coconino County, Arizona!!Count","Havasupai CCD, Coconino County, Arizona!!Percent","Hopi CCD, Coconino County, Arizona!!Count","Hopi CCD, Coconino County, Arizona!!Percent","Hualapai CCD, Coconino County, Arizona!!Count","Hualapai CCD, Coconino County, Arizona!!Percent","Kaibab Plateau CCD, Coconino County, Arizona!!Count","Kaibab Plateau CCD, Coconino County, Arizona!!Percent","Tuba City CCD, Coconino County, Arizona!!Count","Tuba City CCD, Coconino County, Arizona!!Percent","Williams CCD, Coconino County, Arizona!!Count","Williams CCD, Coconino County, Arizona!!Percent","Fort Apache CCD, Gila County, Arizona!!Count","Fort Apache CCD, Gila County, Arizona!!Percent","Globe-Miami CCD, Gila County, Arizona!!Count","Globe-Miami CCD, Gila County, Arizona!!Percent","Payson CCD, Gila County, Arizona!!Count","Payson CCD, Gila County, Arizona!!Percent","San Carlos CCD, Gila County, Arizona!!Count","San Carlos CCD, Gila County, Arizona!!Percent","Tonto Basin CCD, Gila County, Arizona!!Count","Tonto Basin CCD, Gila County, Arizona!!Percent","Winkelman CCD, Gila County, Arizona!!Count","Winkelman CCD, Gila County, Arizona!!Percent","Bonita-Klondyke CCD, Graham County, Arizona!!Count","Bonita-Klondyke CCD, Graham County, Arizona!!Percent","Pima CCD, Graham County, Arizona!!Count","Pima CCD, Graham County, Arizona!!Percent","Safford CCD, Graham County, Arizona!!Count","Safford CCD, Graham County, Arizona!!Percent","San Carlos CCD, Graham County, Arizona!!Count","San Carlos CCD, Graham County, Arizona!!Percent","Clifton CCD, Greenlee County, Arizona!!Count","Clifton CCD, Greenlee County, Arizona!!Percent","Duncan CCD, Greenlee County, Arizona!!Count","Duncan CCD, Greenlee County, Arizona!!Percent","Parker CCD, La Paz County, Arizona!!Count","Parker CCD, La Paz County, Arizona!!Percent","Buckeye CCD, Maricopa County, Arizona!!Count","Buckeye CCD, Maricopa County, Arizona!!Percent","Chandler CCD, Maricopa County, Arizona!!Count","Chandler CCD, Maricopa County, Arizona!!Percent","Deer Valley CCD, Maricopa County, Arizona!!Count","Deer Valley CCD, Maricopa County, Arizona!!Percent","Gila Bend CCD, Maricopa County, Arizona!!Count","Gila Bend CCD, Maricopa County, Arizona!!Percent","Phoenix CCD, Maricopa County, Arizona!!Count","Phoenix CCD, Maricopa County, Arizona!!Percent","St. Johns CCD, Maricopa County, Arizona!!Count","St. Johns CCD, Maricopa County, Arizona!!Percent","Salt River CCD, Maricopa County, Arizona!!Count","Salt River CCD, Maricopa County, Arizona!!Percent","Tonto National Forest CCD, Maricopa County, Arizona!!Count","Tonto National Forest CCD, Maricopa County, Arizona!!Percent","Wickenburg CCD, Maricopa County, Arizona!!Count","Wickenburg CCD, Maricopa County, Arizona!!Percent","Bullhead City CCD, Mohave County, Arizona!!Count","Bullhead City CCD, Mohave County, Arizona!!Percent","Kingman CCD, Mohave County, Arizona!!Count","Kingman CCD, Mohave County, Arizona!!Percent","Lake Havasu City CCD, Mohave County, Arizona!!Count","Lake Havasu City CCD, Mohave County, Arizona!!Percent","North Mohave CCD, Mohave County, Arizona!!Count","North Mohave CCD, Mohave County, Arizona!!Percent","Fort Apache CCD, Navajo County, Arizona!!Count","Fort Apache CCD, Navajo County, Arizona!!Percent","Hopi CCD, Navajo County, Arizona!!Count","Hopi CCD, Navajo County, Arizona!!Percent","Indian Wells CCD, Navajo County, Arizona!!Count","Indian Wells CCD, Navajo County, Arizona!!Percent","Kayenta CCD, Navajo County, Arizona!!Count","Kayenta CCD, Navajo County, Arizona!!Percent","Piñon CCD, Navajo County, Arizona!!Count","Piñon CCD, Navajo County, Arizona!!Percent","Snowflake CCD, Navajo County, Arizona!!Count","Snowflake CCD, Navajo County, Arizona!!Percent","Winslow-Holbrook CCD, Navajo County, Arizona!!Count","Winslow-Holbrook CCD, Navajo County, Arizona!!Percent","Ajo CCD, Pima County, Arizona!!Count","Ajo CCD, Pima County, Arizona!!Percent","Arivaca CCD, Pima County, Arizona!!Count","Arivaca CCD, Pima County, Arizona!!Percent","Marana CCD, Pima County, Arizona!!Count","Marana CCD, Pima County, Arizona!!Percent","Tohono O'odham Nation CCD, Pima County, Arizona!!Count","Tohono O'odham Nation CCD, Pima County, Arizona!!Percent","Tucson CCD, Pima County, Arizona!!Count","Tucson CCD, Pima County, Arizona!!Percent","Casa Grande CCD, Pinal County, Arizona!!Count","Casa Grande CCD, Pinal County, Arizona!!Percent","Coolidge CCD, Pinal County, Arizona!!Count","Coolidge CCD, Pinal County, Arizona!!Percent","Eloy CCD, Pinal County, Arizona!!Count","Eloy CCD, Pinal County, Arizona!!Percent","Florence CCD, Pinal County, Arizona!!Count","Florence CCD, Pinal County, Arizona!!Percent","Gila River CCD, Pinal County, Arizona!!Count","Gila River CCD, Pinal County, Arizona!!Percent","Maricopa-Stanfield CCD, Pinal County, Arizona!!Count","Maricopa-Stanfield CCD, Pinal County, Arizona!!Percent","North Pinal CCD, Pinal County, Arizona!!Count","North Pinal CCD, Pinal County, Arizona!!Percent","San Manuel CCD, Pinal County, Arizona!!Count","San Manuel CCD, Pinal County, Arizona!!Percent","Tohono O'odham Nation CCD, Pinal County, Arizona!!Count","Tohono O'odham Nation CCD, Pinal County, Arizona!!Percent","Nogales CCD, Santa Cruz County, Arizona!!Count","Nogales CCD, Santa Cruz County, Arizona!!Percent","Patagonia CCD, Santa Cruz County, Arizona!!Count","Patagonia CCD, Santa Cruz County, Arizona!!Percent","Ash Fork CCD, Yavapai County, Arizona!!Count","Ash Fork CCD, Yavapai County, Arizona!!Percent","Camp Verde-Sedona CCD, Yavapai County, Arizona!!Count","Camp Verde-Sedona CCD, Yavapai County, Arizona!!Percent","Congress CCD, Yavapai County, Arizona!!Count","Congress CCD, Yavapai County, Arizona!!Percent","Cordes Lakes-Mayer CCD, Yavapai County, Arizona!!Count","Cordes Lakes-Mayer CCD, Yavapai County, Arizona!!Percent","Mingus Mountain CCD, Yavapai County, Arizona!!Count","Mingus Mountain CCD, Yavapai County, Arizona!!Percent","Prescott CCD, Yavapai County, Arizona!!Count","Prescott CCD, Yavapai County, Arizona!!Percent","Somerton CCD, Yuma County, Arizona!!Count","Somerton CCD, Yuma County, Arizona!!Percent","Wellton CCD, Yuma County, Arizona!!Count","Wellton CCD, Yuma County, Arizona!!Percent","Yuma CCD, Yuma County, Arizona!!Count","Yuma CCD, Yuma County, Arizona!!Percent"
"SEX AND AGE","","","","","","","","","","","","","","","","","","","","","","","","","","","","","","","","","","","","","","","","","","","","","","","","","","","","","","","","","","","","","","","","","","","","","","","","","","","","","","","","","","","","","","","","","","","","","","","","","","","","","","","","","","","","","","","","","","","","","","","","","","","","","","","","","","","","","","","","","","","","","","","","","","","","","","","","","","","","","","","",""
"Total population","19,598","100.0%","1,549","100.0%","8,696","100.0%","520","100.0%","20,640","100.0%","2,353","100.0%","8,174","100.0%","4,491","100.0%","12,438","100.0%","28,916","100.0%","1,816","100.0%","18,552","100.0%","4,908","100.0%","49,797","100.0%","9,020","100.0%","101,822","100.0%","214","100.0%","44","100.0%","8","100.0%","1,938","100.0%","30,054","100.0%","11,021","100.0%","1,825","100.0%","16,738","100.0%","24,870","100.0%","5,531","100.0%","3,264","100.0%","1,044","100.0%","2,555","100.0%","4,682","100.0%","26,576","100.0%","4,720","100.0%","7,035","100.0%","2,528","100.0%","16,557","100.0%","101,334","100.0%","510,731","100.0%","305,018","100.0%","27,573","100.0%","3,331,925","100.0%","3,583","100.0%","7,486","100.0%","12,360","100.0%","120,558","100.0%","70,776","100.0%","72,205","100.0%","62,269","100.0%","8,017","100.0%","11,995","100.0%","6,433","100.0%","6,453","100.0%","9,721","100.0%","6,940","100.0%","48,213","100.0%","16,962","100.0%","3,207","100.0%","92,046","100.0%","36,747","100.0%","6,418","100.0%","905,015","100.0%","62,730","100.0%","17,121","100.0%","30,939","100.0%","38,705","100.0%","10,498","100.0%","65,757","100.0%","179,637","100.0%","19,412","100.0%","465","100.0%","44,704","100.0%","2,965","100.0%","2,331","100.0%","38,562","100.0%","9,817","100.0%","6,725","100.0%","42,342","100.0%","136,432","100.0%","56,300","100.0%","5,012","100.0%","142,569","100.0%"
"Under 5 years","1,355","6.9%","81","5.2%","439","5.0%","60","11.5%","1,130","5.5%","151","6.4%","407","5.0%","238","5.3%","537","4.3%","1,153","4.0%","72","4.0%","1,184","6.4%","123","2.5%","2,744","5.5%","474","5.3%","4,445","4.4%","19","8.9%","0","0.0%","0","0.0%","89","4.6%","2,044","6.8%","487","4.4%","148","8.1%","865","5.2%","827","3.3%","482","8.7%","72","2.2%","40","3.8%","81","3.2%","328","7.0%","1,887","7.1%","485","10.3%","647","9.2%","168","6.6%","772","4.7%","7,635","7.5%","29,169","5.7%","14,524","4.8%","1,094","4.0%","196,209","5.9%","295","8.2%","506","6.8%","187","1.5%","4,084","3.4%","2,736","3.9%","3,243","4.5%","2,080","3.3%","608","7.6%","1,088","9.1%","375","5.8%","369","5.7%","669","6.9%","428","6.2%","2,453","5.1%","1,064","6.3%","119","3.7%","4,579","5.0%","1,922","5.2%","473","7.4%","43,972","4.9%","3,666","5.8%","1,182","6.9%","1,616","5.2%","1,206","3.1%","839","8.0%","4,150","6.3%","11,073","6.2%","509","2.6%","31","6.7%","2,666","6.0%","79","2.7%","71","3.0%","1,304","3.4%","243","2.5%","273","4.1%","1,800","4.3%","5,246","3.8%","3,719","6.6%","216","4.3%","8,566","6.0%"
"5 to 9 years","1,581","8.1%","114","7.4%","590","6.8%","56","10.8%","1,366","6.6%","150","6.4%","452","5.5%","277","6.2%","653","5.3%","1,521","5.3%","91","5.0%","1,432","7.7%","114","2.3%","2,954","5.9%","538","6.0%","5,117","5.0%","12","5.6%","2","4.5%","0","0.0%","88","4.5%","2,302","7.7%","504","4.6%","173","9.5%","1,038","6.2%","950","3.8%","574","10.4%","101","3.1%","75","7.2%","65","2.5%","418","8.9%","1,933","7.3%","495","10.5%","608","8.6%","154","6.1%","801","4.8%","8,592","8.5%","37,746","7.4%","18,968","6.2%","1,422","5.2%","214,137","6.4%","345","9.6%","643","8.6%","199","1.6%","4,306","3.6%","3,006","4.2%","3,674","5.1%","2,431","3.9%","723","9.0%","1,148","9.6%","455","7.1%","433","6.7%","820","8.4%","512","7.4%","2,967","6.2%","1,175","6.9%","132","4.1%","5,739","6.2%","2,244","6.1%","557","8.7%","48,896","5.4%","4,246","6.8%","1,264","7.4%","1,720","5.6%","1,410","3.6%","1,089","10.4%","5,049","7.7%","12,384","6.9%","554","2.9%","40","8.6%","3,244","7.3%","121","4.1%","75","3.2%","1,488","3.9%","302","3.1%","270","4.0%","2,052","4.8%","5,944","4.4%","4,361","7.7%","247","4.9%","9,449","6.6%"
"10 to 14 years","1,679","8.6%","142","9.2%","678","7.8%","67","12.9%","1,579","7.7%","162","6.9%","521","6.4%","317","7.1%","712","5.7%","1,686","5.8%","91","5.0%","1,650","8.9%","119","2.4%","2,979","6.0%","576","6.4%","5,458","5.4%","19","8.9%","1","2.3%","0","0.0%","113","5.8%","2,624","8.7%","600","5.4%","205","11.2%","1,069","6.4%","1,033","4.2%","583","10.5%","122","3.7%","59","5.7%","71","2.8%","479","10.2%","2,237","8.4%","514","10.9%","583","8.3%","168","6.6%","937","5.7%","9,156","9.0%","43,487","8.5%","22,028","7.2%","1,694","6.1%","230,186","6.9%","409","11.4%","748","10.0%","293","2.4%","4,705","3.9%","3,250","4.6%","3,931","5.4%","2,771","4.5%","896","11.2%","1,309","10.9%","535","8.3%","561","8.7%","901","9.3%","666","9.6%","3,330","6.9%","1,348","7.9%","153","4.8%","6,276","6.8%","2,529","6.9%","582","9.1%","53,431","5.9%","4,712","7.5%","1,409","8.2%","1,769","5.7%","1,481","3.8%","967","9.2%","5,919","9.0%","13,272","7.4%","667","3.4%","37","8.0%","3,853","8.6%","128","4.3%","94","4.0%","1,687","4.4%","312","3.2%","337","5.0%","2,396","5.7%","6,379","4.7%","4,863","8.6%","273","5.4%","9,734","6.8%"
"15 to 19 years","1,803","9.2%","140","9.0%","484","5.6%","55","10.6%","1,783","8.6%","176","7.5%","480","5.9%","347","7.7%","655","5.3%","1,578","5.5%","101","5.6%","1,769","9.5%","167","3.4%","2,800","5.6%","544","6.0%","11,868","11.7%","15","7.0%","1","2.3%","1","12.5%","145","7.5%","2,416","8.0%","568","5.2%","159","8.7%","1,022","6.1%","1,051","4.2%","465","8.4%","103","3.2%","71","6.8%","59","2.3%","380","8.1%","2,087","7.9%","459","9.7%","466","6.6%","160","6.3%","823","5.0%","7,944","7.8%","39,834","7.8%","21,589","7.1%","1,678","6.1%","232,631","7.0%","365","10.2%","645","8.6%","362","2.9%","4,269","3.5%","3,082","4.4%","3,614","5.0%","2,598","4.2%","806","10.1%","1,057","8.8%","485","7.5%","424","6.6%","847","8.7%","570","8.2%","3,075","6.4%","1,128","6.7%","127","4.0%","5,611","6.1%","2,232","6.1%","528","8.2%","57,625","6.4%","4,381","7.0%","1,358","7.9%","1,753","5.7%","1,450","3.7%","963","9.2%","4,983","7.6%","11,646","6.5%","695","3.6%","48","10.3%","3,554","8.0%","107","3.6%","78","3.3%","1,634","4.2%","310","3.2%","284","4.2%","2,104","5.0%","7,320","5.4%","4,906","8.7%","240","4.8%","9,750","6.8%"
"20 to 24 years","1,502","7.7%","100","6.5%","333","3.8%","41","7.9%","1,219","5.9%","131","5.6%","291","3.6%","278","6.2%","425","3.4%","996","3.4%","61","3.4%","1,150","6.2%","285","5.8%","3,433","6.9%","395","4.4%","16,021","15.7%","18","8.4%","3","6.8%","1","12.5%","137","7.1%","1,886","6.3%","566","5.1%","98","5.4%","924","5.5%","733","2.9%","375","6.8%","48","1.5%","54","5.2%","142","5.6%","260","5.6%","1,985","7.5%","328","6.9%","437","6.2%","136","5.4%","652","3.9%","6,196","6.1%","29,126","5.7%","15,705","5.1%","1,286","4.7%","250,030","7.5%","293","8.2%","426","5.7%","323","2.6%","3,193","2.6%","2,842","4.0%","3,030","4.2%","2,375","3.8%","534","6.7%","843","7.0%","399","6.2%","356","5.5%","609","6.3%","465","6.7%","1,963","4.1%","1,035","6.1%","143","4.5%","4,138","4.5%","1,604","4.4%","419","6.5%","66,291","7.3%","3,402","5.4%","1,027","6.0%","2,111","6.8%","2,205","5.7%","800","7.6%","3,281","5.0%","8,657","4.8%","515","2.7%","38","8.2%","2,400","5.4%","69","2.3%","71","3.0%","1,266","3.3%","238","2.4%","222","3.3%","1,663","3.9%","7,053","5.2%","4,065","7.2%","250","5.0%","9,312","6.5%"
"25 to 29 years","1,303","6.6%","103","6.6%","316","3.6%","36","6.9%","1,261","6.1%","166","7.1%","329","4.0%","294","6.5%","492","4.0%","1,063","3.7%","75","4.1%","1,142","6.2%","451","9.2%","3,611","7.3%","506","5.6%","7,269","7.1%","21","9.8%","3","6.8%","0","0.0%","113","5.8%","2,082","6.9%","623","5.7%","143","7.8%","948","5.7%","833","3.3%","444","8.0%","71","2.2%","49","4.7%","285","11.2%","239","5.1%","1,747","6.6%","362","7.7%","538","7.6%","115","4.5%","693","4.2%","6,688","6.6%","27,728","5.4%","14,106","4.6%","1,517","5.5%","256,870","7.7%","279","7.8%","535","7.1%","253","2.0%","3,443","2.9%","3,265","4.6%","3,470","4.8%","2,476","4.0%","448","5.6%","966","8.1%","393","6.1%","361","5.6%","570","5.9%","437","6.3%","1,983","4.1%","1,280","7.5%","161","5.0%","4,129","4.5%","1,970","5.4%","439","6.8%","61,437","6.8%","3,504","5.6%","975","5.7%","2,416","7.8%","3,311","8.6%","822","7.8%","3,480","5.3%","9,637","5.4%","471","2.4%","25","5.4%","2,462","5.5%","85","2.9%","62","2.7%","1,447","3.8%","291","3.0%","273","4.1%","1,706","4.0%","6,176","4.5%","4,344","7.7%","214","4.3%","8,947","6.3%"
"30 to 34 years","1,275","6.5%","85","5.5%","419","4.8%","34","6.5%","1,305","6.3%","192","8.2%","364","4.5%","260","5.8%","541","4.3%","1,284","4.4%","88","4.8%","1,050","5.7%","488","9.9%","3,346","6.7%","474","5.3%","6,431","6.3%","21","9.8%","3","6.8%","1","12.5%","129","6.7%","2,128","7.1%","668","6.1%","129","7.1%","933","5.6%","922","3.7%","422","7.6%","86","2.6%","52","5.0%","345","13.5%","258","5.5%","1,618","6.1%","351","7.4%","556","7.9%","121","4.8%","677","4.1%","7,149","7.1%","31,216","6.1%","15,589","5.1%","1,845","6.7%","240,038","7.2%","261","7.3%","487","6.5%","208","1.7%","3,920","3.3%","3,421","4.8%","3,593","5.0%","2,703","4.3%","395","4.9%","918","7.7%","395","6.1%","409","6.3%","623","6.4%","427","6.2%","2,260","4.7%","1,329","7.8%","156","4.9%","4,795","5.2%","2,187","6.0%","436","6.8%","58,158","6.4%","3,536","5.6%","978","5.7%","2,305","7.5%","3,677","9.5%","784","7.5%","4,176","6.4%","10,831","6.0%","488","2.5%","23","4.9%","2,458","5.5%","95","3.2%","103","4.4%","1,523","3.9%","325","3.3%","266","4.0%","1,987","4.7%","6,073","4.5%","4,387","7.8%","204","4.1%","8,716","6.1%"
"35 to 39 years","1,159","5.9%","93","6.0%","430","4.9%","36","6.9%","1,229","6.0%","128","5.4%","457","5.6%","216","4.8%","568","4.6%","1,559","5.4%","75","4.1%","996","5.4%","498","10.1%","2,981","6.0%","455","5.0%","5,879","5.8%","8","3.7%","0","0.0%","0","0.0%","104","5.4%","1,798","6.0%","660","6.0%","124","6.8%","826","4.9%","937","3.8%","363","6.6%","109","3.3%","38","3.6%","321","12.6%","275","5.9%","1,552","5.8%","310","6.6%","547","7.8%","139","5.5%","697","4.2%","6,953","6.9%","36,373","7.1%","18,792","6.2%","2,086","7.6%","221,433","6.6%","221","6.2%","486","6.5%","280","2.3%","4,324","3.6%","3,367","4.8%","3,393","4.7%","2,559","4.1%","362","4.5%","781","6.5%","378","5.9%","338","5.2%","539","5.5%","342","4.9%","2,413","5.0%","1,097","6.5%","146","4.6%","5,175","5.6%","2,254","6.1%","366","5.7%","54,419","6.0%","3,535","5.6%","971","5.7%","2,193","7.1%","3,560","9.2%","710","6.8%","4,596","7.0%","10,982","6.1%","578","3.0%","36","7.7%","2,277","5.1%","118","4.0%","111","4.8%","1,659","4.3%","296","3.0%","328","4.9%","1,964","4.6%","5,951","4.4%","3,935","7.0%","204","4.1%","8,103","5.7%"
"40 to 44 years","1,030","5.3%","69","4.5%","404","4.6%","29","5.6%","1,188","5.8%","108","4.6%","452","5.5%","225","5.0%","575","4.6%","1,548","5.4%","82","4.5%","920","5.0%","377","7.7%","2,516","5.1%","393","4.4%","5,412","5.3%","10","4.7%","3","6.8%","0","0.0%","87","4.5%","1,699","5.7%","627","5.7%","88","4.8%","859","5.1%","867","3.5%","266","4.8%","106","3.2%","47","4.5%","281","11.0%","281","6.0%","1,679","6.3%","235","5.0%","429","6.1%","135","5.3%","701","4.2%","6,597","6.5%","38,107","7.5%","19,952","6.5%","2,015","7.3%","202,619","6.1%","190","5.3%","392","5.2%","297","2.4%","4,069","3.4%","3,087","4.4%","3,312","4.6%","2,569","4.1%","320","4.0%","527","4.4%","355","5.5%","354","5.5%","567","5.8%","380","5.5%","2,378","4.9%","983","5.8%","152","4.7%","4,696","5.1%","2,132","5.8%","377","5.9%","49,949","5.5%","3,268","5.2%","1,000","5.8%","1,906","6.2%","3,057","7.9%","543","5.2%","4,390","6.7%","10,029","5.6%","533","2.7%","17","3.7%","2,352","5.3%","129","4.4%","114","4.9%","1,672","4.3%","359","3.7%","265","3.9%","1,920","4.5%","5,687","4.2%","3,479","6.2%","190","3.8%","7,036","4.9%"
"45 to 49 years","1,053","5.4%","106","6.8%","364","4.2%","21","4.0%","1,120","5.4%","126","5.4%","441","5.4%","255","5.7%","594","4.8%","1,551","5.4%","74","4.1%","983","5.3%","279","5.7%","2,320","4.7%","443","4.9%","5,006","4.9%","10","4.7%","1","2.3%","0","0.0%","112","5.8%","1,626","5.4%","656","6.0%","99","5.4%","878","5.2%","1,090","4.4%","219","4.0%","93","2.8%","56","5.4%","220","8.6%","233","5.0%","1,478","5.6%","199","4.2%","405","5.8%","182","7.2%","708","4.3%","6,365","6.3%","38,569","7.6%","22,562","7.4%","2,117","7.7%","197,938","5.9%","189","5.3%","345","4.6%","524","4.2%","4,535","3.8%","3,554","5.0%","3,557","4.9%","2,847","4.6%","323","4.0%","525","4.4%","322","5.0%","350","5.4%","536","5.5%","362","5.2%","2,289","4.7%","938","5.5%","136","4.2%","4,561","5.0%","2,098","5.7%","345","5.4%","49,448","5.5%","3,365","5.4%","913","5.3%","1,676","5.4%","2,406","6.2%","525","5.0%","4,385","6.7%","9,964","5.5%","606","3.1%","34","7.3%","2,570","5.7%","104","3.5%","104","4.5%","1,905","4.9%","370","3.8%","358","5.3%","2,140","5.1%","6,039","4.4%","3,377","6.0%","223","4.4%","7,163","5.0%"
"50 to 54 years","1,086","5.5%","93","6.0%","488","5.6%","26","5.0%","1,264","6.1%","126","5.4%","489","6.0%","292","6.5%","659","5.3%","1,800","6.2%","124","6.8%","984","5.3%","319","6.5%","2,694","5.4%","496","5.5%","4,713","4.6%","16","7.5%","5","11.4%","1","12.5%","119","6.1%","1,686","5.6%","703","6.4%","109","6.0%","1,050","6.3%","1,326","5.3%","265","4.8%","177","5.4%","66","6.3%","174","6.8%","220","4.7%","1,363","5.1%","195","4.1%","423","6.0%","135","5.3%","893","5.4%","5,641","5.6%","33,713","6.6%","22,850","7.5%","2,048","7.4%","195,761","5.9%","168","4.7%","349","4.7%","768","6.2%","4,774","4.0%","4,321","6.1%","4,214","5.8%","3,786","6.1%","292","3.6%","644","5.4%","343","5.3%","408","6.3%","556","5.7%","358","5.2%","2,501","5.2%","976","5.8%","135","4.2%","3,934","4.3%","2,366","6.4%","359","5.6%","50,778","5.6%","3,338","5.3%","867","5.1%","1,627","5.3%","2,228","5.8%","520","5.0%","3,837","5.8%","9,472","5.3%","810","4.2%","32","6.9%","2,734","6.1%","163","5.5%","159","6.8%","2,181","5.7%","580","5.9%","381","5.7%","2,302","5.4%","7,049","5.2%","3,619","6.4%","226","4.5%","7,465","5.2%"
"55 to 59 years","1,128","5.8%","104","6.7%","658","7.6%","24","4.6%","1,423","6.9%","163","6.9%","594","7.3%","355","7.9%","838","6.7%","2,460","8.5%","160","8.8%","1,051","5.7%","309","6.3%","3,057","6.1%","626","6.9%","5,250","5.2%","12","5.6%","6","13.6%","1","12.5%","142","7.3%","1,887","6.3%","1,015","9.2%","109","6.0%","1,127","6.7%","2,018","8.1%","311","5.6%","346","10.6%","76","7.3%","139","5.4%","259","5.5%","1,407","5.3%","215","4.6%","358","5.1%","175","6.9%","1,124","6.8%","5,367","5.3%","30,460","6.0%","22,628","7.4%","2,102","7.6%","200,561","6.0%","182","5.1%","474","6.3%","1,288","10.4%","6,221","5.2%","5,844","8.3%","5,615","7.8%","5,207","8.4%","358","4.5%","638","5.3%","444","6.9%","480","7.4%","636","6.5%","471","6.8%","3,369","7.0%","1,050","6.2%","196","6.1%","4,735","5.1%","2,800","7.6%","409","6.4%","57,980","6.4%","3,655","5.8%","1,029","6.0%","1,767","5.7%","2,244","5.8%","550","5.2%","3,888","5.9%","10,789","6.0%","1,058","5.5%","29","6.2%","2,901","6.5%","237","8.0%","219","9.4%","3,116","8.1%","856","8.7%","596","8.9%","3,034","7.2%","9,790","7.2%","3,258","5.8%","350","7.0%","8,225","5.8%"
"60 to 64 years","1,119","5.7%","93","6.0%","821","9.4%","10","1.9%","1,331","6.4%","153","6.5%","739","9.0%","318","7.1%","1,097","8.8%","2,660","9.2%","181","10.0%","1,125","6.1%","307","6.3%","3,298","6.6%","735","8.1%","5,604","5.5%","9","4.2%","3","6.8%","0","0.0%","153","7.9%","1,866","6.2%","1,091","9.9%","71","3.9%","1,250","7.5%","2,667","10.7%","282","5.1%","435","13.3%","78","7.5%","145","5.7%","290","6.2%","1,422","5.4%","179","3.8%","373","5.3%","197","7.8%","1,494","9.0%","5,110","5.0%","25,564","5.0%","20,395","6.7%","2,019","7.3%","187,511","5.6%","144","4.0%","463","6.2%","1,736","14.0%","9,361","7.8%","6,912","9.8%","6,646","9.2%","6,251","10.0%","407","5.1%","560","4.7%","459","7.1%","423","6.6%","584","6.0%","487","7.0%","4,186","8.7%","971","5.7%","270","8.4%","5,687","6.2%","3,009","8.2%","346","5.4%","61,922","6.8%","3,891","6.2%","1,071","6.3%","1,950","6.3%","2,462","6.4%","510","4.9%","3,891","5.9%","11,669","6.5%","1,612","8.3%","23","4.9%","2,897","6.5%","313","10.6%","271","11.6%","3,898","10.1%","1,173","11.9%","712","10.6%","3,844","9.1%","12,107","8.9%","2,729","4.8%","466","9.3%","8,777","6.2%"
"65 to 69 years","846","4.3%","71","4.6%","755","8.7%","7","1.3%","1,170","5.7%","170","7.2%","832","10.2%","275","6.1%","1,223","9.8%","2,675","9.3%","159","8.8%","1,000","5.4%","387","7.9%","3,317","6.7%","756","8.4%","5,304","5.2%","9","4.2%","4","9.1%","3","37.5%","139","7.2%","1,443","4.8%","910","8.3%","61","3.3%","1,210","7.2%","2,983","12.0%","185","3.3%","473","14.5%","97","9.3%","81","3.2%","264","5.6%","1,322","5.0%","175","3.7%","233","3.3%","207","8.2%","1,528","9.2%","4,559","4.5%","21,787","4.3%","17,829","5.8%","1,889","6.9%","159,977","4.8%","106","3.0%","346","4.6%","1,853","15.0%","13,155","10.9%","6,904","9.8%","6,715","9.3%","6,483","10.4%","520","6.5%","383","3.2%","422","6.6%","413","6.4%","436","4.5%","322","4.6%","4,350","9.0%","865","5.1%","356","11.1%","7,214","7.8%","2,675","7.3%","294","4.6%","59,818","6.6%","4,213","6.7%","1,001","5.8%","2,151","7.0%","2,694","7.0%","344","3.3%","3,720","5.7%","12,279","6.8%","2,224","11.5%","16","3.4%","2,705","6.1%","381","12.8%","321","13.8%","4,422","11.5%","1,322","13.5%","736","10.9%","4,245","10.0%","13,630","10.0%","1,948","3.5%","496","9.9%","8,731","6.1%"
"70 to 74 years","660","3.4%","59","3.8%","666","7.7%","6","1.2%","923","4.5%","103","4.4%","600","7.3%","195","4.3%","1,131","9.1%","2,345","8.1%","181","10.0%","836","4.5%","288","5.9%","2,994","6.0%","667","7.4%","3,757","3.7%","6","2.8%","0","0.0%","0","0.0%","112","5.8%","1,049","3.5%","702","6.4%","47","2.6%","1,093","6.5%","2,734","11.0%","140","2.5%","392","12.0%","67","6.4%","51","2.0%","199","4.3%","1,085","4.1%","106","2.2%","198","2.8%","112","4.4%","1,634","9.9%","3,614","3.6%","19,764","3.9%","15,829","5.2%","1,403","5.1%","137,458","4.1%","65","1.8%","251","3.4%","1,741","14.1%","17,096","14.2%","6,414","9.1%","5,952","8.2%","6,003","9.6%","412","5.1%","299","2.5%","298","4.6%","282","4.4%","343","3.5%","248","3.6%","3,776","7.8%","685","4.0%","336","10.5%","7,715","8.4%","2,198","6.0%","209","3.3%","52,219","5.8%","4,133","6.6%","895","5.2%","1,894","6.1%","2,686","6.9%","278","2.6%","3,128","4.8%","11,778","6.6%","3,062","15.8%","24","5.2%","2,274","5.1%","360","12.1%","243","10.4%","3,978","10.3%","1,193","12.2%","641","9.5%","3,844","9.1%","12,878","9.4%","1,382","2.5%","504","10.1%","8,289","5.8%"
"75 to 79 years","439","2.2%","41","2.6%","438","5.0%","6","1.2%","602","2.9%","74","3.1%","428","5.2%","149","3.3%","848","6.8%","1,590","5.5%","105","5.8%","538","2.9%","205","4.2%","2,249","4.5%","435","4.8%","2,204","2.2%","1","0.5%","4","9.1%","0","0.0%","81","4.2%","588","2.0%","359","3.3%","30","1.6%","769","4.6%","1,867","7.5%","63","1.1%","323","9.9%","50","4.8%","55","2.2%","124","2.6%","765","2.9%","54","1.1%","94","1.3%","101","4.0%","1,320","8.0%","2,040","2.0%","13,392","2.6%","10,596","3.5%","801","2.9%","93,605","2.8%","41","1.1%","177","2.4%","1,126","9.1%","13,697","11.4%","4,532","6.4%","4,145","5.7%","4,393","7.1%","300","3.7%","162","1.4%","166","2.6%","187","2.9%","211","2.2%","197","2.8%","2,511","5.2%","441","2.6%","212","6.6%","6,224","6.8%","1,330","3.6%","125","1.9%","35,436","3.9%","3,046","4.9%","582","3.4%","1,149","3.7%","1,512","3.9%","123","1.2%","1,712","2.6%","8,022","4.5%","2,573","13.3%","8","1.7%","1,549","3.5%","236","8.0%","145","6.2%","2,612","6.8%","877","8.9%","423","6.3%","2,641","6.2%","9,153","6.7%","856","1.5%","354","7.1%","6,758","4.7%"
"80 to 84 years","294","1.5%","23","1.5%","260","3.0%","0","0.0%","405","2.0%","47","2.0%","184","2.3%","89","2.0%","562","4.5%","815","2.8%","55","3.0%","390","2.1%","117","2.4%","1,412","2.8%","293","3.2%","1,185","1.2%","2","0.9%","3","6.8%","0","0.0%","50","2.6%","506","1.7%","163","1.5%","26","1.4%","454","2.7%","1,114","4.5%","55","1.0%","132","4.0%","36","3.4%","26","1.0%","92","2.0%","534","2.0%","35","0.7%","62","0.9%","50","2.0%","725","4.4%","992","1.0%","7,956","1.6%","5,888","1.9%","337","1.2%","59,045","1.8%","11","0.3%","121","1.6%","567","4.6%","8,580","7.1%","2,547","3.6%","2,442","3.4%","2,764","4.4%","187","2.3%","90","0.8%","124","1.9%","162","2.5%","154","1.6%","130","1.9%","1,469","3.0%","298","1.8%","132","4.1%","3,955","4.3%","744","2.0%","81","1.3%","21,954","2.4%","1,655","2.6%","331","1.9%","574","1.9%","680","1.8%","83","0.8%","744","1.1%","4,362","2.4%","1,599","8.2%","0","0.0%","1,003","2.2%","135","4.6%","65","2.8%","1,493","3.9%","478","4.9%","242","3.6%","1,488","3.5%","5,364","3.9%","605","1.1%","213","4.2%","4,395","3.1%"
"85 years and over","286","1.5%","32","2.1%","153","1.8%","6","1.2%","342","1.7%","27","1.1%","114","1.4%","111","2.5%","328","2.6%","632","2.2%","41","2.3%","352","1.9%","75","1.5%","1,092","2.2%","214","2.4%","899","0.9%","6","2.8%","2","4.5%","0","0.0%","25","1.3%","424","1.4%","119","1.1%","6","0.3%","423","2.5%","918","3.7%","37","0.7%","75","2.3%","33","3.2%","14","0.5%","83","1.8%","475","1.8%","23","0.5%","78","1.1%","73","2.9%","378","2.3%","736","0.7%","6,740","1.3%","5,188","1.7%","220","0.8%","55,916","1.7%","19","0.5%","92","1.2%","355","2.9%","6,826","5.7%","1,692","2.4%","1,659","2.3%","1,973","3.2%","126","1.6%","57","0.5%","85","1.3%","143","2.2%","120","1.2%","138","2.0%","940","1.9%","299","1.8%","145","4.5%","2,883","3.1%","453","1.2%","73","1.1%","21,282","2.4%","1,184","1.9%","268","1.6%","362","1.2%","436","1.1%","48","0.5%","428","0.7%","2,791","1.6%","858","4.4%","4","0.9%","805","1.8%","105","3.5%","25","1.1%","1,277","3.3%","292","3.0%","118","1.8%","1,212","2.9%","4,593","3.4%","467","0.8%","142","2.8%","3,153","2.2%"
"Selected Age Categories","","","","","","","","","","","","","","","","","","","","","","","","","","","","","","","","","","","","","","","","","","","","","","","","","","","","","","","","","","","","","","","","","","","","","","","","","","","","","","","","","","","","","","","","","","","","","","","","","","","","","","","","","","","","","","","","","","","","","","","","","","","","","","","","","","","","","","","","","","","","","","","","","","","","","","","","","","","","","","","",""
"16 years and over","14,613","74.6%","1,181","76.2%","6,885","79.2%","316","60.8%","16,146","78.2%","1,857","78.9%","6,694","81.9%","3,577","79.6%","10,389","83.5%","24,204","83.7%","1,541","84.9%","13,939","75.1%","4,507","91.8%","40,587","81.5%","7,319","81.1%","85,710","84.2%","161","75.2%","41","93.2%","8","100.0%","1,615","83.3%","22,587","75.2%","9,319","84.6%","1,258","68.9%","13,569","81.1%","21,844","87.8%","3,793","68.6%","2,946","90.3%","853","81.7%","2,329","91.2%","3,371","72.0%","20,102","75.6%","3,122","66.1%","5,100","72.5%","1,999","79.1%","13,879","83.8%","74,214","73.2%","391,629","76.7%","244,845","80.3%","22,999","83.4%","2,645,841","79.4%","2,452","68.4%","5,463","73.0%","11,607","93.9%","106,512","88.3%","61,109","86.3%","60,598","83.9%","54,440","87.4%","5,616","70.1%","8,192","68.3%","4,970","77.3%","5,006","77.6%","7,151","73.6%","5,208","75.0%","38,760","80.4%","13,137","77.4%","2,779","86.7%","74,166","80.6%","29,594","80.5%","4,692","73.1%","747,942","82.6%","49,150","78.4%","12,986","75.8%","25,489","82.4%","34,285","88.6%","7,373","70.2%","49,518","75.3%","140,383","78.1%","17,527","90.3%","351","75.5%","34,168","76.4%","2,616","88.2%","2,083","89.4%","33,762","87.6%","8,887","90.5%","5,786","86.0%","35,636","84.2%","117,485","86.1%","42,317","75.2%","4,223","84.3%","112,746","79.1%"
"18 years and over","13,912","71.0%","1,128","72.8%","6,660","76.6%","295","56.7%","15,393","74.6%","1,776","75.5%","6,496","79.5%","3,445","76.7%","10,114","81.3%","23,494","81.2%","1,493","82.2%","13,176","71.0%","4,450","90.7%","39,519","79.4%","7,084","78.5%","83,587","82.1%","158","73.8%","41","93.2%","8","100.0%","1,554","80.2%","21,584","71.8%","9,060","82.2%","1,197","65.6%","13,104","78.3%","21,378","86.0%","3,612","65.3%","2,890","88.5%","825","79.0%","2,310","90.4%","3,205","68.5%","19,269","72.5%","2,931","62.1%","4,909","69.8%","1,934","76.5%","13,505","81.6%","70,830","69.9%","374,731","73.4%","235,545","77.2%","22,307","80.9%","2,555,391","76.7%","2,313","64.6%","5,168","69.0%","11,451","92.6%","104,650","86.8%","59,805","84.5%","59,019","81.7%","53,346","85.7%","5,291","66.0%","7,750","64.6%","4,774","74.2%","4,813","74.6%","6,779","69.7%","4,990","71.9%","37,454","77.7%","12,648","74.6%","2,731","85.2%","71,908","78.1%","28,605","77.8%","4,475","69.7%","726,546","80.3%","47,292","75.4%","12,394","72.4%","24,836","80.3%","33,735","87.2%","6,975","66.4%","47,387","72.1%","135,457","75.4%","17,232","88.8%","332","71.4%","32,642","73.0%","2,573","86.8%","2,047","87.8%","33,049","85.7%","8,765","89.3%","5,659","84.1%","34,739","82.0%","114,877","84.2%","40,235","71.5%","4,130","82.4%","108,804","76.3%"
"21 years and over","12,765","65.1%","1,037","66.9%","6,435","74.0%","278","53.5%","14,502","70.3%","1,684","71.6%","6,243","76.4%","3,248","72.3%","9,785","78.7%","22,778","78.8%","1,447","79.7%","12,221","65.9%","4,335","88.3%","37,504","75.3%","6,791","75.3%","69,908","68.7%","146","68.2%","39","88.6%","7","87.5%","1,483","76.5%","20,255","67.4%","8,764","79.5%","1,119","61.3%","12,562","75.1%","20,878","83.9%","3,367","60.9%","2,860","87.6%","788","75.5%","2,269","88.8%","3,005","64.2%","18,019","67.8%","2,693","57.1%","4,634","65.9%","1,844","72.9%","13,101","79.1%","66,691","65.8%","354,094","69.3%","224,480","73.6%","21,385","77.6%","2,407,863","72.3%","2,117","59.1%","4,872","65.1%","11,234","90.9%","102,506","85.0%","58,102","82.1%","57,104","79.1%","51,926","83.4%","4,864","60.7%","7,213","60.1%","4,492","69.8%","4,580","71.0%","6,358","65.4%","4,665","67.2%","35,907","74.5%","12,053","71.1%","2,628","81.9%","68,891","74.8%","27,488","74.8%","4,178","65.1%","685,474","75.7%","44,965","71.7%","11,648","68.0%","23,633","76.4%","32,817","84.8%","6,480","61.7%","44,866","68.2%","129,393","72.0%","16,865","86.9%","303","65.2%","30,832","69.0%","2,516","84.9%","1,997","85.7%","32,175","83.4%","8,616","87.8%","5,517","82.0%","33,646","79.5%","109,898","80.6%","37,521","66.6%","3,985","79.5%","103,171","72.4%"
"62 years and over","3,147","16.1%","284","18.3%","2,766","31.8%","31","6.0%","4,200","20.3%","512","21.8%","2,599","31.8%","994","22.1%","4,805","38.6%","9,705","33.6%","643","35.4%","3,793","20.4%","1,254","25.6%","13,061","26.2%","2,834","31.4%","16,636","16.3%","30","14.0%","14","31.8%","3","37.5%","495","25.5%","5,119","17.0%","2,901","26.3%","210","11.5%","4,734","28.3%","11,263","45.3%","635","11.5%","1,655","50.7%","331","31.7%","311","12.2%","939","20.1%","5,023","18.9%","492","10.4%","857","12.2%","668","26.4%","6,486","39.2%","14,949","14.8%","84,439","16.5%","67,168","22.0%","5,825","21.1%","614,717","18.4%","329","9.2%","1,259","16.8%","6,696","54.2%","65,358","54.2%","26,425","37.3%","24,948","34.6%","25,450","40.9%","1,780","22.2%","1,296","10.8%","1,359","21.1%","1,432","22.2%","1,588","16.3%","1,298","18.7%","15,596","32.3%","3,127","18.4%","1,367","42.6%","31,507","34.2%","9,188","25.0%","992","15.5%","227,759","25.2%","16,554","26.4%","3,760","22.0%","7,345","23.7%","9,507","24.6%","1,156","11.0%","12,038","18.3%","46,267","25.8%","11,352","58.5%","66","14.2%","10,096","22.6%","1,406","47.4%","971","41.7%","16,187","42.0%","4,893","49.8%","2,607","38.8%","15,791","37.3%","52,984","38.8%","6,853","12.2%","2,011","40.1%","36,439","25.6%"
"65 years and over","2,525","12.9%","226","14.6%","2,272","26.1%","25","4.8%","3,442","16.7%","421","17.9%","2,158","26.4%","819","18.2%","4,092","32.9%","8,057","27.9%","541","29.8%","3,116","16.8%","1,072","21.8%","11,064","22.2%","2,365","26.2%","13,349","13.1%","24","11.2%","13","29.5%","3","37.5%","407","21.0%","4,010","13.3%","2,253","20.4%","170","9.3%","3,949","23.6%","9,616","38.7%","480","8.7%","1,395","42.7%","283","27.1%","227","8.9%","762","16.3%","4,181","15.7%","393","8.3%","665","9.5%","543","21.5%","5,585","33.7%","11,941","11.8%","69,639","13.6%","55,330","18.1%","4,650","16.9%","506,001","15.2%","242","6.8%","987","13.2%","5,642","45.6%","59,354","49.2%","22,089","31.2%","20,913","29.0%","21,616","34.7%","1,545","19.3%","991","8.3%","1,095","17.0%","1,187","18.4%","1,264","13.0%","1,035","14.9%","13,046","27.1%","2,588","15.3%","1,181","36.8%","27,991","30.4%","7,400","20.1%","782","12.2%","190,709","21.1%","14,231","22.7%","3,077","18.0%","6,130","19.8%","8,008","20.7%","876","8.3%","9,732","14.8%","39,232","21.8%","10,316","53.1%","52","11.2%","8,336","18.6%","1,217","41.0%","799","34.3%","13,782","35.7%","4,162","42.4%","2,160","32.1%","13,430","31.7%","45,618","33.4%","5,258","9.3%","1,709","34.1%","31,326","22.0%"
"Male population","9,519","100.0%","824","100.0%","4,390","100.0%","252","100.0%","10,093","100.0%","1,188","100.0%","4,273","100.0%","2,262","100.0%","6,195","100.0%","14,302","100.0%","948","100.0%","8,730","100.0%","3,491","100.0%","24,804","100.0%","4,482","100.0%","49,511","100.0%","109","100.0%","29","100.0%","3","100.0%","968","100.0%","14,802","100.0%","5,755","100.0%","884","100.0%","8,426","100.0%","12,248","100.0%","2,738","100.0%","1,710","100.0%","521","100.0%","2,050","100.0%","2,406","100.0%","13,539","100.0%","2,286","100.0%","3,702","100.0%","1,301","100.0%","8,413","100.0%","50,377","100.0%","250,729","100.0%","149,422","100.0%","16,041","100.0%","1,642,277","100.0%","1,697","100.0%","3,564","100.0%","6,159","100.0%","57,042","100.0%","36,562","100.0%","36,312","100.0%","31,078","100.0%","3,972","100.0%","5,805","100.0%","3,159","100.0%","3,217","100.0%","4,758","100.0%","3,440","100.0%","23,989","100.0%","8,829","100.0%","1,611","100.0%","44,185","100.0%","18,788","100.0%","3,088","100.0%","445,081","100.0%","30,414","100.0%","8,371","100.0%","17,728","100.0%","26,359","100.0%","4,971","100.0%","32,396","100.0%","88,138","100.0%","9,414","100.0%","221","100.0%","21,101","100.0%","1,453","100.0%","1,235","100.0%","18,666","100.0%","4,986","100.0%","3,527","100.0%","20,329","100.0%","67,206","100.0%","29,982","100.0%","2,543","100.0%","69,967","100.0%"
"Male population Under 5 years","673","7.1%","42","5.1%","238","5.4%","32","12.7%","575","5.7%","98","8.2%","199","4.7%","130","5.7%","258","4.2%","569","4.0%","47","5.0%","593","6.8%","66","1.9%","1,326","5.3%","258","5.8%","2,280","4.6%","9","8.3%","0","0.0%","0","0.0%","48","5.0%","1,053","7.1%","225","3.9%","62","7.0%","451","5.4%","415","3.4%","243","8.9%","27","1.6%","20","3.8%","35","1.7%","161","6.7%","958","7.1%","230","10.1%","320","8.6%","80","6.1%","391","4.6%","3,902","7.7%","14,791","5.9%","7,454","5.0%","540","3.4%","100,059","6.1%","139","8.2%","270","7.6%","92","1.5%","2,039","3.6%","1,365","3.7%","1,684","4.6%","1,078","3.5%","303","7.6%","557","9.6%","194","6.1%","184","5.7%","328","6.9%","214","6.2%","1,227","5.1%","547","6.2%","65","4.0%","2,339","5.3%","985","5.2%","238","7.7%","22,218","5.0%","1,867","6.1%","578","6.9%","826","4.7%","595","2.3%","417","8.4%","2,119","6.5%","5,597","6.4%","240","2.5%","22","10.0%","1,372","6.5%","45","3.1%","31","2.5%","662","3.5%","126","2.5%","146","4.1%","901","4.4%","2,763","4.1%","1,907","6.4%","109","4.3%","4,305","6.2%"
"Male population 5 to 9 years","802","8.4%","70","8.5%","310","7.1%","25","9.9%","687","6.8%","87","7.3%","218","5.1%","133","5.9%","339","5.5%","774","5.4%","47","5.0%","698","8.0%","55","1.6%","1,420","5.7%","265","5.9%","2,640","5.3%","5","4.6%","1","3.4%","0","0.0%","48","5.0%","1,238","8.4%","257","4.5%","80","9.0%","534","6.3%","505","4.1%","293","10.7%","53","3.1%","45","8.6%","35","1.7%","221","9.2%","957","7.1%","251","11.0%","310","8.4%","83","6.4%","403","4.8%","4,347","8.6%","19,420","7.7%","9,693","6.5%","727","4.5%","109,057","6.6%","181","10.7%","320","9.0%","97","1.6%","2,177","3.8%","1,514","4.1%","1,911","5.3%","1,247","4.0%","390","9.8%","547","9.4%","219","6.9%","230","7.1%","435","9.1%","291","8.5%","1,554","6.5%","607","6.9%","62","3.8%","2,911","6.6%","1,085","5.8%","275","8.9%","24,947","5.6%","2,171","7.1%","597","7.1%","895","5.0%","697","2.6%","542","10.9%","2,556","7.9%","6,302","7.2%","298","3.2%","16","7.2%","1,635","7.7%","65","4.5%","37","3.0%","772","4.1%","151","3.0%","141","4.0%","1,068","5.3%","3,034","4.5%","2,281","7.6%","125","4.9%","4,837","6.9%"
"Male population 10 to 14 years","826","8.7%","74","9.0%","354","8.1%","37","14.7%","796","7.9%","80","6.7%","277","6.5%","171","7.6%","351","5.7%","866","6.1%","50","5.3%","841","9.6%","68","1.9%","1,495","6.0%","297","6.6%","2,756","5.6%","6","5.5%","0","0.0%","0","0.0%","48","5.0%","1,307","8.8%","310","5.4%","115","13.0%","549","6.5%","526","4.3%","295","10.8%","56","3.3%","30","5.8%","43","2.1%","255","10.6%","1,174","8.7%","254","11.1%","290","7.8%","92","7.1%","462","5.5%","4,608","9.1%","22,188","8.8%","11,242","7.5%","867","5.4%","117,511","7.2%","226","13.3%","379","10.6%","160","2.6%","2,376","4.2%","1,701","4.7%","1,995","5.5%","1,394","4.5%","460","11.6%","615","10.6%","272","8.6%","301","9.4%","439","9.2%","343","10.0%","1,707","7.1%","669","7.6%","71","4.4%","3,223","7.3%","1,319","7.0%","305","9.9%","27,515","6.2%","2,396","7.9%","694","8.3%","927","5.2%","756","2.9%","473","9.5%","3,042","9.4%","6,835","7.8%","340","3.6%","21","9.5%","1,993","9.4%","60","4.1%","38","3.1%","857","4.6%","150","3.0%","187","5.3%","1,207","5.9%","3,270","4.9%","2,490","8.3%","119","4.7%","5,009","7.2%"
"Male population 15 to 19 years","903","9.5%","95","11.5%","245","5.6%","33","13.1%","901","8.9%","87","7.3%","241","5.6%","174","7.7%","356","5.7%","810","5.7%","50","5.3%","877","10.0%","96","2.7%","1,523","6.1%","278","6.2%","5,092","10.3%","7","6.4%","1","3.4%","1","33.3%","68","7.0%","1,242","8.4%","314","5.5%","80","9.0%","545","6.5%","545","4.4%","242","8.8%","59","3.5%","40","7.7%","34","1.7%","198","8.2%","1,068","7.9%","222","9.7%","248","6.7%","92","7.1%","457","5.4%","4,140","8.2%","20,779","8.3%","11,010","7.4%","870","5.4%","118,713","7.2%","178","10.5%","323","9.1%","198","3.2%","2,179","3.8%","1,625","4.4%","1,886","5.2%","1,353","4.4%","394","9.9%","513","8.8%","266","8.4%","207","6.4%","443","9.3%","289","8.4%","1,554","6.5%","590","6.7%","67","4.2%","2,824","6.4%","1,195","6.4%","287","9.3%","28,803","6.5%","2,245","7.4%","717","8.6%","935","5.3%","841","3.2%","477","9.6%","2,611","8.1%","5,978","6.8%","330","3.5%","23","10.4%","1,788","8.5%","59","4.1%","53","4.3%","826","4.4%","145","2.9%","166","4.7%","1,077","5.3%","3,862","5.7%","2,485","8.3%","129","5.1%","4,991","7.1%"
"Male population 20 to 24 years","738","7.8%","55","6.7%","171","3.9%","10","4.0%","613","6.1%","75","6.3%","157","3.7%","150","6.6%","215","3.5%","515","3.6%","22","2.3%","529","6.1%","244","7.0%","2,051","8.3%","204","4.6%","7,310","14.8%","8","7.3%","1","3.4%","0","0.0%","60","6.2%","976","6.6%","278","4.8%","52","5.9%","492","5.8%","368","3.0%","205","7.5%","36","2.1%","29","5.6%","122","6.0%","139","5.8%","1,013","7.5%","158","6.9%","224","6.1%","76","5.8%","354","4.2%","3,186","6.3%","15,058","6.0%","8,132","5.4%","801","5.0%","127,218","7.7%","135","8.0%","227","6.4%","174","2.8%","1,600","2.8%","1,552","4.2%","1,562","4.3%","1,215","3.9%","261","6.6%","433","7.5%","214","6.8%","188","5.8%","297","6.2%","231","6.7%","1,033","4.3%","569","6.4%","84","5.2%","2,071","4.7%","866","4.6%","214","6.9%","34,017","7.6%","1,683","5.5%","531","6.3%","1,362","7.7%","1,707","6.5%","405","8.1%","1,640","5.1%","4,353","4.9%","264","2.8%","18","8.1%","1,189","5.6%","39","2.7%","41","3.3%","704","3.8%","132","2.6%","115","3.3%","881","4.3%","3,933","5.9%","2,243","7.5%","136","5.3%","4,915","7.0%"
"Male population 25 to 29 years","656","6.9%","54","6.6%","144","3.3%","21","8.3%","650","6.4%","83","7.0%","199","4.7%","166","7.3%","237","3.8%","535","3.7%","41","4.3%","538","6.2%","404","11.6%","2,021","8.1%","255","5.7%","3,780","7.6%","12","11.0%","1","3.4%","0","0.0%","53","5.5%","1,044","7.1%","319","5.5%","80","9.0%","490","5.8%","442","3.6%","213","7.8%","42","2.5%","23","4.4%","250","12.2%","131","5.4%","961","7.1%","188","8.2%","290","7.8%","60","4.6%","376","4.5%","3,333","6.6%","13,924","5.6%","6,969","4.7%","1,048","6.5%","129,996","7.9%","139","8.2%","269","7.5%","137","2.2%","1,697","3.0%","1,801","4.9%","1,776","4.9%","1,306","4.2%","219","5.5%","478","8.2%","191","6.0%","198","6.2%","274","5.8%","224","6.5%","1,016","4.2%","726","8.2%","102","6.3%","2,022","4.6%","1,046","5.6%","227","7.4%","31,731","7.1%","1,696","5.6%","479","5.7%","1,597","9.0%","2,720","10.3%","396","8.0%","1,639","5.1%","4,780","5.4%","233","2.5%","17","7.7%","1,152","5.5%","40","2.8%","29","2.3%","762","4.1%","156","3.1%","153","4.3%","858","4.2%","3,239","4.8%","2,564","8.6%","104","4.1%","4,526","6.5%"
"Male population 30 to 34 years","655","6.9%","39","4.7%","207","4.7%","12","4.8%","674","6.7%","101","8.5%","196","4.6%","141","6.2%","264","4.3%","647","4.5%","48","5.1%","493","5.6%","440","12.6%","1,742","7.0%","257","5.7%","3,278","6.6%","10","9.2%","3","10.3%","0","0.0%","78","8.1%","1,070","7.2%","350","6.1%","62","7.0%","460","5.5%","475","3.9%","200","7.3%","33","1.9%","25","4.8%","301","14.7%","124","5.2%","862","6.4%","170","7.4%","308","8.3%","51","3.9%","328","3.9%","3,513","7.0%","15,068","6.0%","7,576","5.1%","1,325","8.3%","121,580","7.4%","128","7.5%","233","6.5%","105","1.7%","1,933","3.4%","1,958","5.4%","1,789","4.9%","1,358","4.4%","187","4.7%","454","7.8%","213","6.7%","196","6.1%","309","6.5%","237","6.9%","1,143","4.8%","786","8.9%","75","4.7%","2,322","5.3%","1,111","5.9%","208","6.7%","30,080","6.8%","1,695","5.6%","515","6.2%","1,538","8.7%","3,044","11.5%","365","7.3%","1,983","6.1%","5,298","6.0%","237","2.5%","7","3.2%","1,125","5.3%","43","3.0%","55","4.5%","749","4.0%","158","3.2%","152","4.3%","979","4.8%","3,147","4.7%","2,562","8.5%","118","4.6%","4,249","6.1%"
"Male population 35 to 39 years","590","6.2%","48","5.8%","224","5.1%","20","7.9%","653","6.5%","65","5.5%","272","6.4%","127","5.6%","288","4.6%","784","5.5%","31","3.3%","464","5.3%","428","12.3%","1,529","6.2%","231","5.2%","2,958","6.0%","2","1.8%","0","0.0%","0","0.0%","48","5.0%","915","6.2%","332","5.8%","56","6.3%","430","5.1%","488","4.0%","189","6.9%","57","3.3%","22","4.2%","291","14.2%","134","5.6%","869","6.4%","149","6.5%","298","8.0%","69","5.3%","349","4.1%","3,387","6.7%","17,425","6.9%","8,986","6.0%","1,429","8.9%","111,133","6.8%","99","5.8%","214","6.0%","135","2.2%","2,120","3.7%","1,857","5.1%","1,708","4.7%","1,292","4.2%","155","3.9%","373","6.4%","197","6.2%","177","5.5%","267","5.6%","189","5.5%","1,203","5.0%","654","7.4%","83","5.2%","2,468","5.6%","1,173","6.2%","179","5.8%","27,657","6.2%","1,704","5.6%","464","5.5%","1,437","8.1%","2,924","11.1%","338","6.8%","2,247","6.9%","5,426","6.2%","303","3.2%","17","7.7%","999","4.7%","59","4.1%","51","4.1%","838","4.5%","159","3.2%","177","5.0%","984","4.8%","3,050","4.5%","2,299","7.7%","110","4.3%","4,032","5.8%"
"Male population 40 to 44 years","526","5.5%","41","5.0%","204","4.6%","15","6.0%","609","6.0%","49","4.1%","258","6.0%","106","4.7%","293","4.7%","731","5.1%","46","4.9%","406","4.7%","310","8.9%","1,268","5.1%","187","4.2%","2,717","5.5%","5","4.6%","3","10.3%","0","0.0%","51","5.3%","837","5.7%","336","5.8%","43","4.9%","455","5.4%","435","3.6%","129","4.7%","59","3.5%","25","4.8%","259","12.6%","142","5.9%","915","6.8%","114","5.0%","233","6.3%","74","5.7%","363","4.3%","3,209","6.4%","18,412","7.3%","9,645","6.5%","1,326","8.3%","100,494","6.1%","84","4.9%","187","5.2%","136","2.2%","1,982","3.5%","1,677","4.6%","1,688","4.6%","1,281","4.1%","146","3.7%","280","4.8%","167","5.3%","196","6.1%","283","5.9%","180","5.2%","1,194","5.0%","546","6.2%","82","5.1%","2,269","5.1%","1,092","5.8%","177","5.7%","24,830","5.6%","1,550","5.1%","481","5.7%","1,233","7.0%","2,493","9.5%","258","5.2%","2,106","6.5%","4,970","5.6%","265","2.8%","4","1.8%","1,073","5.1%","73","5.0%","56","4.5%","867","4.6%","185","3.7%","132","3.7%","938","4.6%","2,856","4.2%","1,937","6.5%","92","3.6%","3,461","4.9%"
"Male population 45 to 49 years","511","5.4%","63","7.6%","181","4.1%","9","3.6%","567","5.6%","57","4.8%","250","5.9%","124","5.5%","297","4.8%","760","5.3%","34","3.6%","428","4.9%","227","6.5%","1,137","4.6%","201","4.5%","2,594","5.2%","7","6.4%","1","3.4%","0","0.0%","49","5.1%","799","5.4%","369","6.4%","46","5.2%","465","5.5%","524","4.3%","108","3.9%","42","2.5%","26","5.0%","195","9.5%","111","4.6%","780","5.8%","99","4.3%","210","5.7%","93","7.1%","350","4.2%","3,087","6.1%","19,099","7.6%","10,986","7.4%","1,340","8.4%","97,426","5.9%","78","4.6%","171","4.8%","235","3.8%","2,238","3.9%","1,894","5.2%","1,770","4.9%","1,430","4.6%","150","3.8%","245","4.2%","171","5.4%","181","5.6%","261","5.5%","164","4.8%","1,153","4.8%","484","5.5%","74","4.6%","2,215","5.0%","1,083","5.8%","145","4.7%","24,485","5.5%","1,586","5.2%","456","5.4%","1,024","5.8%","1,818","6.9%","238","4.8%","2,209","6.8%","4,960","5.6%","312","3.3%","16","7.2%","1,110","5.3%","56","3.9%","56","4.5%","931","5.0%","178","3.6%","179","5.1%","1,026","5.0%","2,887","4.3%","1,724","5.8%","112","4.4%","3,355","4.8%"
"Male population 50 to 54 years","535","5.6%","40","4.9%","248","5.6%","11","4.4%","640","6.3%","70","5.9%","253","5.9%","147","6.5%","321","5.2%","932","6.5%","59","6.2%","452","5.2%","218","6.2%","1,299","5.2%","234","5.2%","2,359","4.8%","8","7.3%","3","10.3%","1","33.3%","60","6.2%","837","5.7%","353","6.1%","35","4.0%","507","6.0%","647","5.3%","112","4.1%","89","5.2%","25","4.8%","154","7.5%","128","5.3%","734","5.4%","90","3.9%","231","6.2%","71","5.5%","411","4.9%","2,777","5.5%","16,718","6.7%","11,261","7.5%","1,184","7.4%","96,418","5.9%","66","3.9%","156","4.4%","317","5.1%","2,292","4.0%","2,256","6.2%","2,037","5.6%","1,831","5.9%","142","3.6%","309","5.3%","167","5.3%","204","6.3%","293","6.2%","166","4.8%","1,247","5.2%","466","5.3%","73","4.5%","1,862","4.2%","1,200","6.4%","163","5.3%","24,809","5.6%","1,642","5.4%","400","4.8%","931","5.3%","1,635","6.2%","232","4.7%","1,914","5.9%","4,585","5.2%","375","4.0%","18","8.1%","1,212","5.7%","74","5.1%","81","6.6%","1,018","5.5%","290","5.8%","191","5.4%","1,121","5.5%","3,349","5.0%","1,895","6.3%","122","4.8%","3,567","5.1%"
"Male population 55 to 59 years","529","5.6%","60","7.3%","298","6.8%","10","4.0%","672","6.7%","76","6.4%","296","6.9%","176","7.8%","402","6.5%","1,172","8.2%","86","9.1%","485","5.6%","203","5.8%","1,469","5.9%","290","6.5%","2,574","5.2%","8","7.3%","6","20.7%","0","0.0%","70","7.2%","873","5.9%","542","9.4%","66","7.5%","556","6.6%","939","7.7%","148","5.4%","180","10.5%","45","8.6%","106","5.2%","137","5.7%","691","5.1%","94","4.1%","200","5.4%","101","7.8%","574","6.8%","2,672","5.3%","14,780","5.9%","11,067","7.4%","1,123","7.0%","97,292","5.9%","84","4.9%","207","5.8%","575","9.3%","2,746","4.8%","2,843","7.8%","2,714","7.5%","2,504","8.1%","173","4.4%","279","4.8%","212","6.7%","229","7.1%","293","6.2%","230","6.7%","1,587","6.6%","537","6.1%","85","5.3%","2,212","5.0%","1,397","7.4%","175","5.7%","27,797","6.2%","1,745","5.7%","473","5.7%","940","5.3%","1,490","5.7%","247","5.0%","1,858","5.7%","5,154","5.8%","487","5.2%","11","5.0%","1,324","6.3%","111","7.6%","118","9.6%","1,410","7.6%","386","7.7%","282","8.0%","1,398","6.9%","4,536","6.7%","1,709","5.7%","159","6.3%","3,810","5.4%"
"Male population 60 to 64 years","508","5.3%","46","5.6%","407","9.3%","4","1.6%","616","6.1%","59","5.0%","368","8.6%","165","7.3%","526","8.5%","1,261","8.8%","105","11.1%","526","6.0%","156","4.5%","1,483","6.0%","361","8.1%","2,698","5.4%","8","7.3%","3","10.3%","0","0.0%","72","7.4%","837","5.7%","566","9.8%","30","3.4%","604","7.2%","1,227","10.0%","125","4.6%","217","12.7%","37","7.1%","96","4.7%","151","6.3%","692","5.1%","78","3.4%","220","5.9%","91","7.0%","752","8.9%","2,491","4.9%","12,136","4.8%","9,719","6.5%","1,061","6.6%","89,504","5.4%","61","3.6%","219","6.1%","825","13.4%","4,041","7.1%","3,443","9.4%","3,300","9.1%","3,025","9.7%","204","5.1%","264","4.5%","205","6.5%","188","5.8%","291","6.1%","242","7.0%","2,024","8.4%","482","5.5%","117","7.3%","2,529","5.7%","1,505","8.0%","173","5.6%","28,979","6.5%","1,755","5.8%","506","6.0%","964","5.4%","1,387","5.3%","223","4.5%","1,770","5.5%","5,348","6.1%","693","7.4%","9","4.1%","1,345","6.4%","142","9.8%","144","11.7%","1,753","9.4%","590","11.8%","356","10.1%","1,655","8.1%","5,533","8.2%","1,384","4.6%","230","9.0%","4,127","5.9%"
"Male population 65 to 69 years","359","3.8%","34","4.1%","376","8.6%","5","2.0%","515","5.1%","82","6.9%","420","9.8%","104","4.6%","587","9.5%","1,302","9.1%","79","8.3%","465","5.3%","213","6.1%","1,548","6.2%","370","8.3%","2,602","5.3%","7","6.4%","3","10.3%","1","33.3%","80","8.3%","660","4.5%","489","8.5%","19","2.1%","608","7.2%","1,462","11.9%","95","3.5%","267","15.6%","42","8.1%","48","2.3%","135","5.6%","647","4.8%","81","3.5%","118","3.2%","118","9.1%","725","8.6%","2,146","4.3%","9,853","3.9%","8,309","5.6%","978","6.1%","74,207","4.5%","46","2.7%","161","4.5%","894","14.5%","5,771","10.1%","3,500","9.6%","3,320","9.1%","3,173","10.2%","252","6.3%","180","3.1%","217","6.9%","213","6.6%","202","4.2%","125","3.6%","2,090","8.7%","413","4.7%","177","11.0%","3,174","7.2%","1,321","7.0%","118","3.8%","27,963","6.3%","1,944","6.4%","487","5.8%","1,059","6.0%","1,412","5.4%","141","2.8%","1,737","5.4%","5,660","6.4%","995","10.6%","10","4.5%","1,218","5.8%","183","12.6%","164","13.3%","2,037","10.9%","661","13.3%","393","11.1%","1,905","9.4%","6,386","9.5%","917","3.1%","257","10.1%","4,040","5.8%"
"Male population 70 to 74 years","313","3.3%","20","2.4%","338","7.7%","2","0.8%","408","4.0%","53","4.5%","311","7.3%","104","4.6%","589","9.5%","1,166","8.2%","87","9.2%","400","4.6%","156","4.5%","1,390","5.6%","342","7.6%","1,906","3.8%","4","3.7%","0","0.0%","0","0.0%","60","6.2%","499","3.4%","377","6.6%","22","2.5%","546","6.5%","1,358","11.1%","64","2.3%","217","12.7%","40","7.7%","30","1.5%","104","4.3%","489","3.6%","49","2.1%","107","2.9%","54","4.2%","836","9.9%","1,781","3.5%","8,956","3.6%","7,570","5.1%","725","4.5%","63,061","3.8%","29","1.7%","92","2.6%","903","14.7%","7,853","13.8%","3,257","8.9%","3,031","8.3%","3,097","10.0%","197","5.0%","134","2.3%","114","3.6%","131","4.1%","166","3.5%","110","3.2%","1,832","7.6%","306","3.5%","152","9.4%","3,541","8.0%","1,137","6.1%","96","3.1%","24,786","5.6%","1,913","6.3%","420","5.0%","987","5.6%","1,425","5.4%","123","2.5%","1,520","4.7%","5,557","6.3%","1,426","15.1%","11","5.0%","1,069","5.1%","158","10.9%","136","11.0%","1,932","10.4%","631","12.7%","345","9.8%","1,896","9.3%","6,351","9.5%","674","2.2%","235","9.2%","3,888","5.6%"
"Male population 75 to 79 years","184","1.9%","19","2.3%","239","5.4%","4","1.6%","231","2.3%","36","3.0%","218","5.1%","66","2.9%","411","6.6%","788","5.5%","59","6.2%","230","2.6%","116","3.3%","1,010","4.1%","211","4.7%","1,052","2.1%","0","0.0%","0","0.0%","0","0.0%","37","3.8%","259","1.7%","188","3.3%","20","2.3%","373","4.4%","951","7.8%","29","1.1%","170","9.9%","16","3.1%","31","1.5%","54","2.2%","347","2.6%","26","1.1%","41","1.1%","45","3.5%","698","8.3%","1,010","2.0%","5,958","2.4%","5,099","3.4%","422","2.6%","41,951","2.6%","13","0.8%","70","2.0%","651","10.6%","6,608","11.6%","2,329","6.4%","2,182","6.0%","2,262","7.3%","162","4.1%","79","1.4%","65","2.1%","68","2.1%","93","2.0%","84","2.4%","1,292","5.4%","200","2.3%","103","6.4%","2,970","6.7%","702","3.7%","52","1.7%","16,225","3.6%","1,457","4.8%","295","3.5%","606","3.4%","814","3.1%","48","1.0%","889","2.7%","3,934","4.5%","1,264","13.4%","0","0.0%","733","3.5%","131","9.0%","92","7.4%","1,257","6.7%","466","9.3%","220","6.2%","1,236","6.1%","4,441","6.6%","392","1.3%","187","7.4%","3,185","4.6%"
"Male population 80 to 84 years","124","1.3%","18","2.2%","137","3.1%","0","0.0%","151","1.5%","24","2.0%","100","2.3%","40","1.8%","306","4.9%","410","2.9%","37","3.9%","179","2.1%","64","1.8%","622","2.5%","152","3.4%","564","1.1%","0","0.0%","2","6.9%","0","0.0%","26","2.7%","193","1.3%","91","1.6%","12","1.4%","207","2.5%","525","4.3%","23","0.8%","64","3.7%","18","3.5%","16","0.8%","38","1.6%","211","1.6%","18","0.8%","23","0.6%","26","2.0%","402","4.8%","473","0.9%","3,525","1.4%","2,651","1.8%","176","1.1%","25,539","1.6%","4","0.2%","37","1.0%","322","5.2%","4,244","7.4%","1,250","3.4%","1,219","3.4%","1,393","4.5%","105","2.6%","40","0.7%","53","1.7%","67","2.1%","48","1.0%","72","2.1%","735","3.1%","134","1.5%","63","3.9%","1,947","4.4%","371","2.0%","32","1.0%","9,822","2.2%","849","2.8%","156","1.9%","278","1.6%","367","1.4%","31","0.6%","376","1.2%","2,187","2.5%","885","9.4%","0","0.0%","434","2.1%","69","4.7%","43","3.5%","739","4.0%","262","5.3%","132","3.7%","686","3.4%","2,597","3.9%","294","1.0%","123","4.8%","2,198","3.1%"
"Male population 85 years and over","87","0.9%","6","0.7%","69","1.6%","2","0.8%","135","1.3%","6","0.5%","40","0.9%","38","1.7%","155","2.5%","280","2.0%","20","2.1%","126","1.4%","27","0.8%","471","1.9%","89","2.0%","351","0.7%","3","2.8%","1","3.4%","0","0.0%","12","1.2%","163","1.1%","59","1.0%","4","0.5%","154","1.8%","416","3.4%","25","0.9%","42","2.5%","13","2.5%","4","0.2%","43","1.8%","171","1.3%","15","0.7%","31","0.8%","25","1.9%","182","2.2%","315","0.6%","2,639","1.1%","2,053","1.4%","99","0.6%","21,118","1.3%","7","0.4%","29","0.8%","203","3.3%","3,146","5.5%","740","2.0%","740","2.0%","839","2.7%","72","1.8%","25","0.4%","22","0.7%","59","1.8%","36","0.8%","49","1.4%","398","1.7%","113","1.3%","76","4.7%","1,286","2.9%","200","1.1%","24","0.8%","8,417","1.9%","516","1.7%","122","1.5%","189","1.1%","234","0.9%","17","0.3%","180","0.6%","1,214","1.4%","467","5.0%","1","0.5%","330","1.6%","46","3.2%","10","0.8%","552","3.0%","160","3.2%","60","1.7%","513","2.5%","1,972","2.9%","225","0.8%","76","3.0%","1,472","2.1%"
"Selected Age Categories","","","","","","","","","","","","","","","","","","","","","","","","","","","","","","","","","","","","","","","","","","","","","","","","","","","","","","","","","","","","","","","","","","","","","","","","","","","","","","","","","","","","","","","","","","","","","","","","","","","","","","","","","","","","","","","","","","","","","","","","","","","","","","","","","","","","","","","","","","","","","","","","","","","","","","","","","","","","","","","",""
"16 years and over","7,036","73.9%","617","74.9%","3,443","78.4%","145","57.5%","7,821","77.5%","904","76.1%","3,530","82.6%","1,786","79.0%","5,154","83.2%","11,900","83.2%","798","84.2%","6,430","73.7%","3,280","94.0%","20,289","81.8%","3,609","80.5%","41,266","83.3%","89","81.7%","28","96.6%","3","100.0%","809","83.6%","10,935","73.9%","4,903","85.2%","603","68.2%","6,772","80.4%","10,692","87.3%","1,861","68.0%","1,557","91.1%","418","80.2%","1,930","94.1%","1,713","71.2%","10,238","75.6%","1,502","65.7%","2,730","73.7%","1,024","78.7%","7,073","84.1%","36,618","72.7%","189,821","75.7%","118,652","79.4%","13,721","85.5%","1,292,550","78.7%","1,106","65.2%","2,528","70.9%","5,772","93.7%","49,975","87.6%","31,626","86.5%","30,339","83.6%","27,083","87.1%","2,724","68.6%","3,972","68.4%","2,424","76.7%","2,461","76.5%","3,459","72.7%","2,525","73.4%","19,135","79.8%","6,873","77.8%","1,401","87.0%","35,076","79.4%","15,155","80.7%","2,216","71.8%","364,924","82.0%","23,498","77.3%","6,364","76.0%","14,914","84.1%","24,119","91.5%","3,425","68.9%","24,089","74.4%","68,094","77.3%","8,458","89.8%","159","71.9%","15,701","74.4%","1,275","87.7%","1,121","90.8%","16,218","86.9%","4,531","90.9%","3,010","85.3%","16,937","83.3%","57,441","85.5%","22,769","75.9%","2,154","84.7%","54,749","78.2%"
"18 years and over","6,683","70.2%","581","70.5%","3,321","75.6%","128","50.8%","7,443","73.7%","868","73.1%","3,433","80.3%","1,722","76.1%","5,026","81.1%","11,550","80.8%","774","81.6%","6,043","69.2%","3,247","93.0%","19,715","79.5%","3,490","77.9%","40,188","81.2%","86","78.9%","28","96.6%","3","100.0%","781","80.7%","10,430","70.5%","4,762","82.7%","573","64.8%","6,545","77.7%","10,454","85.4%","1,760","64.3%","1,533","89.6%","402","77.2%","1,922","93.8%","1,627","67.6%","9,833","72.6%","1,411","61.7%","2,632","71.1%","987","75.9%","6,860","81.5%","34,822","69.1%","181,135","72.2%","113,912","76.2%","13,374","83.4%","1,245,876","75.9%","1,039","61.2%","2,382","66.8%","5,691","92.4%","49,027","85.9%","30,957","84.7%","29,530","81.3%","26,486","85.2%","2,570","64.7%","3,753","64.7%","2,312","73.2%","2,376","73.9%","3,259","68.5%","2,413","70.1%","18,503","77.1%","6,618","75.0%","1,375","85.4%","33,940","76.8%","14,627","77.9%","2,091","67.7%","353,937","79.5%","22,522","74.1%","6,047","72.2%","14,583","82.3%","23,837","90.4%","3,224","64.9%","22,951","70.8%","65,591","74.4%","8,327","88.5%","151","68.3%","14,944","70.8%","1,248","85.9%","1,098","88.9%","15,856","84.9%","4,472","89.7%","2,943","83.4%","16,479","81.1%","56,134","83.5%","21,749","72.5%","2,112","83.1%","52,719","75.3%"
"21 years and over","6,107","64.2%","526","63.8%","3,211","73.1%","125","49.6%","7,006","69.4%","819","68.9%","3,304","77.3%","1,613","71.3%","4,851","78.3%","11,174","78.1%","751","79.2%","5,589","64.0%","3,165","90.7%","18,529","74.7%","3,329","74.3%","34,695","70.1%","80","73.4%","27","93.1%","2","66.7%","746","77.1%","9,747","65.8%","4,596","79.9%","538","60.9%","6,239","74.0%","10,194","83.2%","1,626","59.4%","1,510","88.3%","381","73.1%","1,895","92.4%","1,536","63.8%","9,196","67.9%","1,292","56.5%","2,484","67.1%","935","71.9%","6,632","78.8%","32,649","64.8%","170,197","67.9%","108,219","72.4%","12,871","80.2%","1,171,046","71.3%","953","56.2%","2,234","62.7%","5,576","90.5%","47,903","84.0%","30,024","82.1%","28,516","78.5%","25,761","82.9%","2,364","59.5%","3,484","60.0%","2,159","68.3%","2,245","69.8%","3,046","64.0%","2,251","65.4%","17,698","73.8%","6,315","71.5%","1,321","82.0%","32,382","73.3%","14,032","74.7%","1,938","62.8%","333,890","75.0%","21,329","70.1%","5,665","67.7%","13,862","78.2%","23,218","88.1%","2,982","60.0%","21,683","66.9%","62,470","70.9%","8,141","86.5%","134","60.6%","14,048","66.6%","1,219","83.9%","1,067","86.4%","15,393","82.5%","4,394","88.1%","2,865","81.2%","15,911","78.3%","53,325","79.3%","20,282","67.6%","2,038","80.1%","49,836","71.2%"
"62 years and over","1,352","14.2%","124","15.0%","1,413","32.2%","17","6.7%","1,793","17.8%","237","19.9%","1,317","30.8%","440","19.5%","2,406","38.8%","4,735","33.1%","335","35.3%","1,711","19.6%","672","19.2%","5,959","24.0%","1,413","31.5%","8,027","16.2%","20","18.3%","7","24.1%","1","33.3%","256","26.4%","2,249","15.2%","1,554","27.0%","95","10.7%","2,263","26.9%","5,484","44.8%","310","11.3%","900","52.6%","153","29.4%","180","8.8%","475","19.7%","2,271","16.8%","230","10.1%","437","11.8%","328","25.2%","3,316","39.4%","7,228","14.3%","37,912","15.1%","31,269","20.9%","3,026","18.9%","277,453","16.9%","133","7.8%","508","14.3%","3,467","56.3%","30,211","53.0%","13,234","36.2%","12,518","34.5%","12,624","40.6%","908","22.9%","614","10.6%","603","19.1%","643","20.0%","696","14.6%","573","16.7%","7,591","31.6%","1,423","16.1%","656","40.7%","14,427","32.7%","4,629","24.6%","424","13.7%","104,520","23.5%","7,695","25.3%","1,804","21.6%","3,707","20.9%","5,077","19.3%","482","9.7%","5,760","17.8%","21,753","24.7%","5,489","58.3%","27","12.2%","4,598","21.8%","668","46.0%","534","43.2%","7,598","40.7%","2,540","50.9%","1,373","38.9%","7,243","35.6%","25,089","37.3%","3,295","11.0%","1,025","40.3%","17,177","24.6%"
"65 years and over","1,067","11.2%","97","11.8%","1,159","26.4%","13","5.2%","1,440","14.3%","201","16.9%","1,089","25.5%","352","15.6%","2,048","33.1%","3,946","27.6%","282","29.7%","1,400","16.0%","576","16.5%","5,041","20.3%","1,164","26.0%","6,475","13.1%","14","12.8%","6","20.7%","1","33.3%","215","22.2%","1,774","12.0%","1,204","20.9%","77","8.7%","1,888","22.4%","4,712","38.5%","236","8.6%","760","44.4%","129","24.8%","129","6.3%","374","15.5%","1,865","13.8%","189","8.3%","320","8.6%","268","20.6%","2,843","33.8%","5,725","11.4%","30,931","12.3%","25,682","17.2%","2,400","15.0%","225,876","13.8%","99","5.8%","389","10.9%","2,973","48.3%","27,622","48.4%","11,076","30.3%","10,492","28.9%","10,764","34.6%","788","19.8%","458","7.9%","471","14.9%","538","16.7%","545","11.5%","440","12.8%","6,347","26.5%","1,166","13.2%","571","35.4%","12,918","29.2%","3,731","19.9%","322","10.4%","87,213","19.6%","6,679","22.0%","1,480","17.7%","3,119","17.6%","4,252","16.1%","360","7.2%","4,702","14.5%","18,552","21.0%","5,037","53.5%","22","10.0%","3,784","17.9%","587","40.4%","445","36.0%","6,517","34.9%","2,180","43.7%","1,150","32.6%","6,236","30.7%","21,747","32.4%","2,502","8.3%","878","34.5%","14,783","21.1%"
"Female population","10,079","100.0%","725","100.0%","4,306","100.0%","268","100.0%","10,547","100.0%","1,165","100.0%","3,901","100.0%","2,229","100.0%","6,243","100.0%","14,614","100.0%","868","100.0%","9,822","100.0%","1,417","100.0%","24,993","100.0%","4,538","100.0%","52,311","100.0%","105","100.0%","15","100.0%","5","100.0%","970","100.0%","15,252","100.0%","5,266","100.0%","941","100.0%","8,312","100.0%","12,622","100.0%","2,793","100.0%","1,554","100.0%","523","100.0%","505","100.0%","2,276","100.0%","13,037","100.0%","2,434","100.0%","3,333","100.0%","1,227","100.0%","8,144","100.0%","50,957","100.0%","260,002","100.0%","155,596","100.0%","11,532","100.0%","1,689,648","100.0%","1,886","100.0%","3,922","100.0%","6,201","100.0%","63,516","100.0%","34,214","100.0%","35,893","100.0%","31,191","100.0%","4,045","100.0%","6,190","100.0%","3,274","100.0%","3,236","100.0%","4,963","100.0%","3,500","100.0%","24,224","100.0%","8,133","100.0%","1,596","100.0%","47,861","100.0%","17,959","100.0%","3,330","100.0%","459,934","100.0%","32,316","100.0%","8,750","100.0%","13,211","100.0%","12,346","100.0%","5,527","100.0%","33,361","100.0%","91,499","100.0%","9,998","100.0%","244","100.0%","23,603","100.0%","1,512","100.0%","1,096","100.0%","19,896","100.0%","4,831","100.0%","3,198","100.0%","22,013","100.0%","69,226","100.0%","26,318","100.0%","2,469","100.0%","72,602","100.0%"
"Female population Under 5 years","682","6.8%","39","5.4%","201","4.7%","28","10.4%","555","5.3%","53","4.5%","208","5.3%","108","4.8%","279","4.5%","584","4.0%","25","2.9%","591","6.0%","57","4.0%","1,418","5.7%","216","4.8%","2,165","4.1%","10","9.5%","0","0.0%","0","0.0%","41","4.2%","991","6.5%","262","5.0%","86","9.1%","414","5.0%","412","3.3%","239","8.6%","45","2.9%","20","3.8%","46","9.1%","167","7.3%","929","7.1%","255","10.5%","327","9.8%","88","7.2%","381","4.7%","3,733","7.3%","14,378","5.5%","7,070","4.5%","554","4.8%","96,150","5.7%","156","8.3%","236","6.0%","95","1.5%","2,045","3.2%","1,371","4.0%","1,559","4.3%","1,002","3.2%","305","7.5%","531","8.6%","181","5.5%","185","5.7%","341","6.9%","214","6.1%","1,226","5.1%","517","6.4%","54","3.4%","2,240","4.7%","937","5.2%","235","7.1%","21,754","4.7%","1,799","5.6%","604","6.9%","790","6.0%","611","4.9%","422","7.6%","2,031","6.1%","5,476","6.0%","269","2.7%","9","3.7%","1,294","5.5%","34","2.2%","40","3.6%","642","3.2%","117","2.4%","127","4.0%","899","4.1%","2,483","3.6%","1,812","6.9%","107","4.3%","4,261","5.9%"
"Female population 5 to 9 years","779","7.7%","44","6.1%","280","6.5%","31","11.6%","679","6.4%","63","5.4%","234","6.0%","144","6.5%","314","5.0%","747","5.1%","44","5.1%","734","7.5%","59","4.2%","1,534","6.1%","273","6.0%","2,477","4.7%","7","6.7%","1","6.7%","0","0.0%","40","4.1%","1,064","7.0%","247","4.7%","93","9.9%","504","6.1%","445","3.5%","281","10.1%","48","3.1%","30","5.7%","30","5.9%","197","8.7%","976","7.5%","244","10.0%","298","8.9%","71","5.8%","398","4.9%","4,245","8.3%","18,326","7.0%","9,275","6.0%","695","6.0%","105,080","6.2%","164","8.7%","323","8.2%","102","1.6%","2,129","3.4%","1,492","4.4%","1,763","4.9%","1,184","3.8%","333","8.2%","601","9.7%","236","7.2%","203","6.3%","385","7.8%","221","6.3%","1,413","5.8%","568","7.0%","70","4.4%","2,828","5.9%","1,159","6.5%","282","8.5%","23,949","5.2%","2,075","6.4%","667","7.6%","825","6.2%","713","5.8%","547","9.9%","2,493","7.5%","6,082","6.6%","256","2.6%","24","9.8%","1,609","6.8%","56","3.7%","38","3.5%","716","3.6%","151","3.1%","129","4.0%","984","4.5%","2,910","4.2%","2,080","7.9%","122","4.9%","4,612","6.4%"
"Female population 10 to 14 years","853","8.5%","68","9.4%","324","7.5%","30","11.2%","783","7.4%","82","7.0%","244","6.3%","146","6.6%","361","5.8%","820","5.6%","41","4.7%","809","8.2%","51","3.6%","1,484","5.9%","279","6.1%","2,702","5.2%","13","12.4%","1","6.7%","0","0.0%","65","6.7%","1,317","8.6%","290","5.5%","90","9.6%","520","6.3%","507","4.0%","288","10.3%","66","4.2%","29","5.5%","28","5.5%","224","9.8%","1,063","8.2%","260","10.7%","293","8.8%","76","6.2%","475","5.8%","4,548","8.9%","21,299","8.2%","10,786","6.9%","827","7.2%","112,675","6.7%","183","9.7%","369","9.4%","133","2.1%","2,329","3.7%","1,549","4.5%","1,936","5.4%","1,377","4.4%","436","10.8%","694","11.2%","263","8.0%","260","8.0%","462","9.3%","323","9.2%","1,623","6.7%","679","8.3%","82","5.1%","3,053","6.4%","1,210","6.7%","277","8.3%","25,916","5.6%","2,316","7.2%","715","8.2%","842","6.4%","725","5.9%","494","8.9%","2,877","8.6%","6,437","7.0%","327","3.3%","16","6.6%","1,860","7.9%","68","4.5%","56","5.1%","830","4.2%","162","3.4%","150","4.7%","1,189","5.4%","3,109","4.5%","2,373","9.0%","154","6.2%","4,725","6.5%"
"Female population 15 to 19 years","900","8.9%","45","6.2%","239","5.6%","22","8.2%","882","8.4%","89","7.6%","239","6.1%","173","7.8%","299","4.8%","768","5.3%","51","5.9%","892","9.1%","71","5.0%","1,277","5.1%","266","5.9%","6,776","13.0%","8","7.6%","0","0.0%","0","0.0%","77","7.9%","1,174","7.7%","254","4.8%","79","8.4%","477","5.7%","506","4.0%","223","8.0%","44","2.8%","31","5.9%","25","5.0%","182","8.0%","1,019","7.8%","237","9.7%","218","6.5%","68","5.5%","366","4.5%","3,804","7.5%","19,055","7.3%","10,579","6.8%","808","7.0%","113,918","6.7%","187","9.9%","322","8.2%","164","2.6%","2,090","3.3%","1,457","4.3%","1,728","4.8%","1,245","4.0%","412","10.2%","544","8.8%","219","6.7%","217","6.7%","404","8.1%","281","8.0%","1,521","6.3%","538","6.6%","60","3.8%","2,787","5.8%","1,037","5.8%","241","7.2%","28,822","6.3%","2,136","6.6%","641","7.3%","818","6.2%","609","4.9%","486","8.8%","2,372","7.1%","5,668","6.2%","365","3.7%","25","10.2%","1,766","7.5%","48","3.2%","25","2.3%","808","4.1%","165","3.4%","118","3.7%","1,027","4.7%","3,458","5.0%","2,421","9.2%","111","4.5%","4,759","6.6%"
"Female population 20 to 24 years","764","7.6%","45","6.2%","162","3.8%","31","11.6%","606","5.7%","56","4.8%","134","3.4%","128","5.7%","210","3.4%","481","3.3%","39","4.5%","621","6.3%","41","2.9%","1,382","5.5%","191","4.2%","8,711","16.7%","10","9.5%","2","13.3%","1","20.0%","77","7.9%","910","6.0%","288","5.5%","46","4.9%","432","5.2%","365","2.9%","170","6.1%","12","0.8%","25","4.8%","20","4.0%","121","5.3%","972","7.5%","170","7.0%","213","6.4%","60","4.9%","298","3.7%","3,010","5.9%","14,068","5.4%","7,573","4.9%","485","4.2%","122,812","7.3%","158","8.4%","199","5.1%","149","2.4%","1,593","2.5%","1,290","3.8%","1,468","4.1%","1,160","3.7%","273","6.7%","410","6.6%","185","5.7%","168","5.2%","312","6.3%","234","6.7%","930","3.8%","466","5.7%","59","3.7%","2,067","4.3%","738","4.1%","205","6.2%","32,274","7.0%","1,719","5.3%","496","5.7%","749","5.7%","498","4.0%","395","7.1%","1,641","4.9%","4,304","4.7%","251","2.5%","20","8.2%","1,211","5.1%","30","2.0%","30","2.7%","562","2.8%","106","2.2%","107","3.3%","782","3.6%","3,120","4.5%","1,822","6.9%","114","4.6%","4,397","6.1%"
"Female population 25 to 29 years","647","6.4%","49","6.8%","172","4.0%","15","5.6%","611","5.8%","83","7.1%","130","3.3%","128","5.7%","255","4.1%","528","3.6%","34","3.9%","604","6.1%","47","3.3%","1,590","6.4%","251","5.5%","3,489","6.7%","9","8.6%","2","13.3%","0","0.0%","60","6.2%","1,038","6.8%","304","5.8%","63","6.7%","458","5.5%","391","3.1%","231","8.3%","29","1.9%","26","5.0%","35","6.9%","108","4.7%","786","6.0%","174","7.1%","248","7.4%","55","4.5%","317","3.9%","3,355","6.6%","13,804","5.3%","7,137","4.6%","469","4.1%","126,874","7.5%","140","7.4%","266","6.8%","116","1.9%","1,746","2.7%","1,464","4.3%","1,694","4.7%","1,170","3.8%","229","5.7%","488","7.9%","202","6.2%","163","5.0%","296","6.0%","213","6.1%","967","4.0%","554","6.8%","59","3.7%","2,107","4.4%","924","5.1%","212","6.4%","29,706","6.5%","1,808","5.6%","496","5.7%","819","6.2%","591","4.8%","426","7.7%","1,841","5.5%","4,857","5.3%","238","2.4%","8","3.3%","1,310","5.6%","45","3.0%","33","3.0%","685","3.4%","135","2.8%","120","3.8%","848","3.9%","2,937","4.2%","1,780","6.8%","110","4.5%","4,421","6.1%"
"Female population 30 to 34 years","620","6.2%","46","6.3%","212","4.9%","22","8.2%","631","6.0%","91","7.8%","168","4.3%","119","5.3%","277","4.4%","637","4.4%","40","4.6%","557","5.7%","48","3.4%","1,604","6.4%","217","4.8%","3,153","6.0%","11","10.5%","0","0.0%","1","20.0%","51","5.3%","1,058","6.9%","318","6.0%","67","7.1%","473","5.7%","447","3.5%","222","7.9%","53","3.4%","27","5.2%","44","8.7%","134","5.9%","756","5.8%","181","7.4%","248","7.4%","70","5.7%","349","4.3%","3,636","7.1%","16,148","6.2%","8,013","5.1%","520","4.5%","118,458","7.0%","133","7.1%","254","6.5%","103","1.7%","1,987","3.1%","1,463","4.3%","1,804","5.0%","1,345","4.3%","208","5.1%","464","7.5%","182","5.6%","213","6.6%","314","6.3%","190","5.4%","1,117","4.6%","543","6.7%","81","5.1%","2,473","5.2%","1,076","6.0%","228","6.8%","28,078","6.1%","1,841","5.7%","463","5.3%","767","5.8%","633","5.1%","419","7.6%","2,193","6.6%","5,533","6.0%","251","2.5%","16","6.6%","1,333","5.6%","52","3.4%","48","4.4%","774","3.9%","167","3.5%","114","3.6%","1,008","4.6%","2,926","4.2%","1,825","6.9%","86","3.5%","4,467","6.2%"
"Female population 35 to 39 years","569","5.6%","45","6.2%","206","4.8%","16","6.0%","576","5.5%","63","5.4%","185","4.7%","89","4.0%","280","4.5%","775","5.3%","44","5.1%","532","5.4%","70","4.9%","1,452","5.8%","224","4.9%","2,921","5.6%","6","5.7%","0","0.0%","0","0.0%","56","5.8%","883","5.8%","328","6.2%","68","7.2%","396","4.8%","449","3.6%","174","6.2%","52","3.3%","16","3.1%","30","5.9%","141","6.2%","683","5.2%","161","6.6%","249","7.5%","70","5.7%","348","4.3%","3,566","7.0%","18,948","7.3%","9,806","6.3%","657","5.7%","110,300","6.5%","122","6.5%","272","6.9%","145","2.3%","2,204","3.5%","1,510","4.4%","1,685","4.7%","1,267","4.1%","207","5.1%","408","6.6%","181","5.5%","161","5.0%","272","5.5%","153","4.4%","1,210","5.0%","443","5.4%","63","3.9%","2,707","5.7%","1,081","6.0%","187","5.6%","26,762","5.8%","1,831","5.7%","507","5.8%","756","5.7%","636","5.2%","372","6.7%","2,349","7.0%","5,556","6.1%","275","2.8%","19","7.8%","1,278","5.4%","59","3.9%","60","5.5%","821","4.1%","137","2.8%","151","4.7%","980","4.5%","2,901","4.2%","1,636","6.2%","94","3.8%","4,071","5.6%"
"Female population 40 to 44 years","504","5.0%","28","3.9%","200","4.6%","14","5.2%","579","5.5%","59","5.1%","194","5.0%","119","5.3%","282","4.5%","817","5.6%","36","4.1%","514","5.2%","67","4.7%","1,248","5.0%","206","4.5%","2,695","5.2%","5","4.8%","0","0.0%","0","0.0%","36","3.7%","862","5.7%","291","5.5%","45","4.8%","404","4.9%","432","3.4%","137","4.9%","47","3.0%","22","4.2%","22","4.4%","139","6.1%","764","5.9%","121","5.0%","196","5.9%","61","5.0%","338","4.2%","3,388","6.6%","19,695","7.6%","10,307","6.6%","689","6.0%","102,125","6.0%","106","5.6%","205","5.2%","161","2.6%","2,087","3.3%","1,410","4.1%","1,624","4.5%","1,288","4.1%","174","4.3%","247","4.0%","188","5.7%","158","4.9%","284","5.7%","200","5.7%","1,184","4.9%","437","5.4%","70","4.4%","2,427","5.1%","1,040","5.8%","200","6.0%","25,119","5.5%","1,718","5.3%","519","5.9%","673","5.1%","564","4.6%","285","5.2%","2,284","6.8%","5,059","5.5%","268","2.7%","13","5.3%","1,279","5.4%","56","3.7%","58","5.3%","805","4.0%","174","3.6%","133","4.2%","982","4.5%","2,831","4.1%","1,542","5.9%","98","4.0%","3,575","4.9%"
"Female population 45 to 49 years","542","5.4%","43","5.9%","183","4.2%","12","4.5%","553","5.2%","69","5.9%","191","4.9%","131","5.9%","297","4.8%","791","5.4%","40","4.6%","555","5.7%","52","3.7%","1,183","4.7%","242","5.3%","2,412","4.6%","3","2.9%","0","0.0%","0","0.0%","63","6.5%","827","5.4%","287","5.5%","53","5.6%","413","5.0%","566","4.5%","111","4.0%","51","3.3%","30","5.7%","25","5.0%","122","5.4%","698","5.4%","100","4.1%","195","5.9%","89","7.3%","358","4.4%","3,278","6.4%","19,470","7.5%","11,576","7.4%","777","6.7%","100,512","5.9%","111","5.9%","174","4.4%","289","4.7%","2,297","3.6%","1,660","4.9%","1,787","5.0%","1,417","4.5%","173","4.3%","280","4.5%","151","4.6%","169","5.2%","275","5.5%","198","5.7%","1,136","4.7%","454","5.6%","62","3.9%","2,346","4.9%","1,015","5.7%","200","6.0%","24,963","5.4%","1,779","5.5%","457","5.2%","652","4.9%","588","4.8%","287","5.2%","2,176","6.5%","5,004","5.5%","294","2.9%","18","7.4%","1,460","6.2%","48","3.2%","48","4.4%","974","4.9%","192","4.0%","179","5.6%","1,114","5.1%","3,152","4.6%","1,653","6.3%","111","4.5%","3,808","5.2%"
"Female population 50 to 54 years","551","5.5%","53","7.3%","240","5.6%","15","5.6%","624","5.9%","56","4.8%","236","6.0%","145","6.5%","338","5.4%","868","5.9%","65","7.5%","532","5.4%","101","7.1%","1,395","5.6%","262","5.8%","2,354","4.5%","8","7.6%","2","13.3%","0","0.0%","59","6.1%","849","5.6%","350","6.6%","74","7.9%","543","6.5%","679","5.4%","153","5.5%","88","5.7%","41","7.8%","20","4.0%","92","4.0%","629","4.8%","105","4.3%","192","5.8%","64","5.2%","482","5.9%","2,864","5.6%","16,995","6.5%","11,589","7.4%","864","7.5%","99,343","5.9%","102","5.4%","193","4.9%","451","7.3%","2,482","3.9%","2,065","6.0%","2,177","6.1%","1,955","6.3%","150","3.7%","335","5.4%","176","5.4%","204","6.3%","263","5.3%","192","5.5%","1,254","5.2%","510","6.3%","62","3.9%","2,072","4.3%","1,166","6.5%","196","5.9%","25,969","5.6%","1,696","5.2%","467","5.3%","696","5.3%","593","4.8%","288","5.2%","1,923","5.8%","4,887","5.3%","435","4.4%","14","5.7%","1,522","6.4%","89","5.9%","78","7.1%","1,163","5.8%","290","6.0%","190","5.9%","1,181","5.4%","3,700","5.3%","1,724","6.6%","104","4.2%","3,898","5.4%"
"Female population 55 to 59 years","599","5.9%","44","6.1%","360","8.4%","14","5.2%","751","7.1%","87","7.5%","298","7.6%","179","8.0%","436","7.0%","1,288","8.8%","74","8.5%","566","5.8%","106","7.5%","1,588","6.4%","336","7.4%","2,676","5.1%","4","3.8%","0","0.0%","1","20.0%","72","7.4%","1,014","6.6%","473","9.0%","43","4.6%","571","6.9%","1,079","8.5%","163","5.8%","166","10.7%","31","5.9%","33","6.5%","122","5.4%","716","5.5%","121","5.0%","158","4.7%","74","6.0%","550","6.8%","2,695","5.3%","15,680","6.0%","11,561","7.4%","979","8.5%","103,269","6.1%","98","5.2%","267","6.8%","713","11.5%","3,475","5.5%","3,001","8.8%","2,901","8.1%","2,703","8.7%","185","4.6%","359","5.8%","232","7.1%","251","7.8%","343","6.9%","241","6.9%","1,782","7.4%","513","6.3%","111","7.0%","2,523","5.3%","1,403","7.8%","234","7.0%","30,183","6.6%","1,910","5.9%","556","6.4%","827","6.3%","754","6.1%","303","5.5%","2,030","6.1%","5,635","6.2%","571","5.7%","18","7.4%","1,577","6.7%","126","8.3%","101","9.2%","1,706","8.6%","470","9.7%","314","9.8%","1,636","7.4%","5,254","7.6%","1,549","5.9%","191","7.7%","4,415","6.1%"
"Female population 60 to 64 years","611","6.1%","47","6.5%","414","9.6%","6","2.2%","715","6.8%","94","8.1%","371","9.5%","153","6.9%","571","9.1%","1,399","9.6%","76","8.8%","599","6.1%","151","10.7%","1,815","7.3%","374","8.2%","2,906","5.6%","1","1.0%","0","0.0%","0","0.0%","81","8.4%","1,029","6.7%","525","10.0%","41","4.4%","646","7.8%","1,440","11.4%","157","5.6%","218","14.0%","41","7.8%","49","9.7%","139","6.1%","730","5.6%","101","4.1%","153","4.6%","106","8.6%","742","9.1%","2,619","5.1%","13,428","5.2%","10,676","6.9%","958","8.3%","98,007","5.8%","83","4.4%","244","6.2%","911","14.7%","5,320","8.4%","3,469","10.1%","3,346","9.3%","3,226","10.3%","203","5.0%","296","4.8%","254","7.8%","235","7.3%","293","5.9%","245","7.0%","2,162","8.9%","489","6.0%","153","9.6%","3,158","6.6%","1,504","8.4%","173","5.2%","32,943","7.2%","2,136","6.6%","565","6.5%","986","7.5%","1,075","8.7%","287","5.2%","2,121","6.4%","6,321","6.9%","919","9.2%","14","5.7%","1,552","6.6%","171","11.3%","127","11.6%","2,145","10.8%","583","12.1%","356","11.1%","2,189","9.9%","6,574","9.5%","1,345","5.1%","236","9.6%","4,650","6.4%"
"Female population 65 to 69 years","487","4.8%","37","5.1%","379","8.8%","2","0.7%","655","6.2%","88","7.6%","412","10.6%","171","7.7%","636","10.2%","1,373","9.4%","80","9.2%","535","5.4%","174","12.3%","1,769","7.1%","386","8.5%","2,702","5.2%","2","1.9%","1","6.7%","2","40.0%","59","6.1%","783","5.1%","421","8.0%","42","4.5%","602","7.2%","1,521","12.1%","90","3.2%","206","13.3%","55","10.5%","33","6.5%","129","5.7%","675","5.2%","94","3.9%","115","3.5%","89","7.3%","803","9.9%","2,413","4.7%","11,934","4.6%","9,520","6.1%","911","7.9%","85,770","5.1%","60","3.2%","185","4.7%","959","15.5%","7,384","11.6%","3,404","9.9%","3,395","9.5%","3,310","10.6%","268","6.6%","203","3.3%","205","6.3%","200","6.2%","234","4.7%","197","5.6%","2,260","9.3%","452","5.6%","179","11.2%","4,040","8.4%","1,354","7.5%","176","5.3%","31,855","6.9%","2,269","7.0%","514","5.9%","1,092","8.3%","1,282","10.4%","203","3.7%","1,983","5.9%","6,619","7.2%","1,229","12.3%","6","2.5%","1,487","6.3%","198","13.1%","157","14.3%","2,385","12.0%","661","13.7%","343","10.7%","2,340","10.6%","7,244","10.5%","1,031","3.9%","239","9.7%","4,691","6.5%"
"Female population 70 to 74 years","347","3.4%","39","5.4%","328","7.6%","4","1.5%","515","4.9%","50","4.3%","289","7.4%","91","4.1%","542","8.7%","1,179","8.1%","94","10.8%","436","4.4%","132","9.3%","1,604","6.4%","325","7.2%","1,851","3.5%","2","1.9%","0","0.0%","0","0.0%","52","5.4%","550","3.6%","325","6.2%","25","2.7%","547","6.6%","1,376","10.9%","76","2.7%","175","11.3%","27","5.2%","21","4.2%","95","4.2%","596","4.6%","57","2.3%","91","2.7%","58","4.7%","798","9.8%","1,833","3.6%","10,808","4.2%","8,259","5.3%","678","5.9%","74,397","4.4%","36","1.9%","159","4.1%","838","13.5%","9,243","14.6%","3,157","9.2%","2,921","8.1%","2,906","9.3%","215","5.3%","165","2.7%","184","5.6%","151","4.7%","177","3.6%","138","3.9%","1,944","8.0%","379","4.7%","184","11.5%","4,174","8.7%","1,061","5.9%","113","3.4%","27,433","6.0%","2,220","6.9%","475","5.4%","907","6.9%","1,261","10.2%","155","2.8%","1,608","4.8%","6,221","6.8%","1,636","16.4%","13","5.3%","1,205","5.1%","202","13.4%","107","9.8%","2,046","10.3%","562","11.6%","296","9.3%","1,948","8.8%","6,527","9.4%","708","2.7%","269","10.9%","4,401","6.1%"
"Female population 75 to 79 years","255","2.5%","22","3.0%","199","4.6%","2","0.7%","371","3.5%","38","3.3%","210","5.4%","83","3.7%","437","7.0%","802","5.5%","46","5.3%","308","3.1%","89","6.3%","1,239","5.0%","224","4.9%","1,152","2.2%","1","1.0%","4","26.7%","0","0.0%","44","4.5%","329","2.2%","171","3.2%","10","1.1%","396","4.8%","916","7.3%","34","1.2%","153","9.8%","34","6.5%","24","4.8%","70","3.1%","418","3.2%","28","1.2%","53","1.6%","56","4.6%","622","7.6%","1,030","2.0%","7,434","2.9%","5,497","3.5%","379","3.3%","51,654","3.1%","28","1.5%","107","2.7%","475","7.7%","7,089","11.2%","2,203","6.4%","1,963","5.5%","2,131","6.8%","138","3.4%","83","1.3%","101","3.1%","119","3.7%","118","2.4%","113","3.2%","1,219","5.0%","241","3.0%","109","6.8%","3,254","6.8%","628","3.5%","73","2.2%","19,211","4.2%","1,589","4.9%","287","3.3%","543","4.1%","698","5.7%","75","1.4%","823","2.5%","4,088","4.5%","1,309","13.1%","8","3.3%","816","3.5%","105","6.9%","53","4.8%","1,355","6.8%","411","8.5%","203","6.3%","1,405","6.4%","4,712","6.8%","464","1.8%","167","6.8%","3,573","4.9%"
"Female population 80 to 84 years","170","1.7%","5","0.7%","123","2.9%","0","0.0%","254","2.4%","23","2.0%","84","2.2%","49","2.2%","256","4.1%","405","2.8%","18","2.1%","211","2.1%","53","3.7%","790","3.2%","141","3.1%","621","1.2%","2","1.9%","1","6.7%","0","0.0%","24","2.5%","313","2.1%","72","1.4%","14","1.5%","247","3.0%","589","4.7%","32","1.1%","68","4.4%","18","3.4%","10","2.0%","54","2.4%","323","2.5%","17","0.7%","39","1.2%","24","2.0%","323","4.0%","519","1.0%","4,431","1.7%","3,237","2.1%","161","1.4%","33,506","2.0%","7","0.4%","84","2.1%","245","4.0%","4,336","6.8%","1,297","3.8%","1,223","3.4%","1,371","4.4%","82","2.0%","50","0.8%","71","2.2%","95","2.9%","106","2.1%","58","1.7%","734","3.0%","164","2.0%","69","4.3%","2,008","4.2%","373","2.1%","49","1.5%","12,132","2.6%","806","2.5%","175","2.0%","296","2.2%","313","2.5%","52","0.9%","368","1.1%","2,175","2.4%","714","7.1%","0","0.0%","569","2.4%","66","4.4%","22","2.0%","754","3.8%","216","4.5%","110","3.4%","802","3.6%","2,767","4.0%","311","1.2%","90","3.6%","2,197","3.0%"
"Female population 85 years and over","199","2.0%","26","3.6%","84","2.0%","4","1.5%","207","2.0%","21","1.8%","74","1.9%","73","3.3%","173","2.8%","352","2.4%","21","2.4%","226","2.3%","48","3.4%","621","2.5%","125","2.8%","548","1.0%","3","2.9%","1","6.7%","0","0.0%","13","1.3%","261","1.7%","60","1.1%","2","0.2%","269","3.2%","502","4.0%","12","0.4%","33","2.1%","20","3.8%","10","2.0%","40","1.8%","304","2.3%","8","0.3%","47","1.4%","48","3.9%","196","2.4%","421","0.8%","4,101","1.6%","3,135","2.0%","121","1.0%","34,798","2.1%","12","0.6%","63","1.6%","152","2.5%","3,680","5.8%","952","2.8%","919","2.6%","1,134","3.6%","54","1.3%","32","0.5%","63","1.9%","84","2.6%","84","1.7%","89","2.5%","542","2.2%","186","2.3%","69","4.3%","1,597","3.3%","253","1.4%","49","1.5%","12,865","2.8%","668","2.1%","146","1.7%","173","1.3%","202","1.6%","31","0.6%","248","0.7%","1,577","1.7%","391","3.9%","3","1.2%","475","2.0%","59","3.9%","15","1.4%","725","3.6%","132","2.7%","58","1.8%","699","3.2%","2,621","3.8%","242","0.9%","66","2.7%","1,681","2.3%"
"Selected Age Categories","","","","","","","","","","","","","","","","","","","","","","","","","","","","","","","","","","","","","","","","","","","","","","","","","","","","","","","","","","","","","","","","","","","","","","","","","","","","","","","","","","","","","","","","","","","","","","","","","","","","","","","","","","","","","","","","","","","","","","","","","","","","","","","","","","","","","","","","","","","","","","","","","","","","","","","","","","","","","","","",""
"16 years and over","7,577","75.2%","564","77.8%","3,442","79.9%","171","63.8%","8,325","78.9%","953","81.8%","3,164","81.1%","1,791","80.3%","5,235","83.9%","12,304","84.2%","743","85.6%","7,509","76.5%","1,227","86.6%","20,298","81.2%","3,710","81.8%","44,444","85.0%","72","68.6%","13","86.7%","5","100.0%","806","83.1%","11,652","76.4%","4,416","83.9%","655","69.6%","6,797","81.8%","11,152","88.4%","1,932","69.2%","1,389","89.4%","435","83.2%","399","79.0%","1,658","72.8%","9,864","75.7%","1,620","66.6%","2,370","71.1%","975","79.5%","6,806","83.6%","37,596","73.8%","201,808","77.6%","126,193","81.1%","9,278","80.5%","1,353,291","80.1%","1,346","71.4%","2,935","74.8%","5,835","94.1%","56,537","89.0%","29,483","86.2%","30,259","84.3%","27,357","87.7%","2,892","71.5%","4,220","68.2%","2,546","77.8%","2,545","78.6%","3,692","74.4%","2,683","76.7%","19,625","81.0%","6,264","77.0%","1,378","86.3%","39,090","81.7%","14,439","80.4%","2,476","74.4%","383,018","83.3%","25,652","79.4%","6,622","75.7%","10,575","80.0%","10,166","82.3%","3,948","71.4%","25,429","76.2%","72,289","79.0%","9,069","90.7%","192","78.7%","18,467","78.2%","1,341","88.7%","962","87.8%","17,544","88.2%","4,356","90.2%","2,776","86.8%","18,699","84.9%","60,044","86.7%","19,548","74.3%","2,069","83.8%","57,997","79.9%"
"18 years and over","7,229","71.7%","547","75.4%","3,339","77.5%","167","62.3%","7,950","75.4%","908","77.9%","3,063","78.5%","1,723","77.3%","5,088","81.5%","11,944","81.7%","719","82.8%","7,133","72.6%","1,203","84.9%","19,804","79.2%","3,594","79.2%","43,399","83.0%","72","68.6%","13","86.7%","5","100.0%","773","79.7%","11,154","73.1%","4,298","81.6%","624","66.3%","6,559","78.9%","10,924","86.5%","1,852","66.3%","1,357","87.3%","423","80.9%","388","76.8%","1,578","69.3%","9,436","72.4%","1,520","62.4%","2,277","68.3%","947","77.2%","6,645","81.6%","36,008","70.7%","193,596","74.5%","121,633","78.2%","8,933","77.5%","1,309,515","77.5%","1,274","67.6%","2,786","71.0%","5,760","92.9%","55,623","87.6%","28,848","84.3%","29,489","82.2%","26,860","86.1%","2,721","67.3%","3,997","64.6%","2,462","75.2%","2,437","75.3%","3,520","70.9%","2,577","73.6%","18,951","78.2%","6,030","74.1%","1,356","85.0%","37,968","79.3%","13,978","77.8%","2,384","71.6%","372,609","81.0%","24,770","76.6%","6,347","72.5%","10,253","77.6%","9,898","80.2%","3,751","67.9%","24,436","73.2%","69,866","76.4%","8,905","89.1%","181","74.2%","17,698","75.0%","1,325","87.6%","949","86.6%","17,193","86.4%","4,293","88.9%","2,716","84.9%","18,260","83.0%","58,743","84.9%","18,486","70.2%","2,018","81.7%","56,085","77.2%"
"21 years and over","6,658","66.1%","511","70.5%","3,224","74.9%","153","57.1%","7,496","71.1%","865","74.2%","2,939","75.3%","1,635","73.4%","4,934","79.0%","11,604","79.4%","696","80.2%","6,632","67.5%","1,170","82.6%","18,975","75.9%","3,462","76.3%","35,213","67.3%","66","62.9%","12","80.0%","5","100.0%","737","76.0%","10,508","68.9%","4,168","79.1%","581","61.7%","6,323","76.1%","10,684","84.6%","1,741","62.3%","1,350","86.9%","407","77.8%","374","74.1%","1,469","64.5%","8,823","67.7%","1,401","57.6%","2,150","64.5%","909","74.1%","6,469","79.4%","34,042","66.8%","183,897","70.7%","116,261","74.7%","8,514","73.8%","1,236,817","73.2%","1,164","61.7%","2,638","67.3%","5,658","91.2%","54,603","86.0%","28,078","82.1%","28,588","79.6%","26,165","83.9%","2,500","61.8%","3,729","60.2%","2,333","71.3%","2,335","72.2%","3,312","66.7%","2,414","69.0%","18,209","75.2%","5,738","70.6%","1,307","81.9%","36,509","76.3%","13,456","74.9%","2,240","67.3%","351,584","76.4%","23,636","73.1%","5,983","68.4%","9,771","74.0%","9,599","77.7%","3,498","63.3%","23,183","69.5%","66,923","73.1%","8,724","87.3%","169","69.3%","16,784","71.1%","1,297","85.8%","930","84.9%","16,782","84.3%","4,222","87.4%","2,652","82.9%","17,735","80.6%","56,573","81.7%","17,239","65.5%","1,947","78.9%","53,335","73.5%"
"62 years and over","1,795","17.8%","160","22.1%","1,353","31.4%","14","5.2%","2,407","22.8%","275","23.6%","1,282","32.9%","554","24.9%","2,399","38.4%","4,970","34.0%","308","35.5%","2,082","21.2%","582","41.1%","7,102","28.4%","1,421","31.3%","8,609","16.5%","10","9.5%","7","46.7%","2","40.0%","239","24.6%","2,870","18.8%","1,347","25.6%","115","12.2%","2,471","29.7%","5,779","45.8%","325","11.6%","755","48.6%","178","34.0%","131","25.9%","464","20.4%","2,752","21.1%","262","10.8%","420","12.6%","340","27.7%","3,170","38.9%","7,721","15.2%","46,527","17.9%","35,899","23.1%","2,799","24.3%","337,264","20.0%","196","10.4%","751","19.1%","3,229","52.1%","35,147","55.3%","13,191","38.6%","12,430","34.6%","12,826","41.1%","872","21.6%","682","11.0%","756","23.1%","789","24.4%","892","18.0%","725","20.7%","8,005","33.0%","1,704","21.0%","711","44.5%","17,080","35.7%","4,559","25.4%","568","17.1%","123,239","26.8%","8,859","27.4%","1,956","22.4%","3,638","27.5%","4,430","35.9%","674","12.2%","6,278","18.8%","24,514","26.8%","5,863","58.6%","39","16.0%","5,498","23.3%","738","48.8%","437","39.9%","8,589","43.2%","2,353","48.7%","1,234","38.6%","8,548","38.8%","27,895","40.3%","3,558","13.5%","986","39.9%","19,262","26.5%"
"65 years and over","1,458","14.5%","129","17.8%","1,113","25.8%","12","4.5%","2,002","19.0%","220","18.9%","1,069","27.4%","467","21.0%","2,044","32.7%","4,111","28.1%","259","29.8%","1,716","17.5%","496","35.0%","6,023","24.1%","1,201","26.5%","6,874","13.1%","10","9.5%","7","46.7%","2","40.0%","192","19.8%","2,236","14.7%","1,049","19.9%","93","9.9%","2,061","24.8%","4,904","38.9%","244","8.7%","635","40.9%","154","29.4%","98","19.4%","388","17.0%","2,316","17.8%","204","8.4%","345","10.4%","275","22.4%","2,742","33.7%","6,216","12.2%","38,708","14.9%","29,648","19.1%","2,250","19.5%","280,125","16.6%","143","7.6%","598","15.2%","2,669","43.0%","31,732","50.0%","11,013","32.2%","10,421","29.0%","10,852","34.8%","757","18.7%","533","8.6%","624","19.1%","649","20.1%","719","14.5%","595","17.0%","6,699","27.7%","1,422","17.5%","610","38.2%","15,073","31.5%","3,669","20.4%","460","13.8%","103,496","22.5%","7,552","23.4%","1,597","18.3%","3,011","22.8%","3,756","30.4%","516","9.3%","5,030","15.1%","20,680","22.6%","5,279","52.8%","30","12.3%","4,552","19.3%","630","41.7%","354","32.3%","7,265","36.5%","1,982","41.0%","1,010","31.6%","7,194","32.7%","23,871","34.5%","2,756","10.5%","831","33.7%","16,543","22.8%"
"MEDIAN AGE BY SEX","","","","","","","","","","","","","","","","","","","","","","","","","","","","","","","","","","","","","","","","","","","","","","","","","","","","","","","","","","","","","","","","","","","","","","","","","","","","","","","","","","","","","","","","","","","","","","","","","","","","","","","","","","","","","","","","","","","","","","","","","","","","","","","","","","","","","","","","","","","","","","","","","","","","","","","","","","","","","","","",""
"Both sexes","32.1","(X)","35.4","(X)","48.6","(X)","22.6","(X)","37.8","(X)","36.9","(X)","48.7","(X)","40.3","(X)","53.7","(X)","51.5","(X)","53.7","(X)","34.5","(X)","42.6","(X)","40.1","(X)","46.5","(X)","30.5","(X)","30.4","(X)","55.5","(X)","54.0","(X)","42.7","(X)","33.8","(X)","46.6","(X)","29.3","(X)","44.2","(X)","59.7","(X)","28.3","(X)","62.3","(X)","48.5","(X)","38.5","(X)","34.5","(X)","34.4","(X)","26.1","(X)","32.2","(X)","44.0","(X)","54.6","(X)","33.1","(X)","37.4","(X)","42.8","(X)","42.7","(X)","35.9","(X)","26.2","(X)","32.5","(X)","63.5","(X)","64.6","(X)","54.4","(X)","51.5","(X)","57.0","(X)","29.9","(X)","28.1","(X)","37.2","(X)","39.7","(X)","33.4","(X)","34.5","(X)","47.8","(X)","35.5","(X)","56.3","(X)","45.9","(X)","43.4","(X)","31.9","(X)","40.7","(X)","40.5","(X)","36.8","(X)","39.1","(X)","41.6","(X)","28.6","(X)","37.0","(X)","40.6","(X)","66.5","(X)","31.9","(X)","38.8","(X)","60.7","(X)","58.2","(X)","57.6","(X)","61.9","(X)","55.9","(X)","53.2","(X)","54.5","(X)","32.0","(X)","55.3","(X)","39.2","(X)"
"Male","31.1","(X)","33.0","(X)","47.2","(X)","19.0","(X)","36.3","(X)","34.4","(X)","47.5","(X)","37.2","(X)","53.2","(X)","50.8","(X)","54.7","(X)","32.8","(X)","39.4","(X)","37.6","(X)","45.2","(X)","31.1","(X)","34.2","(X)","56.5","(X)","50.5","(X)","43.2","(X)","32.4","(X)","47.2","(X)","28.2","(X)","42.5","(X)","59.1","(X)","26.6","(X)","63.0","(X)","45.2","(X)","38.4","(X)","33.8","(X)","33.7","(X)","25.8","(X)","32.9","(X)","43.6","(X)","54.6","(X)","32.3","(X)","36.2","(X)","41.8","(X)","41.4","(X)","34.9","(X)","24.7","(X)","29.9","(X)","64.4","(X)","64.0","(X)","53.1","(X)","50.8","(X)","56.6","(X)","29.1","(X)","27.5","(X)","35.2","(X)","38.3","(X)","32.6","(X)","32.4","(X)","46.5","(X)","34.5","(X)","52.4","(X)","44.2","(X)","42.7","(X)","29.9","(X)","39.2","(X)","39.3","(X)","35.7","(X)","37.6","(X)","39.8","(X)","27.2","(X)","36.3","(X)","39.6","(X)","66.7","(X)","27.3","(X)","36.2","(X)","60.1","(X)","59.2","(X)","56.5","(X)","62.5","(X)","55.4","(X)","51.1","(X)","52.4","(X)","31.9","(X)","54.9","(X)","37.6","(X)"
"Female","33.0","(X)","37.8","(X)","49.4","(X)","23.0","(X)","39.5","(X)","40.2","(X)","50.4","(X)","43.4","(X)","54.1","(X)","52.3","(X)","53.1","(X)","36.0","(X)","57.0","(X)","42.9","(X)","47.8","(X)","29.8","(X)","28.3","(X)","52.8","(X)","57.5","(X)","41.9","(X)","35.3","(X)","45.7","(X)","30.8","(X)","45.8","(X)","60.1","(X)","29.3","(X)","61.3","(X)","50.5","(X)","38.8","(X)","35.3","(X)","35.1","(X)","26.4","(X)","31.3","(X)","44.5","(X)","54.6","(X)","33.8","(X)","38.5","(X)","43.6","(X)","45.4","(X)","37.2","(X)","28.4","(X)","34.8","(X)","62.6","(X)","65.0","(X)","55.7","(X)","52.2","(X)","57.4","(X)","30.7","(X)","28.6","(X)","39.6","(X)","41.2","(X)","34.2","(X)","37.5","(X)","49.2","(X)","37.6","(X)","59.0","(X)","47.6","(X)","44.0","(X)","34.6","(X)","42.4","(X)","41.7","(X)","37.9","(X)","41.6","(X)","50.0","(X)","29.9","(X)","37.6","(X)","41.7","(X)","66.3","(X)","36.0","(X)","40.5","(X)","61.3","(X)","57.4","(X)","58.6","(X)","61.4","(X)","56.5","(X)","55.0","(X)","56.1","(X)","32.2","(X)","55.9","(X)","40.7","(X)"
"RACE","","","","","","","","","","","","","","","","","","","","","","","","","","","","","","","","","","","","","","","","","","","","","","","","","","","","","","","","","","","","","","","","","","","","","","","","","","","","","","","","","","","","","","","","","","","","","","","","","","","","","","","","","","","","","","","","","","","","","","","","","","","","","","","","","","","","","","","","","","","","","","","","","","","","","","","","","","","","","","","",""
"Total population","19,598","100.0%","1,549","100.0%","8,696","100.0%","520","100.0%","20,640","100.0%","2,353","100.0%","8,174","100.0%","4,491","100.0%","12,438","100.0%","28,916","100.0%","1,816","100.0%","18,552","100.0%","4,908","100.0%","49,797","100.0%","9,020","100.0%","101,822","100.0%","214","100.0%","44","100.0%","8","100.0%","1,938","100.0%","30,054","100.0%","11,021","100.0%","1,825","100.0%","16,738","100.0%","24,870","100.0%","5,531","100.0%","3,264","100.0%","1,044","100.0%","2,555","100.0%","4,682","100.0%","26,576","100.0%","4,720","100.0%","7,035","100.0%","2,528","100.0%","16,557","100.0%","101,334","100.0%","510,731","100.0%","305,018","100.0%","27,573","100.0%","3,331,925","100.0%","3,583","100.0%","7,486","100.0%","12,360","100.0%","120,558","100.0%","70,776","100.0%","72,205","100.0%","62,269","100.0%","8,017","100.0%","11,995","100.0%","6,433","100.0%","6,453","100.0%","9,721","100.0%","6,940","100.0%","48,213","100.0%","16,962","100.0%","3,207","100.0%","92,046","100.0%","36,747","100.0%","6,418","100.0%","905,015","100.0%","62,730","100.0%","17,121","100.0%","30,939","100.0%","38,705","100.0%","10,498","100.0%","65,757","100.0%","179,637","100.0%","19,412","100.0%","465","100.0%","44,704","100.0%","2,965","100.0%","2,331","100.0%","38,562","100.0%","9,817","100.0%","6,725","100.0%","42,342","100.0%","136,432","100.0%","56,300","100.0%","5,012","100.0%","142,569","100.0%"
"One Race","19,318","98.6%","1,542","99.5%","7,927","91.2%","506","97.3%","20,235","98.0%","2,252","95.7%","7,418","90.8%","4,433","98.7%","11,064","89.0%","24,494","84.7%","1,485","81.8%","12,447","67.1%","4,513","92.0%","42,586","85.5%","7,315","81.1%","91,265","89.6%","210","98.1%","44","100.0%","7","87.5%","1,854","95.7%","28,954","96.3%","9,804","89.0%","1,808","99.1%","14,614","87.3%","22,848","91.9%","5,462","98.8%","3,105","95.1%","843","80.7%","2,396","93.8%","4,294","91.7%","23,045","86.7%","4,672","99.0%","5,879","83.6%","2,120","83.9%","14,496","87.6%","84,356","83.2%","446,946","87.5%","277,246","90.9%","23,002","83.4%","2,854,086","85.7%","3,480","97.1%","7,057","94.3%","11,823","95.7%","111,897","92.8%","63,015","89.0%","65,602","90.9%","56,667","91.0%","7,673","95.7%","11,863","98.9%","6,382","99.2%","6,323","98.0%","9,550","98.2%","6,815","98.2%","44,361","92.0%","15,140","89.3%","2,702","84.3%","74,738","81.2%","31,285","85.1%","6,335","98.7%","754,128","83.3%","52,076","83.0%","14,294","83.5%","26,357","85.2%","35,164","90.9%","10,259","97.7%","55,862","85.0%","158,916","88.5%","16,905","87.1%","455","97.8%","28,082","62.8%","2,576","86.9%","2,102","90.2%","35,056","90.9%","9,070","92.4%","6,192","92.1%","37,906","89.5%","123,644","90.6%","36,795","65.4%","4,218","84.2%","111,040","77.9%"
"One Race White","660","3.4%","9","0.6%","7,188","82.7%","9","1.7%","305","1.5%","307","13.0%","6,334","77.5%","61","1.4%","10,206","82.1%","21,193","73.3%","1,226","67.5%","6,673","36.0%","3,770","76.8%","32,917","66.1%","5,748","63.7%","70,330","69.1%","21","9.8%","0","0.0%","2","25.0%","1,608","83.0%","3,701","12.3%","7,698","69.8%","29","1.6%","11,046","66.0%","21,326","85.7%","62","1.1%","2,984","91.4%","457","43.8%","1,667","65.2%","3,947","84.3%","19,405","73.0%","24","0.5%","4,663","66.3%","1,921","76.0%","9,772","59.0%","56,275","55.5%","336,113","65.8%","241,854","79.3%","17,304","62.8%","1,878,926","56.4%","68","1.9%","943","12.6%","11,388","92.1%","102,641","85.1%","52,633","74.4%","58,123","80.5%","52,027","83.6%","6,949","86.7%","150","1.3%","93","1.4%","41","0.6%","158","1.6%","61","0.9%","39,991","82.9%","7,936","46.8%","2,021","63.0%","51,463","55.9%","25,593","69.6%","65","1.0%","554,240","61.2%","35,266","56.2%","9,231","53.9%","15,079","48.7%","24,905","64.3%","106","1.0%","36,176","55.0%","133,342","74.2%","15,148","78.0%","5","1.1%","13,509","30.2%","2,420","81.6%","1,811","77.7%","30,569","79.3%","8,552","87.1%","5,794","86.2%","33,850","79.9%","111,931","82.0%","13,720","24.4%","3,276","65.4%","73,322","51.4%"
"One Race Black or African American","43","0.2%","1","0.1%","18","0.2%","1","0.2%","39","0.2%","21","0.9%","55","0.7%","7","0.2%","103","0.8%","662","2.3%","13","0.7%","118","0.6%","318","6.5%","3,517","7.1%","52","0.6%","1,687","1.7%","5","2.3%","0","0.0%","1","12.5%","6","0.3%","89","0.3%","173","1.6%","3","0.2%","146","0.9%","96","0.4%","0","0.0%","32","1.0%","5","0.5%","197","7.7%","20","0.4%","316","1.2%","4","0.1%","80","1.1%","7","0.3%","114","0.7%","6,282","6.2%","24,642","4.8%","6,976","2.3%","1,346","4.9%","218,519","6.6%","9","0.3%","34","0.5%","83","0.7%","2,578","2.1%","1,054","1.5%","754","1.0%","388","0.6%","25","0.3%","13","0.1%","15","0.2%","4","0.1%","8","0.1%","9","0.1%","201","0.4%","510","3.0%","28","0.9%","1,874","2.0%","637","1.7%","8","0.1%","37,407","4.1%","2,777","4.4%","1,320","7.7%","1,734","5.6%","2,542","6.6%","15","0.1%","7,346","11.2%","6,123","3.4%","111","0.6%","0","0.0%","179","0.4%","8","0.3%","24","1.0%","236","0.6%","55","0.6%","24","0.4%","298","0.7%","906","0.7%","1,068","1.9%","63","1.3%","2,968","2.1%"
"One Race American Indian and Alaska Native","18,447","94.1%","1,528","98.6%","322","3.7%","492","94.6%","19,727","95.6%","1,886","80.2%","293","3.6%","4,321","96.2%","160","1.3%","297","1.0%","17","0.9%","218","1.2%","150","3.1%","521","1.0%","147","1.6%","10,446","10.3%","175","81.8%","43","97.7%","3","37.5%","197","10.2%","24,610","81.9%","751","6.8%","1,734","95.0%","1,266","7.6%","513","2.1%","5,362","96.9%","36","1.1%","17","1.6%","143","5.6%","80","1.7%","529","2.0%","4,638","98.3%","315","4.5%","40","1.6%","2,833","17.1%","1,750","1.7%","6,912","1.4%","2,065","0.7%","999","3.6%","78,989","2.4%","3,309","92.4%","5,836","78.0%","51","0.4%","734","0.6%","1,820","2.6%","2,478","3.4%","637","1.0%","250","3.1%","11,643","97.1%","6,232","96.9%","6,269","97.1%","9,370","96.4%","6,724","96.9%","1,961","4.1%","5,243","30.9%","281","8.8%","6,728","7.3%","831","2.3%","6,244","97.3%","20,509","2.3%","2,604","4.2%","758","4.4%","1,019","3.3%","1,449","3.7%","9,826","93.6%","2,568","3.9%","2,237","1.2%","218","1.1%","449","96.6%","442","1.0%","15","0.5%","61","2.6%","1,605","4.2%","113","1.2%","60","0.9%","654","1.5%","1,790","1.3%","784","1.4%","66","1.3%","2,672","1.9%"
"One Race Asian","112","0.6%","0","0.0%","29","0.3%","0","0.0%","95","0.5%","11","0.5%","36","0.4%","29","0.6%","89","0.7%","536","1.9%","10","0.6%","125","0.7%","19","0.4%","1,874","3.8%","59","0.7%","2,232","2.2%","0","0.0%","1","2.3%","0","0.0%","16","0.8%","252","0.8%","173","1.6%","37","2.0%","219","1.3%","178","0.7%","0","0.0%","8","0.2%","3","0.3%","45","1.8%","4","0.1%","143","0.5%","0","0.0%","71","1.0%","4","0.2%","115","0.7%","1,623","1.6%","47,339","9.3%","17,308","5.7%","400","1.5%","134,953","4.1%","0","0.0%","14","0.2%","167","1.4%","1,892","1.6%","955","1.3%","1,058","1.5%","704","1.1%","17","0.2%","33","0.3%","26","0.4%","5","0.1%","2","0.0%","17","0.2%","376","0.8%","108","0.6%","68","2.1%","1,127","1.2%","382","1.0%","0","0.0%","29,790","3.3%","1,129","1.8%","136","0.8%","374","1.2%","374","1.0%","5","0.0%","1,740","2.6%","2,793","1.6%","167","0.9%","0","0.0%","294","0.7%","10","0.3%","14","0.6%","521","1.4%","66","0.7%","55","0.8%","422","1.0%","1,854","1.4%","113","0.2%","47","0.9%","2,427","1.7%"
"One Race Native Hawaiian and Other Pacific Islander","0","0.0%","0","0.0%","0","0.0%","1","0.2%","5","0.0%","1","0.0%","6","0.1%","7","0.2%","37","0.3%","77","0.3%","0","0.0%","19","0.1%","3","0.1%","343","0.7%","9","0.1%","223","0.2%","1","0.5%","0","0.0%","0","0.0%","0","0.0%","22","0.1%","16","0.1%","2","0.1%","9","0.1%","27","0.1%","6","0.1%","0","0.0%","4","0.4%","0","0.0%","3","0.1%","17","0.1%","0","0.0%","2","0.0%","3","0.1%","49","0.3%","311","0.3%","1,125","0.2%","444","0.1%","29","0.1%","8,916","0.3%","0","0.0%","3","0.0%","7","0.1%","131","0.1%","153","0.2%","172","0.2%","84","0.1%","0","0.0%","0","0.0%","0","0.0%","2","0.0%","0","0.0%","0","0.0%","61","0.1%","23","0.1%","6","0.2%","154","0.2%","32","0.1%","1","0.0%","2,036","0.2%","188","0.3%","17","0.1%","147","0.5%","57","0.1%","0","0.0%","317","0.5%","468","0.3%","25","0.1%","0","0.0%","15","0.0%","4","0.1%","0","0.0%","42","0.1%","7","0.1%","9","0.1%","58","0.1%","178","0.1%","32","0.1%","8","0.2%","243","0.2%"
"One Race Some Other Race","56","0.3%","4","0.3%","370","4.3%","3","0.6%","64","0.3%","26","1.1%","694","8.5%","8","0.2%","469","3.8%","1,729","6.0%","219","12.1%","5,294","28.5%","253","5.2%","3,414","6.9%","1,300","14.4%","6,347","6.2%","8","3.7%","0","0.0%","1","12.5%","27","1.4%","280","0.9%","993","9.0%","3","0.2%","1,928","11.5%","708","2.8%","32","0.6%","45","1.4%","357","34.2%","344","13.5%","240","5.1%","2,635","9.9%","6","0.1%","748","10.6%","145","5.7%","1,613","9.7%","18,115","17.9%","30,815","6.0%","8,599","2.8%","2,924","10.6%","533,783","16.0%","94","2.6%","227","3.0%","127","1.0%","3,921","3.3%","6,400","9.0%","3,017","4.2%","2,827","4.5%","432","5.4%","24","0.2%","16","0.2%","2","0.0%","12","0.1%","4","0.1%","1,771","3.7%","1,320","7.8%","298","9.3%","13,392","14.5%","3,810","10.4%","17","0.3%","110,146","12.2%","10,112","16.1%","2,832","16.5%","8,004","25.9%","5,837","15.1%","307","2.9%","7,715","11.7%","13,953","7.8%","1,236","6.4%","1","0.2%","13,643","30.5%","119","4.0%","192","8.2%","2,083","5.4%","277","2.8%","250","3.7%","2,624","6.2%","6,985","5.1%","21,078","37.4%","758","15.1%","29,408","20.6%"
"Two or More Races","280","1.4%","7","0.5%","769","8.8%","14","2.7%","405","2.0%","101","4.3%","756","9.2%","58","1.3%","1,374","11.0%","4,422","15.3%","331","18.2%","6,105","32.9%","395","8.0%","7,211","14.5%","1,705","18.9%","10,557","10.4%","4","1.9%","0","0.0%","1","12.5%","84","4.3%","1,100","3.7%","1,217","11.0%","17","0.9%","2,124","12.7%","2,022","8.1%","69","1.2%","159","4.9%","201","19.3%","159","6.2%","388","8.3%","3,531","13.3%","48","1.0%","1,156","16.4%","408","16.1%","2,061","12.4%","16,978","16.8%","63,785","12.5%","27,772","9.1%","4,571","16.6%","477,839","14.3%","103","2.9%","429","5.7%","537","4.3%","8,661","7.2%","7,761","11.0%","6,603","9.1%","5,602","9.0%","344","4.3%","132","1.1%","51","0.8%","130","2.0%","171","1.8%","125","1.8%","3,852","8.0%","1,822","10.7%","505","15.7%","17,308","18.8%","5,462","14.9%","83","1.3%","150,887","16.7%","10,654","17.0%","2,827","16.5%","4,582","14.8%","3,541","9.1%","239","2.3%","9,895","15.0%","20,721","11.5%","2,507","12.9%","10","2.2%","16,622","37.2%","389","13.1%","229","9.8%","3,506","9.1%","747","7.6%","533","7.9%","4,436","10.5%","12,788","9.4%","19,505","34.6%","794","15.8%","31,529","22.1%"
"TOTAL RACES TALLIED [1]","","","","","","","","","","","","","","","","","","","","","","","","","","","","","","","","","","","","","","","","","","","","","","","","","","","","","","","","","","","","","","","","","","","","","","","","","","","","","","","","","","","","","","","","","","","","","","","","","","","","","","","","","","","","","","","","","","","","","","","","","","","","","","","","","","","","","","","","","","","","","","","","","","","","","","","","","","","","","","","",""
"Total races tallied","19,899","101.5%","1,558","100.6%","9,516","109.4%","535","102.9%","21,075","102.1%","2,472","105.1%","9,041","110.6%","4,551","101.3%","13,897","111.7%","33,649","116.4%","2,167","119.3%","24,763","133.5%","5,326","108.5%","57,700","115.9%","10,794","119.7%","113,171","111.1%","224","104.7%","44","100.0%","11","137.5%","2,039","105.2%","31,245","104.0%","12,297","111.6%","1,846","101.2%","18,944","113.2%","27,007","108.6%","5,610","101.4%","3,436","105.3%","1,259","120.6%","2,723","106.6%","5,083","108.6%","30,272","113.9%","4,781","101.3%","8,292","117.9%","2,963","117.2%","18,759","113.3%","119,137","117.6%","578,460","113.3%","334,400","109.6%","32,329","117.2%","3,835,766","115.1%","3,700","103.3%","7,940","106.1%","12,944","104.7%","129,776","107.6%","78,905","111.5%","79,245","109.8%","68,178","109.5%","8,392","104.7%","12,146","101.3%","6,487","100.8%","6,598","102.2%","9,903","101.9%","7,073","101.9%","52,291","108.5%","18,896","111.4%","3,734","116.4%","110,248","119.8%","42,506","115.7%","6,511","101.4%","1,063,811","117.5%","73,963","117.9%","20,076","117.3%","35,692","115.4%","42,404","109.6%","10,759","102.5%","76,348","116.1%","201,613","112.2%","22,024","113.5%","476","102.4%","61,581","137.8%","3,375","113.8%","2,569","110.2%","42,245","109.6%","10,601","108.0%","7,273","108.1%","46,993","111.0%","149,897","109.9%","75,958","134.9%","5,837","116.5%","175,183","122.9%"
"White alone or in combination with one or more other races","862","4.4%","13","0.8%","7,930","91.2%","17","3.3%","565","2.7%","383","16.3%","7,055","86.3%","90","2.0%","11,525","92.7%","25,482","88.1%","1,540","84.8%","12,694","68.4%","4,148","84.5%","39,706","79.7%","7,416","82.2%","80,315","78.9%","24","11.2%","0","0.0%","3","37.5%","1,686","87.0%","4,622","15.4%","8,870","80.5%","38","2.1%","13,081","78.2%","23,296","93.7%","117","2.1%","3,130","95.9%","650","62.3%","1,816","71.1%","4,322","92.3%","22,852","86.0%","42","0.9%","5,794","82.4%","2,320","91.8%","11,709","70.7%","72,411","71.5%","396,805","77.7%","268,501","88.0%","21,725","78.8%","2,330,683","70.0%","117","3.3%","1,227","16.4%","11,912","96.4%","110,894","92.0%","60,034","84.8%","64,531","89.4%","57,450","92.3%","7,277","90.8%","235","2.0%","129","2.0%","132","2.0%","253","2.6%","165","2.4%","43,729","90.7%","9,563","56.4%","2,511","78.3%","68,172","74.1%","30,814","83.9%","94","1.5%","698,957","77.2%","45,411","72.4%","11,907","69.5%","18,772","60.7%","28,254","73.0%","243","2.3%","45,380","69.0%","153,186","85.3%","17,590","90.6%","11","2.4%","29,932","67.0%","2,797","94.3%","2,032","87.2%","33,955","88.1%","9,285","94.6%","6,320","94.0%","38,178","90.2%","124,356","91.1%","33,030","58.7%","4,037","80.5%","103,928","72.9%"
"Black or African American alone or in combination with one or more other races","97","0.5%","3","0.2%","70","0.8%","6","1.2%","110","0.5%","48","2.0%","115","1.4%","17","0.4%","233","1.9%","1,153","4.0%","31","1.7%","186","1.0%","347","7.1%","4,865","9.8%","118","1.3%","2,942","2.9%","9","4.2%","0","0.0%","2","25.0%","18","0.9%","212","0.7%","275","2.5%","11","0.6%","263","1.6%","228","0.9%","7","0.1%","42","1.3%","10","1.0%","217","8.5%","51","1.1%","507","1.9%","21","0.4%","159","2.3%","32","1.3%","228","1.4%","8,270","8.2%","33,339","6.5%","10,506","3.4%","1,660","6.0%","277,584","8.3%","55","1.5%","121","1.6%","123","1.0%","3,677","3.0%","1,750","2.5%","1,359","1.9%","780","1.3%","53","0.7%","50","0.4%","24","0.4%","36","0.6%","57","0.6%","31","0.4%","490","1.0%","749","4.4%","56","1.7%","2,905","3.2%","1,062","2.9%","40","0.6%","50,959","5.6%","3,755","6.0%","1,648","9.6%","2,120","6.9%","2,992","7.7%","92","0.9%","9,170","13.9%","8,706","4.8%","214","1.1%","3","0.6%","322","0.7%","19","0.6%","41","1.8%","503","1.3%","122","1.2%","69","1.0%","605","1.4%","1,835","1.3%","1,192","2.1%","111","2.2%","4,506","3.2%"
"American Indian and Alaska Native alone or in combination with one or more other races","18,693","95.4%","1,535","99.1%","473","5.4%","502","96.5%","20,111","97.4%","1,963","83.4%","527","6.4%","4,374","97.4%","502","4.0%","1,134","3.9%","91","5.0%","410","2.2%","222","4.5%","1,835","3.7%","378","4.2%","12,998","12.8%","179","83.6%","43","97.7%","4","50.0%","249","12.8%","25,406","84.5%","1,048","9.5%","1,750","95.9%","1,707","10.2%","1,082","4.4%","5,421","98.0%","93","2.8%","42","4.0%","157","6.1%","177","3.8%","1,043","3.9%","4,680","99.2%","483","6.9%","129","5.1%","3,475","21.0%","3,997","3.9%","15,109","3.0%","6,757","2.2%","1,496","5.4%","137,163","4.1%","3,399","94.9%","6,172","82.4%","168","1.4%","2,537","2.1%","3,663","5.2%","4,545","6.3%","2,056","3.3%","351","4.4%","11,763","98.1%","6,279","97.6%","6,394","99.1%","9,531","98.0%","6,847","98.7%","3,185","6.6%","6,018","35.5%","380","11.8%","8,610","9.4%","1,854","5.0%","6,317","98.4%","38,683","4.3%","4,116","6.6%","1,244","7.3%","1,613","5.2%","2,013","5.2%","10,012","95.4%","4,175","6.3%","5,910","3.3%","552","2.8%","454","97.6%","801","1.8%","91","3.1%","128","5.5%","2,585","6.7%","360","3.7%","267","4.0%","1,575","3.7%","4,925","3.6%","1,143","2.0%","157","3.1%","5,249","3.7%"
"Asian alone or in combination with one or more other races","139","0.7%","2","0.1%","68","0.8%","3","0.6%","120","0.6%","18","0.8%","90","1.1%","36","0.8%","200","1.6%","915","3.2%","30","1.7%","193","1.0%","38","0.8%","2,992","6.0%","92","1.0%","3,823","3.8%","1","0.5%","1","2.3%","0","0.0%","25","1.3%","357","1.2%","257","2.3%","38","2.1%","314","1.9%","338","1.4%","9","0.2%","22","0.7%","11","1.1%","56","2.2%","31","0.7%","274","1.0%","12","0.3%","110","1.6%","21","0.8%","217","1.3%","2,856","2.8%","57,801","11.3%","22,192","7.3%","651","2.4%","180,806","5.4%","5","0.1%","47","0.6%","260","2.1%","2,975","2.5%","1,584","2.2%","1,767","2.4%","1,232","2.0%","42","0.5%","52","0.4%","32","0.5%","13","0.2%","9","0.1%","20","0.3%","646","1.3%","186","1.1%","80","2.5%","1,980","2.2%","801","2.2%","12","0.2%","43,136","4.8%","1,758","2.8%","246","1.4%","1,252","4.0%","597","1.5%","21","0.2%","2,786","4.2%","4,823","2.7%","276","1.4%","4","0.9%","442","1.0%","32","1.1%","23","1.0%","800","2.1%","124","1.3%","80","1.2%","732","1.7%","3,058","2.2%","227","0.4%","90","1.8%","3,723","2.6%"
"Native Hawaiian and Other Pacific Islander alone or in combination with one or more other races","17","0.1%","0","0.0%","42","0.5%","1","0.2%","22","0.1%","6","0.3%","38","0.5%","14","0.3%","63","0.5%","176","0.6%","4","0.2%","45","0.2%","7","0.1%","644","1.3%","22","0.2%","571","0.6%","1","0.5%","0","0.0%","0","0.0%","0","0.0%","80","0.3%","40","0.4%","5","0.3%","53","0.3%","92","0.4%","11","0.2%","12","0.4%","11","1.1%","3","0.1%","11","0.2%","101","0.4%","12","0.3%","30","0.4%","17","0.7%","98","0.6%","641","0.6%","2,981","0.6%","1,211","0.4%","102","0.4%","18,724","0.6%","1","0.0%","22","0.3%","20","0.2%","394","0.3%","376","0.5%","418","0.6%","256","0.4%","18","0.2%","11","0.1%","1","0.0%","4","0.1%","27","0.3%","1","0.0%","177","0.4%","62","0.4%","7","0.2%","371","0.4%","118","0.3%","22","0.3%","4,103","0.5%","393","0.6%","50","0.3%","879","2.8%","159","0.4%","13","0.1%","572","0.9%","1,090","0.6%","76","0.4%","1","0.2%","65","0.1%","6","0.2%","3","0.1%","114","0.3%","26","0.3%","18","0.3%","169","0.4%","564","0.4%","67","0.1%","22","0.4%","608","0.4%"
"Some Other Race alone or in combination with one or more other races","91","0.5%","5","0.3%","933","10.7%","6","1.2%","147","0.7%","54","2.3%","1,216","14.9%","20","0.4%","1,374","11.0%","4,789","16.6%","471","25.9%","11,235","60.6%","564","11.5%","7,658","15.4%","2,768","30.7%","12,522","12.3%","10","4.7%","0","0.0%","2","25.0%","61","3.1%","568","1.9%","1,807","16.4%","4","0.2%","3,526","21.1%","1,971","7.9%","45","0.8%","137","4.2%","535","51.2%","474","18.6%","491","10.5%","5,495","20.7%","14","0.3%","1,716","24.4%","444","17.6%","3,032","18.3%","30,962","30.6%","72,425","14.2%","25,233","8.3%","6,695","24.3%","890,806","26.7%","123","3.4%","351","4.7%","461","3.7%","9,299","7.7%","11,498","16.2%","6,625","9.2%","6,404","10.3%","651","8.1%","35","0.3%","22","0.3%","19","0.3%","26","0.3%","9","0.1%","4,064","8.4%","2,318","13.7%","700","21.8%","28,210","30.6%","7,857","21.4%","26","0.4%","227,973","25.2%","18,530","29.5%","4,981","29.1%","11,056","35.7%","8,389","21.7%","378","3.6%","14,265","21.7%","27,898","15.5%","3,316","17.1%","3","0.6%","30,019","67.2%","430","14.5%","342","14.7%","4,288","11.1%","684","7.0%","519","7.7%","5,734","13.5%","15,159","11.1%","40,299","71.6%","1,420","28.3%","57,169","40.1%"
"HISPANIC OR LATINO","","","","","","","","","","","","","","","","","","","","","","","","","","","","","","","","","","","","","","","","","","","","","","","","","","","","","","","","","","","","","","","","","","","","","","","","","","","","","","","","","","","","","","","","","","","","","","","","","","","","","","","","","","","","","","","","","","","","","","","","","","","","","","","","","","","","","","","","","","","","","","","","","","","","","","","","","","","","","","","",""
"Total population","19,598","100.0%","1,549","100.0%","8,696","100.0%","520","100.0%","20,640","100.0%","2,353","100.0%","8,174","100.0%","4,491","100.0%","12,438","100.0%","28,916","100.0%","1,816","100.0%","18,552","100.0%","4,908","100.0%","49,797","100.0%","9,020","100.0%","101,822","100.0%","214","100.0%","44","100.0%","8","100.0%","1,938","100.0%","30,054","100.0%","11,021","100.0%","1,825","100.0%","16,738","100.0%","24,870","100.0%","5,531","100.0%","3,264","100.0%","1,044","100.0%","2,555","100.0%","4,682","100.0%","26,576","100.0%","4,720","100.0%","7,035","100.0%","2,528","100.0%","16,557","100.0%","101,334","100.0%","510,731","100.0%","305,018","100.0%","27,573","100.0%","3,331,925","100.0%","3,583","100.0%","7,486","100.0%","12,360","100.0%","120,558","100.0%","70,776","100.0%","72,205","100.0%","62,269","100.0%","8,017","100.0%","11,995","100.0%","6,433","100.0%","6,453","100.0%","9,721","100.0%","6,940","100.0%","48,213","100.0%","16,962","100.0%","3,207","100.0%","92,046","100.0%","36,747","100.0%","6,418","100.0%","905,015","100.0%","62,730","100.0%","17,121","100.0%","30,939","100.0%","38,705","100.0%","10,498","100.0%","65,757","100.0%","179,637","100.0%","19,412","100.0%","465","100.0%","44,704","100.0%","2,965","100.0%","2,331","100.0%","38,562","100.0%","9,817","100.0%","6,725","100.0%","42,342","100.0%","136,432","100.0%","56,300","100.0%","5,012","100.0%","142,569","100.0%"
"Hispanic or Latino (of any race)","297","1.5%","10","0.6%","1,504","17.3%","34","6.5%","346","1.7%","74","3.1%","1,535","18.8%","61","1.4%","1,826","14.7%","6,858","23.7%","607","33.4%","16,624","89.6%","1,464","29.8%","11,579","23.3%","3,657","40.5%","18,290","18.0%","10","4.7%","2","4.5%","1","12.5%","80","4.1%","980","3.3%","2,356","21.4%","27","1.5%","5,723","34.2%","2,509","10.1%","127","2.3%","167","5.1%","730","69.9%","883","34.6%","1,038","22.2%","9,406","35.4%","101","2.1%","3,609","51.3%","767","30.3%","4,197","25.3%","41,483","40.9%","97,003","19.0%","33,511","11.0%","8,866","32.2%","1,155,792","34.7%","479","13.4%","1,204","16.1%","482","3.9%","12,595","10.4%","15,338","21.7%","9,461","13.1%","8,474","13.6%","853","10.6%","112","0.9%","68","1.1%","118","1.8%","87","0.9%","43","0.6%","5,967","12.4%","4,492","26.5%","1,145","35.7%","38,944","42.3%","10,935","29.8%","263","4.1%","321,501","35.5%","25,911","41.3%","6,904","40.3%","14,005","45.3%","10,453","27.0%","1,237","11.8%","19,276","29.3%","38,832","21.6%","4,899","25.2%","16","3.4%","38,997","87.2%","635","21.4%","408","17.5%","5,383","14.0%","817","8.3%","646","9.6%","7,468","17.6%","19,668","14.4%","50,368","89.5%","1,966","39.2%","77,669","54.5%"
"Not Hispanic or Latino","19,301","98.5%","1,539","99.4%","7,192","82.7%","486","93.5%","20,294","98.3%","2,279","96.9%","6,639","81.2%","4,430","98.6%","10,612","85.3%","22,058","76.3%","1,209","66.6%","1,928","10.4%","3,444","70.2%","38,218","76.7%","5,363","59.5%","83,532","82.0%","204","95.3%","42","95.5%","7","87.5%","1,858","95.9%","29,074","96.7%","8,665","78.6%","1,798","98.5%","11,015","65.8%","22,361","89.9%","5,404","97.7%","3,097","94.9%","314","30.1%","1,672","65.4%","3,644","77.8%","17,170","64.6%","4,619","97.9%","3,426","48.7%","1,761","69.7%","12,360","74.7%","59,851","59.1%","413,728","81.0%","271,507","89.0%","18,707","67.8%","2,176,133","65.3%","3,104","86.6%","6,282","83.9%","11,878","96.1%","107,963","89.6%","55,438","78.3%","62,744","86.9%","53,795","86.4%","7,164","89.4%","11,883","99.1%","6,365","98.9%","6,335","98.2%","9,634","99.1%","6,897","99.4%","42,246","87.6%","12,470","73.5%","2,062","64.3%","53,102","57.7%","25,812","70.2%","6,155","95.9%","583,514","64.5%","36,819","58.7%","10,217","59.7%","16,934","54.7%","28,252","73.0%","9,261","88.2%","46,481","70.7%","140,805","78.4%","14,513","74.8%","449","96.6%","5,707","12.8%","2,330","78.6%","1,923","82.5%","33,179","86.0%","9,000","91.7%","6,079","90.4%","34,874","82.4%","116,764","85.6%","5,932","10.5%","3,046","60.8%","64,900","45.5%"
"HISPANIC OR LATINO BY RACE","","","","","","","","","","","","","","","","","","","","","","","","","","","","","","","","","","","","","","","","","","","","","","","","","","","","","","","","","","","","","","","","","","","","","","","","","","","","","","","","","","","","","","","","","","","","","","","","","","","","","","","","","","","","","","","","","","","","","","","","","","","","","","","","","","","","","","","","","","","","","","","","","","","","","","","","","","","","","","","",""
"Total population","19,598","100.0%","1,549","100.0%","8,696","100.0%","520","100.0%","20,640","100.0%","2,353","100.0%","8,174","100.0%","4,491","100.0%","12,438","100.0%","28,916","100.0%","1,816","100.0%","18,552","100.0%","4,908","100.0%","49,797","100.0%","9,020","100.0%","101,822","100.0%","214","100.0%","44","100.0%","8","100.0%","1,938","100.0%","30,054","100.0%","11,021","100.0%","1,825","100.0%","16,738","100.0%","24,870","100.0%","5,531","100.0%","3,264","100.0%","1,044","100.0%","2,555","100.0%","4,682","100.0%","26,576","100.0%","4,720","100.0%","7,035","100.0%","2,528","100.0%","16,557","100.0%","101,334","100.0%","510,731","100.0%","305,018","100.0%","27,573","100.0%","3,331,925","100.0%","3,583","100.0%","7,486","100.0%","12,360","100.0%","120,558","100.0%","70,776","100.0%","72,205","100.0%","62,269","100.0%","8,017","100.0%","11,995","100.0%","6,433","100.0%","6,453","100.0%","9,721","100.0%","6,940","100.0%","48,213","100.0%","16,962","100.0%","3,207","100.0%","92,046","100.0%","36,747","100.0%","6,418","100.0%","905,015","100.0%","62,730","100.0%","17,121","100.0%","30,939","100.0%","38,705","100.0%","10,498","100.0%","65,757","100.0%","179,637","100.0%","19,412","100.0%","465","100.0%","44,704","100.0%","2,965","100.0%","2,331","100.0%","38,562","100.0%","9,817","100.0%","6,725","100.0%","42,342","100.0%","136,432","100.0%","56,300","100.0%","5,012","100.0%","142,569","100.0%"
"Hispanic or Latino","297","1.5%","10","0.6%","1,504","17.3%","34","6.5%","346","1.7%","74","3.1%","1,535","18.8%","61","1.4%","1,826","14.7%","6,858","23.7%","607","33.4%","16,624","89.6%","1,464","29.8%","11,579","23.3%","3,657","40.5%","18,290","18.0%","10","4.7%","2","4.5%","1","12.5%","80","4.1%","980","3.3%","2,356","21.4%","27","1.5%","5,723","34.2%","2,509","10.1%","127","2.3%","167","5.1%","730","69.9%","883","34.6%","1,038","22.2%","9,406","35.4%","101","2.1%","3,609","51.3%","767","30.3%","4,197","25.3%","41,483","40.9%","97,003","19.0%","33,511","11.0%","8,866","32.2%","1,155,792","34.7%","479","13.4%","1,204","16.1%","482","3.9%","12,595","10.4%","15,338","21.7%","9,461","13.1%","8,474","13.6%","853","10.6%","112","0.9%","68","1.1%","118","1.8%","87","0.9%","43","0.6%","5,967","12.4%","4,492","26.5%","1,145","35.7%","38,944","42.3%","10,935","29.8%","263","4.1%","321,501","35.5%","25,911","41.3%","6,904","40.3%","14,005","45.3%","10,453","27.0%","1,237","11.8%","19,276","29.3%","38,832","21.6%","4,899","25.2%","16","3.4%","38,997","87.2%","635","21.4%","408","17.5%","5,383","14.0%","817","8.3%","646","9.6%","7,468","17.6%","19,668","14.4%","50,368","89.5%","1,966","39.2%","77,669","54.5%"
"Hispanic or Latino White alone","73","0.4%","1","0.1%","590","6.8%","0","0.0%","13","0.1%","9","0.4%","391","4.8%","5","0.1%","675","5.4%","2,106","7.3%","137","7.5%","5,145","27.7%","902","18.4%","3,652","7.3%","860","9.5%","5,684","5.6%","2","0.9%","0","0.0%","0","0.0%","31","1.6%","175","0.6%","564","5.1%","8","0.4%","2,155","12.9%","746","3.0%","11","0.2%","55","1.7%","172","16.5%","428","16.8%","512","10.9%","3,703","13.9%","2","0.0%","1,826","26.0%","312","12.3%","711","4.3%","9,446","9.3%","23,971","4.7%","9,898","3.2%","2,105","7.6%","238,552","7.2%","25","0.7%","61","0.8%","122","1.0%","3,761","3.1%","3,812","5.4%","3,172","4.4%","2,380","3.8%","203","2.5%","6","0.1%","3","0.0%","3","0.0%","9","0.1%","0","0.0%","2,000","4.1%","1,623","9.6%","344","10.7%","9,042","9.8%","2,944","8.0%","2","0.0%","84,182","9.3%","6,116","9.7%","1,616","9.4%","2,459","7.9%","2,524","6.5%","11","0.1%","4,269","6.5%","10,674","5.9%","1,582","8.1%","1","0.2%","8,592","19.2%","218","7.4%","111","4.8%","1,233","3.2%","275","2.8%","210","3.1%","2,011","4.7%","5,371","3.9%","9,855","17.5%","526","10.5%","18,814","13.2%"
"Hispanic or Latino Black or African American alone","1","0.0%","0","0.0%","0","0.0%","0","0.0%","0","0.0%","0","0.0%","0","0.0%","0","0.0%","12","0.1%","40","0.1%","5","0.3%","33","0.2%","2","0.0%","315","0.6%","5","0.1%","154","0.2%","0","0.0%","0","0.0%","0","0.0%","0","0.0%","13","0.0%","17","0.2%","0","0.0%","28","0.2%","14","0.1%","0","0.0%","0","0.0%","1","0.1%","7","0.3%","5","0.1%","72","0.3%","0","0.0%","7","0.1%","0","0.0%","12","0.1%","484","0.5%","1,337","0.3%","370","0.1%","47","0.2%","12,853","0.4%","0","0.0%","0","0.0%","1","0.0%","138","0.1%","56","0.1%","53","0.1%","48","0.1%","1","0.0%","2","0.0%","0","0.0%","0","0.0%","0","0.0%","0","0.0%","26","0.1%","58","0.3%","3","0.1%","240","0.3%","67","0.2%","0","0.0%","3,390","0.4%","238","0.4%","69","0.4%","106","0.3%","84","0.2%","1","0.0%","343","0.5%","396","0.2%","19","0.1%","0","0.0%","72","0.2%","1","0.0%","3","0.1%","23","0.1%","1","0.0%","1","0.0%","22","0.1%","78","0.1%","126","0.2%","6","0.1%","483","0.3%"
"Hispanic or Latino American Indian and Alaska Native alone","140","0.7%","6","0.4%","45","0.5%","26","5.0%","195","0.9%","19","0.8%","43","0.5%","33","0.7%","75","0.6%","164","0.6%","5","0.3%","174","0.9%","25","0.5%","219","0.4%","86","1.0%","760","0.7%","0","0.0%","1","2.3%","0","0.0%","2","0.1%","260","0.9%","59","0.5%","15","0.8%","137","0.8%","51","0.2%","60","1.1%","0","0.0%","10","1.0%","7","0.3%","22","0.5%","138","0.5%","80","1.7%","61","0.9%","19","0.8%","479","2.9%","888","0.9%","1,959","0.4%","527","0.2%","145","0.5%","27,475","0.8%","320","8.9%","733","9.8%","6","0.0%","239","0.2%","535","0.8%","358","0.5%","217","0.3%","22","0.3%","62","0.5%","42","0.7%","96","1.5%","44","0.5%","33","0.5%","184","0.4%","409","2.4%","87","2.7%","1,521","1.7%","309","0.8%","225","3.5%","8,781","1.0%","882","1.4%","264","1.5%","366","1.2%","145","0.4%","824","7.8%","607","0.9%","770","0.4%","102","0.5%","12","2.6%","371","0.8%","8","0.3%","11","0.5%","275","0.7%","31","0.3%","14","0.2%","148","0.3%","485","0.4%","396","0.7%","42","0.8%","1,196","0.8%"
"Hispanic or Latino Asian alone","1","0.0%","0","0.0%","2","0.0%","0","0.0%","0","0.0%","0","0.0%","2","0.0%","0","0.0%","9","0.1%","27","0.1%","2","0.1%","7","0.0%","0","0.0%","76","0.2%","4","0.0%","73","0.1%","0","0.0%","1","2.3%","0","0.0%","0","0.0%","6","0.0%","12","0.1%","0","0.0%","9","0.1%","9","0.0%","0","0.0%","0","0.0%","0","0.0%","4","0.2%","1","0.0%","18","0.1%","0","0.0%","6","0.1%","1","0.0%","4","0.0%","154","0.2%","704","0.1%","304","0.1%","18","0.1%","4,531","0.1%","0","0.0%","2","0.0%","5","0.0%","68","0.1%","35","0.0%","53","0.1%","46","0.1%","0","0.0%","2","0.0%","0","0.0%","0","0.0%","0","0.0%","0","0.0%","14","0.0%","3","0.0%","5","0.2%","119","0.1%","24","0.1%","0","0.0%","1,375","0.2%","76","0.1%","20","0.1%","24","0.1%","21","0.1%","0","0.0%","81","0.1%","200","0.1%","6","0.0%","0","0.0%","33","0.1%","0","0.0%","0","0.0%","15","0.0%","3","0.0%","6","0.1%","24","0.1%","82","0.1%","27","0.0%","3","0.1%","236","0.2%"
"Hispanic or Latino Native Hawaiian and Other Pacific Islander alone","0","0.0%","0","0.0%","0","0.0%","0","0.0%","0","0.0%","0","0.0%","2","0.0%","0","0.0%","0","0.0%","6","0.0%","0","0.0%","16","0.1%","1","0.0%","40","0.1%","4","0.0%","8","0.0%","0","0.0%","0","0.0%","0","0.0%","0","0.0%","0","0.0%","0","0.0%","0","0.0%","1","0.0%","0","0.0%","0","0.0%","0","0.0%","2","0.2%","0","0.0%","0","0.0%","4","0.0%","0","0.0%","1","0.0%","3","0.1%","8","0.0%","73","0.1%","145","0.0%","65","0.0%","4","0.0%","1,071","0.0%","0","0.0%","1","0.0%","0","0.0%","28","0.0%","18","0.0%","19","0.0%","7","0.0%","0","0.0%","0","0.0%","0","0.0%","0","0.0%","0","0.0%","0","0.0%","12","0.0%","6","0.0%","3","0.1%","24","0.0%","5","0.0%","0","0.0%","260","0.0%","23","0.0%","3","0.0%","16","0.1%","7","0.0%","0","0.0%","30","0.0%","56","0.0%","3","0.0%","0","0.0%","5","0.0%","1","0.0%","0","0.0%","4","0.0%","3","0.0%","0","0.0%","4","0.0%","14","0.0%","10","0.0%","4","0.1%","54","0.0%"
"Hispanic or Latino Some Other Race alone","46","0.2%","2","0.1%","335","3.9%","3","0.6%","56","0.3%","17","0.7%","643","7.9%","8","0.2%","382","3.1%","1,548","5.4%","218","12.0%","5,256","28.3%","237","4.8%","3,046","6.1%","1,266","14.0%","5,825","5.7%","8","3.7%","0","0.0%","1","12.5%","22","1.1%","248","0.8%","936","8.5%","0","0.0%","1,837","11.0%","606","2.4%","29","0.5%","41","1.3%","357","34.2%","326","12.8%","228","4.9%","2,565","9.7%","4","0.1%","720","10.2%","139","5.5%","1,570","9.5%","17,548","17.3%","28,559","5.6%","7,274","2.4%","2,786","10.1%","517,794","15.5%","89","2.5%","221","3.0%","86","0.7%","3,555","2.9%","6,169","8.7%","2,751","3.8%","2,642","4.2%","424","5.3%","20","0.2%","13","0.2%","0","0.0%","12","0.1%","2","0.0%","1,612","3.3%","1,258","7.4%","289","9.0%","13,043","14.2%","3,607","9.8%","17","0.3%","106,050","11.7%","9,916","15.8%","2,749","16.1%","7,895","25.5%","5,748","14.9%","306","2.9%","7,320","11.1%","13,238","7.4%","1,167","6.0%","0","0.0%","13,502","30.2%","110","3.7%","184","7.9%","1,910","5.0%","225","2.3%","218","3.2%","2,444","5.8%","6,359","4.7%","21,004","37.3%","737","14.7%","28,881","20.3%"
"Hispanic or Latino Two or More Races","36","0.2%","1","0.1%","532","6.1%","5","1.0%","82","0.4%","29","1.2%","454","5.6%","15","0.3%","673","5.4%","2,967","10.3%","240","13.2%","5,993","32.3%","297","6.1%","4,231","8.5%","1,432","15.9%","5,786","5.7%","0","0.0%","0","0.0%","0","0.0%","25","1.3%","278","0.9%","768","7.0%","4","0.2%","1,556","9.3%","1,083","4.4%","27","0.5%","71","2.2%","188","18.0%","111","4.3%","270","5.8%","2,906","10.9%","15","0.3%","988","14.0%","293","11.6%","1,413","8.5%","12,890","12.7%","40,328","7.9%","15,073","4.9%","3,761","13.6%","353,516","10.6%","45","1.3%","186","2.5%","262","2.1%","4,806","4.0%","4,713","6.7%","3,055","4.2%","3,134","5.0%","203","2.5%","20","0.2%","10","0.2%","19","0.3%","22","0.2%","8","0.1%","2,119","4.4%","1,135","6.7%","414","12.9%","14,955","16.2%","3,979","10.8%","19","0.3%","117,463","13.0%","8,660","13.8%","2,183","12.8%","3,139","10.1%","1,924","5.0%","95","0.9%","6,626","10.1%","13,498","7.5%","2,020","10.4%","3","0.6%","16,422","36.7%","297","10.0%","99","4.2%","1,923","5.0%","279","2.8%","197","2.9%","2,815","6.6%","7,279","5.3%","18,950","33.7%","648","12.9%","28,005","19.6%"
"Not Hispanic or Latino","19,301","98.5%","1,539","99.4%","7,192","82.7%","486","93.5%","20,294","98.3%","2,279","96.9%","6,639","81.2%","4,430","98.6%","10,612","85.3%","22,058","76.3%","1,209","66.6%","1,928","10.4%","3,444","70.2%","38,218","76.7%","5,363","59.5%","83,532","82.0%","204","95.3%","42","95.5%","7","87.5%","1,858","95.9%","29,074","96.7%","8,665","78.6%","1,798","98.5%","11,015","65.8%","22,361","89.9%","5,404","97.7%","3,097","94.9%","314","30.1%","1,672","65.4%","3,644","77.8%","17,170","64.6%","4,619","97.9%","3,426","48.7%","1,761","69.7%","12,360","74.7%","59,851","59.1%","413,728","81.0%","271,507","89.0%","18,707","67.8%","2,176,133","65.3%","3,104","86.6%","6,282","83.9%","11,878","96.1%","107,963","89.6%","55,438","78.3%","62,744","86.9%","53,795","86.4%","7,164","89.4%","11,883","99.1%","6,365","98.9%","6,335","98.2%","9,634","99.1%","6,897","99.4%","42,246","87.6%","12,470","73.5%","2,062","64.3%","53,102","57.7%","25,812","70.2%","6,155","95.9%","583,514","64.5%","36,819","58.7%","10,217","59.7%","16,934","54.7%","28,252","73.0%","9,261","88.2%","46,481","70.7%","140,805","78.4%","14,513","74.8%","449","96.6%","5,707","12.8%","2,330","78.6%","1,923","82.5%","33,179","86.0%","9,000","91.7%","6,079","90.4%","34,874","82.4%","116,764","85.6%","5,932","10.5%","3,046","60.8%","64,900","45.5%"
"Not Hispanic or Latino White alone","587","3.0%","8","0.5%","6,598","75.9%","9","1.7%","292","1.4%","298","12.7%","5,943","72.7%","56","1.2%","9,531","76.6%","19,087","66.0%","1,089","60.0%","1,528","8.2%","2,868","58.4%","29,265","58.8%","4,888","54.2%","64,646","63.5%","19","8.9%","0","0.0%","2","25.0%","1,577","81.4%","3,526","11.7%","7,134","64.7%","21","1.2%","8,891","53.1%","20,580","82.8%","51","0.9%","2,929","89.7%","285","27.3%","1,239","48.5%","3,435","73.4%","15,702","59.1%","22","0.5%","2,837","40.3%","1,609","63.6%","9,061","54.7%","46,829","46.2%","312,142","61.1%","231,956","76.0%","15,199","55.1%","1,640,374","49.2%","43","1.2%","882","11.8%","11,266","91.1%","98,880","82.0%","48,821","69.0%","54,951","76.1%","49,647","79.7%","6,746","84.1%","144","1.2%","90","1.4%","38","0.6%","149","1.5%","61","0.9%","37,991","78.8%","6,313","37.2%","1,677","52.3%","42,421","46.1%","22,649","61.6%","63","1.0%","470,058","51.9%","29,150","46.5%","7,615","44.5%","12,620","40.8%","22,381","57.8%","95","0.9%","31,907","48.5%","122,668","68.3%","13,566","69.9%","4","0.9%","4,917","11.0%","2,202","74.3%","1,700","72.9%","29,336","76.1%","8,277","84.3%","5,584","83.0%","31,839","75.2%","106,560","78.1%","3,865","6.9%","2,750","54.9%","54,508","38.2%"
"Not Hispanic or Latino Black or African American alone","42","0.2%","1","0.1%","18","0.2%","1","0.2%","39","0.2%","21","0.9%","55","0.7%","7","0.2%","91","0.7%","622","2.2%","8","0.4%","85","0.5%","316","6.4%","3,202","6.4%","47","0.5%","1,533","1.5%","5","2.3%","0","0.0%","1","12.5%","6","0.3%","76","0.3%","156","1.4%","3","0.2%","118","0.7%","82","0.3%","0","0.0%","32","1.0%","4","0.4%","190","7.4%","15","0.3%","244","0.9%","4","0.1%","73","1.0%","7","0.3%","102","0.6%","5,798","5.7%","23,305","4.6%","6,606","2.2%","1,299","4.7%","205,666","6.2%","9","0.3%","34","0.5%","82","0.7%","2,440","2.0%","998","1.4%","701","1.0%","340","0.5%","24","0.3%","11","0.1%","15","0.2%","4","0.1%","8","0.1%","9","0.1%","175","0.4%","452","2.7%","25","0.8%","1,634","1.8%","570","1.6%","8","0.1%","34,017","3.8%","2,539","4.0%","1,251","7.3%","1,628","5.3%","2,458","6.4%","14","0.1%","7,003","10.6%","5,727","3.2%","92","0.5%","0","0.0%","107","0.2%","7","0.2%","21","0.9%","213","0.6%","54","0.6%","23","0.3%","276","0.7%","828","0.6%","942","1.7%","57","1.1%","2,485","1.7%"
"Not Hispanic or Latino American Indian and Alaska Native alone","18,307","93.4%","1,522","98.3%","277","3.2%","466","89.6%","19,532","94.6%","1,867","79.3%","250","3.1%","4,288","95.5%","85","0.7%","133","0.5%","12","0.7%","44","0.2%","125","2.5%","302","0.6%","61","0.7%","9,686","9.5%","175","81.8%","42","95.5%","3","37.5%","195","10.1%","24,350","81.0%","692","6.3%","1,719","94.2%","1,129","6.7%","462","1.9%","5,302","95.9%","36","1.1%","7","0.7%","136","5.3%","58","1.2%","391","1.5%","4,558","96.6%","254","3.6%","21","0.8%","2,354","14.2%","862","0.9%","4,953","1.0%","1,538","0.5%","854","3.1%","51,514","1.5%","2,989","83.4%","5,103","68.2%","45","0.4%","495","0.4%","1,285","1.8%","2,120","2.9%","420","0.7%","228","2.8%","11,581","96.5%","6,190","96.2%","6,173","95.7%","9,326","95.9%","6,691","96.4%","1,777","3.7%","4,834","28.5%","194","6.0%","5,207","5.7%","522","1.4%","6,019","93.8%","11,728","1.3%","1,722","2.7%","494","2.9%","653","2.1%","1,304","3.4%","9,002","85.7%","1,961","3.0%","1,467","0.8%","116","0.6%","437","94.0%","71","0.2%","7","0.2%","50","2.1%","1,330","3.4%","82","0.8%","46","0.7%","506","1.2%","1,305","1.0%","388","0.7%","24","0.5%","1,476","1.0%"
"Not Hispanic or Latino Asian alone","111","0.6%","0","0.0%","27","0.3%","0","0.0%","95","0.5%","11","0.5%","34","0.4%","29","0.6%","80","0.6%","509","1.8%","8","0.4%","118","0.6%","19","0.4%","1,798","3.6%","55","0.6%","2,159","2.1%","0","0.0%","0","0.0%","0","0.0%","16","0.8%","246","0.8%","161","1.5%","37","2.0%","210","1.3%","169","0.7%","0","0.0%","8","0.2%","3","0.3%","41","1.6%","3","0.1%","125","0.5%","0","0.0%","65","0.9%","3","0.1%","111","0.7%","1,469","1.4%","46,635","9.1%","17,004","5.6%","382","1.4%","130,422","3.9%","0","0.0%","12","0.2%","162","1.3%","1,824","1.5%","920","1.3%","1,005","1.4%","658","1.1%","17","0.2%","31","0.3%","26","0.4%","5","0.1%","2","0.0%","17","0.2%","362","0.8%","105","0.6%","63","2.0%","1,008","1.1%","358","1.0%","0","0.0%","28,415","3.1%","1,053","1.7%","116","0.7%","350","1.1%","353","0.9%","5","0.0%","1,659","2.5%","2,593","1.4%","161","0.8%","0","0.0%","261","0.6%","10","0.3%","14","0.6%","506","1.3%","63","0.6%","49","0.7%","398","0.9%","1,772","1.3%","86","0.2%","44","0.9%","2,191","1.5%"
"Not Hispanic or Latino Native Hawaiian and Other Pacific Islander alone","0","0.0%","0","0.0%","0","0.0%","1","0.2%","5","0.0%","1","0.0%","4","0.0%","7","0.2%","37","0.3%","71","0.2%","0","0.0%","3","0.0%","2","0.0%","303","0.6%","5","0.1%","215","0.2%","1","0.5%","0","0.0%","0","0.0%","0","0.0%","22","0.1%","16","0.1%","2","0.1%","8","0.0%","27","0.1%","6","0.1%","0","0.0%","2","0.2%","0","0.0%","3","0.1%","13","0.0%","0","0.0%","1","0.0%","0","0.0%","41","0.2%","238","0.2%","980","0.2%","379","0.1%","25","0.1%","7,845","0.2%","0","0.0%","2","0.0%","7","0.1%","103","0.1%","135","0.2%","153","0.2%","77","0.1%","0","0.0%","0","0.0%","0","0.0%","2","0.0%","0","0.0%","0","0.0%","49","0.1%","17","0.1%","3","0.1%","130","0.1%","27","0.1%","1","0.0%","1,776","0.2%","165","0.3%","14","0.1%","131","0.4%","50","0.1%","0","0.0%","287","0.4%","412","0.2%","22","0.1%","0","0.0%","10","0.0%","3","0.1%","0","0.0%","38","0.1%","4","0.0%","9","0.1%","54","0.1%","164","0.1%","22","0.0%","4","0.1%","189","0.1%"
"Not Hispanic or Latino Some Other Race alone","10","0.1%","2","0.1%","35","0.4%","0","0.0%","8","0.0%","9","0.4%","51","0.6%","0","0.0%","87","0.7%","181","0.6%","1","0.1%","38","0.2%","16","0.3%","368","0.7%","34","0.4%","522","0.5%","0","0.0%","0","0.0%","0","0.0%","5","0.3%","32","0.1%","57","0.5%","3","0.2%","91","0.5%","102","0.4%","3","0.1%","4","0.1%","0","0.0%","18","0.7%","12","0.3%","70","0.3%","2","0.0%","28","0.4%","6","0.2%","43","0.3%","567","0.6%","2,256","0.4%","1,325","0.4%","138","0.5%","15,989","0.5%","5","0.1%","6","0.1%","41","0.3%","366","0.3%","231","0.3%","266","0.4%","185","0.3%","8","0.1%","4","0.0%","3","0.0%","2","0.0%","0","0.0%","2","0.0%","159","0.3%","62","0.4%","9","0.3%","349","0.4%","203","0.6%","0","0.0%","4,096","0.5%","196","0.3%","83","0.5%","109","0.4%","89","0.2%","1","0.0%","395","0.6%","715","0.4%","69","0.4%","1","0.2%","141","0.3%","9","0.3%","8","0.3%","173","0.4%","52","0.5%","32","0.5%","180","0.4%","626","0.5%","74","0.1%","21","0.4%","527","0.4%"
"Not Hispanic or Latino Two or More Races","244","1.2%","6","0.4%","237","2.7%","9","1.7%","323","1.6%","72","3.1%","302","3.7%","43","1.0%","701","5.6%","1,455","5.0%","91","5.0%","112","0.6%","98","2.0%","2,980","6.0%","273","3.0%","4,771","4.7%","4","1.9%","0","0.0%","1","12.5%","59","3.0%","822","2.7%","449","4.1%","13","0.7%","568","3.4%","939","3.8%","42","0.8%","88","2.7%","13","1.2%","48","1.9%","118","2.5%","625","2.4%","33","0.7%","168","2.4%","115","4.5%","648","3.9%","4,088","4.0%","23,457","4.6%","12,699","4.2%","810","2.9%","124,323","3.7%","58","1.6%","243","3.2%","275","2.2%","3,855","3.2%","3,048","4.3%","3,548","4.9%","2,468","4.0%","141","1.8%","112","0.9%","41","0.6%","111","1.7%","149","1.5%","117","1.7%","1,733","3.6%","687","4.1%","91","2.8%","2,353","2.6%","1,483","4.0%","64","1.0%","33,424","3.7%","1,994","3.2%","644","3.8%","1,443","4.7%","1,617","4.2%","144","1.4%","3,269","5.0%","7,223","4.0%","487","2.5%","7","1.5%","200","0.4%","92","3.1%","130","5.6%","1,583","4.1%","468","4.8%","336","5.0%","1,621","3.8%","5,509","4.0%","555","1.0%","146","2.9%","3,524","2.5%"
"RELATIONSHIP","","","","","","","","","","","","","","","","","","","","","","","","","","","","","","","","","","","","","","","","","","","","","","","","","","","","","","","","","","","","","","","","","","","","","","","","","","","","","","","","","","","","","","","","","","","","","","","","","","","","","","","","","","","","","","","","","","","","","","","","","","","","","","","","","","","","","","","","","","","","","","","","","","","","","","","","","","","","","","","",""
"Total population","19,598","100.0%","1,549","100.0%","8,696","100.0%","520","100.0%","20,640","100.0%","2,353","100.0%","8,174","100.0%","4,491","100.0%","12,438","100.0%","28,916","100.0%","1,816","100.0%","18,552","100.0%","4,908","100.0%","49,797","100.0%","9,020","100.0%","101,822","100.0%","214","100.0%","44","100.0%","8","100.0%","1,938","100.0%","30,054","100.0%","11,021","100.0%","1,825","100.0%","16,738","100.0%","24,870","100.0%","5,531","100.0%","3,264","100.0%","1,044","100.0%","2,555","100.0%","4,682","100.0%","26,576","100.0%","4,720","100.0%","7,035","100.0%","2,528","100.0%","16,557","100.0%","101,334","100.0%","510,731","100.0%","305,018","100.0%","27,573","100.0%","3,331,925","100.0%","3,583","100.0%","7,486","100.0%","12,360","100.0%","120,558","100.0%","70,776","100.0%","72,205","100.0%","62,269","100.0%","8,017","100.0%","11,995","100.0%","6,433","100.0%","6,453","100.0%","9,721","100.0%","6,940","100.0%","48,213","100.0%","16,962","100.0%","3,207","100.0%","92,046","100.0%","36,747","100.0%","6,418","100.0%","905,015","100.0%","62,730","100.0%","17,121","100.0%","30,939","100.0%","38,705","100.0%","10,498","100.0%","65,757","100.0%","179,637","100.0%","19,412","100.0%","465","100.0%","44,704","100.0%","2,965","100.0%","2,331","100.0%","38,562","100.0%","9,817","100.0%","6,725","100.0%","42,342","100.0%","136,432","100.0%","56,300","100.0%","5,012","100.0%","142,569","100.0%"
"In households","19,014","97.0%","1,549","100.0%","8,642","99.4%","520","100.0%","20,490","99.3%","2,346","99.7%","7,809","95.5%","4,444","99.0%","12,340","99.2%","28,622","99.0%","1,807","99.5%","18,213","98.2%","2,918","59.5%","47,439","95.3%","9,005","99.8%","90,714","89.1%","208","97.2%","44","100.0%","8","100.0%","1,842","95.0%","29,887","99.4%","10,388","94.3%","1,825","100.0%","16,121","96.3%","24,642","99.1%","5,531","100.0%","3,264","100.0%","1,044","100.0%","1,068","41.8%","4,682","100.0%","25,403","95.6%","4,707","99.7%","7,003","99.5%","2,528","100.0%","16,381","98.9%","101,256","99.9%","507,293","99.3%","300,973","98.7%","22,984","83.4%","3,274,947","98.3%","3,571","99.7%","7,363","98.4%","12,360","100.0%","119,791","99.4%","67,867","95.9%","71,203","98.6%","61,840","99.3%","8,017","100.0%","11,978","99.9%","6,421","99.8%","6,439","99.8%","9,668","99.5%","6,928","99.8%","47,810","99.2%","15,433","91.0%","3,166","98.7%","91,589","99.5%","36,240","98.6%","6,248","97.4%","878,690","97.1%","62,310","99.3%","17,032","99.5%","24,922","80.6%","23,296","60.2%","10,046","95.7%","65,735","100.0%","179,276","99.8%","19,412","100.0%","465","100.0%","44,544","99.6%","2,965","100.0%","2,325","99.7%","37,626","97.6%","9,768","99.5%","6,659","99.0%","41,951","99.1%","133,845","98.1%","51,032","90.6%","5,001","99.8%","140,500","98.5%"
"Householder","5,960","30.4%","443","28.6%","3,473","39.9%","123","23.7%","6,654","32.2%","789","33.5%","3,148","38.5%","1,498","33.4%","5,510","44.3%","12,247","42.4%","813","44.8%","6,279","33.8%","1,352","27.5%","20,973","42.1%","3,767","41.8%","36,920","36.3%","52","24.3%","16","36.4%","3","37.5%","783","40.4%","9,064","30.2%","4,510","40.9%","455","24.9%","6,684","39.9%","11,773","47.3%","1,308","23.6%","1,664","51.0%","412","39.5%","419","16.4%","1,542","32.9%","9,123","34.3%","1,075","22.8%","2,590","36.8%","1,012","40.0%","7,372","44.5%","31,158","30.7%","178,972","35.0%","112,139","36.8%","8,081","29.3%","1,248,450","37.5%","837","23.4%","2,262","30.2%","5,742","46.5%","55,970","46.4%","29,970","42.3%","30,434","42.1%","28,464","45.7%","2,390","29.8%","2,902","24.2%","1,951","30.3%","1,988","30.8%","2,810","28.9%","2,209","31.8%","19,245","39.9%","5,710","33.7%","1,548","48.3%","36,043","39.2%","13,799","37.6%","1,839","28.7%","373,821","41.3%","23,043","36.7%","5,863","34.2%","9,288","30.0%","9,249","23.9%","2,606","24.8%","21,481","32.7%","65,787","36.6%","9,218","47.5%","142","30.5%","15,271","34.2%","1,414","47.7%","1,113","47.7%","17,349","45.0%","4,759","48.5%","2,924","43.5%","18,231","43.1%","60,062","44.0%","13,893","24.7%","2,166","43.2%","53,532","37.5%"
"Opposite-sex spouse","1,929","9.8%","161","10.4%","1,888","21.7%","43","8.3%","2,049","9.9%","232","9.9%","1,650","20.2%","511","11.4%","2,651","21.3%","6,381","22.1%","368","20.3%","2,592","14.0%","615","12.5%","9,126","18.3%","1,793","19.9%","15,025","14.8%","10","4.7%","10","22.7%","1","12.5%","366","18.9%","3,396","11.3%","2,096","19.0%","158","8.7%","2,666","15.9%","5,654","22.7%","438","7.9%","779","23.9%","160","15.3%","228","8.9%","898","19.2%","4,418","16.6%","365","7.7%","1,212","17.2%","495","19.6%","2,942","17.8%","18,657","18.4%","103,188","20.2%","68,851","22.6%","5,407","19.6%","521,714","15.7%","211","5.9%","544","7.3%","4,289","34.7%","33,497","27.8%","12,851","18.2%","13,535","18.7%","14,010","22.5%","1,185","14.8%","978","8.2%","620","9.6%","731","11.3%","1,094","11.3%","690","9.9%","10,255","21.3%","2,240","13.2%","554","17.3%","18,510","20.1%","6,866","18.7%","339","5.3%","152,836","16.9%","11,339","18.1%","2,527","14.8%","4,512","14.6%","5,443","14.1%","566","5.4%","12,357","18.8%","36,578","20.4%","5,524","28.5%","31","6.7%","7,764","17.4%","709","23.9%","506","21.7%","8,105","21.0%","2,322","23.7%","1,421","21.1%","8,985","21.2%","29,399","21.5%","8,352","14.8%","1,134","22.6%","26,779","18.8%"
"Same-sex spouse","13","0.1%","0","0.0%","11","0.1%","0","0.0%","11","0.1%","0","0.0%","5","0.1%","1","0.0%","9","0.1%","71","0.2%","2","0.1%","22","0.1%","6","0.1%","78","0.2%","9","0.1%","221","0.2%","0","0.0%","0","0.0%","0","0.0%","4","0.2%","24","0.1%","19","0.2%","6","0.3%","22","0.1%","29","0.1%","2","0.0%","4","0.1%","2","0.2%","0","0.0%","4","0.1%","23","0.1%","3","0.1%","6","0.1%","2","0.1%","19","0.1%","196","0.2%","841","0.2%","581","0.2%","40","0.1%","8,694","0.3%","0","0.0%","21","0.3%","18","0.1%","198","0.2%","118","0.2%","127","0.2%","96","0.2%","10","0.1%","2","0.0%","3","0.0%","6","0.1%","13","0.1%","7","0.1%","76","0.2%","13","0.1%","3","0.1%","194","0.2%","94","0.3%","9","0.1%","2,682","0.3%","112","0.2%","29","0.2%","46","0.1%","58","0.1%","23","0.2%","182","0.3%","376","0.2%","54","0.3%","0","0.0%","69","0.2%","12","0.4%","1","0.0%","112","0.3%","8","0.1%","10","0.1%","86","0.2%","201","0.1%","39","0.1%","8","0.2%","173","0.1%"
"Opposite-sex unmarried partner","379","1.9%","23","1.5%","169","1.9%","5","1.0%","518","2.5%","56","2.4%","163","2.0%","96","2.1%","325","2.6%","661","2.3%","52","2.9%","315","1.7%","77","1.6%","1,271","2.6%","226","2.5%","3,364","3.3%","6","2.8%","0","0.0%","1","12.5%","35","1.8%","685","2.3%","303","2.7%","27","1.5%","510","3.0%","662","2.7%","113","2.0%","93","2.8%","28","2.7%","26","1.0%","66","1.4%","660","2.5%","98","2.1%","170","2.4%","56","2.2%","598","3.6%","2,469","2.4%","10,829","2.1%","6,438","2.1%","465","1.7%","101,242","3.0%","96","2.7%","208","2.8%","249","2.0%","2,449","2.0%","2,649","3.7%","2,525","3.5%","2,204","3.5%","165","2.1%","282","2.4%","150","2.3%","127","2.0%","180","1.9%","124","1.8%","1,059","2.2%","487","2.9%","93","2.9%","2,239","2.4%","1,082","2.9%","250","3.9%","26,389","2.9%","1,672","2.7%","507","3.0%","683","2.2%","566","1.5%","307","2.9%","1,690","2.6%","4,766","2.7%","455","2.3%","13","2.8%","756","1.7%","76","2.6%","91","3.9%","1,143","3.0%","338","3.4%","216","3.2%","1,252","3.0%","3,779","2.8%","639","1.1%","144","2.9%","3,470","2.4%"
"Same-sex unmarried partner","9","0.0%","0","0.0%","5","0.1%","0","0.0%","17","0.1%","3","0.1%","5","0.1%","2","0.0%","13","0.1%","46","0.2%","0","0.0%","12","0.1%","1","0.0%","67","0.1%","7","0.1%","189","0.2%","0","0.0%","0","0.0%","0","0.0%","1","0.1%","30","0.1%","14","0.1%","2","0.1%","21","0.1%","26","0.1%","11","0.2%","4","0.1%","4","0.4%","0","0.0%","3","0.1%","18","0.1%","3","0.1%","5","0.1%","1","0.0%","15","0.1%","102","0.1%","632","0.1%","330","0.1%","34","0.1%","7,107","0.2%","3","0.1%","11","0.1%","13","0.1%","145","0.1%","97","0.1%","102","0.1%","48","0.1%","9","0.1%","19","0.2%","3","0.0%","3","0.0%","2","0.0%","4","0.1%","44","0.1%","21","0.1%","3","0.1%","128","0.1%","38","0.1%","13","0.2%","2,001","0.2%","61","0.1%","25","0.1%","31","0.1%","21","0.1%","12","0.1%","102","0.2%","244","0.1%","31","0.2%","2","0.4%","30","0.1%","3","0.1%","4","0.2%","74","0.2%","7","0.1%","8","0.1%","62","0.1%","163","0.1%","20","0.0%","7","0.1%","123","0.1%"
"Child [2]","6,885","35.1%","547","35.3%","2,355","27.1%","202","38.8%","6,899","33.4%","779","33.1%","2,028","24.8%","1,463","32.6%","2,889","23.2%","6,579","22.8%","384","21.1%","6,195","33.4%","589","12.0%","12,237","24.6%","2,285","25.3%","22,036","21.6%","63","29.4%","5","11.4%","0","0.0%","484","25.0%","10,078","33.5%","2,326","21.1%","644","35.3%","4,222","25.2%","4,388","17.6%","1,973","35.7%","449","13.8%","264","25.3%","288","11.3%","1,728","36.9%","8,416","31.7%","1,688","35.8%","2,384","33.9%","696","27.5%","3,438","20.8%","36,021","35.5%","170,516","33.4%","90,653","29.7%","6,597","23.9%","959,739","28.8%","1,285","35.9%","2,276","30.4%","1,478","12.0%","20,387","16.9%","13,772","19.5%","15,718","21.8%","11,613","18.6%","3,104","38.7%","4,098","34.2%","2,036","31.6%","2,136","33.1%","3,431","35.3%","2,454","35.4%","12,684","26.3%","4,954","29.2%","595","18.6%","24,892","27.0%","10,202","27.8%","1,837","28.6%","228,344","25.2%","18,282","29.1%","5,511","32.2%","7,059","22.8%","5,803","15.0%","3,312","31.5%","21,721","33.0%","53,473","29.8%","2,884","14.9%","151","32.5%","14,671","32.8%","533","18.0%","408","17.5%","6,923","18.0%","1,395","14.2%","1,266","18.8%","9,223","21.8%","27,252","20.0%","19,883","35.3%","1,088","21.7%","41,390","29.0%"
"Under 18 years","3,646","18.6%","243","15.7%","1,731","19.9%","133","25.6%","3,093","15.0%","356","15.1%","1,373","16.8%","610","13.6%","1,988","16.0%","4,482","15.5%","257","14.2%","3,988","21.5%","362","7.4%","9,052","18.2%","1,621","18.0%","16,065","15.8%","33","15.4%","0","0.0%","0","0.0%","294","15.2%","5,216","17.4%","1,635","14.8%","332","18.2%","2,782","16.6%","2,812","11.3%","1,062","19.2%","285","8.7%","146","14.0%","211","8.3%","1,309","28.0%","6,159","23.2%","950","20.1%","1,840","26.2%","478","18.9%","2,195","13.3%","26,284","25.9%","125,259","24.5%","63,620","20.9%","4,363","15.8%","658,559","19.8%","649","18.1%","1,251","16.7%","774","6.3%","13,911","11.5%","8,599","12.1%","10,469","14.5%","7,560","12.1%","2,343","29.2%","2,159","18.0%","810","12.6%","899","13.9%","1,864","19.2%","1,209","17.4%","9,183","19.0%","3,425","20.2%","363","11.3%","16,569","18.0%","6,852","18.6%","923","14.4%","153,100","16.9%","12,577","20.0%","3,692","21.6%","4,786","15.5%","4,193","10.8%","1,698","16.2%","15,606","23.7%","38,661","21.5%","1,714","8.8%","52","11.2%","9,384","21.0%","321","10.8%","225","9.7%","4,418","11.5%","800","8.1%","809","12.0%","6,324","14.9%","18,334","13.4%","12,483","22.2%","679","13.5%","28,477","20.0%"
"Grandchild","2,059","10.5%","192","12.4%","258","3.0%","67","12.9%","2,335","11.3%","242","10.3%","251","3.1%","475","10.6%","271","2.2%","856","3.0%","66","3.6%","1,088","5.9%","75","1.5%","997","2.0%","258","2.9%","1,581","1.6%","17","7.9%","3","6.8%","0","0.0%","46","2.4%","3,432","11.4%","256","2.3%","296","16.2%","786","4.7%","528","2.1%","867","15.7%","76","2.3%","93","8.9%","23","0.9%","164","3.5%","1,012","3.8%","752","15.9%","182","2.6%","97","3.8%","605","3.7%","3,128","3.1%","8,029","1.6%","4,736","1.6%","726","2.6%","88,578","2.7%","604","16.9%","1,030","13.8%","114","0.9%","1,674","1.4%","2,126","3.0%","2,278","3.2%","1,281","2.1%","213","2.7%","1,971","16.4%","972","15.1%","833","12.9%","1,059","10.9%","764","11.0%","1,343","2.8%","780","4.6%","102","3.2%","3,164","3.4%","1,232","3.4%","932","14.5%","21,844","2.4%","2,467","3.9%","902","5.3%","1,151","3.7%","580","1.5%","1,606","15.3%","2,092","3.2%","4,527","2.5%","483","2.5%","64","13.8%","2,266","5.1%","58","2.0%","42","1.8%","929","2.4%","273","2.8%","252","3.7%","934","2.2%","2,798","2.1%","3,123","5.5%","162","3.2%","4,423","3.1%"
"Grandchild Under 18 years","1,682","8.6%","147","9.5%","191","2.2%","56","10.8%","1,788","8.7%","185","7.9%","205","2.5%","366","8.1%","208","1.7%","647","2.2%","52","2.9%","886","4.8%","61","1.2%","727","1.5%","195","2.2%","1,219","1.2%","11","5.1%","2","4.5%","0","0.0%","36","1.9%","2,720","9.1%","193","1.8%","236","12.9%","580","3.5%","415","1.7%","668","12.1%","65","2.0%","61","5.8%","17","0.7%","106","2.3%","770","2.9%","613","13.0%","138","2.0%","69","2.7%","463","2.8%","2,569","2.5%","6,328","1.2%","3,705","1.2%","580","2.1%","70,398","2.1%","489","13.6%","824","11.0%","93","0.8%","1,289","1.1%","1,537","2.2%","1,699","2.4%","872","1.4%","161","2.0%","1,655","13.8%","733","11.4%","661","10.2%","877","9.0%","602","8.7%","1,035","2.1%","609","3.6%","73","2.3%","2,478","2.7%","932","2.5%","748","11.7%","16,523","1.8%","1,946","3.1%","735","4.3%","902","2.9%","437","1.1%","1,337","12.7%","1,710","2.6%","3,555","2.0%","359","1.8%","56","12.0%","1,865","4.2%","41","1.4%","34","1.5%","706","1.8%","181","1.8%","182","2.7%","694","1.6%","2,038","1.5%","2,680","4.8%","140","2.8%","3,602","2.5%"
"Other relatives","1,513","7.7%","140","9.0%","242","2.8%","69","13.3%","1,720","8.3%","209","8.9%","343","4.2%","334","7.4%","376","3.0%","1,033","3.6%","62","3.4%","1,286","6.9%","111","2.3%","1,492","3.0%","398","4.4%","3,261","3.2%","55","25.7%","9","20.5%","3","37.5%","77","4.0%","2,446","8.1%","423","3.8%","163","8.9%","690","4.1%","838","3.4%","616","11.1%","99","3.0%","49","4.7%","51","2.0%","187","4.0%","983","3.7%","569","12.1%","285","4.1%","114","4.5%","769","4.6%","6,663","6.6%","21,132","4.1%","10,357","3.4%","1,157","4.2%","196,413","5.9%","407","11.4%","729","9.7%","265","2.1%","3,621","3.0%","3,312","4.7%","3,312","4.6%","2,232","3.6%","512","6.4%","1,239","10.3%","517","8.0%","540","8.4%","901","9.3%","551","7.9%","1,751","3.6%","800","4.7%","141","4.4%","4,314","4.7%","1,787","4.9%","770","12.0%","38,576","4.3%","3,447","5.5%","1,117","6.5%","1,410","4.6%","931","2.4%","1,167","11.1%","4,040","6.1%","8,378","4.7%","467","2.4%","48","10.3%","2,939","6.6%","91","3.1%","61","2.6%","1,415","3.7%","349","3.6%","303","4.5%","1,625","3.8%","4,875","3.6%","4,197","7.5%","171","3.4%","7,252","5.1%"
"Nonrelatives","267","1.4%","43","2.8%","241","2.8%","11","2.1%","287","1.4%","36","1.5%","216","2.6%","64","1.4%","296","2.4%","748","2.6%","60","3.3%","424","2.3%","92","1.9%","1,198","2.4%","262","2.9%","8,117","8.0%","5","2.3%","1","2.3%","0","0.0%","46","2.4%","732","2.4%","441","4.0%","74","4.1%","520","3.1%","744","3.0%","203","3.7%","96","2.9%","32","3.1%","33","1.3%","90","1.9%","750","2.8%","154","3.3%","169","2.4%","55","2.2%","623","3.8%","2,862","2.8%","13,154","2.6%","6,888","2.3%","477","1.7%","143,010","4.3%","128","3.6%","282","3.8%","192","1.6%","1,850","1.5%","2,972","4.2%","3,172","4.4%","1,892","3.0%","429","5.4%","487","4.1%","169","2.6%","75","1.2%","178","1.8%","125","1.8%","1,353","2.8%","428","2.5%","127","4.0%","2,105","2.3%","1,140","3.1%","259","4.0%","32,197","3.6%","1,887","3.0%","551","3.2%","742","2.4%","645","1.7%","447","4.3%","2,070","3.1%","5,147","2.9%","296","1.5%","14","3.0%","778","1.7%","69","2.3%","99","4.2%","1,576","4.1%","317","3.2%","259","3.9%","1,553","3.7%","5,316","3.9%","886","1.6%","121","2.4%","3,358","2.4%"
"In group quarters","584","3.0%","0","0.0%","54","0.6%","0","0.0%","150","0.7%","7","0.3%","365","4.5%","47","1.0%","98","0.8%","294","1.0%","9","0.5%","339","1.8%","1,990","40.5%","2,358","4.7%","15","0.2%","11,108","10.9%","6","2.8%","0","0.0%","0","0.0%","96","5.0%","167","0.6%","633","5.7%","0","0.0%","617","3.7%","228","0.9%","0","0.0%","0","0.0%","0","0.0%","1,487","58.2%","0","0.0%","1,173","4.4%","13","0.3%","32","0.5%","0","0.0%","176","1.1%","78","0.1%","3,438","0.7%","4,045","1.3%","4,589","16.6%","56,978","1.7%","12","0.3%","123","1.6%","0","0.0%","767","0.6%","2,909","4.1%","1,002","1.4%","429","0.7%","0","0.0%","17","0.1%","12","0.2%","14","0.2%","53","0.5%","12","0.2%","403","0.8%","1,529","9.0%","41","1.3%","457","0.5%","507","1.4%","170","2.6%","26,325","2.9%","420","0.7%","89","0.5%","6,017","19.4%","15,409","39.8%","452","4.3%","22","0.0%","361","0.2%","0","0.0%","0","0.0%","160","0.4%","0","0.0%","6","0.3%","936","2.4%","49","0.5%","66","1.0%","391","0.9%","2,587","1.9%","5,268","9.4%","11","0.2%","2,069","1.5%"
"Institutionalized population:","133","0.7%","0","0.0%","0","0.0%","0","0.0%","0","0.0%","0","0.0%","365","4.5%","0","0.0%","77","0.6%","215","0.7%","0","0.0%","154","0.8%","1,984","40.4%","137","0.3%","6","0.1%","458","0.4%","0","0.0%","0","0.0%","0","0.0%","34","1.8%","33","0.1%","0","0.0%","0","0.0%","531","3.2%","144","0.6%","0","0.0%","0","0.0%","0","0.0%","1,478","57.8%","0","0.0%","1,078","4.1%","0","0.0%","18","0.3%","0","0.0%","133","0.8%","18","0.0%","1,321","0.3%","2,543","0.8%","4,580","16.6%","24,473","0.7%","0","0.0%","123","1.6%","0","0.0%","522","0.4%","2,812","4.0%","753","1.0%","236","0.4%","0","0.0%","12","0.1%","0","0.0%","9","0.1%","30","0.3%","0","0.0%","247","0.5%","1,453","8.6%","41","1.3%","272","0.3%","466","1.3%","161","2.5%","13,317","1.5%","138","0.2%","0","0.0%","6,016","19.4%","15,355","39.7%","437","4.2%","0","0.0%","302","0.2%","0","0.0%","0","0.0%","68","0.2%","0","0.0%","0","0.0%","643","1.7%","10","0.1%","2","0.0%","100","0.2%","449","0.3%","5,235","9.3%","0","0.0%","782","0.5%"
"Institutionalized population Male","73","0.4%","0","0.0%","0","0.0%","0","0.0%","0","0.0%","0","0.0%","345","4.2%","0","0.0%","29","0.2%","170","0.6%","0","0.0%","41","0.2%","1,947","39.7%","53","0.1%","5","0.1%","342","0.3%","0","0.0%","0","0.0%","0","0.0%","11","0.6%","29","0.1%","0","0.0%","0","0.0%","418","2.5%","73","0.3%","0","0.0%","0","0.0%","0","0.0%","1,468","57.5%","0","0.0%","1,008","3.8%","0","0.0%","16","0.2%","0","0.0%","123","0.7%","6","0.0%","689","0.1%","1,436","0.5%","4,580","16.6%","12,471","0.4%","0","0.0%","100","1.3%","0","0.0%","183","0.2%","2,703","3.8%","468","0.6%","85","0.1%","0","0.0%","8","0.1%","0","0.0%","5","0.1%","18","0.2%","0","0.0%","76","0.2%","1,286","7.6%","34","1.1%","93","0.1%","448","1.2%","117","1.8%","10,208","1.1%","66","0.1%","0","0.0%","5,384","17.4%","14,903","38.5%","273","2.6%","0","0.0%","127","0.1%","0","0.0%","0","0.0%","48","0.1%","0","0.0%","0","0.0%","410","1.1%","5","0.1%","1","0.0%","22","0.1%","186","0.1%","5,179","9.2%","0","0.0%","503","0.4%"
"Institutionalized population Female","60","0.3%","0","0.0%","0","0.0%","0","0.0%","0","0.0%","0","0.0%","20","0.2%","0","0.0%","48","0.4%","45","0.2%","0","0.0%","113","0.6%","37","0.8%","84","0.2%","1","0.0%","116","0.1%","0","0.0%","0","0.0%","0","0.0%","23","1.2%","4","0.0%","0","0.0%","0","0.0%","113","0.7%","71","0.3%","0","0.0%","0","0.0%","0","0.0%","10","0.4%","0","0.0%","70","0.3%","0","0.0%","2","0.0%","0","0.0%","10","0.1%","12","0.0%","632","0.1%","1,107","0.4%","0","0.0%","12,002","0.4%","0","0.0%","23","0.3%","0","0.0%","339","0.3%","109","0.2%","285","0.4%","151","0.2%","0","0.0%","4","0.0%","0","0.0%","4","0.1%","12","0.1%","0","0.0%","171","0.4%","167","1.0%","7","0.2%","179","0.2%","18","0.0%","44","0.7%","3,109","0.3%","72","0.1%","0","0.0%","632","2.0%","452","1.2%","164","1.6%","0","0.0%","175","0.1%","0","0.0%","0","0.0%","20","0.0%","0","0.0%","0","0.0%","233","0.6%","5","0.1%","1","0.0%","78","0.2%","263","0.2%","56","0.1%","0","0.0%","279","0.2%"
"Noninstitutionalized population:","451","2.3%","0","0.0%","54","0.6%","0","0.0%","150","0.7%","7","0.3%","0","0.0%","47","1.0%","21","0.2%","79","0.3%","9","0.5%","185","1.0%","6","0.1%","2,221","4.5%","9","0.1%","10,650","10.5%","6","2.8%","0","0.0%","0","0.0%","62","3.2%","134","0.4%","633","5.7%","0","0.0%","86","0.5%","84","0.3%","0","0.0%","0","0.0%","0","0.0%","9","0.4%","0","0.0%","95","0.4%","13","0.3%","14","0.2%","0","0.0%","43","0.3%","60","0.1%","2,117","0.4%","1,502","0.5%","9","0.0%","32,505","1.0%","12","0.3%","0","0.0%","0","0.0%","245","0.2%","97","0.1%","249","0.3%","193","0.3%","0","0.0%","5","0.0%","12","0.2%","5","0.1%","23","0.2%","12","0.2%","156","0.3%","76","0.4%","0","0.0%","185","0.2%","41","0.1%","9","0.1%","13,008","1.4%","282","0.4%","89","0.5%","1","0.0%","54","0.1%","15","0.1%","22","0.0%","59","0.0%","0","0.0%","0","0.0%","92","0.2%","0","0.0%","6","0.3%","293","0.8%","39","0.4%","64","1.0%","291","0.7%","2,138","1.6%","33","0.1%","11","0.2%","1,287","0.9%"
"Noninstitutionalized population Male","178","0.9%","0","0.0%","22","0.3%","0","0.0%","71","0.3%","4","0.2%","0","0.0%","23","0.5%","5","0.0%","36","0.1%","3","0.2%","71","0.4%","4","0.1%","1,789","3.6%","5","0.1%","4,155","4.1%","5","2.3%","0","0.0%","0","0.0%","38","2.0%","67","0.2%","371","3.4%","0","0.0%","45","0.3%","54","0.2%","0","0.0%","0","0.0%","0","0.0%","5","0.2%","0","0.0%","45","0.2%","9","0.2%","10","0.1%","0","0.0%","19","0.1%","36","0.0%","940","0.2%","662","0.2%","6","0.0%","15,932","0.5%","6","0.2%","0","0.0%","0","0.0%","103","0.1%","45","0.1%","133","0.2%","133","0.2%","0","0.0%","2","0.0%","5","0.1%","2","0.0%","12","0.1%","9","0.1%","92","0.2%","53","0.3%","0","0.0%","72","0.1%","20","0.1%","3","0.0%","6,210","0.7%","99","0.2%","46","0.3%","1","0.0%","44","0.1%","3","0.0%","12","0.0%","19","0.0%","0","0.0%","0","0.0%","48","0.1%","0","0.0%","2","0.1%","166","0.4%","12","0.1%","43","0.6%","134","0.3%","1,460","1.1%","22","0.0%","10","0.2%","917","0.6%"
"Noninstitutionalized population Female","273","1.4%","0","0.0%","32","0.4%","0","0.0%","79","0.4%","3","0.1%","0","0.0%","24","0.5%","16","0.1%","43","0.1%","6","0.3%","114","0.6%","2","0.0%","432","0.9%","4","0.0%","6,495","6.4%","1","0.5%","0","0.0%","0","0.0%","24","1.2%","67","0.2%","262","2.4%","0","0.0%","41","0.2%","30","0.1%","0","0.0%","0","0.0%","0","0.0%","4","0.2%","0","0.0%","50","0.2%","4","0.1%","4","0.1%","0","0.0%","24","0.1%","24","0.0%","1,177","0.2%","840","0.3%","3","0.0%","16,573","0.5%","6","0.2%","0","0.0%","0","0.0%","142","0.1%","52","0.1%","116","0.2%","60","0.1%","0","0.0%","3","0.0%","7","0.1%","3","0.0%","11","0.1%","3","0.0%","64","0.1%","23","0.1%","0","0.0%","113","0.1%","21","0.1%","6","0.1%","6,798","0.8%","183","0.3%","43","0.3%","0","0.0%","10","0.0%","12","0.1%","10","0.0%","40","0.0%","0","0.0%","0","0.0%","44","0.1%","0","0.0%","4","0.2%","127","0.3%","27","0.3%","21","0.3%","157","0.4%","678","0.5%","11","0.0%","1","0.0%","370","0.3%"
"HOUSEHOLDS BY TYPE","","","","","","","","","","","","","","","","","","","","","","","","","","","","","","","","","","","","","","","","","","","","","","","","","","","","","","","","","","","","","","","","","","","","","","","","","","","","","","","","","","","","","","","","","","","","","","","","","","","","","","","","","","","","","","","","","","","","","","","","","","","","","","","","","","","","","","","","","","","","","","","","","","","","","","","","","","","","","","","",""
"Total households","5,974","100.0%","441","100.0%","3,482","100.0%","126","100.0%","6,662","100.0%","777","100.0%","3,149","100.0%","1,492","100.0%","5,485","100.0%","12,223","100.0%","827","100.0%","6,287","100.0%","1,359","100.0%","20,988","100.0%","3,767","100.0%","36,903","100.0%","47","100.0%","17","100.0%","4","100.0%","789","100.0%","9,049","100.0%","4,511","100.0%","460","100.0%","6,692","100.0%","11,761","100.0%","1,318","100.0%","1,665","100.0%","416","100.0%","424","100.0%","1,514","100.0%","9,143","100.0%","1,069","100.0%","2,608","100.0%","1,026","100.0%","7,370","100.0%","31,109","100.0%","178,942","100.0%","112,186","100.0%","8,072","100.0%","1,248,499","100.0%","822","100.0%","2,258","100.0%","5,731","100.0%","55,960","100.0%","29,934","100.0%","30,465","100.0%","28,469","100.0%","2,402","100.0%","2,887","100.0%","1,955","100.0%","1,993","100.0%","2,806","100.0%","2,213","100.0%","19,273","100.0%","5,709","100.0%","1,559","100.0%","36,050","100.0%","13,784","100.0%","1,848","100.0%","373,780","100.0%","23,043","100.0%","5,878","100.0%","9,267","100.0%","9,241","100.0%","2,618","100.0%","21,446","100.0%","65,810","100.0%","9,218","100.0%","142","100.0%","15,264","100.0%","1,406","100.0%","1,108","100.0%","17,328","100.0%","4,768","100.0%","2,906","100.0%","18,252","100.0%","60,063","100.0%","13,904","100.0%","2,161","100.0%","53,524","100.0%"
"Married couple household","1,936","32.4%","162","36.7%","1,889","54.3%","50","39.7%","2,062","31.0%","246","31.7%","1,636","52.0%","510","34.2%","2,658","48.5%","6,431","52.6%","359","43.4%","2,613","41.6%","624","45.9%","9,242","44.0%","1,801","47.8%","15,239","41.3%","11","23.4%","1","5.9%","3","75.0%","368","46.6%","3,411","37.7%","2,129","47.2%","165","35.9%","2,685","40.1%","5,677","48.3%","438","33.2%","785","47.1%","164","39.4%","225","53.1%","884","58.4%","4,481","49.0%","367","34.3%","1,231","47.2%","499","48.6%","2,967","40.3%","18,854","60.6%","103,990","58.1%","69,469","61.9%","5,452","67.5%","530,419","42.5%","204","24.8%","565","25.0%","4,300","75.0%","33,669","60.2%","12,954","43.3%","13,660","44.8%","14,123","49.6%","1,189","49.5%","986","34.2%","639","32.7%","733","36.8%","1,089","38.8%","701","31.7%","10,335","53.6%","2,234","39.1%","560","35.9%","18,698","51.9%","6,951","50.4%","350","18.9%","155,521","41.6%","11,493","49.9%","2,556","43.5%","4,536","48.9%","5,482","59.3%","580","22.2%","12,536","58.5%","36,953","56.2%","5,590","60.6%","38","26.8%","7,837","51.3%","720","51.2%","515","46.5%","8,197","47.3%","2,354","49.4%","1,420","48.9%","9,091","49.8%","29,568","49.2%","8,386","60.3%","1,153","53.4%","26,943","50.3%"
"Married couple household With own children under 18 [3]","724","12.1%","68","15.4%","512","14.7%","35","27.8%","690","10.4%","63","8.1%","421","13.4%","154","10.3%","676","12.3%","1,609","13.2%","82","9.9%","1,089","17.3%","118","8.7%","3,072","14.6%","517","13.7%","5,482","14.9%","7","14.9%","0","0.0%","2","50.0%","95","12.0%","1,196","13.2%","567","12.6%","78","17.0%","738","11.0%","923","7.8%","195","14.8%","93","5.6%","43","10.3%","84","19.8%","383","25.3%","1,868","20.4%","185","17.3%","609","23.4%","182","17.7%","501","6.8%","9,000","28.9%","48,856","27.3%","26,450","23.6%","1,737","21.5%","206,137","16.5%","94","11.4%","179","7.9%","410","7.2%","5,293","9.5%","2,417","8.1%","3,138","10.3%","2,516","8.8%","440","18.3%","440","15.2%","160","8.2%","198","9.9%","388","13.8%","259","11.7%","2,907","15.1%","843","14.8%","103","6.6%","5,447","15.1%","2,345","17.0%","130","7.0%","49,651","13.3%","3,605","15.6%","933","15.9%","1,186","12.8%","1,269","13.7%","224","8.6%","5,160","24.1%","12,875","19.6%","570","6.2%","18","12.7%","3,009","19.7%","121","8.6%","65","5.9%","1,395","8.1%","264","5.5%","264","9.1%","2,052","11.2%","6,283","10.5%","4,296","30.9%","241","11.2%","9,219","17.2%"
"Cohabiting couple household","386","6.5%","22","5.0%","176","5.1%","5","4.0%","536","8.0%","57","7.3%","166","5.3%","95","6.4%","324","5.9%","691","5.7%","64","7.7%","328","5.2%","71","5.2%","1,353","6.4%","238","6.3%","3,558","9.6%","7","14.9%","2","11.8%","1","25.0%","40","5.1%","708","7.8%","315","7.0%","26","5.7%","539","8.1%","695","5.9%","131","9.9%","94","5.6%","30","7.2%","30","7.1%","68","4.5%","665","7.3%","102","9.5%","184","7.1%","64","6.2%","599","8.1%","2,525","8.1%","11,422","6.4%","6,771","6.0%","507","6.3%","108,399","8.7%","101","12.3%","220","9.7%","266","4.6%","2,619","4.7%","2,753","9.2%","2,618","8.6%","2,251","7.9%","177","7.4%","304","10.5%","150","7.7%","130","6.5%","178","6.3%","122","5.5%","1,097","5.7%","517","9.1%","114","7.3%","2,364","6.6%","1,102","8.0%","264","14.3%","28,395","7.6%","1,734","7.5%","534","9.1%","719","7.8%","595","6.4%","318","12.1%","1,785","8.3%","5,004","7.6%","490","5.3%","18","12.7%","783","5.1%","79","5.6%","90","8.1%","1,218","7.0%","340","7.1%","220","7.6%","1,320","7.2%","3,954","6.6%","660","4.7%","146","6.8%","3,594","6.7%"
"Cohabiting couple household With own children under 18 [3]","218","3.6%","10","2.3%","49","1.4%","4","3.2%","276","4.1%","28","3.6%","45","1.4%","37","2.5%","74","1.3%","152","1.2%","23","2.8%","161","2.6%","21","1.5%","487","2.3%","76","2.0%","743","2.0%","5","10.6%","2","11.8%","0","0.0%","11","1.4%","337","3.7%","102","2.3%","15","3.3%","213","3.2%","169","1.4%","74","5.6%","14","0.8%","13","3.1%","11","2.6%","35","2.3%","311","3.4%","67","6.3%","75","2.9%","29","2.8%","175","2.4%","1,253","4.0%","3,608","2.0%","1,839","1.6%","170","2.1%","35,407","2.8%","54","6.6%","94","4.2%","30","0.5%","572","1.0%","827","2.8%","830","2.7%","577","2.0%","59","2.5%","184","6.4%","69","3.5%","52","2.6%","82","2.9%","67","3.0%","353","1.8%","277","4.9%","30","1.9%","812","2.3%","331","2.4%","103","5.6%","8,211","2.2%","708","3.1%","237","4.0%","320","3.5%","207","2.2%","153","5.8%","772","3.6%","1,878","2.9%","115","1.2%","3","2.1%","400","2.6%","14","1.0%","11","1.0%","291","1.7%","52","1.1%","53","1.8%","374","2.0%","1,013","1.7%","434","3.1%","38","1.8%","1,409","2.6%"
"Male householder, no spouse or partner present:","1,396","23.4%","107","24.3%","682","19.6%","24","19.0%","1,529","23.0%","185","23.8%","665","21.1%","368","24.7%","1,173","21.4%","2,238","18.3%","219","26.5%","1,160","18.5%","374","27.5%","4,490","21.4%","762","20.2%","8,233","22.3%","12","25.5%","10","58.8%","0","0.0%","192","24.3%","1,856","20.5%","1,161","25.7%","111","24.1%","1,542","23.0%","2,340","19.9%","295","22.4%","455","27.3%","103","24.8%","105","24.8%","249","16.4%","1,653","18.1%","214","20.0%","742","28.5%","240","23.4%","1,867","25.3%","4,300","13.8%","25,468","14.2%","14,100","12.6%","919","11.4%","260,563","20.9%","156","19.0%","500","22.1%","515","9.0%","6,704","12.0%","6,603","22.1%","6,769","22.2%","5,655","19.9%","502","20.9%","580","20.1%","403","20.6%","424","21.3%","599","21.3%","568","25.7%","3,526","18.3%","1,197","21.0%","410","26.3%","5,676","15.7%","2,811","20.4%","448","24.2%","81,141","21.7%","3,921","17.0%","1,177","20.0%","1,716","18.5%","1,254","13.6%","598","22.8%","2,998","14.0%","9,893","15.0%","1,243","13.5%","31","21.8%","2,151","14.1%","259","18.4%","305","27.5%","3,095","17.9%","1,080","22.7%","673","23.2%","3,010","16.5%","11,114","18.5%","1,602","11.5%","425","19.7%","9,385","17.5%"
"Male householder, no spouse or partner present Living alone","839","14.0%","54","12.2%","494","14.2%","5","4.0%","965","14.5%","110","14.2%","474","15.1%","240","16.1%","928","16.9%","1,713","14.0%","170","20.6%","735","11.7%","280","20.6%","3,468","16.5%","562","14.9%","4,775","12.9%","2","4.3%","3","17.6%","0","0.0%","155","19.6%","1,102","12.2%","899","19.9%","44","9.6%","1,064","15.9%","1,856","15.8%","129","9.8%","386","23.2%","61","14.7%","81","19.1%","150","9.9%","1,099","12.0%","96","9.0%","496","19.0%","154","15.0%","1,437","19.5%","2,307","7.4%","14,881","8.3%","8,699","7.8%","499","6.2%","161,648","12.9%","76","9.2%","281","12.4%","393","6.9%","5,291","9.5%","4,727","15.8%","4,751","15.6%","4,199","14.7%","293","12.2%","299","10.4%","223","11.4%","241","12.1%","321","11.4%","371","16.8%","2,518","13.1%","827","14.5%","323","20.7%","3,957","11.0%","1,803","13.1%","241","13.0%","56,544","15.1%","2,495","10.8%","678","11.5%","1,088","11.7%","881","9.5%","277","10.6%","1,681","7.8%","6,421","9.8%","952","10.3%","18","12.7%","1,327","8.7%","211","15.0%","251","22.7%","2,235","12.9%","867","18.2%","496","17.1%","2,089","11.4%","7,969","13.3%","712","5.1%","308","14.3%","6,403","12.0%"
"Male householder, no spouse or partner present Living alone 65 years and over","192","3.2%","13","2.9%","233","6.7%","0","0.0%","283","4.2%","34","4.4%","247","7.8%","80","5.4%","510","9.3%","796","6.5%","85","10.3%","339","5.4%","149","11.0%","1,216","5.8%","270","7.2%","1,257","3.4%","0","0.0%","0","0.0%","0","0.0%","67","8.5%","324","3.6%","304","6.7%","15","3.3%","482","7.2%","1,047","8.9%","39","3.0%","250","15.0%","25","6.0%","28","6.6%","72","4.8%","374","4.1%","30","2.8%","76","2.9%","49","4.8%","814","11.0%","752","2.4%","3,641","2.0%","2,883","2.6%","226","2.8%","42,761","3.4%","25","3.0%","102","4.5%","235","4.1%","3,745","6.7%","2,499","8.3%","2,481","8.1%","2,178","7.7%","156","6.5%","69","2.4%","75","3.8%","77","3.9%","91","3.2%","109","4.9%","1,227","6.4%","283","5.0%","157","10.1%","2,301","6.4%","753","5.5%","92","5.0%","18,232","4.9%","1,099","4.8%","285","4.8%","549","5.9%","470","5.1%","70","2.7%","549","2.6%","2,945","4.5%","649","7.0%","3","2.1%","551","3.6%","121","8.6%","125","11.3%","1,141","6.6%","490","10.3%","272","9.4%","1,088","6.0%","3,994","6.6%","233","1.7%","163","7.5%","2,808","5.2%"
"Male householder, no spouse or partner present With own children under 18 [3]","131","2.2%","11","2.5%","50","1.4%","4","3.2%","127","1.9%","13","1.7%","44","1.4%","21","1.4%","67","1.2%","124","1.0%","7","0.8%","110","1.7%","16","1.2%","298","1.4%","51","1.4%","765","2.1%","3","6.4%","2","11.8%","0","0.0%","6","0.8%","188","2.1%","58","1.3%","14","3.0%","127","1.9%","98","0.8%","33","2.5%","15","0.9%","7","1.7%","11","2.6%","35","2.3%","190","2.1%","22","2.1%","108","4.1%","24","2.3%","101","1.4%","708","2.3%","3,911","2.2%","1,958","1.7%","96","1.2%","26,479","2.1%","28","3.4%","39","1.7%","30","0.5%","342","0.6%","342","1.1%","457","1.5%","305","1.1%","69","2.9%","67","2.3%","40","2.0%","28","1.4%","87","3.1%","50","2.3%","283","1.5%","121","2.1%","14","0.9%","546","1.5%","287","2.1%","42","2.3%","6,594","1.8%","475","2.1%","169","2.9%","185","2.0%","113","1.2%","66","2.5%","469","2.2%","1,192","1.8%","73","0.8%","6","4.2%","237","1.6%","10","0.7%","9","0.8%","158","0.9%","41","0.9%","30","1.0%","232","1.3%","736","1.2%","322","2.3%","32","1.5%","890","1.7%"
"Female householder, no spouse or partner present:","2,256","37.8%","150","34.0%","735","21.1%","47","37.3%","2,535","38.1%","289","37.2%","682","21.7%","519","34.8%","1,330","24.2%","2,863","23.4%","185","22.4%","2,186","34.8%","290","21.3%","5,903","28.1%","966","25.6%","9,873","26.8%","17","36.2%","4","23.5%","0","0.0%","189","24.0%","3,074","34.0%","906","20.1%","158","34.3%","1,926","28.8%","3,049","25.9%","454","34.4%","331","19.9%","119","28.6%","64","15.1%","313","20.7%","2,344","25.6%","386","36.1%","451","17.3%","223","21.7%","1,937","26.3%","5,430","17.5%","38,062","21.3%","21,846","19.5%","1,194","14.8%","349,118","28.0%","361","43.9%","973","43.1%","650","11.3%","12,968","23.2%","7,624","25.5%","7,418","24.3%","6,440","22.6%","534","22.2%","1,017","35.2%","763","39.0%","706","35.4%","940","33.5%","822","37.1%","4,315","22.4%","1,761","30.8%","475","30.5%","9,312","25.8%","2,920","21.2%","786","42.5%","108,723","29.1%","5,895","25.6%","1,611","27.4%","2,296","24.8%","1,910","20.7%","1,122","42.9%","4,127","19.2%","13,960","21.2%","1,895","20.6%","55","38.7%","4,493","29.4%","348","24.8%","198","17.9%","4,818","27.8%","994","20.8%","593","20.4%","4,831","26.5%","15,427","25.7%","3,256","23.4%","437","20.2%","13,602","25.4%"
"Female householder, no spouse or partner present Living alone","696","11.7%","40","9.1%","417","12.0%","9","7.1%","816","12.2%","114","14.7%","382","12.1%","179","12.0%","868","15.8%","1,803","14.8%","123","14.9%","828","13.2%","182","13.4%","3,698","17.6%","562","14.9%","5,019","13.6%","3","6.4%","0","0.0%","0","0.0%","125","15.8%","911","10.1%","540","12.0%","37","8.0%","1,029","15.4%","2,044","17.4%","83","6.3%","224","13.5%","52","12.5%","21","5.0%","154","10.2%","1,212","13.3%","40","3.7%","225","8.6%","124","12.1%","1,111","15.1%","2,073","6.7%","19,588","10.9%","12,338","11.0%","578","7.2%","180,488","14.5%","59","7.2%","323","14.3%","506","8.8%","9,907","17.7%","4,384","14.6%","4,224","13.9%","4,161","14.6%","255","10.6%","161","5.6%","220","11.3%","184","9.2%","248","8.8%","284","12.8%","2,598","13.5%","811","14.2%","355","22.8%","5,674","15.7%","1,489","10.8%","189","10.2%","62,445","16.7%","2,913","12.6%","702","11.9%","1,079","11.6%","1,097","11.9%","247","9.4%","1,620","7.6%","7,533","11.4%","1,364","14.8%","23","16.2%","1,817","11.9%","234","16.6%","135","12.2%","3,126","18.0%","658","13.8%","388","13.4%","3,133","17.2%","10,073","16.8%","755","5.4%","259","12.0%","7,088","13.2%"
"Female householder, no spouse or partner present Living alone 65 years and over","306","5.1%","22","5.0%","256","7.4%","3","2.4%","441","6.6%","50","6.4%","216","6.9%","95","6.4%","546","10.0%","1,062","8.7%","68","8.2%","514","8.2%","120","8.8%","2,073","9.9%","365","9.7%","1,834","5.0%","1","2.1%","0","0.0%","0","0.0%","60","7.6%","426","4.7%","220","4.9%","15","3.3%","613","9.2%","1,367","11.6%","20","1.5%","148","8.9%","26","6.3%","12","2.8%","108","7.1%","702","7.7%","18","1.7%","91","3.5%","76","7.4%","719","9.8%","1,018","3.3%","9,114","5.1%","6,429","5.7%","310","3.8%","81,989","6.6%","19","2.3%","189","8.4%","344","6.0%","8,125","14.5%","2,803","9.4%","2,601","8.5%","2,675","9.4%","156","6.5%","50","1.7%","107","5.5%","108","5.4%","119","4.2%","124","5.6%","1,603","8.3%","400","7.0%","218","14.0%","4,236","11.8%","801","5.8%","81","4.4%","31,525","8.4%","1,789","7.8%","421","7.2%","622","6.7%","743","8.0%","82","3.1%","785","3.7%","4,766","7.2%","1,084","11.8%","7","4.9%","1,084","7.1%","171","12.2%","81","7.3%","1,951","11.3%","415","8.7%","245","8.4%","2,060","11.3%","6,702","11.2%","405","2.9%","188","8.7%","4,402","8.2%"
"Female householder, no spouse or partner present With own children under 18 [3]","553","9.3%","21","4.8%","116","3.3%","19","15.1%","431","6.5%","52","6.7%","98","3.1%","80","5.4%","132","2.4%","354","2.9%","21","2.5%","656","10.4%","26","1.9%","937","4.5%","156","4.1%","1,527","4.1%","8","17.0%","2","11.8%","0","0.0%","26","3.3%","719","7.9%","114","2.5%","36","7.8%","305","4.6%","289","2.5%","111","8.4%","29","1.7%","13","3.1%","14","3.3%","70","4.6%","447","4.9%","125","11.7%","111","4.3%","28","2.7%","290","3.9%","1,565","5.0%","8,142","4.6%","3,664","3.3%","233","2.9%","66,911","5.4%","91","11.1%","209","9.3%","16","0.3%","800","1.4%","902","3.0%","918","3.0%","688","2.4%","136","5.7%","274","9.5%","127","6.5%","144","7.2%","231","8.2%","175","7.9%","624","3.2%","416","7.3%","35","2.2%","1,385","3.8%","465","3.4%","160","8.7%","17,313","4.6%","1,280","5.6%","374","6.4%","518","5.6%","301","3.3%","275","10.5%","1,048","4.9%","2,363","3.6%","139","1.5%","7","4.9%","1,208","7.9%","28","2.0%","23","2.1%","466","2.7%","70","1.5%","53","1.8%","537","2.9%","1,577","2.6%","1,166","8.4%","47","2.2%","2,959","5.5%"
"Households with individuals under 18 years","2,418","40.5%","195","44.2%","900","25.8%","88","69.8%","2,497","37.5%","260","33.5%","794","25.2%","470","31.5%","1,149","20.9%","2,673","21.9%","171","20.7%","2,496","39.7%","223","16.4%","5,497","26.2%","933","24.8%","9,738","26.4%","33","70.2%","12","70.6%","2","50.0%","175","22.2%","3,806","42.1%","1,069","23.7%","222","48.3%","1,812","27.1%","1,862","15.8%","720","54.6%","187","11.2%","134","32.2%","141","33.3%","616","40.7%","3,383","37.0%","658","61.6%","1,054","40.4%","344","33.5%","1,527","20.7%","14,208","45.7%","69,759","39.0%","36,944","32.9%","2,668","33.1%","384,766","30.8%","461","56.1%","907","40.2%","575","10.0%","8,033","14.4%","5,814","19.4%","6,642","21.8%","4,891","17.2%","823","34.3%","1,604","55.6%","752","38.5%","723","36.3%","1,221","43.5%","847","38.3%","5,012","26.0%","2,054","36.0%","245","15.7%","9,767","27.1%","4,021","29.2%","768","41.6%","94,208","25.2%","7,217","31.3%","2,107","35.8%","2,763","29.8%","2,244","24.3%","1,272","48.6%","8,616","40.2%","20,888","31.7%","1,117","12.1%","63","44.4%","6,051","39.6%","246","17.5%","140","12.6%","2,906","16.8%","564","11.8%","496","17.1%","3,811","20.9%","11,443","19.1%","7,749","55.7%","464","21.5%","17,112","32.0%"
"Households with individuals 65 years and over","1,936","32.4%","164","37.2%","1,644","47.2%","30","23.8%","2,533","38.0%","303","39.0%","1,549","49.2%","588","39.4%","2,852","52.0%","5,761","47.1%","395","47.8%","2,406","38.3%","729","53.6%","8,136","38.8%","1,748","46.4%","9,893","26.8%","5","10.6%","6","35.3%","1","25.0%","344","43.6%","3,177","35.1%","1,647","36.5%","160","34.8%","3,044","45.5%","6,674","56.7%","414","31.4%","998","59.9%","189","45.4%","147","34.7%","559","36.9%","3,198","35.0%","357","33.4%","600","23.0%","418","40.7%","4,117","55.9%","8,680","27.9%","47,034","26.3%","36,437","32.5%","3,151","39.0%","358,088","28.7%","250","30.4%","850","37.6%","3,469","60.5%","37,491","67.0%","15,602","52.1%","14,833","48.7%","14,912","52.4%","1,096","45.6%","819","28.4%","786","40.2%","810","40.6%","956","34.1%","749","33.8%","9,070","47.1%","1,955","34.2%","835","53.6%","18,824","52.2%","5,376","39.0%","636","34.4%","134,302","35.9%","9,825","42.6%","2,274","38.7%","4,225","45.6%","4,952","53.6%","761","29.1%","6,899","32.2%","26,698","40.6%","6,381","69.2%","42","29.6%","5,916","38.8%","838","59.6%","607","54.8%","9,426","54.4%","2,813","59.0%","1,531","52.7%","9,331","51.1%","31,459","52.4%","3,866","27.8%","1,192","55.2%","21,775","40.7%"
"HOUSING OCCUPANCY","","","","","","","","","","","","","","","","","","","","","","","","","","","","","","","","","","","","","","","","","","","","","","","","","","","","","","","","","","","","","","","","","","","","","","","","","","","","","","","","","","","","","","","","","","","","","","","","","","","","","","","","","","","","","","","","","","","","","","","","","","","","","","","","","","","","","","","","","","","","","","","","","","","","","","","","","","","","","","","",""
"Total housing units","7,182","100.0%","507","100.0%","5,933","100.0%","179","100.0%","7,588","100.0%","967","100.0%","4,494","100.0%","1,873","100.0%","6,599","100.0%","13,944","100.0%","1,154","100.0%","7,282","100.0%","1,809","100.0%","23,212","100.0%","4,648","100.0%","50,684","100.0%","47","100.0%","31","100.0%","4","100.0%","1,119","100.0%","10,546","100.0%","6,677","100.0%","499","100.0%","8,595","100.0%","18,657","100.0%","1,404","100.0%","2,677","100.0%","541","100.0%","544","100.0%","1,732","100.0%","10,287","100.0%","1,141","100.0%","3,096","100.0%","1,293","100.0%","13,457","100.0%","34,155","100.0%","190,259","100.0%","121,488","100.0%","9,313","100.0%","1,379,875","100.0%","845","100.0%","2,392","100.0%","7,754","100.0%","66,746","100.0%","39,815","100.0%","35,305","100.0%","39,101","100.0%","3,429","100.0%","3,299","100.0%","2,530","100.0%","2,404","100.0%","3,302","100.0%","2,651","100.0%","35,206","100.0%","6,788","100.0%","2,230","100.0%","41,143","100.0%","15,466","100.0%","2,215","100.0%","409,078","100.0%","27,561","100.0%","6,771","100.0%","10,896","100.0%","11,415","100.0%","2,679","100.0%","24,081","100.0%","78,709","100.0%","10,610","100.0%","156","100.0%","16,817","100.0%","1,912","100.0%","1,883","100.0%","20,863","100.0%","6,324","100.0%","3,414","100.0%","19,699","100.0%","68,971","100.0%","14,757","100.0%","3,858","100.0%","73,433","100.0%"
"Occupied housing units","5,974","83.2%","441","87.0%","3,482","58.7%","126","70.4%","6,662","87.8%","777","80.4%","3,149","70.1%","1,492","79.7%","5,485","83.1%","12,223","87.7%","827","71.7%","6,287","86.3%","1,359","75.1%","20,988","90.4%","3,767","81.0%","36,903","72.8%","47","100.0%","17","54.8%","4","100.0%","789","70.5%","9,049","85.8%","4,511","67.6%","460","92.2%","6,692","77.9%","11,761","63.0%","1,318","93.9%","1,665","62.2%","416","76.9%","424","77.9%","1,514","87.4%","9,143","88.9%","1,069","93.7%","2,608","84.2%","1,026","79.4%","7,370","54.8%","31,109","91.1%","178,942","94.1%","112,186","92.3%","8,072","86.7%","1,248,499","90.5%","822","97.3%","2,258","94.4%","5,731","73.9%","55,960","83.8%","29,934","75.2%","30,465","86.3%","28,469","72.8%","2,402","70.0%","2,887","87.5%","1,955","77.3%","1,993","82.9%","2,806","85.0%","2,213","83.5%","19,273","54.7%","5,709","84.1%","1,559","69.9%","36,050","87.6%","13,784","89.1%","1,848","83.4%","373,780","91.4%","23,043","83.6%","5,878","86.8%","9,267","85.0%","9,241","81.0%","2,618","97.7%","21,446","89.1%","65,810","83.6%","9,218","86.9%","142","91.0%","15,264","90.8%","1,406","73.5%","1,108","58.8%","17,328","83.1%","4,768","75.4%","2,906","85.1%","18,252","92.7%","60,063","87.1%","13,904","94.2%","2,161","56.0%","53,524","72.9%"
"Vacant housing units","1,208","16.8%","66","13.0%","2,451","41.3%","53","29.6%","926","12.2%","190","19.6%","1,345","29.9%","381","20.3%","1,114","16.9%","1,721","12.3%","327","28.3%","995","13.7%","450","24.9%","2,224","9.6%","881","19.0%","13,781","27.2%","0","0.0%","14","45.2%","0","0.0%","330","29.5%","1,497","14.2%","2,166","32.4%","39","7.8%","1,903","22.1%","6,896","37.0%","86","6.1%","1,012","37.8%","125","23.1%","120","22.1%","218","12.6%","1,144","11.1%","72","6.3%","488","15.8%","267","20.6%","6,087","45.2%","3,046","8.9%","11,317","5.9%","9,302","7.7%","1,241","13.3%","131,376","9.5%","23","2.7%","134","5.6%","2,023","26.1%","10,786","16.2%","9,881","24.8%","4,840","13.7%","10,632","27.2%","1,027","30.0%","412","12.5%","575","22.7%","411","17.1%","496","15.0%","438","16.5%","15,933","45.3%","1,079","15.9%","671","30.1%","5,093","12.4%","1,682","10.9%","367","16.6%","35,298","8.6%","4,518","16.4%","893","13.2%","1,629","15.0%","2,174","19.0%","61","2.3%","2,635","10.9%","12,899","16.4%","1,392","13.1%","14","9.0%","1,553","9.2%","506","26.5%","775","41.2%","3,535","16.9%","1,556","24.6%","508","14.9%","1,447","7.3%","8,908","12.9%","853","5.8%","1,697","44.0%","19,909","27.1%"
"For rent","112","1.6%","1","0.2%","80","1.3%","0","0.0%","70","0.9%","33","3.4%","59","1.3%","41","2.2%","153","2.3%","252","1.8%","29","2.5%","240","3.3%","35","1.9%","935","4.0%","131","2.8%","1,640","3.2%","0","0.0%","0","0.0%","0","0.0%","44","3.9%","176","1.7%","152","2.3%","1","0.2%","340","4.0%","325","1.7%","8","0.6%","28","1.0%","4","0.7%","6","1.1%","22","1.3%","333","3.2%","4","0.4%","177","5.7%","94","7.3%","403","3.0%","443","1.3%","4,037","2.1%","2,311","1.9%","116","1.2%","48,439","3.5%","0","0.0%","6","0.3%","48","0.6%","1,011","1.5%","969","2.4%","581","1.6%","682","1.7%","50","1.5%","43","1.3%","52","2.1%","66","2.7%","64","1.9%","36","1.4%","660","1.9%","239","3.5%","74","3.3%","709","1.7%","280","1.8%","27","1.2%","11,899","2.9%","737","2.7%","181","2.7%","199","1.8%","143","1.3%","3","0.1%","230","1.0%","1,187","1.5%","217","2.0%","0","0.0%","404","2.4%","40","2.1%","20","1.1%","432","2.1%","125","2.0%","65","1.9%","312","1.6%","1,319","1.9%","141","1.0%","132","3.4%","2,249","3.1%"
"Rented, not occupied","28","0.4%","0","0.0%","10","0.2%","2","1.1%","14","0.2%","0","0.0%","12","0.3%","2","0.1%","17","0.3%","29","0.2%","6","0.5%","20","0.3%","0","0.0%","31","0.1%","5","0.1%","203","0.4%","0","0.0%","0","0.0%","0","0.0%","7","0.6%","41","0.4%","24","0.4%","0","0.0%","71","0.8%","58","0.3%","2","0.1%","0","0.0%","2","0.4%","0","0.0%","7","0.4%","32","0.3%","1","0.1%","17","0.5%","2","0.2%","77","0.6%","85","0.2%","279","0.1%","193","0.2%","30","0.3%","3,643","0.3%","3","0.4%","0","0.0%","11","0.1%","180","0.3%","112","0.3%","68","0.2%","159","0.4%","8","0.2%","5","0.2%","7","0.3%","4","0.2%","20","0.6%","3","0.1%","122","0.3%","32","0.5%","9","0.4%","145","0.4%","17","0.1%","2","0.1%","1,154","0.3%","58","0.2%","6","0.1%","60","0.6%","19","0.2%","0","0.0%","59","0.2%","135","0.2%","19","0.2%","0","0.0%","61","0.4%","16","0.8%","2","0.1%","84","0.4%","21","0.3%","9","0.3%","30","0.2%","177","0.3%","48","0.3%","8","0.2%","842","1.1%"
"For sale only","5","0.1%","0","0.0%","95","1.6%","0","0.0%","4","0.1%","5","0.5%","98","2.2%","3","0.2%","125","1.9%","211","1.5%","26","2.3%","107","1.5%","31","1.7%","390","1.7%","111","2.4%","308","0.6%","0","0.0%","0","0.0%","0","0.0%","6","0.5%","22","0.2%","104","1.6%","1","0.2%","135","1.6%","271","1.5%","1","0.1%","41","1.5%","2","0.4%","25","4.6%","16","0.9%","143","1.4%","1","0.1%","14","0.5%","22","1.7%","148","1.1%","735","2.2%","1,420","0.7%","1,309","1.1%","222","2.4%","11,488","0.8%","0","0.0%","18","0.8%","144","1.9%","1,205","1.8%","634","1.6%","517","1.5%","388","1.0%","25","0.7%","0","0.0%","0","0.0%","0","0.0%","5","0.2%","2","0.1%","590","1.7%","61","0.9%","45","2.0%","539","1.3%","217","1.4%","0","0.0%","3,829","0.9%","345","1.3%","67","1.0%","147","1.3%","222","1.9%","1","0.0%","402","1.7%","1,300","1.7%","157","1.5%","0","0.0%","180","1.1%","44","2.3%","33","1.8%","284","1.4%","204","3.2%","68","2.0%","242","1.2%","882","1.3%","61","0.4%","20","0.5%","786","1.1%"
"Sold, not occupied","29","0.4%","1","0.2%","34","0.6%","0","0.0%","46","0.6%","6","0.6%","77","1.7%","3","0.2%","90","1.4%","140","1.0%","6","0.5%","83","1.1%","58","3.2%","95","0.4%","65","1.4%","158","0.3%","0","0.0%","0","0.0%","0","0.0%","0","0.0%","76","0.7%","41","0.6%","0","0.0%","145","1.7%","173","0.9%","3","0.2%","26","1.0%","5","0.9%","3","0.6%","44","2.5%","78","0.8%","5","0.4%","2","0.1%","1","0.1%","64","0.5%","336","1.0%","559","0.3%","447","0.4%","58","0.6%","4,322","0.3%","2","0.2%","3","0.1%","93","1.2%","610","0.9%","299","0.8%","302","0.9%","215","0.5%","24","0.7%","3","0.1%","2","0.1%","11","0.5%","26","0.8%","7","0.3%","210","0.6%","48","0.7%","7","0.3%","217","0.5%","83","0.5%","35","1.6%","1,496","0.4%","82","0.3%","25","0.4%","127","1.2%","101","0.9%","0","0.0%","186","0.8%","775","1.0%","116","1.1%","0","0.0%","63","0.4%","59","3.1%","32","1.7%","134","0.6%","45","0.7%","29","0.8%","89","0.5%","382","0.6%","42","0.3%","7","0.2%","305","0.4%"
"For seasonal, recreational, or occasional use","385","5.4%","23","4.5%","2,001","33.7%","35","19.6%","261","3.4%","88","9.1%","632","14.1%","103","5.5%","380","5.8%","492","3.5%","113","9.8%","85","1.2%","188","10.4%","336","1.4%","185","4.0%","10,754","21.2%","0","0.0%","2","6.5%","0","0.0%","223","19.9%","489","4.6%","1,376","20.6%","8","1.6%","614","7.1%","5,637","30.2%","7","0.5%","798","29.8%","26","4.8%","47","8.6%","42","2.4%","143","1.4%","7","0.6%","115","3.7%","31","2.4%","4,941","36.7%","826","2.4%","3,596","1.9%","3,898","3.2%","649","7.0%","47,610","3.5%","2","0.2%","14","0.6%","1,581","20.4%","6,816","10.2%","6,799","17.1%","1,930","5.5%","8,674","22.2%","755","22.0%","166","5.0%","314","12.4%","122","5.1%","119","3.6%","165","6.2%","13,595","38.6%","178","2.6%","377","16.9%","2,670","6.5%","391","2.5%","38","1.7%","9,809","2.4%","2,726","9.9%","394","5.8%","761","7.0%","1,407","12.3%","4","0.1%","1,394","5.8%","8,507","10.8%","562","5.3%","0","0.0%","469","2.8%","222","11.6%","433","23.0%","2,015","9.7%","888","14.0%","177","5.2%","472","2.4%","4,903","7.1%","282","1.9%","1,346","34.9%","14,206","19.3%"
"All other vacants","649","9.0%","41","8.1%","231","3.9%","16","8.9%","531","7.0%","58","6.0%","467","10.4%","229","12.2%","349","5.3%","597","4.3%","147","12.7%","460","6.3%","138","7.6%","437","1.9%","384","8.3%","718","1.4%","0","0.0%","12","38.7%","0","0.0%","50","4.5%","693","6.6%","469","7.0%","29","5.8%","598","7.0%","432","2.3%","65","4.6%","119","4.4%","86","15.9%","39","7.2%","87","5.0%","415","4.0%","54","4.7%","163","5.3%","117","9.0%","454","3.4%","621","1.8%","1,426","0.7%","1,144","0.9%","166","1.8%","15,874","1.2%","16","1.9%","93","3.9%","146","1.9%","964","1.4%","1,068","2.7%","1,442","4.1%","514","1.3%","165","4.8%","195","5.9%","200","7.9%","208","8.7%","262","7.9%","225","8.5%","756","2.1%","521","7.7%","159","7.1%","813","2.0%","694","4.5%","265","12.0%","7,111","1.7%","570","2.1%","220","3.2%","335","3.1%","282","2.5%","53","2.0%","364","1.5%","995","1.3%","321","3.0%","14","9.0%","376","2.2%","125","6.5%","255","13.5%","586","2.8%","273","4.3%","160","4.7%","302","1.5%","1,245","1.8%","279","1.9%","184","4.8%","1,521","2.1%"
"VACANCY RATES","","","","","","","","","","","","","","","","","","","","","","","","","","","","","","","","","","","","","","","","","","","","","","","","","","","","","","","","","","","","","","","","","","","","","","","","","","","","","","","","","","","","","","","","","","","","","","","","","","","","","","","","","","","","","","","","","","","","","","","","","","","","","","","","","","","","","","","","","","","","","","","","","","","","","","","","","","","","","","","",""
"Homeowner vacancy rate (percent) [4]","0.1","(X)","0.0","(X)","3.3","(X)","0.0","(X)","0.1","(X)","0.9","(X)","3.5","(X)","0.3","(X)","2.8","(X)","2.0","(X)","4.1","(X)","2.6","(X)","2.6","(X)","3.0","(X)","3.8","(X)","1.5","(X)","0.0","(X)","0.0","(X)","0.0","(X)","1.1","(X)","0.3","(X)","3.5","(X)","0.3","(X)","2.7","(X)","2.8","(X)","0.1","(X)","2.7","(X)","0.6","(X)","7.4","(X)","1.3","(X)","2.1","(X)","0.1","(X)","1.7","(X)","2.7","(X)","2.7","(X)","2.8","(X)","1.1","(X)","1.4","(X)","3.0","(X)","1.5","(X)","0.0","(X)","1.0","(X)","2.5","(X)","2.4","(X)","2.9","(X)","2.3","(X)","1.8","(X)","1.4","(X)","0.0","(X)","0.0","(X)","0.0","(X)","0.3","(X)","0.1","(X)","3.8","(X)","1.7","(X)","4.1","(X)","1.8","(X)","1.8","(X)","0.0","(X)","1.6","(X)","2.1","(X)","1.6","(X)","2.1","(X)","2.7","(X)","0.1","(X)","2.2","(X)","2.3","(X)","1.8","(X)","0.0","(X)","1.7","(X)","3.5","(X)","3.3","(X)","2.1","(X)","4.8","(X)","2.7","(X)","1.7","(X)","2.0","(X)","0.6","(X)","1.2","(X)","2.1","(X)"
"Rental vacancy rate (percent) [5]","5.3","(X)","1.6","(X)","10.2","(X)","0.0","(X)","3.4","(X)","11.5","(X)","10.0","(X)","10.1","(X)","10.4","(X)","10.5","(X)","11.0","(X)","9.2","(X)","12.0","(X)","9.8","(X)","11.5","(X)","8.9","(X)","0.0","(X)","0.0","(X)","0.0","(X)","15.0","(X)","6.7","(X)","8.3","(X)","0.7","(X)","14.4","(X)","10.8","(X)","2.2","(X)","11.4","(X)","4.2","(X)","5.1","(X)","5.8","(X)","11.2","(X)","1.0","(X)","8.9","(X)","29.8","(X)","15.7","(X)","6.9","(X)","7.2","(X)","9.3","(X)","9.6","(X)","8.5","(X)","0.0","(X)","1.1","(X)","15.0","(X)","13.0","(X)","9.3","(X)","6.4","(X)","8.2","(X)","6.9","(X)","3.7","(X)","9.7","(X)","12.8","(X)","5.4","(X)","4.0","(X)","12.7","(X)","9.3","(X)","12.4","(X)","10.3","(X)","11.5","(X)","5.1","(X)","7.5","(X)","9.7","(X)","9.0","(X)","7.1","(X)","9.0","(X)","0.5","(X)","5.5","(X)","9.0","(X)","17.9","(X)","0.0","(X)","7.1","(X)","13.3","(X)","9.7","(X)","9.0","(X)","13.7","(X)","11.2","(X)","6.2","(X)","7.1","(X)","4.0","(X)","19.9","(X)","11.4","(X)"
"HOUSING TENURE","","","","","","","","","","","","","","","","","","","","","","","","","","","","","","","","","","","","","","","","","","","","","","","","","","","","","","","","","","","","","","","","","","","","","","","","","","","","","","","","","","","","","","","","","","","","","","","","","","","","","","","","","","","","","","","","","","","","","","","","","","","","","","","","","","","","","","","","","","","","","","","","","","","","","","","","","","","","","","","",""
"Occupied housing units","5,974","100.0%","441","100.0%","3,482","100.0%","126","100.0%","6,662","100.0%","777","100.0%","3,149","100.0%","1,492","100.0%","5,485","100.0%","12,223","100.0%","827","100.0%","6,287","100.0%","1,359","100.0%","20,988","100.0%","3,767","100.0%","36,903","100.0%","47","100.0%","17","100.0%","4","100.0%","789","100.0%","9,049","100.0%","4,511","100.0%","460","100.0%","6,692","100.0%","11,761","100.0%","1,318","100.0%","1,665","100.0%","416","100.0%","424","100.0%","1,514","100.0%","9,143","100.0%","1,069","100.0%","2,608","100.0%","1,026","100.0%","7,370","100.0%","31,109","100.0%","178,942","100.0%","112,186","100.0%","8,072","100.0%","1,248,499","100.0%","822","100.0%","2,258","100.0%","5,731","100.0%","55,960","100.0%","29,934","100.0%","30,465","100.0%","28,469","100.0%","2,402","100.0%","2,887","100.0%","1,955","100.0%","1,993","100.0%","2,806","100.0%","2,213","100.0%","19,273","100.0%","5,709","100.0%","1,559","100.0%","36,050","100.0%","13,784","100.0%","1,848","100.0%","373,780","100.0%","23,043","100.0%","5,878","100.0%","9,267","100.0%","9,241","100.0%","2,618","100.0%","21,446","100.0%","65,810","100.0%","9,218","100.0%","142","100.0%","15,264","100.0%","1,406","100.0%","1,108","100.0%","17,328","100.0%","4,768","100.0%","2,906","100.0%","18,252","100.0%","60,063","100.0%","13,904","100.0%","2,161","100.0%","53,524","100.0%"
"Owner-occupied housing units","3,982","66.7%","378","85.7%","2,788","80.1%","62","49.2%","4,686","70.3%","522","67.2%","2,630","83.5%","1,130","75.7%","4,189","76.4%","10,097","82.6%","598","72.3%","3,933","62.6%","1,102","81.1%","12,380","59.0%","2,764","73.4%","20,347","55.1%","6","12.8%","10","58.8%","1","25.0%","546","69.2%","6,629","73.3%","2,858","63.4%","311","67.6%","4,750","71.0%","9,136","77.7%","963","73.1%","1,448","87.0%","327","78.6%","312","73.6%","1,166","77.0%","6,541","71.5%","669","62.6%","802","30.8%","807","78.7%","5,288","71.8%","25,223","81.1%","127,121","71.0%","89,745","80.0%","7,006","86.8%","729,766","58.5%","572","69.6%","1,697","75.2%","5,469","95.4%","49,351","88.2%","20,610","68.9%","22,093","72.5%","21,026","73.9%","1,739","72.4%","1,784","61.8%","1,480","75.7%","1,548","77.7%","1,700","60.6%","1,346","60.8%","14,847","77.0%","3,411","59.7%","1,043","66.9%","30,036","83.3%","11,649","84.5%","1,351","73.1%","227,691","60.9%","16,248","70.5%","4,064","69.1%","6,742","72.8%","7,809","84.5%","1,986","75.9%","17,549","81.8%","53,978","82.0%","8,244","89.4%","128","90.1%","10,067","66.0%","1,161","82.6%","924","83.4%","13,018","75.1%","4,004","84.0%","2,402","82.7%","13,524","74.1%","42,916","71.5%","10,583","76.1%","1,639","75.8%","36,837","68.8%"
"Renter-occupied housing units","1,992","33.3%","63","14.3%","694","19.9%","64","50.8%","1,976","29.7%","255","32.8%","519","16.5%","362","24.3%","1,296","23.6%","2,126","17.4%","229","27.7%","2,354","37.4%","257","18.9%","8,608","41.0%","1,003","26.6%","16,556","44.9%","41","87.2%","7","41.2%","3","75.0%","243","30.8%","2,420","26.7%","1,653","36.6%","149","32.4%","1,942","29.0%","2,625","22.3%","355","26.9%","217","13.0%","89","21.4%","112","26.4%","348","23.0%","2,602","28.5%","400","37.4%","1,806","69.2%","219","21.3%","2,082","28.2%","5,886","18.9%","51,821","29.0%","22,441","20.0%","1,066","13.2%","518,733","41.5%","250","30.4%","561","24.8%","262","4.6%","6,609","11.8%","9,324","31.1%","8,372","27.5%","7,443","26.1%","663","27.6%","1,103","38.2%","475","24.3%","445","22.3%","1,106","39.4%","867","39.2%","4,426","23.0%","2,298","40.3%","516","33.1%","6,014","16.7%","2,135","15.5%","497","26.9%","146,089","39.1%","6,795","29.5%","1,814","30.9%","2,525","27.2%","1,432","15.5%","632","24.1%","3,897","18.2%","11,832","18.0%","974","10.6%","14","9.9%","5,197","34.0%","245","17.4%","184","16.6%","4,310","24.9%","764","16.0%","504","17.3%","4,728","25.9%","17,147","28.5%","3,321","23.9%","522","24.2%","16,687","31.2%"
