"Label (Grouping)","County subdivisions not defined, Fairfield County, Connecticut!!Count","County subdivisions not defined, Fairfield County, Connecticut!!Percent","Bethel town, Fairfield County, Connecticut!!Count","Bethel town, Fairfield County, Connecticut!!Percent","Bridgeport town, Fairfield County, Connecticut!!Count","Bridgeport town, Fairfield County, Connecticut!!Percent","Brookfield town, Fairfield County, Connecticut!!Count","Brookfield town, Fairfield County, Connecticut!!Percent","Danbury town, Fairfield County, Connecticut!!Count","Danbury town, Fairfield County, Connecticut!!Percent","Darien town, Fairfield County, Connecticut!!Count","Darien town, Fairfield County, Connecticut!!Percent","Easton town, Fairfield County, Connecticut!!Count","Easton town, Fairfield County, Connecticut!!Percent","Fairfield town, Fairfield County, Connecticut!!Count","Fairfield town, Fairfield County, Connecticut!!Percent","Greenwich town, Fairfield County, Connecticut!!Count","Greenwich town, Fairfield County, Connecticut!!Percent","Monroe town, Fairfield County, Connecticut!!Count","Monroe town, Fairfield County, Connecticut!!Percent","New Canaan town, Fairfield County, Connecticut!!Count","New Canaan town, Fairfield County, Connecticut!!Percent","New Fairfield town, Fairfield County, Connecticut!!Count","New Fairfield town, Fairfield County, Connecticut!!Percent","Newtown town, Fairfield County, Connecticut!!Count","Newtown town, Fairfield County, Connecticut!!Percent","Norwalk town, Fairfield County, Connecticut!!Count","Norwalk town, Fairfield County, Connecticut!!Percent","Redding town, Fairfield County, Connecticut!!Count","Redding town, Fairfield County, Connecticut!!Percent","Ridgefield town, Fairfield County, Connecticut!!Count","Ridgefield town, Fairfield County, Connecticut!!Percent","Shelton town, Fairfield County, Connecticut!!Count","Shelton town, Fairfield County, Connecticut!!Percent","Sherman town, Fairfield County, Connecticut!!Count","Sherman town, Fairfield County, Connecticut!!Percent","Stamford town, Fairfield County, Connecticut!!Count","Stamford town, Fairfield County, Connecticut!!Percent","Stratford town, Fairfield County, Connecticut!!Count","Stratford town, Fairfield County, Connecticut!!Percent","Trumbull town, Fairfield County, Connecticut!!Count","Trumbull town, Fairfield County, Connecticut!!Percent","Weston town, Fairfield County, Connecticut!!Count","Weston town, Fairfield County, Connecticut!!Percent","Westport town, Fairfield County, Connecticut!!Count","Westport town, Fairfield County, Connecticut!!Percent","Wilton town, Fairfield County, Connecticut!!Count","Wilton town, Fairfield County, Connecticut!!Percent","Avon town, Hartford County, Connecticut!!Count","Avon town, Hartford County, Connecticut!!Percent","Berlin town, Hartford County, Connecticut!!Count","Berlin town, Hartford County, Connecticut!!Percent","Bloomfield town, Hartford County, Connecticut!!Count","Bloomfield town, Hartford County, Connecticut!!Percent","Bristol town, Hartford County, Connecticut!!Count","Bristol town, Hartford County, Connecticut!!Percent","Burlington town, Hartford County, Connecticut!!Count","Burlington town, Hartford County, Connecticut!!Percent","Canton town, Hartford County, Connecticut!!Count","Canton town, Hartford County, Connecticut!!Percent","East Granby town, Hartford County, Connecticut!!Count","East Granby town, Hartford County, Connecticut!!Percent","East Hartford town, Hartford County, Connecticut!!Count","East Hartford town, Hartford County, Connecticut!!Percent","East Windsor town, Hartford County, Connecticut!!Count","East Windsor town, Hartford County, Connecticut!!Percent","Enfield town, Hartford County, Connecticut!!Count","Enfield town, Hartford County, Connecticut!!Percent","Farmington town, Hartford County, Connecticut!!Count","Farmington town, Hartford County, Connecticut!!Percent","Glastonbury town, Hartford County, Connecticut!!Count","Glastonbury town, Hartford County, Connecticut!!Percent","Granby town, Hartford County, Connecticut!!Count","Granby town, Hartford County, Connecticut!!Percent","Hartford town, Hartford County, Connecticut!!Count","Hartford town, Hartford County, Connecticut!!Percent","Hartland town, Hartford County, Connecticut!!Count","Hartland town, Hartford County, Connecticut!!Percent","Manchester town, Hartford County, Connecticut!!Count","Manchester town, Hartford County, Connecticut!!Percent","Marlborough town, Hartford County, Connecticut!!Count","Marlborough town, Hartford County, Connecticut!!Percent","New Britain town, Hartford County, Connecticut!!Count","New Britain town, Hartford County, Connecticut!!Percent","Newington town, Hartford County, Connecticut!!Count","Newington town, Hartford County, Connecticut!!Percent","Plainville town, Hartford County, Connecticut!!Count","Plainville town, Hartford County, Connecticut!!Percent","Rocky Hill town, Hartford County, Connecticut!!Count","Rocky Hill town, Hartford County, Connecticut!!Percent","Simsbury town, Hartford County, Connecticut!!Count","Simsbury town, Hartford County, Connecticut!!Percent","Southington town, Hartford County, Connecticut!!Count","Southington town, Hartford County, Connecticut!!Percent","South Windsor town, Hartford County, Connecticut!!Count","South Windsor town, Hartford County, Connecticut!!Percent","Suffield town, Hartford County, Connecticut!!Count","Suffield town, Hartford County, Connecticut!!Percent","West Hartford town, Hartford County, Connecticut!!Count","West Hartford town, Hartford County, Connecticut!!Percent","Wethersfield town, Hartford County, Connecticut!!Count","Wethersfield town, Hartford County, Connecticut!!Percent","Windsor town, Hartford County, Connecticut!!Count","Windsor town, Hartford County, Connecticut!!Percent","Windsor Locks town, Hartford County, Connecticut!!Count","Windsor Locks town, Hartford County, Connecticut!!Percent","Barkhamsted town, Litchfield County, Connecticut!!Count","Barkhamsted town, Litchfield County, Connecticut!!Percent","Bethlehem town, Litchfield County, Connecticut!!Count","Bethlehem town, Litchfield County, Connecticut!!Percent","Bridgewater town, Litchfield County, Connecticut!!Count","Bridgewater town, Litchfield County, Connecticut!!Percent","Canaan town, Litchfield County, Connecticut!!Count","Canaan town, Litchfield County, Connecticut!!Percent","Colebrook town, Litchfield County, Connecticut!!Count","Colebrook town, Litchfield County, Connecticut!!Percent","Cornwall town, Litchfield County, Connecticut!!Count","Cornwall town, Litchfield County, Connecticut!!Percent","Goshen town, Litchfield County, Connecticut!!Count","Goshen town, Litchfield County, Connecticut!!Percent","Harwinton town, Litchfield County, Connecticut!!Count","Harwinton town, Litchfield County, Connecticut!!Percent","Kent town, Litchfield County, Connecticut!!Count","Kent town, Litchfield County, Connecticut!!Percent","Litchfield town, Litchfield County, Connecticut!!Count","Litchfield town, Litchfield County, Connecticut!!Percent","Morris town, Litchfield County, Connecticut!!Count","Morris town, Litchfield County, Connecticut!!Percent","New Hartford town, Litchfield County, Connecticut!!Count","New Hartford town, Litchfield County, Connecticut!!Percent","New Milford town, Litchfield County, Connecticut!!Count","New Milford town, Litchfield County, Connecticut!!Percent","Norfolk town, Litchfield County, Connecticut!!Count","Norfolk town, Litchfield County, Connecticut!!Percent","North Canaan town, Litchfield County, Connecticut!!Count","North Canaan town, Litchfield County, Connecticut!!Percent","Plymouth town, Litchfield County, Connecticut!!Count","Plymouth town, Litchfield County, Connecticut!!Percent","Roxbury town, Litchfield County, Connecticut!!Count","Roxbury town, Litchfield County, Connecticut!!Percent","Salisbury town, Litchfield County, Connecticut!!Count","Salisbury town, Litchfield County, Connecticut!!Percent","Sharon town, Litchfield County, Connecticut!!Count","Sharon town, Litchfield County, Connecticut!!Percent","Thomaston town, Litchfield County, Connecticut!!Count","Thomaston town, Litchfield County, Connecticut!!Percent","Torrington town, Litchfield County, Connecticut!!Count","Torrington town, Litchfield County, Connecticut!!Percent","Warren town, Litchfield County, Connecticut!!Count","Warren town, Litchfield County, Connecticut!!Percent","Washington town, Litchfield County, Connecticut!!Count","Washington town, Litchfield County, Connecticut!!Percent","Watertown town, Litchfield County, Connecticut!!Count","Watertown town, Litchfield County, Connecticut!!Percent","Winchester town, Litchfield County, Connecticut!!Count","Winchester town, Litchfield County, Connecticut!!Percent","Woodbury town, Litchfield County, Connecticut!!Count","Woodbury town, Litchfield County, Connecticut!!Percent","County subdivisions not defined, Middlesex County, Connecticut!!Count","County subdivisions not defined, Middlesex County, Connecticut!!Percent","Chester town, Middlesex County, Connecticut!!Count","Chester town, Middlesex County, Connecticut!!Percent","Clinton town, Middlesex County, Connecticut!!Count","Clinton town, Middlesex County, Connecticut!!Percent","Cromwell town, Middlesex County, Connecticut!!Count","Cromwell town, Middlesex County, Connecticut!!Percent","Deep River town, Middlesex County, Connecticut!!Count","Deep River town, Middlesex County, Connecticut!!Percent","Durham town, Middlesex County, Connecticut!!Count","Durham town, Middlesex County, Connecticut!!Percent","East Haddam town, Middlesex County, Connecticut!!Count","East Haddam town, Middlesex County, Connecticut!!Percent","East Hampton town, Middlesex County, Connecticut!!Count","East Hampton town, Middlesex County, Connecticut!!Percent","Essex town, Middlesex County, Connecticut!!Count","Essex town, Middlesex County, Connecticut!!Percent","Haddam town, Middlesex County, Connecticut!!Count","Haddam town, Middlesex County, Connecticut!!Percent","Killingworth town, Middlesex County, Connecticut!!Count","Killingworth town, Middlesex County, Connecticut!!Percent","Middlefield town, Middlesex County, Connecticut!!Count","Middlefield town, Middlesex County, Connecticut!!Percent","Middletown town, Middlesex County, Connecticut!!Count","Middletown town, Middlesex County, Connecticut!!Percent","Old Saybrook town, Middlesex County, Connecticut!!Count","Old Saybrook town, Middlesex County, Connecticut!!Percent","Portland town, Middlesex County, Connecticut!!Count","Portland town, Middlesex County, Connecticut!!Percent","Westbrook town, Middlesex County, Connecticut!!Count","Westbrook town, Middlesex County, Connecticut!!Percent","County subdivisions not defined, New Haven County, Connecticut!!Count","County subdivisions not defined, New Haven County, Connecticut!!Percent","Ansonia town, New Haven County, Connecticut!!Count","Ansonia town, New Haven County, Connecticut!!Percent","Beacon Falls town, New Haven County, Connecticut!!Count","Beacon Falls town, New Haven County, Connecticut!!Percent","Bethany town, New Haven County, Connecticut!!Count","Bethany town, New Haven County, Connecticut!!Percent","Branford town, New Haven County, Connecticut!!Count","Branford town, New Haven County, Connecticut!!Percent","Cheshire town, New Haven County, Connecticut!!Count","Cheshire town, New Haven County, Connecticut!!Percent","Derby town, New Haven County, Connecticut!!Count","Derby town, New Haven County, Connecticut!!Percent","East Haven town, New Haven County, Connecticut!!Count","East Haven town, New Haven County, Connecticut!!Percent","Guilford town, New Haven County, Connecticut!!Count","Guilford town, New Haven County, Connecticut!!Percent","Hamden town, New Haven County, Connecticut!!Count","Hamden town, New Haven County, Connecticut!!Percent","Madison town, New Haven County, Connecticut!!Count","Madison town, New Haven County, Connecticut!!Percent","Meriden town, New Haven County, Connecticut!!Count","Meriden town, New Haven County, Connecticut!!Percent","Middlebury town, New Haven County, Connecticut!!Count","Middlebury town, New Haven County, Connecticut!!Percent","Milford town, New Haven County, Connecticut!!Count","Milford town, New Haven County, Connecticut!!Percent","Naugatuck town, New Haven County, Connecticut!!Count","Naugatuck town, New Haven County, Connecticut!!Percent","New Haven town, New Haven County, Connecticut!!Count","New Haven town, New Haven County, Connecticut!!Percent","North Branford town, New Haven County, Connecticut!!Count","North Branford town, New Haven County, Connecticut!!Percent","North Haven town, New Haven County, Connecticut!!Count","North Haven town, New Haven County, Connecticut!!Percent","Orange town, New Haven County, Connecticut!!Count","Orange town, New Haven County, Connecticut!!Percent","Oxford town, New Haven County, Connecticut!!Count","Oxford town, New Haven County, Connecticut!!Percent","Prospect town, New Haven County, Connecticut!!Count","Prospect town, New Haven County, Connecticut!!Percent","Seymour town, New Haven County, Connecticut!!Count","Seymour town, New Haven County, Connecticut!!Percent","Southbury town, New Haven County, Connecticut!!Count","Southbury town, New Haven County, Connecticut!!Percent","Wallingford town, New Haven County, Connecticut!!Count","Wallingford town, New Haven County, Connecticut!!Percent","Waterbury town, New Haven County, Connecticut!!Count","Waterbury town, New Haven County, Connecticut!!Percent","West Haven town, New Haven County, Connecticut!!Count","West Haven town, New Haven County, Connecticut!!Percent","Wolcott town, New Haven County, Connecticut!!Count","Wolcott town, New Haven County, Connecticut!!Percent","Woodbridge town, New Haven County, Connecticut!!Count","Woodbridge town, New Haven County, Connecticut!!Percent","County subdivisions not defined, New London County, Connecticut!!Count","County subdivisions not defined, New London County, Connecticut!!Percent","Bozrah town, New London County, Connecticut!!Count","Bozrah town, New London County, Connecticut!!Percent","Colchester town, New London County, Connecticut!!Count","Colchester town, New London County, Connecticut!!Percent","East Lyme town, New London County, Connecticut!!Count","East Lyme town, New London County, Connecticut!!Percent","Franklin town, New London County, Connecticut!!Count","Franklin town, New London County, Connecticut!!Percent","Griswold town, New London County, Connecticut!!Count","Griswold town, New London County, Connecticut!!Percent","Groton town, New London County, Connecticut!!Count","Groton town, New London County, Connecticut!!Percent","Lebanon town, New London County, Connecticut!!Count","Lebanon town, New London County, Connecticut!!Percent","Ledyard town, New London County, Connecticut!!Count","Ledyard town, New London County, Connecticut!!Percent","Lisbon town, New London County, Connecticut!!Count","Lisbon town, New London County, Connecticut!!Percent","Lyme town, New London County, Connecticut!!Count","Lyme town, New London County, Connecticut!!Percent","Montville town, New London County, Connecticut!!Count","Montville town, New London County, Connecticut!!Percent","New London town, New London County, Connecticut!!Count","New London town, New London County, Connecticut!!Percent","North Stonington town, New London County, Connecticut!!Count","North Stonington town, New London County, Connecticut!!Percent","Norwich town, New London County, Connecticut!!Count","Norwich town, New London County, Connecticut!!Percent","Old Lyme town, New London County, Connecticut!!Count","Old Lyme town, New London County, Connecticut!!Percent","Preston town, New London County, Connecticut!!Count","Preston town, New London County, Connecticut!!Percent","Salem town, New London County, Connecticut!!Count","Salem town, New London County, Connecticut!!Percent","Sprague town, New London County, Connecticut!!Count","Sprague town, New London County, Connecticut!!Percent","Stonington town, New London County, Connecticut!!Count","Stonington town, New London County, Connecticut!!Percent","Voluntown town, New London County, Connecticut!!Count","Voluntown town, New London County, Connecticut!!Percent","Waterford town, New London County, Connecticut!!Count","Waterford town, New London County, Connecticut!!Percent","Andover town, Tolland County, Connecticut!!Count","Andover town, Tolland County, Connecticut!!Percent","Bolton town, Tolland County, Connecticut!!Count","Bolton town, Tolland County, Connecticut!!Percent","Columbia town, Tolland County, Connecticut!!Count","Columbia town, Tolland County, Connecticut!!Percent","Coventry town, Tolland County, Connecticut!!Count","Coventry town, Tolland County, Connecticut!!Percent","Ellington town, Tolland County, Connecticut!!Count","Ellington town, Tolland County, Connecticut!!Percent","Hebron town, Tolland County, Connecticut!!Count","Hebron town, Tolland County, Connecticut!!Percent","Mansfield town, Tolland County, Connecticut!!Count","Mansfield town, Tolland County, Connecticut!!Percent","Somers town, Tolland County, Connecticut!!Count","Somers town, Tolland County, Connecticut!!Percent","Stafford town, Tolland County, Connecticut!!Count","Stafford town, Tolland County, Connecticut!!Percent","Tolland town, Tolland County, Connecticut!!Count","Tolland town, Tolland County, Connecticut!!Percent","Union town, Tolland County, Connecticut!!Count","Union town, Tolland County, Connecticut!!Percent","Vernon town, Tolland County, Connecticut!!Count","Vernon town, Tolland County, Connecticut!!Percent","Willington town, Tolland County, Connecticut!!Count","Willington town, Tolland County, Connecticut!!Percent","Ashford town, Windham County, Connecticut!!Count","Ashford town, Windham County, Connecticut!!Percent","Brooklyn town, Windham County, Connecticut!!Count","Brooklyn town, Windham County, Connecticut!!Percent","Canterbury town, Windham County, Connecticut!!Count","Canterbury town, Windham County, Connecticut!!Percent","Chaplin town, Windham County, Connecticut!!Count","Chaplin town, Windham County, Connecticut!!Percent","Eastford town, Windham County, Connecticut!!Count","Eastford town, Windham County, Connecticut!!Percent","Hampton town, Windham County, Connecticut!!Count","Hampton town, Windham County, Connecticut!!Percent","Killingly town, Windham County, Connecticut!!Count","Killingly town, Windham County, Connecticut!!Percent","Plainfield town, Windham County, Connecticut!!Count","Plainfield town, Windham County, Connecticut!!Percent","Pomfret town, Windham County, Connecticut!!Count","Pomfret town, Windham County, Connecticut!!Percent","Putnam town, Windham County, Connecticut!!Count","Putnam town, Windham County, Connecticut!!Percent","Scotland town, Windham County, Connecticut!!Count","Scotland town, Windham County, Connecticut!!Percent","Sterling town, Windham County, Connecticut!!Count","Sterling town, Windham County, Connecticut!!Percent","Thompson town, Windham County, Connecticut!!Count","Thompson town, Windham County, Connecticut!!Percent","Windham town, Windham County, Connecticut!!Count","Windham town, Windham County, Connecticut!!Percent","Woodstock town, Windham County, Connecticut!!Count","Woodstock town, Windham County, Connecticut!!Percent"
"SEX AND AGE","","","","","","","","","","","","","","","","","","","","","","","","","","","","","","","","","","","","","","","","","","","","","","","","","","","","","","","","","","","","","","","","","","","","","","","","","","","","","","","","","","","","","","","","","","","","","","","","","","","","","","","","","","","","","","","","","","","","","","","","","","","","","","","","","","","","","","","","","","","","","","","","","","","","","","","","","","","","","","","","","","","","","","","","","","","","","","","","","","","","","","","","","","","","","","","","","","","","","","","","","","","","","","","","","","","","","","","","","","","","","","","","","","","","","","","","","","","","","","","","","","","","","","","","","","","","","","","","","","","","","","","","","","","","","","","","","","","","","","","","","","","","","","","","","","","","","","","","","","","","","","","","","","","","","","","","","","","","","","","","","","","","","","","","","","","","","","","","","","","","","","","","","",""
"Total population","0","-","20,358","100.0%","148,654","100.0%","17,528","100.0%","86,518","100.0%","21,499","100.0%","7,605","100.0%","61,512","100.0%","63,518","100.0%","18,825","100.0%","20,622","100.0%","13,579","100.0%","27,173","100.0%","91,184","100.0%","8,765","100.0%","25,033","100.0%","40,869","100.0%","3,527","100.0%","135,470","100.0%","52,355","100.0%","36,827","100.0%","10,354","100.0%","27,141","100.0%","18,503","100.0%","18,932","100.0%","20,175","100.0%","21,535","100.0%","60,833","100.0%","9,519","100.0%","10,124","100.0%","5,214","100.0%","51,045","100.0%","11,190","100.0%","42,141","100.0%","26,712","100.0%","35,159","100.0%","10,903","100.0%","121,054","100.0%","1,901","100.0%","59,713","100.0%","6,133","100.0%","74,135","100.0%","30,536","100.0%","17,525","100.0%","20,845","100.0%","24,517","100.0%","43,501","100.0%","26,918","100.0%","15,752","100.0%","64,083","100.0%","27,298","100.0%","29,492","100.0%","12,613","100.0%","3,647","100.0%","3,385","100.0%","1,662","100.0%","1,080","100.0%","1,361","100.0%","1,567","100.0%","3,150","100.0%","5,484","100.0%","3,019","100.0%","8,192","100.0%","2,256","100.0%","6,658","100.0%","28,115","100.0%","1,588","100.0%","3,211","100.0%","11,671","100.0%","2,260","100.0%","4,194","100.0%","2,680","100.0%","7,442","100.0%","35,515","100.0%","1,351","100.0%","3,646","100.0%","22,105","100.0%","10,224","100.0%","9,723","100.0%","0","-","3,749","100.0%","13,185","100.0%","14,225","100.0%","4,415","100.0%","7,152","100.0%","8,875","100.0%","12,717","100.0%","6,733","100.0%","8,452","100.0%","6,174","100.0%","4,217","100.0%","47,717","100.0%","10,481","100.0%","9,384","100.0%","6,769","100.0%","0","-","18,918","100.0%","6,000","100.0%","5,297","100.0%","28,273","100.0%","28,733","100.0%","12,325","100.0%","27,923","100.0%","22,073","100.0%","61,169","100.0%","17,691","100.0%","60,850","100.0%","7,574","100.0%","52,044","100.0%","31,519","100.0%","134,023","100.0%","13,544","100.0%","24,253","100.0%","14,280","100.0%","12,706","100.0%","9,401","100.0%","16,748","100.0%","19,879","100.0%","44,396","100.0%","114,403","100.0%","55,584","100.0%","16,142","100.0%","9,087","100.0%","0","-","2,429","100.0%","15,555","100.0%","18,693","100.0%","1,863","100.0%","11,402","100.0%","38,411","100.0%","7,142","100.0%","15,413","100.0%","4,195","100.0%","2,352","100.0%","18,387","100.0%","27,367","100.0%","5,149","100.0%","40,125","100.0%","7,628","100.0%","4,788","100.0%","4,213","100.0%","2,967","100.0%","18,335","100.0%","2,570","100.0%","19,571","100.0%","3,151","100.0%","4,858","100.0%","5,272","100.0%","12,235","100.0%","16,426","100.0%","9,098","100.0%","25,892","100.0%","10,255","100.0%","11,472","100.0%","14,563","100.0%","785","100.0%","30,215","100.0%","5,566","100.0%","4,191","100.0%","8,450","100.0%","5,045","100.0%","2,151","100.0%","1,649","100.0%","1,728","100.0%","17,752","100.0%","14,973","100.0%","4,266","100.0%","9,224","100.0%","1,576","100.0%","3,578","100.0%","9,189","100.0%","24,425","100.0%","8,221","100.0%"
"Under 5 years","0","-","988","4.9%","8,867","6.0%","766","4.4%","4,851","5.6%","1,386","6.4%","376","4.9%","2,943","4.8%","3,190","5.0%","925","4.9%","1,047","5.1%","585","4.3%","1,210","4.5%","5,016","5.5%","373","4.3%","1,159","4.6%","1,721","4.2%","107","3.0%","7,830","5.8%","2,445","4.7%","1,987","5.4%","454","4.4%","1,239","4.6%","898","4.9%","862","4.6%","817","4.0%","807","3.7%","2,989","4.9%","455","4.8%","497","4.9%","286","5.5%","2,875","5.6%","542","4.8%","1,913","4.5%","1,140","4.3%","1,561","4.4%","487","4.5%","7,404","6.1%","54","2.8%","3,500","5.9%","274","4.5%","4,501","6.1%","1,324","4.3%","714","4.1%","1,054","5.1%","1,273","5.2%","2,030","4.7%","1,409","5.2%","623","4.0%","3,110","4.9%","1,332","4.9%","1,315","4.5%","534","4.2%","150","4.1%","136","4.0%","53","3.2%","39","3.6%","28","2.1%","49","3.1%","108","3.4%","215","3.9%","98","3.2%","277","3.4%","86","3.8%","261","3.9%","1,296","4.6%","49","3.1%","119","3.7%","443","3.8%","76","3.4%","116","2.8%","82","3.1%","296","4.0%","1,675","4.7%","57","4.2%","113","3.1%","952","4.3%","435","4.3%","343","3.5%","0","-","116","3.1%","452","3.4%","637","4.5%","135","3.1%","321","4.5%","425","4.8%","546","4.3%","189","2.8%","372","4.4%","236","3.8%","154","3.7%","1,985","4.2%","269","2.6%","452","4.8%","207","3.1%","0","-","993","5.2%","244","4.1%","236","4.5%","997","3.5%","1,266","4.4%","616","5.0%","1,202","4.3%","839","3.8%","2,587","4.2%","702","4.0%","3,301","5.4%","326","4.3%","2,130","4.1%","1,558","4.9%","7,475","5.6%","568","4.2%","1,088","4.5%","659","4.6%","518","4.1%","393","4.2%","823","4.9%","676","3.4%","1,882","4.2%","7,435","6.5%","2,720","4.9%","627","3.9%","425","4.7%","0","-","98","4.0%","806","5.2%","658","3.5%","85","4.6%","572","5.0%","2,144","5.6%","309","4.3%","882","5.7%","195","4.6%","64","2.7%","830","4.5%","1,344","4.9%","229","4.4%","2,092","5.2%","273","3.6%","209","4.4%","199","4.7%","143","4.8%","656","3.6%","105","4.1%","810","4.1%","143","4.5%","222","4.6%","226","4.3%","570","4.7%","783","4.8%","403","4.4%","488","1.9%","370","3.6%","534","4.7%","683","4.7%","26","3.3%","1,489","4.9%","201","3.6%","176","4.2%","365","4.3%","249","4.9%","93","4.3%","85","5.2%","75","4.3%","906","5.1%","840","5.6%","162","3.8%","471","5.1%","71","4.5%","172","4.8%","385","4.2%","1,204","4.9%","357","4.3%"
"5 to 9 years","0","-","1,218","6.0%","9,586","6.4%","1,009","5.8%","4,958","5.7%","1,880","8.7%","453","6.0%","3,626","5.9%","4,256","6.7%","1,120","5.9%","1,635","7.9%","745","5.5%","1,484","5.5%","4,937","5.4%","488","5.6%","1,704","6.8%","1,867","4.6%","140","4.0%","7,240","5.3%","2,717","5.2%","2,462","6.7%","721","7.0%","1,921","7.1%","1,241","6.7%","1,196","6.3%","956","4.7%","856","4.0%","3,249","5.3%","541","5.7%","582","5.7%","308","5.9%","3,114","6.1%","506","4.5%","2,019","4.8%","1,518","5.7%","2,068","5.9%","623","5.7%","7,473","6.2%","94","4.9%","3,379","5.7%","308","5.0%","4,512","6.1%","1,453","4.8%","853","4.9%","1,145","5.5%","1,490","6.1%","2,221","5.1%","1,856","6.9%","770","4.9%","3,482","5.4%","1,457","5.3%","1,501","5.1%","633","5.0%","148","4.1%","131","3.9%","49","2.9%","49","4.5%","65","4.8%","51","3.3%","137","4.3%","289","5.3%","109","3.6%","377","4.6%","95","4.2%","320","4.8%","1,478","5.3%","59","3.7%","149","4.6%","558","4.8%","85","3.8%","178","4.2%","94","3.5%","372","5.0%","1,775","5.0%","53","3.9%","155","4.3%","1,076","4.9%","422","4.1%","417","4.3%","0","-","142","3.8%","561","4.3%","786","5.5%","170","3.9%","366","5.1%","428","4.8%","692","5.4%","210","3.1%","442","5.2%","270","4.4%","184","4.4%","2,089","4.4%","354","3.4%","528","5.6%","228","3.4%","0","-","1,093","5.8%","239","4.0%","266","5.0%","1,085","3.8%","1,505","5.2%","557","4.5%","1,177","4.2%","1,197","5.4%","2,781","4.5%","824","4.7%","3,638","6.0%","446","5.9%","2,178","4.2%","1,901","6.0%","8,030","6.0%","632","4.7%","1,226","5.1%","852","6.0%","648","5.1%","476","5.1%","869","5.2%","871","4.4%","2,033","4.6%","7,881","6.9%","2,851","5.1%","817","5.1%","602","6.6%","0","-","90","3.7%","776","5.0%","865","4.6%","96","5.2%","619","5.4%","2,073","5.4%","378","5.3%","1,000","6.5%","225","5.4%","66","2.8%","878","4.8%","1,458","5.3%","280","5.4%","2,317","5.8%","332","4.4%","244","5.1%","272","6.5%","204","6.9%","779","4.2%","103","4.0%","942","4.8%","112","3.6%","229","4.7%","273","5.2%","695","5.7%","995","6.1%","477","5.2%","581","2.2%","516","5.0%","557","4.9%","771","5.3%","25","3.2%","1,381","4.6%","234","4.2%","204","4.9%","490","5.8%","287","5.7%","107","5.0%","81","4.9%","77","4.5%","1,038","5.8%","875","5.8%","207","4.9%","535","5.8%","78","4.9%","177","4.9%","455","5.0%","1,310","5.4%","485","5.9%"
"10 to 14 years","0","-","1,438","7.1%","10,504","7.1%","1,160","6.6%","5,207","6.0%","2,205","10.3%","619","8.1%","4,395","7.1%","4,965","7.8%","1,336","7.1%","2,033","9.9%","868","6.4%","1,806","6.6%","5,229","5.7%","556","6.3%","2,097","8.4%","2,144","5.2%","211","6.0%","7,328","5.4%","3,138","6.0%","2,778","7.5%","1,046","10.1%","2,418","8.9%","1,762","9.5%","1,341","7.1%","1,155","5.7%","998","4.6%","3,679","6.0%","644","6.8%","623","6.2%","347","6.7%","3,357","6.6%","452","4.0%","2,255","5.4%","1,762","6.6%","2,425","6.9%","755","6.9%","8,269","6.8%","120","6.3%","3,287","5.5%","425","6.9%","4,772","6.4%","1,706","5.6%","934","5.3%","1,112","5.3%","1,713","7.0%","2,658","6.1%","1,863","6.9%","868","5.5%","3,989","6.2%","1,573","5.8%","1,744","5.9%","641","5.1%","212","5.8%","167","4.9%","65","3.9%","55","5.1%","67","4.9%","63","4.0%","179","5.7%","380","6.9%","154","5.1%","421","5.1%","105","4.7%","385","5.8%","1,758","6.3%","89","5.6%","179","5.6%","660","5.7%","96","4.2%","299","7.1%","96","3.6%","405","5.4%","1,895","5.3%","75","5.6%","191","5.2%","1,266","5.7%","472","4.6%","489","5.0%","0","-","164","4.4%","735","5.6%","815","5.7%","254","5.8%","434","6.1%","421","4.7%","833","6.6%","292","4.3%","547","6.5%","343","5.6%","221","5.2%","2,150","4.5%","487","4.6%","507","5.4%","276","4.1%","0","-","1,147","6.1%","354","5.9%","297","5.6%","1,187","4.2%","1,778","6.2%","696","5.6%","1,364","4.9%","1,470","6.7%","3,163","5.2%","1,105","6.2%","4,004","6.6%","507","6.7%","2,484","4.8%","2,007","6.4%","8,629","6.4%","726","5.4%","1,301","5.4%","928","6.5%","807","6.4%","548","5.8%","947","5.7%","1,036","5.2%","2,361","5.3%","8,245","7.2%","3,089","5.6%","965","6.0%","669","7.4%","0","-","129","5.3%","969","6.2%","1,042","5.6%","89","4.8%","724","6.3%","1,868","4.9%","412","5.8%","1,059","6.9%","227","5.4%","110","4.7%","987","5.4%","1,444","5.3%","318","6.2%","2,420","6.0%","409","5.4%","259","5.4%","256","6.1%","179","6.0%","948","5.2%","163","6.3%","1,101","5.6%","169","5.4%","309","6.4%","261","5.0%","747","6.1%","1,105","6.7%","525","5.8%","758","2.9%","590","5.8%","696","6.1%","1,032","7.1%","36","4.6%","1,548","5.1%","255","4.6%","233","5.6%","506","6.0%","273","5.4%","132","6.1%","95","5.8%","81","4.7%","949","5.3%","959","6.4%","291","6.8%","527","5.7%","88","5.6%","212","5.9%","480","5.2%","1,463","6.0%","540","6.6%"
"15 to 19 years","0","-","1,237","6.1%","10,816","7.3%","1,144","6.5%","5,175","6.0%","2,013","9.4%","550","7.2%","7,190","11.7%","4,599","7.2%","1,309","7.0%","1,891","9.2%","986","7.3%","2,038","7.5%","5,100","5.6%","634","7.2%","2,020","8.1%","2,212","5.4%","217","6.2%","7,553","5.6%","3,147","6.0%","2,660","7.2%","979","9.5%","2,324","8.6%","1,643","8.9%","1,365","7.2%","1,162","5.8%","988","4.6%","3,395","5.6%","676","7.1%","623","6.2%","320","6.1%","3,299","6.5%","503","4.5%","2,179","5.2%","1,573","5.9%","2,414","6.9%","712","6.5%","9,929","8.2%","123","6.5%","3,098","5.2%","398","6.5%","5,560","7.5%","1,600","5.2%","888","5.1%","958","4.6%","1,745","7.1%","2,691","6.2%","1,584","5.9%","929","5.9%","4,365","6.8%","1,510","5.5%","1,783","6.0%","650","5.2%","259","7.1%","164","4.8%","79","4.8%","55","5.1%","71","5.2%","82","5.2%","171","5.4%","344","6.3%","178","5.9%","421","5.1%","147","6.5%","426","6.4%","1,804","6.4%","105","6.6%","182","5.7%","645","5.5%","118","5.2%","263","6.3%","122","4.6%","446","6.0%","1,985","5.6%","84","6.2%","243","6.7%","1,291","5.8%","562","5.5%","509","5.2%","0","-","191","5.1%","774","5.9%","771","5.4%","278","6.3%","489","6.8%","467","5.3%","693","5.4%","385","5.7%","518","6.1%","399","6.5%","251","6.0%","3,262","6.8%","568","5.4%","533","5.7%","345","5.1%","0","-","1,216","6.4%","379","6.3%","345","6.5%","1,264","4.5%","2,174","7.6%","737","6.0%","1,471","5.3%","1,406","6.4%","5,134","8.4%","1,292","7.3%","3,679","6.0%","537","7.1%","2,598","5.0%","1,813","5.8%","11,299","8.4%","795","5.9%","1,346","5.5%","887","6.2%","796","6.3%","568","6.0%","981","5.9%","1,146","5.8%","2,701","6.1%","7,689","6.7%","4,488","8.1%","1,023","6.3%","589","6.5%","0","-","113","4.7%","1,037","6.7%","1,036","5.5%","119","6.4%","674","5.9%","1,794","4.7%","418","5.9%","871","5.7%","240","5.7%","139","5.9%","1,004","5.5%","2,380","8.7%","286","5.6%","2,579","6.4%","477","6.3%","276","5.8%","237","5.6%","187","6.3%","947","5.2%","158","6.1%","1,125","5.7%","204","6.5%","293","6.0%","289","5.5%","694","5.7%","1,015","6.2%","664","7.3%","6,271","24.2%","581","5.7%","619","5.4%","1,105","7.6%","57","7.3%","1,368","4.5%","305","5.5%","234","5.6%","520","6.2%","317","6.3%","106","4.9%","69","4.2%","82","4.7%","954","5.4%","893","6.0%","364","8.5%","500","5.4%","102","6.5%","245","6.8%","501","5.5%","2,394","9.8%","600","7.3%"
"20 to 24 years","0","-","1,054","5.2%","11,441","7.7%","912","5.2%","5,922","6.8%","983","4.6%","404","5.3%","4,820","7.8%","3,266","5.1%","1,047","5.6%","990","4.8%","827","6.1%","1,538","5.7%","5,058","5.5%","425","4.8%","1,228","4.9%","2,235","5.5%","180","5.1%","8,602","6.3%","2,962","5.7%","1,868","5.1%","512","4.9%","1,368","5.0%","916","5.0%","850","4.5%","1,058","5.2%","1,247","5.8%","3,432","5.6%","481","5.1%","452","4.5%","224","4.3%","3,169","6.2%","558","5.0%","2,339","5.6%","1,327","5.0%","1,745","5.0%","495","4.5%","11,045","9.1%","79","4.2%","3,527","5.9%","279","4.5%","6,215","8.4%","1,552","5.1%","927","5.3%","1,043","5.0%","1,199","4.9%","2,131","4.9%","1,246","4.6%","862","5.5%","4,130","6.4%","1,419","5.2%","1,639","5.6%","668","5.3%","160","4.4%","164","4.8%","77","4.6%","47","4.4%","54","4.0%","73","4.7%","143","4.5%","237","4.3%","120","4.0%","364","4.4%","126","5.6%","348","5.2%","1,474","5.2%","65","4.1%","155","4.8%","625","5.4%","105","4.6%","162","3.9%","91","3.4%","449","6.0%","1,937","5.5%","56","4.1%","173","4.7%","1,205","5.5%","588","5.8%","489","5.0%","0","-","187","5.0%","648","4.9%","634","4.5%","189","4.3%","379","5.3%","411","4.6%","581","4.6%","255","3.8%","399","4.7%","313","5.1%","212","5.0%","4,638","9.7%","484","4.6%","427","4.6%","337","5.0%","0","-","1,133","6.0%","310","5.2%","287","5.4%","1,440","5.1%","1,689","5.9%","709","5.8%","1,591","5.7%","966","4.4%","6,068","9.9%","852","4.8%","3,768","6.2%","352","4.6%","2,761","5.3%","1,915","6.1%","14,594","10.9%","719","5.3%","1,339","5.5%","718","5.0%","629","5.0%","462","4.9%","888","5.3%","743","3.7%","2,506","5.6%","7,756","6.8%","5,024","9.0%","897","5.6%","412","4.5%","0","-","128","5.3%","864","5.6%","835","4.5%","95","5.1%","567","5.0%","3,231","8.4%","383","5.4%","802","5.2%","232","5.5%","122","5.2%","997","5.4%","3,325","12.1%","222","4.3%","2,660","6.6%","284","3.7%","233","4.9%","218","5.2%","146","4.9%","819","4.5%","126","4.9%","892","4.6%","186","5.9%","254","5.2%","242","4.6%","624","5.1%","921","5.6%","537","5.9%","8,753","33.8%","530","5.2%","567","4.9%","844","5.8%","28","3.6%","1,811","6.0%","581","10.4%","267","6.4%","466","5.5%","236","4.7%","93","4.3%","67","4.1%","80","4.6%","919","5.2%","872","5.8%","362","8.5%","463","5.0%","94","6.0%","189","5.3%","450","4.9%","3,053","12.5%","372","4.5%"
"25 to 29 years","0","-","979","4.8%","11,132","7.5%","800","4.6%","5,786","6.7%","516","2.4%","248","3.3%","1,970","3.2%","2,333","3.7%","719","3.8%","493","2.4%","581","4.3%","1,067","3.9%","6,767","7.4%","276","3.1%","701","2.8%","2,316","5.7%","124","3.5%","11,855","8.8%","3,027","5.8%","1,255","3.4%","237","2.3%","622","2.3%","449","2.4%","601","3.2%","913","4.5%","1,393","6.5%","4,060","6.7%","350","3.7%","404","4.0%","254","4.9%","3,518","6.9%","754","6.7%","3,187","7.6%","1,403","5.3%","1,608","4.6%","418","3.8%","10,122","8.4%","88","4.6%","5,154","8.6%","245","4.0%","6,122","8.3%","1,822","6.0%","1,158","6.6%","1,369","6.6%","983","4.0%","1,999","4.6%","1,128","4.2%","925","5.9%","4,201","6.6%","1,611","5.9%","1,702","5.8%","832","6.6%","135","3.7%","158","4.7%","67","4.0%","30","2.8%","67","4.9%","48","3.1%","119","3.8%","224","4.1%","135","4.5%","386","4.7%","94","4.2%","275","4.1%","1,534","5.5%","39","2.5%","194","6.0%","693","5.9%","63","2.8%","143","3.4%","99","3.7%","458","6.2%","2,257","6.4%","33","2.4%","155","4.3%","1,127","5.1%","602","5.9%","427","4.4%","0","-","175","4.7%","654","5.0%","747","5.3%","241","5.5%","334","4.7%","418","4.7%","619","4.9%","216","3.2%","318","3.8%","208","3.4%","196","4.6%","4,031","8.4%","380","3.6%","468","5.0%","350","5.2%","0","-","1,259","6.7%","344","5.7%","208","3.9%","1,569","5.5%","1,242","4.3%","871","7.1%","1,818","6.5%","687","3.1%","3,742","6.1%","585","3.3%","4,339","7.1%","260","3.4%","3,301","6.3%","2,188","6.9%","13,956","10.4%","699","5.2%","1,200","4.9%","499","3.5%","488","3.8%","423","4.5%","1,073","6.4%","635","3.2%","2,727","6.1%","8,259","7.2%","3,754","6.8%","857","5.3%","270","3.0%","0","-","150","6.2%","895","5.8%","869","4.6%","103","5.5%","659","5.8%","3,829","10.0%","423","5.9%","890","5.8%","204","4.9%","83","3.5%","1,249","6.8%","2,259","8.3%","208","4.0%","2,925","7.3%","240","3.1%","267","5.6%","234","5.6%","201","6.8%","869","4.7%","160","6.2%","984","5.0%","160","5.1%","200","4.1%","254","4.8%","626","5.1%","927","5.6%","375","4.1%","1,002","3.9%","524","5.1%","728","6.3%","560","3.8%","29","3.7%","2,865","9.5%","446","8.0%","249","5.9%","427","5.1%","204","4.0%","102","4.7%","82","5.0%","78","4.5%","1,215","6.8%","951","6.4%","185","4.3%","630","6.8%","66","4.2%","214","6.0%","526","5.7%","1,798","7.4%","336","4.1%"
"30 to 34 years","0","-","1,165","5.7%","11,363","7.6%","872","5.0%","6,666","7.7%","702","3.3%","288","3.8%","2,629","4.3%","2,601","4.1%","904","4.8%","585","2.8%","629","4.6%","1,343","4.9%","7,218","7.9%","340","3.9%","796","3.2%","2,448","6.0%","146","4.1%","12,246","9.0%","3,309","6.3%","1,627","4.4%","244","2.4%","656","2.4%","529","2.9%","771","4.1%","1,043","5.2%","1,272","5.9%","4,366","7.2%","460","4.8%","505","5.0%","316","6.1%","3,460","6.8%","867","7.7%","3,345","7.9%","1,427","5.3%","1,780","5.1%","511","4.7%","9,488","7.8%","82","4.3%","5,537","9.3%","320","5.2%","5,833","7.9%","2,020","6.6%","1,210","6.9%","1,501","7.2%","1,249","5.1%","2,625","6.0%","1,509","5.6%","1,008","6.4%","4,096","6.4%","1,706","6.2%","1,850","6.3%","933","7.4%","175","4.8%","165","4.9%","73","4.4%","56","5.2%","57","4.2%","70","4.5%","119","3.8%","231","4.2%","136","4.5%","392","4.8%","112","5.0%","351","5.3%","1,629","5.8%","71","4.5%","187","5.8%","790","6.8%","71","3.1%","147","3.5%","101","3.8%","440","5.9%","2,297","6.5%","47","3.5%","133","3.6%","1,312","5.9%","597","5.8%","492","5.1%","0","-","180","4.8%","780","5.9%","865","6.1%","203","4.6%","370","5.2%","503","5.7%","712","5.6%","251","3.7%","439","5.2%","197","3.2%","203","4.8%","3,649","7.6%","437","4.2%","615","6.6%","315","4.7%","0","-","1,399","7.4%","364","6.1%","269","5.1%","1,740","6.2%","1,394","4.9%","891","7.2%","1,978","7.1%","831","3.8%","3,986","6.5%","612","3.5%","4,377","7.2%","331","4.4%","3,533","6.8%","2,177","6.9%","12,176","9.1%","724","5.3%","1,304","5.4%","571","4.0%","599","4.7%","521","5.5%","1,175","7.0%","727","3.7%","2,888","6.5%","8,355","7.3%","3,740","6.7%","798","4.9%","332","3.7%","0","-","125","5.1%","997","6.4%","1,034","5.5%","81","4.3%","718","6.3%","3,203","8.3%","398","5.6%","1,137","7.4%","257","6.1%","106","4.5%","1,367","7.4%","2,058","7.5%","278","5.4%","2,884","7.2%","282","3.7%","241","5.0%","273","6.5%","179","6.0%","978","5.3%","138","5.4%","1,107","5.7%","183","5.8%","262","5.4%","297","5.6%","742","6.1%","1,002","6.1%","475","5.2%","727","2.8%","598","5.8%","773","6.7%","686","4.7%","31","3.9%","2,554","8.5%","405","7.3%","249","5.9%","540","6.4%","263","5.2%","140","6.5%","109","6.6%","75","4.3%","1,168","6.6%","1,032","6.9%","225","5.3%","631","6.8%","111","7.0%","229","6.4%","543","5.9%","1,662","6.8%","397","4.8%"
"35 to 39 years","0","-","1,322","6.5%","10,683","7.2%","1,005","5.7%","6,458","7.5%","1,232","5.7%","409","5.4%","3,257","5.3%","3,498","5.5%","1,074","5.7%","929","4.5%","690","5.1%","1,401","5.2%","6,882","7.5%","419","4.8%","1,245","5.0%","2,374","5.8%","151","4.3%","10,390","7.7%","3,254","6.2%","2,290","6.2%","398","3.8%","1,205","4.4%","892","4.8%","1,070","5.7%","1,145","5.7%","1,140","5.3%","4,172","6.9%","569","6.0%","593","5.9%","361","6.9%","3,305","6.5%","726","6.5%","3,052","7.2%","1,670","6.3%","2,143","6.1%","559","5.1%","8,036","6.6%","98","5.2%","4,477","7.5%","407","6.6%","5,006","6.8%","1,931","6.3%","1,210","6.9%","1,613","7.7%","1,457","5.9%","2,606","6.0%","2,032","7.5%","1,024","6.5%","3,998","6.2%","1,613","5.9%","1,786","6.1%","771","6.1%","176","4.8%","166","4.9%","57","3.4%","70","6.5%","67","4.9%","53","3.4%","143","4.5%","311","5.7%","152","5.0%","429","5.2%","93","4.1%","344","5.2%","1,674","6.0%","65","4.1%","214","6.7%","695","6.0%","95","4.2%","184","4.4%","129","4.8%","445","6.0%","2,219","6.2%","61","4.5%","156","4.3%","1,273","5.8%","578","5.7%","483","5.0%","0","-","186","5.0%","719","5.5%","1,021","7.2%","221","5.0%","408","5.7%","487","5.5%","759","6.0%","241","3.6%","474","5.6%","290","4.7%","193","4.6%","3,065","6.4%","419","4.0%","596","6.4%","308","4.6%","0","-","1,279","6.8%","344","5.7%","253","4.8%","1,601","5.7%","1,665","5.8%","801","6.5%","1,766","6.3%","1,075","4.9%","3,497","5.7%","765","4.3%","4,035","6.6%","408","5.4%","3,073","5.9%","2,100","6.7%","9,175","6.8%","749","5.5%","1,460","6.0%","749","5.2%","623","4.9%","567","6.0%","1,134","6.8%","857","4.3%","2,711","6.1%","7,440","6.5%","3,506","6.3%","869","5.4%","490","5.4%","0","-","132","5.4%","915","5.9%","1,027","5.5%","102","5.5%","738","6.5%","2,673","7.0%","442","6.2%","1,056","6.9%","234","5.6%","70","3.0%","1,190","6.5%","1,790","6.5%","301","5.8%","2,618","6.5%","353","4.6%","292","6.1%","262","6.2%","207","7.0%","903","4.9%","114","4.4%","1,087","5.6%","150","4.8%","290","6.0%","297","5.6%","772","6.3%","1,079","6.6%","524","5.8%","690","2.7%","700","6.8%","702","6.1%","873","6.0%","30","3.8%","1,914","6.3%","303","5.4%","230","5.5%","616","7.3%","319","6.3%","122","5.7%","87","5.3%","91","5.3%","1,217","6.9%","950","6.3%","193","4.5%","564","6.1%","77","4.9%","191","5.3%","574","6.2%","1,388","5.7%","485","5.9%"
"40 to 44 years","0","-","1,393","6.8%","9,792","6.6%","1,028","5.9%","6,035","7.0%","1,545","7.2%","413","5.4%","3,524","5.7%","4,218","6.6%","1,242","6.6%","1,371","6.6%","715","5.3%","1,514","5.6%","5,977","6.6%","447","5.1%","1,611","6.4%","2,228","5.5%","167","4.7%","8,775","6.5%","3,162","6.0%","2,405","6.5%","607","5.9%","1,670","6.2%","1,293","7.0%","1,195","6.3%","1,097","5.4%","998","4.6%","3,555","5.8%","613","6.4%","602","5.9%","321","6.2%","3,214","6.3%","537","4.8%","2,513","6.0%","1,631","6.1%","2,124","6.0%","592","5.4%","7,225","6.0%","85","4.5%","3,525","5.9%","338","5.5%","4,206","5.7%","1,737","5.7%","1,123","6.4%","1,244","6.0%","1,494","6.1%","2,630","6.0%","1,859","6.9%","1,072","6.8%","3,797","5.9%","1,679","6.2%","1,615","5.5%","650","5.2%","184","5.0%","159","4.7%","53","3.2%","51","4.7%","63","4.6%","51","3.3%","177","5.6%","259","4.7%","171","5.7%","395","4.8%","102","4.5%","342","5.1%","1,752","6.2%","69","4.3%","164","5.1%","708","6.1%","104","4.6%","220","5.2%","124","4.6%","408","5.5%","1,839","5.2%","69","5.1%","177","4.9%","1,266","5.7%","543","5.3%","450","4.6%","0","-","170","4.5%","680","5.2%","920","6.5%","216","4.9%","358","5.0%","467","5.3%","835","6.6%","237","3.5%","482","5.7%","309","5.0%","212","5.0%","2,489","5.2%","421","4.0%","535","5.7%","286","4.2%","0","-","1,181","6.2%","323","5.4%","311","5.9%","1,381","4.9%","1,713","6.0%","651","5.3%","1,520","5.4%","1,234","5.6%","3,430","5.6%","776","4.4%","3,915","6.4%","445","5.9%","2,827","5.4%","1,888","6.0%","8,020","6.0%","772","5.7%","1,348","5.6%","859","6.0%","694","5.5%","455","4.8%","978","5.8%","937","4.7%","2,547","5.7%","7,189","6.3%","3,122","5.6%","960","5.9%","609","6.7%","0","-","127","5.2%","865","5.6%","1,061","5.7%","94","5.0%","645","5.7%","1,808","4.7%","354","5.0%","937","6.1%","235","5.6%","89","3.8%","1,126","6.1%","1,618","5.9%","322","6.3%","2,495","6.2%","338","4.4%","274","5.7%","259","6.1%","180","6.1%","842","4.6%","123","4.8%","1,057","5.4%","140","4.4%","280","5.8%","264","5.0%","742","6.1%","1,068","6.5%","438","4.8%","664","2.6%","641","6.3%","595","5.2%","845","5.8%","36","4.6%","1,523","5.0%","278","5.0%","232","5.5%","534","6.3%","315","6.2%","125","5.8%","89","5.4%","83","4.8%","1,101","6.2%","900","6.0%","259","6.1%","573","6.2%","76","4.8%","248","6.9%","531","5.8%","1,217","5.0%","488","5.9%"
"45 to 49 years","0","-","1,348","6.6%","9,073","6.1%","1,165","6.6%","5,728","6.6%","1,769","8.2%","530","7.0%","4,178","6.8%","4,498","7.1%","1,217","6.5%","1,631","7.9%","905","6.7%","1,832","6.7%","5,755","6.3%","547","6.2%","1,922","7.7%","2,476","6.1%","216","6.1%","7,979","5.9%","3,178","6.1%","2,555","6.9%","858","8.3%","2,134","7.9%","1,436","7.8%","1,346","7.1%","1,262","6.3%","1,133","5.3%","3,712","6.1%","675","7.1%","642","6.3%","328","6.3%","3,207","6.3%","577","5.2%","2,423","5.7%","1,814","6.8%","2,409","6.9%","708","6.5%","6,526","5.4%","116","6.1%","3,310","5.5%","406","6.6%","3,949","5.3%","1,973","6.5%","1,169","6.7%","1,142","5.5%","1,659","6.8%","2,775","6.4%","1,664","6.2%","1,050","6.7%","3,884","6.1%","1,681","6.2%","1,831","6.2%","722","5.7%","243","6.7%","178","5.3%","83","5.0%","52","4.8%","88","6.5%","83","5.3%","177","5.6%","345","6.3%","173","5.7%","466","5.7%","145","6.4%","411","6.2%","1,857","6.6%","99","6.2%","195","6.1%","722","6.2%","122","5.4%","247","5.9%","123","4.6%","460","6.2%","2,097","5.9%","112","8.3%","214","5.9%","1,376","6.2%","584","5.7%","595","6.1%","0","-","181","4.8%","827","6.3%","855","6.0%","291","6.6%","476","6.7%","531","6.0%","862","6.8%","365","5.4%","580","6.9%","363","5.9%","260","6.2%","2,705","5.7%","556","5.3%","633","6.7%","436","6.4%","0","-","1,068","5.6%","394","6.6%","322","6.1%","1,490","5.3%","1,927","6.7%","746","6.1%","1,695","6.1%","1,337","6.1%","3,476","5.7%","1,059","6.0%","3,810","6.3%","577","7.6%","3,205","6.2%","1,966","6.2%","6,607","4.9%","769","5.7%","1,499","6.2%","946","6.6%","871","6.9%","576","6.1%","1,119","6.7%","1,040","5.2%","2,712","6.1%","6,802","5.9%","3,143","5.7%","1,068","6.6%","597","6.6%","0","-","159","6.5%","945","6.1%","1,099","5.9%","110","5.9%","797","7.0%","1,817","4.7%","419","5.9%","855","5.5%","239","5.7%","108","4.6%","1,170","6.4%","1,385","5.1%","287","5.6%","2,392","6.0%","484","6.3%","278","5.8%","277","6.6%","146","4.9%","991","5.4%","211","8.2%","1,145","5.9%","202","6.4%","298","6.1%","305","5.8%","807","6.6%","1,031","6.3%","626","6.9%","706","2.7%","668","6.5%","749","6.5%","1,002","6.9%","51","6.5%","1,585","5.2%","282","5.1%","251","6.0%","561","6.6%","350","6.9%","145","6.7%","100","6.1%","99","5.7%","1,109","6.2%","968","6.5%","286","6.7%","588","6.4%","110","7.0%","270","7.5%","608","6.6%","1,245","5.1%","565","6.9%"
"50 to 54 years","0","-","1,494","7.3%","9,503","6.4%","1,394","8.0%","5,913","6.8%","1,786","8.3%","610","8.0%","4,563","7.4%","5,131","8.1%","1,524","8.1%","1,742","8.4%","1,161","8.5%","2,382","8.8%","6,128","6.7%","715","8.2%","2,213","8.8%","3,035","7.4%","278","7.9%","8,446","6.2%","3,810","7.3%","2,708","7.4%","1,003","9.7%","2,435","9.0%","1,602","8.7%","1,498","7.9%","1,486","7.4%","1,387","6.4%","4,239","7.0%","892","9.4%","799","7.9%","370","7.1%","3,344","6.6%","794","7.1%","2,797","6.6%","1,848","6.9%","2,755","7.8%","847","7.8%","7,204","6.0%","143","7.5%","3,575","6.0%","489","8.0%","4,266","5.8%","2,227","7.3%","1,213","6.9%","1,310","6.3%","1,855","7.6%","3,227","7.4%","1,775","6.6%","1,261","8.0%","4,173","6.5%","1,864","6.8%","2,116","7.2%","902","7.2%","340","9.3%","252","7.4%","137","8.2%","76","7.0%","107","7.9%","121","7.7%","237","7.5%","450","8.2%","233","7.7%","595","7.3%","194","8.6%","535","8.0%","2,271","8.1%","111","7.0%","205","6.4%","892","7.6%","180","8.0%","261","6.2%","184","6.9%","639","8.6%","2,647","7.5%","106","7.8%","282","7.7%","1,710","7.7%","743","7.3%","785","8.1%","0","-","315","8.4%","1,066","8.1%","1,021","7.2%","399","9.0%","614","8.6%","725","8.2%","936","7.4%","531","7.9%","654","7.7%","527","8.5%","358","8.5%","3,140","6.6%","767","7.3%","759","8.1%","508","7.5%","0","-","1,371","7.2%","477","8.0%","437","8.2%","1,990","7.0%","2,312","8.0%","898","7.3%","2,037","7.3%","1,734","7.9%","3,689","6.0%","1,510","8.5%","4,068","6.7%","559","7.4%","3,944","7.6%","2,235","7.1%","6,829","5.1%","1,064","7.9%","1,730","7.1%","1,093","7.7%","1,033","8.1%","720","7.7%","1,214","7.2%","1,324","6.7%","2,971","6.7%","7,125","6.2%","3,613","6.5%","1,311","8.1%","644","7.1%","0","-","190","7.8%","1,265","8.1%","1,373","7.3%","151","8.1%","878","7.7%","2,107","5.5%","567","7.9%","1,045","6.8%","354","8.4%","161","6.8%","1,358","7.4%","1,521","5.6%","430","8.4%","2,629","6.6%","592","7.8%","345","7.2%","319","7.6%","203","6.8%","1,372","7.5%","247","9.6%","1,467","7.5%","278","8.8%","342","7.0%","376","7.1%","968","7.9%","1,207","7.3%","836","9.2%","815","3.1%","789","7.7%","803","7.0%","1,236","8.5%","72","9.2%","1,900","6.3%","377","6.8%","326","7.8%","608","7.2%","356","7.1%","185","8.6%","115","7.0%","138","8.0%","1,189","6.7%","1,054","7.0%","308","7.2%","592","6.4%","122","7.7%","316","8.8%","705","7.7%","1,308","5.4%","638","7.8%"
"55 to 59 years","0","-","1,622","8.0%","9,426","6.3%","1,563","8.9%","6,010","6.9%","1,564","7.3%","725","9.5%","4,546","7.4%","4,909","7.7%","1,707","9.1%","1,571","7.6%","1,278","9.4%","2,630","9.7%","6,647","7.3%","802","9.2%","2,183","8.7%","3,406","8.3%","358","10.2%","8,751","6.5%","3,992","7.6%","2,740","7.4%","906","8.8%","2,408","8.9%","1,493","8.1%","1,522","8.0%","1,673","8.3%","1,656","7.7%","4,492","7.4%","818","8.6%","825","8.1%","447","8.6%","3,806","7.5%","1,000","8.9%","3,378","8.0%","1,995","7.5%","2,996","8.5%","1,003","9.2%","7,031","5.8%","173","9.1%","3,939","6.6%","528","8.6%","4,438","6.0%","2,459","8.1%","1,321","7.5%","1,428","6.9%","2,104","8.6%","3,259","7.5%","2,021","7.5%","1,330","8.4%","4,416","6.9%","2,124","7.8%","2,305","7.8%","1,108","8.8%","311","8.5%","322","9.5%","171","10.3%","90","8.3%","152","11.2%","156","10.0%","287","9.1%","453","8.3%","261","8.6%","746","9.1%","188","8.3%","627","9.4%","2,518","9.0%","169","10.6%","249","7.8%","984","8.4%","211","9.3%","324","7.7%","266","9.9%","615","8.3%","2,843","8.0%","127","9.4%","295","8.1%","1,864","8.4%","961","9.4%","914","9.4%","0","-","354","9.4%","1,167","8.9%","1,094","7.7%","393","8.9%","661","9.2%","880","9.9%","1,153","9.1%","656","9.7%","738","8.7%","622","10.1%","428","10.1%","3,442","7.2%","1,034","9.9%","734","7.8%","635","9.4%","0","-","1,485","7.8%","486","8.1%","473","8.9%","2,409","8.5%","2,261","7.9%","984","8.0%","2,276","8.2%","1,786","8.1%","4,072","6.7%","1,662","9.4%","4,307","7.1%","593","7.8%","4,452","8.6%","2,472","7.8%","6,588","4.9%","1,192","8.8%","1,889","7.8%","1,124","7.9%","1,079","8.5%","790","8.4%","1,307","7.8%","1,604","8.1%","3,516","7.9%","7,409","6.5%","3,865","7.0%","1,444","8.9%","725","8.0%","0","-","237","9.8%","1,371","8.8%","1,599","8.6%","173","9.3%","991","8.7%","2,415","6.3%","669","9.4%","1,133","7.4%","401","9.6%","254","10.8%","1,532","8.3%","1,639","6.0%","480","9.3%","2,913","7.3%","648","8.5%","428","8.9%","339","8.0%","254","8.6%","1,543","8.4%","246","9.6%","1,677","8.6%","300","9.5%","412","8.5%","502","9.5%","1,095","8.9%","1,357","8.3%","844","9.3%","854","3.3%","990","9.7%","1,009","8.8%","1,220","8.4%","96","12.2%","2,258","7.5%","449","8.1%","363","8.7%","629","7.4%","446","8.8%","212","9.9%","152","9.2%","160","9.3%","1,383","7.8%","1,159","7.7%","331","7.8%","708","7.7%","147","9.3%","332","9.3%","902","9.8%","1,419","5.8%","742","9.0%"
"60 to 64 years","0","-","1,476","7.3%","8,239","5.5%","1,377","7.9%","5,342","6.2%","1,239","5.8%","634","8.3%","3,902","6.3%","4,439","7.0%","1,374","7.3%","1,446","7.0%","1,150","8.5%","2,055","7.6%","5,893","6.5%","743","8.5%","1,800","7.2%","3,309","8.1%","352","10.0%","8,057","5.9%","3,792","7.2%","2,562","7.0%","793","7.7%","1,950","7.2%","1,228","6.6%","1,341","7.1%","1,717","8.5%","1,747","8.1%","4,440","7.3%","737","7.7%","868","8.6%","447","8.6%","3,433","6.7%","1,029","9.2%","3,179","7.5%","1,983","7.4%","2,487","7.1%","958","8.8%","6,485","5.4%","215","11.3%","3,775","6.3%","463","7.5%","4,444","6.0%","2,228","7.3%","1,347","7.7%","1,409","6.8%","1,875","7.6%","3,044","7.0%","1,908","7.1%","1,170","7.4%","4,168","6.5%","2,010","7.4%","2,339","7.9%","1,032","8.2%","328","9.0%","347","10.3%","178","10.7%","121","11.2%","144","10.6%","172","11.0%","327","10.4%","472","8.6%","269","8.9%","686","8.4%","232","10.3%","604","9.1%","2,166","7.7%","167","10.5%","236","7.3%","1,021","8.7%","233","10.3%","329","7.8%","276","10.3%","639","8.6%","2,950","8.3%","129","9.5%","345","9.5%","1,777","8.0%","897","8.8%","942","9.7%","0","-","372","9.9%","1,142","8.7%","1,071","7.5%","389","8.8%","611","8.5%","851","9.6%","1,024","8.1%","679","10.1%","704","8.3%","553","9.0%","406","9.6%","3,222","6.8%","1,027","9.8%","703","7.5%","627","9.3%","0","-","1,383","7.3%","501","8.4%","509","9.6%","2,722","9.6%","1,996","6.9%","965","7.8%","2,110","7.6%","1,862","8.4%","4,007","6.6%","1,570","8.9%","4,099","6.7%","542","7.2%","4,364","8.4%","2,234","7.1%","6,006","4.5%","1,060","7.8%","1,861","7.7%","1,033","7.2%","1,034","8.1%","851","9.1%","1,298","7.8%","1,638","8.2%","3,421","7.7%","6,870","6.0%","3,833","6.9%","1,281","7.9%","707","7.8%","0","-","218","9.0%","1,249","8.0%","1,528","8.2%","150","8.1%","920","8.1%","2,552","6.6%","644","9.0%","1,087","7.1%","341","8.1%","236","10.0%","1,288","7.0%","1,565","5.7%","422","8.2%","2,751","6.9%","721","9.5%","418","8.7%","376","8.9%","250","8.4%","1,636","8.9%","210","8.2%","1,635","8.4%","331","10.5%","462","9.5%","502","9.5%","1,023","8.4%","1,184","7.2%","804","8.8%","901","3.5%","830","8.1%","1,024","8.9%","1,118","7.7%","67","8.5%","2,250","7.4%","470","8.4%","352","8.4%","579","6.9%","468","9.3%","194","9.0%","147","8.9%","179","10.4%","1,259","7.1%","1,088","7.3%","297","7.0%","708","7.7%","129","8.2%","284","7.9%","813","8.8%","1,415","5.8%","683","8.3%"
"65 to 69 years","0","-","1,196","5.9%","6,149","4.1%","1,104","6.3%","4,245","4.9%","826","3.8%","436","5.7%","3,028","4.9%","3,415","5.4%","1,077","5.7%","933","4.5%","772","5.7%","1,584","5.8%","4,717","5.2%","619","7.1%","1,278","5.1%","2,610","6.4%","298","8.4%","6,293","4.6%","3,136","6.0%","1,954","5.3%","575","5.6%","1,496","5.5%","890","4.8%","1,127","6.0%","1,489","7.4%","1,508","7.0%","3,450","5.7%","590","6.2%","665","6.6%","292","5.6%","2,574","5.0%","767","6.9%","2,297","5.5%","1,611","6.0%","1,950","5.5%","757","6.9%","5,068","4.2%","171","9.0%","3,178","5.3%","424","6.9%","3,583","4.8%","1,803","5.9%","1,113","6.4%","1,301","6.2%","1,412","5.8%","2,696","6.2%","1,583","5.9%","868","5.5%","3,555","5.5%","1,717","6.3%","1,981","6.7%","791","6.3%","275","7.5%","334","9.9%","142","8.5%","106","9.8%","123","9.0%","155","9.9%","290","9.2%","414","7.5%","277","9.2%","714","8.7%","185","8.2%","520","7.8%","1,607","5.7%","168","10.6%","217","6.8%","816","7.0%","212","9.4%","356","8.5%","282","10.5%","478","6.4%","2,351","6.6%","111","8.2%","308","8.4%","1,427","6.5%","819","8.0%","774","8.0%","0","-","293","7.8%","997","7.6%","897","6.3%","348","7.9%","471","6.6%","668","7.5%","859","6.8%","613","9.1%","609","7.2%","459","7.4%","310","7.4%","2,537","5.3%","955","9.1%","598","6.4%","567","8.4%","0","-","947","5.0%","408","6.8%","387","7.3%","2,292","8.1%","1,756","6.1%","729","5.9%","1,828","6.5%","1,735","7.9%","3,502","5.7%","1,233","7.0%","3,173","5.2%","494","6.5%","3,639","7.0%","1,652","5.2%","4,878","3.6%","927","6.8%","1,612","6.6%","897","6.3%","929","7.3%","637","6.8%","978","5.8%","1,509","7.6%","2,872","6.5%","5,271","4.6%","2,929","5.3%","1,043","6.5%","639","7.0%","0","-","170","7.0%","841","5.4%","1,279","6.8%","142","7.6%","694","6.1%","2,132","5.6%","515","7.2%","877","5.7%","257","6.1%","253","10.8%","1,106","6.0%","1,303","4.8%","396","7.7%","2,283","5.7%","701","9.2%","354","7.4%","277","6.6%","191","6.4%","1,449","7.9%","178","6.9%","1,326","6.8%","251","8.0%","354","7.3%","402","7.6%","786","6.4%","930","5.7%","580","6.4%","879","3.4%","640","6.2%","740","6.5%","804","5.5%","60","7.6%","1,794","5.9%","394","7.1%","333","7.9%","480","5.7%","337","6.7%","156","7.3%","127","7.7%","150","8.7%","1,087","6.1%","830","5.5%","315","7.4%","581","6.3%","99","6.3%","205","5.7%","572","6.2%","1,124","4.6%","544","6.6%"
"70 to 74 years","0","-","942","4.6%","4,707","3.2%","852","4.9%","3,174","3.7%","612","2.8%","336","4.4%","2,366","3.8%","2,727","4.3%","848","4.5%","771","3.7%","654","4.8%","1,140","4.2%","3,671","4.0%","499","5.7%","1,049","4.2%","2,256","5.5%","226","6.4%","5,011","3.7%","2,609","5.0%","1,498","4.1%","387","3.7%","1,152","4.2%","724","3.9%","1,028","5.4%","1,163","5.8%","1,483","6.9%","2,757","4.5%","469","4.9%","550","5.4%","215","4.1%","2,016","3.9%","583","5.2%","1,735","4.1%","1,369","5.1%","1,712","4.9%","578","5.3%","3,887","3.2%","112","5.9%","2,389","4.0%","362","5.9%","2,602","3.5%","1,622","5.3%","920","5.2%","1,128","5.4%","1,062","4.3%","2,486","5.7%","1,178","4.4%","696","4.4%","3,013","4.7%","1,422","5.2%","1,559","5.3%","576","4.6%","248","6.8%","248","7.3%","143","8.6%","70","6.5%","97","7.1%","137","8.7%","241","7.7%","372","6.8%","204","6.8%","586","7.2%","145","6.4%","387","5.8%","1,315","4.7%","115","7.2%","178","5.5%","591","5.1%","216","9.6%","326","7.8%","233","8.7%","378","5.1%","1,729","4.9%","80","5.9%","248","6.8%","1,152","5.2%","588","5.8%","672","6.9%","0","-","275","7.3%","817","6.2%","757","5.3%","294","6.7%","357","5.0%","513","5.8%","707","5.6%","516","7.7%","464","5.5%","485","7.9%","233","5.5%","1,900","4.0%","830","7.9%","495","5.3%","522","7.7%","0","-","748","4.0%","360","6.0%","269","5.1%","1,889","6.7%","1,517","5.3%","556","4.5%","1,467","5.3%","1,587","7.2%","2,919","4.8%","1,180","6.7%","2,493","4.1%","444","5.9%","2,863","5.5%","1,388","4.4%","3,984","3.0%","742","5.5%","1,422","5.9%","820","5.7%","830","6.5%","577","6.1%","797","4.8%","1,550","7.8%","2,261","5.1%","4,078","3.6%","2,428","4.4%","758","4.7%","482","5.3%","0","-","127","5.2%","725","4.7%","1,175","6.3%","86","4.6%","530","4.6%","1,672","4.4%","392","5.5%","725","4.7%","227","5.4%","189","8.0%","890","4.8%","964","3.5%","277","5.4%","1,690","4.2%","569","7.5%","253","5.3%","183","4.3%","124","4.2%","1,293","7.1%","111","4.3%","1,085","5.5%","150","4.8%","261","5.4%","313","5.9%","588","4.8%","730","4.4%","465","5.1%","647","2.5%","476","4.6%","542","4.7%","696","4.8%","56","7.1%","1,427","4.7%","234","4.2%","216","5.2%","397","4.7%","275","5.5%","106","4.9%","119","7.2%","132","7.6%","829","4.7%","621","4.1%","179","4.2%","439","4.8%","93","5.9%","126","3.5%","437","4.8%","951","3.9%","410","5.0%"
"75 to 79 years","0","-","662","3.3%","3,074","2.1%","602","3.4%","2,108","2.4%","492","2.3%","246","3.2%","1,809","2.9%","2,062","3.2%","575","3.1%","584","2.8%","485","3.6%","914","3.4%","2,549","2.8%","300","3.4%","779","3.1%","1,685","4.1%","178","5.0%","3,478","2.6%","1,876","3.6%","1,217","3.3%","325","3.1%","869","3.2%","568","3.1%","674","3.6%","826","4.1%","1,027","4.8%","2,013","3.3%","309","3.2%","414","4.1%","166","3.2%","1,426","2.8%","403","3.6%","1,442","3.4%","964","3.6%","1,205","3.4%","381","3.5%","2,590","2.1%","88","4.6%","1,668","2.8%","248","4.0%","1,603","2.2%","1,162","3.8%","619","3.5%","753","3.6%","770","3.1%","1,881","4.3%","898","3.3%","514","3.3%","1,977","3.1%","988","3.6%","1,051","3.6%","432","3.4%","151","4.1%","147","4.3%","113","6.8%","49","4.5%","57","4.2%","103","6.6%","151","4.8%","264","4.8%","134","4.4%","432","5.3%","105","4.7%","250","3.8%","919","3.3%","84","5.3%","126","3.9%","406","3.5%","147","6.5%","247","5.9%","178","6.6%","247","3.3%","1,250","3.5%","76","5.6%","201","5.5%","852","3.9%","366","3.6%","459","4.7%","0","-","174","4.6%","527","4.0%","468","3.3%","192","4.3%","228","3.2%","344","3.9%","412","3.2%","400","5.9%","330","3.9%","301","4.9%","171","4.1%","1,366","2.9%","623","5.9%","328","3.5%","392","5.8%","0","-","549","2.9%","255","4.3%","215","4.1%","1,349","4.8%","1,039","3.6%","407","3.3%","1,025","3.7%","1,072","4.9%","1,908","3.1%","887","5.0%","1,589","2.6%","339","4.5%","2,069","4.0%","899","2.9%","2,519","1.9%","545","4.0%","1,033","4.3%","559","3.9%","576","4.5%","430","4.6%","499","3.0%","1,278","6.4%","1,623","3.7%","2,682","2.3%","1,580","2.8%","610","3.8%","343","3.8%","0","-","95","3.9%","489","3.1%","981","5.2%","87","4.7%","319","2.8%","1,242","3.2%","216","3.0%","510","3.3%","154","3.7%","168","7.1%","606","3.3%","588","2.1%","206","4.0%","1,059","2.6%","426","5.6%","175","3.7%","139","3.3%","89","3.0%","922","5.0%","82","3.2%","874","4.5%","95","3.0%","194","4.0%","226","4.3%","383","3.1%","522","3.2%","275","3.0%","479","1.8%","360","3.5%","348","3.0%","535","3.7%","45","5.7%","1,113","3.7%","172","3.1%","140","3.3%","282","3.3%","189","3.7%","62","2.9%","56","3.4%","71","4.1%","560","3.2%","413","2.8%","151","3.5%","306","3.3%","51","3.2%","80","2.2%","323","3.5%","608","2.5%","298","3.6%"
"80 to 84 years","0","-","382","1.9%","2,014","1.4%","397","2.3%","1,342","1.6%","326","1.5%","157","2.1%","1,173","1.9%","1,566","2.5%","415","2.2%","400","1.9%","321","2.4%","567","2.1%","1,664","1.8%","224","2.6%","572","2.3%","1,114","2.7%","89","2.5%","2,382","1.8%","1,273","2.4%","964","2.6%","149","1.4%","596","2.2%","393","2.1%","525","2.8%","543","2.7%","832","3.9%","1,285","2.1%","116","1.2%","215","2.1%","113","2.2%","963","1.9%","289","2.6%","988","2.3%","661","2.5%","822","2.3%","265","2.4%","1,691","1.4%","24","1.3%","1,064","1.8%","92","1.5%","1,061","1.4%","814","2.7%","367","2.1%","555","2.7%","545","2.2%","1,147","2.6%","610","2.3%","321","2.0%","1,528","2.4%","725","2.7%","710","2.4%","322","2.6%","88","2.4%","67","2.0%","67","4.0%","36","3.3%","28","2.1%","52","3.3%","78","2.5%","127","2.3%","122","4.0%","249","3.0%","61","2.7%","157","2.4%","498","1.8%","33","2.1%","99","3.1%","215","1.8%","72","3.2%","179","4.3%","109","4.1%","139","1.9%","786","2.2%","35","2.6%","129","3.5%","575","2.6%","232","2.3%","246","2.5%","0","-","101","2.7%","345","2.6%","363","2.6%","78","1.8%","131","1.8%","164","1.8%","276","2.2%","280","4.2%","182","2.2%","178","2.9%","102","2.4%","913","1.9%","409","3.9%","235","2.5%","233","3.4%","0","-","319","1.7%","115","1.9%","105","2.0%","834","2.9%","651","2.3%","258","2.1%","694","2.5%","609","2.8%","1,368","2.2%","538","3.0%","1,046","1.7%","202","2.7%","1,219","2.3%","547","1.7%","1,649","1.2%","379","2.8%","777","3.2%","439","3.1%","313","2.5%","222","2.4%","305","1.8%","909","4.6%","1,080","2.4%","1,794","1.6%","884","1.6%","410","2.5%","208","2.3%","0","-","57","2.3%","263","1.7%","639","3.4%","61","3.3%","163","1.4%","807","2.1%","104","1.5%","300","1.9%","86","2.1%","77","3.3%","414","2.3%","350","1.3%","108","2.1%","650","1.6%","244","3.2%","135","2.8%","53","1.3%","43","1.4%","617","3.4%","40","1.6%","555","2.8%","53","1.7%","112","2.3%","135","2.6%","201","1.6%","299","1.8%","137","1.5%","308","1.2%","210","2.0%","237","2.1%","314","2.2%","21","2.7%","684","2.3%","92","1.7%","72","1.7%","223","2.6%","81","1.6%","36","1.7%","35","2.1%","40","2.3%","444","2.5%","293","2.0%","85","2.0%","169","1.8%","33","2.1%","57","1.6%","205","2.2%","382","1.6%","130","1.6%"
"85 years and over","0","-","442","2.2%","2,285","1.5%","378","2.2%","1,598","1.8%","423","2.0%","171","2.2%","1,593","2.6%","1,845","2.9%","412","2.2%","570","2.8%","227","1.7%","668","2.5%","1,976","2.2%","358","4.1%","676","2.7%","1,433","3.5%","89","2.5%","3,254","2.4%","1,528","2.9%","1,297","3.5%","160","1.5%","678","2.5%","546","3.0%","620","3.3%","670","3.3%","1,063","4.9%","1,548","2.5%","124","1.3%","265","2.6%","99","1.9%","965","1.9%","303","2.7%","1,100","2.6%","1,016","3.8%","955","2.7%","254","2.3%","1,581","1.3%","36","1.9%","1,331","2.2%","127","2.1%","1,462","2.0%","1,103","3.6%","439","2.5%","780","3.7%","632","2.6%","1,395","3.2%","795","3.0%","461","2.9%","2,201","3.4%","867","3.2%","665","2.3%","416","3.3%","64","1.8%","80","2.4%","55","3.3%","28","2.6%","26","1.9%","48","3.1%","66","2.1%","97","1.8%","93","3.1%","256","3.1%","41","1.8%","115","1.7%","565","2.0%","31","2.0%","163","5.1%","207","1.8%","54","2.4%","213","5.1%","91","3.4%","128","1.7%","983","2.8%","40","3.0%","128","3.5%","604","2.7%","235","2.3%","237","2.4%","0","-","173","4.6%","294","2.2%","503","3.5%","124","2.8%","144","2.0%","172","1.9%","218","1.7%","417","6.2%","200","2.4%","121","2.0%","123","2.9%","1,134","2.4%","461","4.4%","238","2.5%","197","2.9%","0","-","348","1.8%","103","1.7%","108","2.0%","1,034","3.7%","848","3.0%","253","2.1%","904","3.2%","646","2.9%","1,840","3.0%","539","3.0%","1,209","2.0%","212","2.8%","1,404","2.7%","579","1.8%","1,609","1.2%","482","3.6%","818","3.4%","647","4.5%","239","1.9%","185","2.0%","363","2.2%","1,399","7.0%","1,584","3.6%","2,123","1.9%","1,015","1.8%","404","2.5%","344","3.8%","0","-","84","3.5%","283","1.8%","593","3.2%","39","2.1%","194","1.7%","1,044","2.7%","99","1.4%","247","1.6%","87","2.1%","57","2.4%","395","2.1%","376","1.4%","99","1.9%","768","1.9%","255","3.3%","107","2.2%","40","0.9%","41","1.4%","771","4.2%","55","2.1%","702","3.6%","44","1.4%","84","1.7%","108","2.0%","172","1.4%","271","1.6%","113","1.2%","369","1.4%","242","2.4%","249","2.2%","239","1.6%","19","2.4%","751","2.5%","88","1.6%","64","1.5%","227","2.7%","80","1.6%","35","1.6%","34","2.1%","37","2.1%","425","2.4%","275","1.8%","66","1.5%","239","2.6%","29","1.8%","31","0.9%","179","1.9%","484","2.0%","151","1.8%"
"Selected Age Categories","","","","","","","","","","","","","","","","","","","","","","","","","","","","","","","","","","","","","","","","","","","","","","","","","","","","","","","","","","","","","","","","","","","","","","","","","","","","","","","","","","","","","","","","","","","","","","","","","","","","","","","","","","","","","","","","","","","","","","","","","","","","","","","","","","","","","","","","","","","","","","","","","","","","","","","","","","","","","","","","","","","","","","","","","","","","","","","","","","","","","","","","","","","","","","","","","","","","","","","","","","","","","","","","","","","","","","","","","","","","","","","","","","","","","","","","","","","","","","","","","","","","","","","","","","","","","","","","","","","","","","","","","","","","","","","","","","","","","","","","","","","","","","","","","","","","","","","","","","","","","","","","","","","","","","","","","","","","","","","","","","","","","","","","","","","","","","","","","","","","","","","","","",""
"16 years and over","0","-","16,464","80.9%","117,758","79.2%","14,338","81.8%","70,454","81.4%","15,559","72.4%","6,031","79.3%","49,616","80.7%","50,001","78.7%","15,141","80.4%","15,458","75.0%","11,173","82.3%","22,248","81.9%","74,903","82.1%","7,223","82.4%","19,608","78.3%","34,662","84.8%","3,008","85.3%","111,645","82.4%","43,370","82.8%","28,985","78.7%","7,916","76.5%","21,047","77.5%","14,206","76.8%","15,243","80.5%","16,984","84.2%","18,687","86.8%","50,224","82.6%","7,735","81.3%","8,294","81.9%","4,195","80.5%","41,027","80.4%","9,571","85.5%","35,490","84.2%","21,913","82.0%","28,562","81.2%","8,884","81.5%","96,300","79.6%","1,608","84.6%","48,872","81.8%","5,042","82.2%","59,359","80.1%","25,716","84.2%","14,843","84.7%","17,320","83.1%","19,683","80.3%","36,015","82.8%","21,445","79.7%","13,293","84.4%","52,563","82.0%","22,595","82.8%","24,603","83.4%","10,674","84.6%","3,078","84.4%","2,926","86.4%","1,479","89.0%","927","85.8%","1,187","87.2%","1,389","88.6%","2,691","85.4%","4,528","82.6%","2,622","86.8%","7,047","86.0%","1,946","86.3%","5,605","84.2%","23,175","82.4%","1,366","86.0%","2,722","84.8%","9,871","84.6%","1,988","88.0%","3,524","84.0%","2,384","89.0%","6,277","84.3%","29,741","83.7%","1,147","84.9%","3,129","85.8%","18,532","83.8%","8,794","86.0%","8,362","86.0%","0","-","3,277","87.4%","11,258","85.4%","11,810","83.0%","3,798","86.0%","5,930","82.9%","7,508","84.6%","10,500","82.6%","5,953","88.4%","6,985","82.6%","5,254","85.1%","3,606","85.5%","41,011","85.9%","9,247","88.2%","7,788","83.0%","5,964","88.1%","0","-","15,420","81.5%","5,076","84.6%","4,432","83.7%","24,772","87.6%","23,753","82.7%","10,297","83.5%","23,874","85.5%","18,251","82.7%","51,968","85.0%","14,808","83.7%","49,079","80.7%","6,162","81.4%","44,732","86.0%","25,692","81.5%","108,255","80.8%","11,432","84.4%","20,359","83.9%","11,625","81.4%","10,552","83.0%","7,835","83.3%","13,908","83.0%","17,054","85.8%","37,560","84.6%","89,238","78.0%","46,343","83.4%","13,523","83.8%","7,265","79.9%","0","-","2,092","86.1%","12,760","82.0%","15,893","85.0%","1,573","84.4%","9,360","82.1%","31,941","83.2%","5,948","83.3%","12,258","79.5%","3,492","83.2%","2,077","88.3%","15,479","84.2%","22,815","83.4%","4,254","82.6%","32,764","81.7%","6,514","85.4%","4,022","84.0%","3,434","81.5%","2,405","81.1%","15,760","86.0%","2,158","84.0%","16,496","84.3%","2,679","85.0%","4,027","82.9%","4,459","84.6%","10,078","82.4%","13,313","81.0%","7,573","83.2%","23,903","92.3%","8,662","84.5%","9,555","83.3%","11,846","81.3%","687","87.5%","25,505","84.4%","4,815","86.5%","3,527","84.2%","6,978","82.6%","4,182","82.9%","1,789","83.2%","1,371","83.1%","1,481","85.7%","14,656","82.6%","12,116","80.9%","3,563","83.5%","7,585","82.2%","1,322","83.9%","2,971","83.0%","7,751","84.4%","20,169","82.6%","6,692","81.4%"
"18 years and over","0","-","15,901","78.1%","113,716","76.5%","13,824","78.9%","68,248","78.9%","14,668","68.2%","5,790","76.1%","47,703","77.6%","47,939","75.5%","14,549","77.3%","14,574","70.7%","10,729","79.0%","21,295","78.4%","72,682","79.7%","6,918","78.9%","18,659","74.5%","33,739","82.6%","2,925","82.9%","108,715","80.3%","41,976","80.2%","27,767","75.4%","7,470","72.1%","19,943","73.5%","13,440","72.6%","14,584","77.0%","16,467","81.6%","18,232","84.7%","48,804","80.2%","7,424","78.0%","7,992","78.9%","4,047","77.6%","39,641","77.7%","9,356","83.6%","34,582","82.1%","21,177","79.3%","27,436","78.0%","8,552","78.4%","93,051","76.9%","1,554","81.7%","47,608","79.7%","4,867","79.4%","57,585","77.7%","24,977","81.8%","14,479","82.6%","16,891","81.0%","18,850","76.9%","34,800","80.0%","20,717","77.0%","12,869","81.7%","50,732","79.2%","21,936","80.4%","23,826","80.8%","10,389","82.4%","2,964","81.3%","2,854","84.3%","1,455","87.5%","898","83.1%","1,160","85.2%","1,355","86.5%","2,607","82.8%","4,371","79.7%","2,538","84.1%","6,859","83.7%","1,874","83.1%","5,413","81.3%","22,380","79.6%","1,329","83.7%","2,654","82.7%","9,619","82.4%","1,930","85.4%","3,431","81.8%","2,338","87.2%","6,083","81.7%","28,966","81.6%","1,106","81.9%","3,033","83.2%","17,955","81.2%","8,553","83.7%","8,154","83.9%","0","-","3,192","85.1%","10,923","82.8%","11,482","80.7%","3,680","83.4%","5,704","79.8%","7,278","82.0%","10,180","80.1%","5,784","85.9%","6,755","79.9%","5,068","82.1%","3,486","82.7%","40,072","84.0%","9,001","85.9%","7,549","80.4%","5,829","86.1%","0","-","14,944","79.0%","4,884","81.4%","4,255","80.3%","24,215","85.6%","22,743","79.2%","9,986","81.0%","23,293","83.4%","17,617","79.8%","50,658","82.8%","14,170","80.1%","47,541","78.1%","5,926","78.2%","43,544","83.7%","24,872","78.9%","105,010","78.4%","11,085","81.8%","19,771","81.5%","11,239","78.7%","10,182","80.1%","7,583","80.7%","13,486","80.5%","16,530","83.2%","36,256","81.7%","86,056","75.2%","45,116","81.2%","13,063","80.9%","6,969","76.7%","0","-","2,042","84.1%","12,291","79.0%","15,436","82.6%","1,531","82.2%","9,049","79.4%","31,236","81.3%","5,773","80.8%","11,894","77.2%","3,376","80.5%","2,013","85.6%","15,056","81.9%","22,184","81.1%","4,133","80.3%","31,687","79.0%","6,283","82.4%","3,892","81.3%","3,334","79.1%","2,324","78.3%","15,325","83.6%","2,096","81.6%","15,967","81.6%","2,592","82.3%","3,902","80.3%","4,328","82.1%","9,763","79.8%","12,851","78.2%","7,261","79.8%","23,568","91.0%","8,404","82.0%","9,292","81.0%","11,337","77.8%","657","83.7%","24,931","82.5%","4,698","84.4%","3,426","81.7%","6,739","79.8%","4,028","79.8%","1,747","81.2%","1,346","81.6%","1,442","83.4%","14,252","80.3%","11,743","78.4%","3,443","80.7%","7,386","80.1%","1,274","80.8%","2,841","79.4%","7,550","82.2%","19,641","80.4%","6,412","78.0%"
"21 years and over","0","-","15,243","74.9%","106,319","71.5%","13,275","75.7%","65,043","75.2%","13,800","64.2%","5,527","72.7%","41,396","67.3%","45,800","72.1%","13,916","73.9%","13,788","66.9%","10,248","75.5%","20,325","74.8%","69,955","76.7%","6,614","75.5%","17,805","71.1%","32,470","79.4%","2,824","80.1%","103,909","76.7%","40,259","76.9%","26,534","72.1%","7,040","68.0%","18,890","69.6%","12,727","68.8%","13,994","73.9%","15,878","78.7%","17,637","81.9%","46,906","77.1%","7,094","74.5%","7,716","76.2%","3,908","75.0%","37,745","73.9%","9,102","81.3%","33,380","79.2%","20,518","76.8%","26,340","74.9%","8,226","75.4%","85,362","70.5%","1,496","78.7%","45,803","76.7%","4,687","76.4%","53,392","72.0%","24,166","79.1%","13,938","79.5%","16,420","78.8%","18,045","73.6%","33,491","77.0%","19,953","74.1%","12,385","78.6%","48,266","75.3%","21,130","77.4%","22,800","77.3%","10,035","79.6%","2,837","77.8%","2,756","81.4%","1,405","84.5%","877","81.2%","1,115","81.9%","1,302","83.1%","2,530","80.3%","4,204","76.7%","2,450","81.2%","6,619","80.8%","1,796","79.6%","5,195","78.0%","21,465","76.3%","1,274","80.2%","2,555","79.6%","9,227","79.1%","1,869","82.7%","3,290","78.4%","2,274","84.9%","5,829","78.3%","27,826","78.3%","1,070","79.2%","2,898","79.5%","17,277","78.2%","8,181","80.0%","7,853","80.8%","0","-","3,105","82.8%","10,520","79.8%","11,103","78.1%","3,548","80.4%","5,462","76.4%","7,061","79.6%","9,826","77.3%","5,606","83.3%","6,494","76.8%","4,853","78.6%","3,355","79.6%","37,111","77.8%","8,719","83.2%","7,279","77.6%","5,637","83.3%","0","-","14,242","75.3%","4,725","78.8%","4,095","77.3%","23,476","83.0%","21,623","75.3%","9,583","77.8%","22,391","80.2%","16,964","76.9%","45,711","74.7%","13,584","76.8%","45,495","74.8%","5,668","74.8%","42,145","81.0%","23,868","75.7%","94,997","70.9%","10,694","79.0%","19,043","78.5%","10,815","75.7%","9,803","77.2%","7,322","77.9%","12,965","77.4%","16,006","80.5%","34,923","78.7%","81,614","71.3%","41,037","73.8%","12,541","77.7%","6,720","74.0%","0","-","1,973","81.2%","11,807","75.9%","14,927","79.9%","1,459","78.3%","8,698","76.3%","30,034","78.2%","5,544","77.6%","11,457","74.3%","3,255","77.6%","1,936","82.3%","14,531","79.0%","19,803","72.4%","3,979","77.3%","30,304","75.5%","6,072","79.6%","3,755","78.4%","3,205","76.1%","2,212","74.6%","14,858","81.0%","2,015","78.4%","15,388","78.6%","2,493","79.1%","3,762","77.4%","4,181","79.3%","9,411","76.9%","12,385","75.4%","6,913","76.0%","14,311","55.3%","8,107","79.1%","8,958","78.1%","10,799","74.2%","632","80.5%","24,140","79.9%","4,455","80.0%","3,285","78.4%","6,466","76.5%","3,864","76.6%","1,695","78.8%","1,303","79.0%","1,393","80.6%","13,746","77.4%","11,195","74.8%","3,120","73.1%","7,104","77.0%","1,215","77.1%","2,727","76.2%","7,267","79.1%","17,127","70.1%","6,154","74.9%"
"62 years and over","0","-","4,475","22.0%","22,976","15.5%","4,091","23.3%","15,593","18.0%","3,369","15.7%","1,720","22.6%","12,150","19.8%","14,121","22.2%","4,137","22.0%","4,060","19.7%","3,109","22.9%","6,067","22.3%","18,022","19.8%","2,429","27.7%","5,347","21.4%","11,051","27.0%","1,083","30.7%","25,100","18.5%","12,619","24.1%","8,386","22.8%","2,026","19.6%","5,860","21.6%","3,815","20.6%","4,693","24.8%","5,716","28.3%","6,943","32.2%","13,653","22.4%","2,035","21.4%","2,636","26.0%","1,142","21.9%","9,904","19.4%","2,906","26.0%","9,353","22.2%","6,834","25.6%","8,089","23.0%","2,787","25.6%","18,570","15.3%","555","29.2%","11,876","19.9%","1,545","25.2%","12,953","17.5%","7,821","25.6%","4,223","24.1%","5,397","25.9%","5,484","22.4%","11,397","26.2%","6,180","23.0%","3,538","22.5%","14,682","22.9%","6,917","25.3%","7,364","25.0%","3,123","24.8%","1,007","27.6%","1,080","31.9%","630","37.9%","370","34.3%","416","30.6%","591","37.7%","1,020","32.4%","1,561","28.5%","985","32.6%","2,629","32.1%","672","29.8%","1,811","27.2%","6,192","22.0%","537","33.8%","925","28.8%","2,848","24.4%","845","37.4%","1,516","36.1%","1,073","40.0%","1,738","23.4%","8,829","24.9%","415","30.7%","1,215","33.3%","5,645","25.5%","2,773","27.1%","2,948","30.3%","0","-","1,248","33.3%","3,636","27.6%","3,626","25.5%","1,280","29.0%","1,704","23.8%","2,324","26.2%","3,076","24.2%","2,640","39.2%","2,186","25.9%","1,853","30.0%","1,200","28.5%","9,697","20.3%","3,909","37.3%","2,310","24.6%","2,267","33.5%","0","-","3,741","19.8%","1,539","25.7%","1,366","25.8%","9,068","32.1%","6,966","24.2%","2,781","22.6%","7,114","25.5%","6,731","30.5%","13,912","22.7%","5,270","29.8%","11,945","19.6%","2,011","26.6%","13,755","26.4%","6,370","20.2%","17,983","13.4%","3,685","27.2%","6,758","27.9%","3,967","27.8%","3,488","27.5%","2,557","27.2%","3,714","22.2%","7,635","38.4%","11,376","25.6%","19,933","17.4%","11,021","19.8%","3,960","24.5%","2,416","26.6%","0","-","668","27.5%","3,331","21.4%","5,534","29.6%","506","27.2%","2,425","21.3%","8,371","21.8%","1,700","23.8%","3,304","21.4%","1,017","24.2%","875","37.2%","4,120","22.4%","4,481","16.4%","1,321","25.7%","8,065","20.1%","2,623","34.4%","1,269","26.5%","915","21.7%","626","21.1%","5,997","32.7%","569","22.1%","5,516","28.2%","781","24.8%","1,272","26.2%","1,474","28.0%","2,727","22.3%","3,442","21.0%","2,031","22.3%","3,209","12.4%","2,431","23.7%","2,716","23.7%","3,223","22.1%","240","30.6%","7,126","23.6%","1,279","23.0%","1,028","24.5%","1,940","23.0%","1,257","24.9%","506","23.5%","444","26.9%","544","31.5%","4,067","22.9%","3,059","20.4%","960","22.5%","2,148","23.3%","369","23.4%","670","18.7%","2,184","23.8%","4,395","18.0%","1,941","23.6%"
"65 years and over","0","-","3,624","17.8%","18,229","12.3%","3,333","19.0%","12,467","14.4%","2,679","12.5%","1,346","17.7%","9,969","16.2%","11,615","18.3%","3,327","17.7%","3,258","15.8%","2,459","18.1%","4,873","17.9%","14,577","16.0%","2,000","22.8%","4,354","17.4%","9,098","22.3%","880","25.0%","20,418","15.1%","10,422","19.9%","6,930","18.8%","1,596","15.4%","4,791","17.7%","3,121","16.9%","3,974","21.0%","4,691","23.3%","5,913","27.5%","11,053","18.2%","1,608","16.9%","2,109","20.8%","885","17.0%","7,944","15.6%","2,345","21.0%","7,562","17.9%","5,621","21.0%","6,644","18.9%","2,235","20.5%","14,817","12.2%","431","22.7%","9,630","16.1%","1,253","20.4%","10,311","13.9%","6,504","21.3%","3,458","19.7%","4,517","21.7%","4,421","18.0%","9,605","22.1%","5,064","18.8%","2,860","18.2%","12,274","19.2%","5,719","21.0%","5,966","20.2%","2,537","20.1%","826","22.6%","876","25.9%","520","31.3%","289","26.8%","331","24.3%","495","31.6%","826","26.2%","1,274","23.2%","830","27.5%","2,237","27.3%","537","23.8%","1,429","21.5%","4,904","17.4%","431","27.1%","783","24.4%","2,235","19.2%","701","31.0%","1,321","31.5%","893","33.3%","1,370","18.4%","7,099","20.0%","342","25.3%","1,014","27.8%","4,610","20.9%","2,240","21.9%","2,388","24.6%","0","-","1,016","27.1%","2,980","22.6%","2,988","21.0%","1,036","23.5%","1,331","18.6%","1,861","21.0%","2,472","19.4%","2,226","33.1%","1,785","21.1%","1,544","25.0%","939","22.3%","7,850","16.5%","3,278","31.3%","1,894","20.2%","1,911","28.2%","0","-","2,911","15.4%","1,241","20.7%","1,084","20.5%","7,398","26.2%","5,811","20.2%","2,203","17.9%","5,918","21.2%","5,649","25.6%","11,537","18.9%","4,377","24.7%","9,510","15.6%","1,691","22.3%","11,194","21.5%","5,065","16.1%","14,639","10.9%","3,075","22.7%","5,662","23.3%","3,362","23.5%","2,887","22.7%","2,051","21.8%","2,942","17.6%","6,645","33.4%","9,420","21.2%","15,948","13.9%","8,836","15.9%","3,225","20.0%","2,016","22.2%","0","-","533","21.9%","2,601","16.7%","4,667","25.0%","415","22.3%","1,900","16.7%","6,897","18.0%","1,326","18.6%","2,659","17.3%","811","19.3%","744","31.6%","3,411","18.6%","3,581","13.1%","1,086","21.1%","6,450","16.1%","2,195","28.8%","1,024","21.4%","692","16.4%","488","16.4%","5,052","27.6%","466","18.1%","4,542","23.2%","593","18.8%","1,005","20.7%","1,184","22.5%","2,130","17.4%","2,752","16.8%","1,570","17.3%","2,682","10.4%","1,928","18.8%","2,116","18.4%","2,588","17.8%","201","25.6%","5,769","19.1%","980","17.6%","825","19.7%","1,609","19.0%","962","19.1%","395","18.4%","371","22.5%","430","24.9%","3,345","18.8%","2,432","16.2%","796","18.7%","1,734","18.8%","305","19.4%","499","13.9%","1,716","18.7%","3,549","14.5%","1,533","18.6%"
"Male population","0","-","9,896","100.0%","71,140","100.0%","8,424","100.0%","42,857","100.0%","10,529","100.0%","3,829","100.0%","28,841","100.0%","30,467","100.0%","9,247","100.0%","9,935","100.0%","6,765","100.0%","13,735","100.0%","44,388","100.0%","4,302","100.0%","12,157","100.0%","19,841","100.0%","1,752","100.0%","66,168","100.0%","24,705","100.0%","17,929","100.0%","5,168","100.0%","13,142","100.0%","8,976","100.0%","9,050","100.0%","9,776","100.0%","9,750","100.0%","29,193","100.0%","4,800","100.0%","4,936","100.0%","2,606","100.0%","24,561","100.0%","5,534","100.0%","21,590","100.0%","12,648","100.0%","16,920","100.0%","5,360","100.0%","58,133","100.0%","981","100.0%","28,746","100.0%","3,004","100.0%","35,867","100.0%","14,525","100.0%","8,552","100.0%","10,048","100.0%","11,864","100.0%","20,858","100.0%","12,964","100.0%","8,604","100.0%","30,276","100.0%","13,006","100.0%","14,000","100.0%","6,152","100.0%","1,801","100.0%","1,674","100.0%","824","100.0%","549","100.0%","714","100.0%","784","100.0%","1,572","100.0%","2,757","100.0%","1,511","100.0%","3,955","100.0%","1,131","100.0%","3,337","100.0%","13,902","100.0%","786","100.0%","1,609","100.0%","5,875","100.0%","1,129","100.0%","2,010","100.0%","1,353","100.0%","3,638","100.0%","17,466","100.0%","672","100.0%","1,795","100.0%","10,761","100.0%","5,044","100.0%","4,727","100.0%","0","-","1,823","100.0%","6,442","100.0%","6,809","100.0%","2,161","100.0%","3,586","100.0%","4,431","100.0%","6,320","100.0%","3,246","100.0%","4,273","100.0%","3,043","100.0%","2,120","100.0%","22,913","100.0%","4,967","100.0%","4,557","100.0%","3,277","100.0%","0","-","9,131","100.0%","2,955","100.0%","2,639","100.0%","13,217","100.0%","14,716","100.0%","5,854","100.0%","13,308","100.0%","10,684","100.0%","28,113","100.0%","8,535","100.0%","29,347","100.0%","3,653","100.0%","25,049","100.0%","15,361","100.0%","64,141","100.0%","6,546","100.0%","11,726","100.0%","6,958","100.0%","6,276","100.0%","4,593","100.0%","8,192","100.0%","9,226","100.0%","21,364","100.0%","54,687","100.0%","26,730","100.0%","7,918","100.0%","4,472","100.0%","0","-","1,224","100.0%","7,601","100.0%","8,455","100.0%","936","100.0%","5,648","100.0%","19,687","100.0%","3,617","100.0%","7,706","100.0%","2,099","100.0%","1,176","100.0%","9,740","100.0%","13,476","100.0%","2,633","100.0%","19,432","100.0%","3,712","100.0%","2,375","100.0%","2,118","100.0%","1,504","100.0%","8,820","100.0%","1,299","100.0%","9,366","100.0%","1,590","100.0%","2,437","100.0%","2,616","100.0%","6,077","100.0%","8,162","100.0%","4,546","100.0%","12,570","100.0%","5,757","100.0%","5,680","100.0%","7,233","100.0%","396","100.0%","14,561","100.0%","2,859","100.0%","2,068","100.0%","4,337","100.0%","2,541","100.0%","1,087","100.0%","828","100.0%","906","100.0%","8,718","100.0%","7,330","100.0%","2,144","100.0%","4,511","100.0%","796","100.0%","1,839","100.0%","4,610","100.0%","11,741","100.0%","4,057","100.0%"
"Male population Under 5 years","0","-","517","5.2%","4,457","6.3%","375","4.5%","2,394","5.6%","690","6.6%","208","5.4%","1,495","5.2%","1,657","5.4%","452","4.9%","530","5.3%","305","4.5%","634","4.6%","2,544","5.7%","184","4.3%","565","4.6%","888","4.5%","60","3.4%","4,066","6.1%","1,252","5.1%","1,047","5.8%","230","4.5%","622","4.7%","488","5.4%","432","4.8%","402","4.1%","409","4.2%","1,556","5.3%","252","5.3%","257","5.2%","165","6.3%","1,454","5.9%","260","4.7%","999","4.6%","587","4.6%","821","4.9%","279","5.2%","3,699","6.4%","27","2.8%","1,804","6.3%","139","4.6%","2,269","6.3%","657","4.5%","345","4.0%","551","5.5%","647","5.5%","1,021","4.9%","722","5.6%","335","3.9%","1,539","5.1%","676","5.2%","701","5.0%","262","4.3%","77","4.3%","59","3.5%","26","3.2%","18","3.3%","19","2.7%","28","3.6%","56","3.6%","107","3.9%","56","3.7%","134","3.4%","35","3.1%","137","4.1%","632","4.5%","27","3.4%","64","4.0%","236","4.0%","38","3.4%","60","3.0%","49","3.6%","143","3.9%","833","4.8%","29","4.3%","56","3.1%","515","4.8%","214","4.2%","172","3.6%","0","-","57","3.1%","217","3.4%","305","4.5%","65","3.0%","188","5.2%","218","4.9%","289","4.6%","97","3.0%","192","4.5%","122","4.0%","86","4.1%","1,053","4.6%","145","2.9%","222","4.9%","120","3.7%","0","-","503","5.5%","118","4.0%","124","4.7%","518","3.9%","642","4.4%","294","5.0%","601","4.5%","423","4.0%","1,307","4.6%","330","3.9%","1,614","5.5%","154","4.2%","1,109","4.4%","782","5.1%","3,767","5.9%","254","3.9%","556","4.7%","336","4.8%","255","4.1%","194","4.2%","374","4.6%","345","3.7%","978","4.6%","3,877","7.1%","1,374","5.1%","306","3.9%","205","4.6%","0","-","46","3.8%","423","5.6%","320","3.8%","47","5.0%","295","5.2%","1,126","5.7%","158","4.4%","437","5.7%","107","5.1%","33","2.8%","411","4.2%","685","5.1%","117","4.4%","1,094","5.6%","150","4.0%","107","4.5%","101","4.8%","73","4.9%","299","3.4%","50","3.8%","406","4.3%","74","4.7%","113","4.6%","118","4.5%","264","4.3%","404","4.9%","226","5.0%","259","2.1%","177","3.1%","249","4.4%","352","4.9%","15","3.8%","763","5.2%","104","3.6%","88","4.3%","186","4.3%","136","5.4%","47","4.3%","38","4.6%","40","4.4%","455","5.2%","406","5.5%","93","4.3%","266","5.9%","35","4.4%","89","4.8%","214","4.6%","602","5.1%","182","4.5%"
"Male population 5 to 9 years","0","-","623","6.3%","4,860","6.8%","521","6.2%","2,541","5.9%","999","9.5%","235","6.1%","1,888","6.5%","2,213","7.3%","561","6.1%","836","8.4%","385","5.7%","779","5.7%","2,527","5.7%","245","5.7%","881","7.2%","945","4.8%","55","3.1%","3,695","5.6%","1,403","5.7%","1,271","7.1%","381","7.4%","1,012","7.7%","593","6.6%","576","6.4%","480","4.9%","423","4.3%","1,640","5.6%","270","5.6%","303","6.1%","162","6.2%","1,606","6.5%","274","5.0%","1,055","4.9%","800","6.3%","1,103","6.5%","305","5.7%","3,752","6.5%","53","5.4%","1,762","6.1%","159","5.3%","2,299","6.4%","735","5.1%","440","5.1%","567","5.6%","747","6.3%","1,121","5.4%","939","7.2%","396","4.6%","1,762","5.8%","773","5.9%","726","5.2%","314","5.1%","74","4.1%","69","4.1%","32","3.9%","30","5.5%","33","4.6%","23","2.9%","70","4.5%","136","4.9%","49","3.2%","178","4.5%","54","4.8%","168","5.0%","747","5.4%","33","4.2%","81","5.0%","279","4.7%","37","3.3%","89","4.4%","54","4.0%","187","5.1%","959","5.5%","26","3.9%","70","3.9%","585","5.4%","201","4.0%","195","4.1%","0","-","72","3.9%","294","4.6%","370","5.4%","84","3.9%","168","4.7%","224","5.1%","364","5.8%","115","3.5%","232","5.4%","121","4.0%","101","4.8%","1,068","4.7%","189","3.8%","270","5.9%","107","3.3%","0","-","559","6.1%","122","4.1%","124","4.7%","560","4.2%","803","5.5%","286","4.9%","571","4.3%","638","6.0%","1,366","4.9%","423","5.0%","1,801","6.1%","242","6.6%","1,112","4.4%","966","6.3%","4,095","6.4%","319","4.9%","620","5.3%","440","6.3%","351","5.6%","251","5.5%","466","5.7%","452","4.9%","1,073","5.0%","4,016","7.3%","1,450","5.4%","412","5.2%","320","7.2%","0","-","53","4.3%","380","5.0%","440","5.2%","54","5.8%","296","5.2%","1,018","5.2%","211","5.8%","540","7.0%","112","5.3%","37","3.1%","467","4.8%","745","5.5%","142","5.4%","1,180","6.1%","176","4.7%","129","5.4%","127","6.0%","114","7.6%","386","4.4%","49","3.8%","473","5.1%","55","3.5%","115","4.7%","159","6.1%","364","6.0%","529","6.5%","231","5.1%","292","2.3%","278","4.8%","295","5.2%","410","5.7%","13","3.3%","692","4.8%","125","4.4%","107","5.2%","242","5.6%","152","6.0%","57","5.2%","46","5.6%","46","5.1%","531","6.1%","438","6.0%","112","5.2%","284","6.3%","42","5.3%","96","5.2%","226","4.9%","664","5.7%","230","5.7%"
"Male population 10 to 14 years","0","-","748","7.6%","5,422","7.6%","580","6.9%","2,695","6.3%","1,136","10.8%","318","8.3%","2,249","7.8%","2,560","8.4%","653","7.1%","1,055","10.6%","434","6.4%","884","6.4%","2,692","6.1%","295","6.9%","1,087","8.9%","1,108","5.6%","110","6.3%","3,809","5.8%","1,569","6.4%","1,445","8.1%","553","10.7%","1,232","9.4%","884","9.8%","673","7.4%","573","5.9%","504","5.2%","1,821","6.2%","357","7.4%","317","6.4%","178","6.8%","1,739","7.1%","210","3.8%","1,161","5.4%","870","6.9%","1,198","7.1%","356","6.6%","4,171","7.2%","73","7.4%","1,702","5.9%","221","7.4%","2,419","6.7%","873","6.0%","485","5.7%","544","5.4%","848","7.1%","1,339","6.4%","934","7.2%","434","5.0%","1,991","6.6%","793","6.1%","902","6.4%","315","5.1%","104","5.8%","75","4.5%","29","3.5%","34","6.2%","38","5.3%","38","4.8%","90","5.7%","204","7.4%","73","4.8%","229","5.8%","55","4.9%","192","5.8%","911","6.6%","49","6.2%","93","5.8%","351","6.0%","39","3.5%","144","7.2%","41","3.0%","206","5.7%","997","5.7%","33","4.9%","93","5.2%","664","6.2%","245","4.9%","256","5.4%","0","-","79","4.3%","379","5.9%","427","6.3%","131","6.1%","207","5.8%","217","4.9%","400","6.3%","150","4.6%","283","6.6%","187","6.1%","97","4.6%","1,056","4.6%","246","5.0%","266","5.8%","136","4.2%","0","-","615","6.7%","192","6.5%","146","5.5%","612","4.6%","902","6.1%","357","6.1%","702","5.3%","755","7.1%","1,623","5.8%","560","6.6%","2,044","7.0%","237","6.5%","1,274","5.1%","1,047","6.8%","4,466","7.0%","405","6.2%","663","5.7%","489","7.0%","396","6.3%","250","5.4%","490","6.0%","542","5.9%","1,182","5.5%","4,200","7.7%","1,591","6.0%","485","6.1%","363","8.1%","0","-","66","5.4%","498","6.6%","525","6.2%","42","4.5%","382","6.8%","934","4.7%","218","6.0%","564","7.3%","107","5.1%","56","4.8%","510","5.2%","740","5.5%","172","6.5%","1,181","6.1%","193","5.2%","132","5.6%","122","5.8%","102","6.8%","507","5.7%","88","6.8%","544","5.8%","79","5.0%","152","6.2%","138","5.3%","372","6.1%","557","6.8%","269","5.9%","380","3.0%","285","5.0%","358","6.3%","534","7.4%","19","4.8%","795","5.5%","136","4.8%","113","5.5%","254","5.9%","129","5.1%","67","6.2%","48","5.8%","49","5.4%","480","5.5%","472","6.4%","148","6.9%","284","6.3%","45","5.7%","117","6.4%","262","5.7%","761","6.5%","259","6.4%"
"Male population 15 to 19 years","0","-","672","6.8%","5,358","7.5%","578","6.9%","2,745","6.4%","1,037","9.8%","298","7.8%","3,004","10.4%","2,374","7.8%","682","7.4%","960","9.7%","517","7.6%","1,089","7.9%","2,653","6.0%","316","7.3%","1,026","8.4%","1,162","5.9%","103","5.9%","3,873","5.9%","1,614","6.5%","1,385","7.7%","517","10.0%","1,202","9.1%","852","9.5%","734","8.1%","667","6.8%","489","5.0%","1,797","6.2%","349","7.3%","315","6.4%","160","6.1%","1,730","7.0%","278","5.0%","1,119","5.2%","802","6.3%","1,213","7.2%","353","6.6%","4,902","8.4%","58","5.9%","1,593","5.5%","204","6.8%","2,836","7.9%","871","6.0%","463","5.4%","486","4.8%","926","7.8%","1,363","6.5%","837","6.5%","463","5.4%","2,247","7.4%","769","5.9%","908","6.5%","342","5.6%","137","7.6%","99","5.9%","43","5.2%","27","4.9%","34","4.8%","42","5.4%","90","5.7%","180","6.5%","113","7.5%","212","5.4%","72","6.4%","219","6.6%","966","6.9%","51","6.5%","98","6.1%","314","5.3%","68","6.0%","135","6.7%","66","4.9%","217","6.0%","1,038","5.9%","46","6.8%","125","7.0%","671","6.2%","293","5.8%","274","5.8%","0","-","96","5.3%","429","6.7%","418","6.1%","133","6.2%","273","7.6%","260","5.9%","380","6.0%","199","6.1%","285","6.7%","197","6.5%","145","6.8%","1,548","6.8%","297","6.0%","261","5.7%","176","5.4%","0","-","629","6.9%","193","6.5%","185","7.0%","645","4.9%","1,202","8.2%","371","6.3%","774","5.8%","729","6.8%","2,295","8.2%","680","8.0%","1,874","6.4%","284","7.8%","1,367","5.5%","983","6.4%","5,597","8.7%","390","6.0%","713","6.1%","444","6.4%","400","6.4%","313","6.8%","492","6.0%","605","6.6%","1,362","6.4%","3,939","7.2%","2,163","8.1%","555","7.0%","292","6.5%","0","-","58","4.7%","548","7.2%","535","6.3%","64","6.8%","370","6.6%","961","4.9%","214","5.9%","443","5.7%","127","6.1%","72","6.1%","501","5.1%","1,097","8.1%","160","6.1%","1,301","6.7%","236","6.4%","128","5.4%","124","5.9%","86","5.7%","501","5.7%","73","5.6%","596","6.4%","123","7.7%","154","6.3%","143","5.5%","344","5.7%","538","6.6%","347","7.6%","2,895","23.0%","313","5.4%","333","5.9%","576","8.0%","26","6.6%","690","4.7%","158","5.5%","119","5.8%","267","6.2%","179","7.0%","55","5.1%","33","4.0%","49","5.4%","499","5.7%","468","6.4%","195","9.1%","251","5.6%","51","6.4%","114","6.2%","268","5.8%","1,160","9.9%","319","7.9%"
"Male population 20 to 24 years","0","-","532","5.4%","5,566","7.8%","466","5.5%","3,005","7.0%","482","4.6%","199","5.2%","2,195","7.6%","1,615","5.3%","571","6.2%","486","4.9%","431","6.4%","899","6.5%","2,675","6.0%","226","5.3%","646","5.3%","1,130","5.7%","98","5.6%","4,432","6.7%","1,479","6.0%","973","5.4%","254","4.9%","666","5.1%","481","5.4%","448","5.0%","546","5.6%","607","6.2%","1,735","5.9%","264","5.5%","246","5.0%","112","4.3%","1,590","6.5%","315","5.7%","1,269","5.9%","690","5.5%","910","5.4%","248","4.6%","5,489","9.4%","52","5.3%","1,711","6.0%","144","4.8%","3,193","8.9%","813","5.6%","478","5.6%","528","5.3%","633","5.3%","1,069","5.1%","635","4.9%","510","5.9%","2,055","6.8%","734","5.6%","860","6.1%","375","6.1%","83","4.6%","82","4.9%","46","5.6%","24","4.4%","31","4.3%","33","4.2%","74","4.7%","127","4.6%","64","4.2%","203","5.1%","68","6.0%","173","5.2%","787","5.7%","33","4.2%","96","6.0%","348","5.9%","57","5.0%","81","4.0%","44","3.3%","231","6.3%","1,029","5.9%","28","4.2%","82","4.6%","578","5.4%","314","6.2%","235","5.0%","0","-","101","5.5%","346","5.4%","338","5.0%","94","4.3%","215","6.0%","210","4.7%","313","5.0%","128","3.9%","209","4.9%","159","5.2%","113","5.3%","2,259","9.9%","244","4.9%","219","4.8%","169","5.2%","0","-","615","6.7%","161","5.4%","152","5.8%","723","5.5%","1,027","7.0%","341","5.8%","808","6.1%","509","4.8%","2,725","9.7%","454","5.3%","1,918","6.5%","181","5.0%","1,450","5.8%","977","6.4%","7,090","11.1%","363","5.5%","682","5.8%","371","5.3%","313","5.0%","230","5.0%","473","5.8%","409","4.4%","1,250","5.9%","3,916","7.2%","2,439","9.1%","476","6.0%","239","5.3%","0","-","66","5.4%","428","5.6%","395","4.7%","58","6.2%","301","5.3%","2,019","10.3%","192","5.3%","428","5.6%","129","6.1%","68","5.8%","593","6.1%","1,658","12.3%","125","4.7%","1,359","7.0%","154","4.1%","115","4.8%","115","5.4%","70","4.7%","405","4.6%","64","4.9%","459","4.9%","104","6.5%","123","5.0%","121","4.6%","322","5.3%","457","5.6%","287","6.3%","4,461","35.5%","329","5.7%","287","5.1%","430","5.9%","19","4.8%","900","6.2%","326","11.4%","140","6.8%","256","5.9%","123","4.8%","48","4.4%","45","5.4%","48","5.3%","488","5.6%","445","6.1%","178","8.3%","252","5.6%","48","6.0%","92","5.0%","249","5.4%","1,409","12.0%","204","5.0%"
"Male population 25 to 29 years","0","-","472","4.8%","5,485","7.7%","414","4.9%","2,890","6.7%","250","2.4%","132","3.4%","980","3.4%","1,154","3.8%","385","4.2%","254","2.6%","323","4.8%","592","4.3%","3,352","7.6%","142","3.3%","381","3.1%","1,195","6.0%","66","3.8%","6,044","9.1%","1,497","6.1%","636","3.5%","124","2.4%","320","2.4%","244","2.7%","293","3.2%","458","4.7%","730","7.5%","1,954","6.7%","185","3.9%","209","4.2%","145","5.6%","1,748","7.1%","405","7.3%","1,800","8.3%","686","5.4%","800","4.7%","220","4.1%","4,975","8.6%","52","5.3%","2,419","8.4%","122","4.1%","2,970","8.3%","943","6.5%","580","6.8%","677","6.7%","496","4.2%","1,011","4.8%","593","4.6%","621","7.2%","2,106","7.0%","794","6.1%","870","6.2%","421","6.8%","66","3.7%","81","4.8%","37","4.5%","13","2.4%","38","5.3%","25","3.2%","65","4.1%","108","3.9%","71","4.7%","191","4.8%","48","4.2%","149","4.5%","782","5.6%","19","2.4%","101","6.3%","371","6.3%","30","2.7%","87","4.3%","49","3.6%","230","6.3%","1,150","6.6%","17","2.5%","88","4.9%","586","5.4%","299","5.9%","223","4.7%","0","-","95","5.2%","336","5.2%","366","5.4%","118","5.5%","184","5.1%","219","4.9%","330","5.2%","120","3.7%","182","4.3%","114","3.7%","103","4.9%","2,041","8.9%","183","3.7%","247","5.4%","179","5.5%","0","-","587","6.4%","171","5.8%","113","4.3%","778","5.9%","746","5.1%","427","7.3%","918","6.9%","353","3.3%","1,786","6.4%","318","3.7%","2,095","7.1%","129","3.5%","1,627","6.5%","1,096","7.1%","6,681","10.4%","351","5.4%","630","5.4%","262","3.8%","252","4.0%","231","5.0%","530","6.5%","326","3.5%","1,365","6.4%","3,986","7.3%","1,915","7.2%","431","5.4%","134","3.0%","0","-","81","6.6%","442","5.8%","369","4.4%","54","5.8%","318","5.6%","2,287","11.6%","225","6.2%","463","6.0%","103","4.9%","48","4.1%","740","7.6%","1,236","9.2%","104","3.9%","1,500","7.7%","129","3.5%","139","5.9%","125","5.9%","100","6.6%","461","5.2%","85","6.5%","485","5.2%","82","5.2%","112","4.6%","118","4.5%","321","5.3%","477","5.8%","192","4.2%","551","4.4%","360","6.3%","364","6.4%","282","3.9%","15","3.8%","1,401","9.6%","248","8.7%","140","6.8%","242","5.6%","107","4.2%","51","4.7%","32","3.9%","43","4.7%","614","7.0%","483","6.6%","95","4.4%","296","6.6%","35","4.4%","113","6.1%","290","6.3%","893","7.6%","182","4.5%"
"Male population 30 to 34 years","0","-","584","5.9%","5,440","7.6%","440","5.2%","3,438","8.0%","325","3.1%","137","3.6%","1,268","4.4%","1,223","4.0%","465","5.0%","254","2.6%","317","4.7%","722","5.3%","3,547","8.0%","168","3.9%","388","3.2%","1,250","6.3%","69","3.9%","6,122","9.3%","1,595","6.5%","747","4.2%","120","2.3%","291","2.2%","243","2.7%","361","4.0%","520","5.3%","625","6.4%","2,085","7.1%","227","4.7%","245","5.0%","148","5.7%","1,641","6.7%","448","8.1%","1,854","8.6%","684","5.4%","840","5.0%","250","4.7%","4,615","7.9%","41","4.2%","2,759","9.6%","153","5.1%","2,860","8.0%","993","6.8%","596","7.0%","705","7.0%","597","5.0%","1,288","6.2%","668","5.2%","655","7.6%","2,006","6.6%","801","6.2%","891","6.4%","472","7.7%","84","4.7%","82","4.9%","42","5.1%","31","5.6%","35","4.9%","44","5.6%","54","3.4%","115","4.2%","74","4.9%","205","5.2%","57","5.0%","164","4.9%","843","6.1%","37","4.7%","104","6.5%","398","6.8%","37","3.3%","69","3.4%","52","3.8%","217","6.0%","1,147","6.6%","22","3.3%","69","3.8%","619","5.8%","308","6.1%","251","5.3%","0","-","83","4.6%","383","5.9%","396","5.8%","100","4.6%","179","5.0%","260","5.9%","353","5.6%","128","3.9%","220","5.1%","98","3.2%","104","4.9%","1,762","7.7%","199","4.0%","292","6.4%","161","4.9%","0","-","686","7.5%","175","5.9%","130","4.9%","799","6.0%","766","5.2%","416","7.1%","959","7.2%","394","3.7%","1,938","6.9%","277","3.2%","2,144","7.3%","169","4.6%","1,731","6.9%","1,068","7.0%","5,961","9.3%","371","5.7%","636","5.4%","265","3.8%","310","4.9%","280","6.1%","564","6.9%","353","3.8%","1,425","6.7%","3,756","6.9%","1,796","6.7%","396","5.0%","152","3.4%","0","-","62","5.1%","491","6.5%","442","5.2%","39","4.2%","363","6.4%","1,733","8.8%","208","5.8%","560","7.3%","123","5.9%","60","5.1%","822","8.4%","1,035","7.7%","131","5.0%","1,434","7.4%","142","3.8%","121","5.1%","133","6.3%","87","5.8%","482","5.5%","73","5.6%","559","6.0%","95","6.0%","137","5.6%","157","6.0%","380","6.3%","506","6.2%","234","5.1%","366","2.9%","376","6.5%","392","6.9%","333","4.6%","14","3.5%","1,285","8.8%","203","7.1%","123","5.9%","303","7.0%","126","5.0%","74","6.8%","59","7.1%","37","4.1%","598","6.9%","509","6.9%","108","5.0%","330","7.3%","47","5.9%","125","6.8%","266","5.8%","844","7.2%","188","4.6%"
"Male population 35 to 39 years","0","-","647","6.5%","5,090","7.2%","466","5.5%","3,350","7.8%","552","5.2%","179","4.7%","1,483","5.1%","1,602","5.3%","500","5.4%","390","3.9%","330","4.9%","715","5.2%","3,485","7.9%","209","4.9%","575","4.7%","1,188","6.0%","73","4.2%","5,206","7.9%","1,543","6.2%","1,058","5.9%","177","3.4%","528","4.0%","419","4.7%","479","5.3%","568","5.8%","543","5.6%","2,030","7.0%","268","5.6%","291","5.9%","184","7.1%","1,505","6.1%","336","6.1%","1,715","7.9%","779","6.2%","985","5.8%","279","5.2%","3,848","6.6%","58","5.9%","2,304","8.0%","207","6.9%","2,400","6.7%","934","6.4%","622","7.3%","832","8.3%","704","5.9%","1,236","5.9%","936","7.2%","597","6.9%","1,921","6.3%","777","6.0%","876","6.3%","369","6.0%","88","4.9%","81","4.8%","22","2.7%","31","5.6%","36","5.0%","29","3.7%","64","4.1%","164","5.9%","83","5.5%","202","5.1%","51","4.5%","170","5.1%","823","5.9%","30","3.8%","108","6.7%","360","6.1%","45","4.0%","101","5.0%","68","5.0%","226","6.2%","1,129","6.5%","31","4.6%","88","4.9%","608","5.7%","305","6.0%","237","5.0%","0","-","92","5.0%","362","5.6%","506","7.4%","102","4.7%","203","5.7%","239","5.4%","393","6.2%","110","3.4%","226","5.3%","150","4.9%","91","4.3%","1,484","6.5%","195","3.9%","281","6.2%","159","4.9%","0","-","598","6.5%","188","6.4%","138","5.2%","779","5.9%","882","6.0%","383","6.5%","916","6.9%","540","5.1%","1,604","5.7%","372","4.4%","1,889","6.4%","193","5.3%","1,522","6.1%","1,029","6.7%","4,309","6.7%","363","5.5%","739","6.3%","361","5.2%","301","4.8%","280","6.1%","597","7.3%","413","4.5%","1,306","6.1%","3,436","6.3%","1,654","6.2%","414","5.2%","232","5.2%","0","-","64","5.2%","438","5.8%","397","4.7%","48","5.1%","366","6.5%","1,445","7.3%","225","6.2%","509","6.6%","118","5.6%","30","2.6%","701","7.2%","936","6.9%","147","5.6%","1,265","6.5%","167","4.5%","150","6.3%","127","6.0%","109","7.2%","458","5.2%","61","4.7%","516","5.5%","71","4.5%","162","6.6%","147","5.6%","367","6.0%","521","6.4%","261","5.7%","353","2.8%","437","7.6%","369","6.5%","440","6.1%","16","4.0%","988","6.8%","164","5.7%","113","5.5%","339","7.8%","156","6.1%","65","6.0%","42","5.1%","55","6.1%","595","6.8%","481","6.6%","99","4.6%","273","6.1%","43","5.4%","106","5.8%","281","6.1%","678","5.8%","243","6.0%"
"Male population 40 to 44 years","0","-","662","6.7%","4,650","6.5%","489","5.8%","3,064","7.1%","756","7.2%","210","5.5%","1,636","5.7%","2,008","6.6%","584","6.3%","640","6.4%","340","5.0%","783","5.7%","2,947","6.6%","203","4.7%","741","6.1%","1,083","5.5%","85","4.9%","4,327","6.5%","1,500","6.1%","1,142","6.4%","284","5.5%","774","5.9%","599","6.7%","583","6.4%","544","5.6%","470","4.8%","1,734","5.9%","313","6.5%","315","6.4%","154","5.9%","1,529","6.2%","280","5.1%","1,383","6.4%","775","6.1%","1,002","5.9%","276","5.1%","3,407","5.9%","42","4.3%","1,698","5.9%","166","5.5%","2,012","5.6%","780","5.4%","575","6.7%","629","6.3%","709","6.0%","1,306","6.3%","912","7.0%","663","7.7%","1,755","5.8%","802","6.2%","747","5.3%","345","5.6%","89","4.9%","80","4.8%","28","3.4%","24","4.4%","31","4.3%","19","2.4%","86","5.5%","124","4.5%","87","5.8%","181","4.6%","50","4.4%","169","5.1%","835","6.0%","38","4.8%","81","5.0%","357","6.1%","47","4.2%","99","4.9%","68","5.0%","209","5.7%","955","5.5%","30","4.5%","80","4.5%","632","5.9%","281","5.6%","228","4.8%","0","-","82","4.5%","344","5.3%","441","6.5%","105","4.9%","179","5.0%","222","5.0%","408","6.5%","117","3.6%","233","5.5%","146","4.8%","101","4.8%","1,248","5.4%","231","4.7%","275","6.0%","141","4.3%","0","-","547","6.0%","157","5.3%","137","5.2%","687","5.2%","887","6.0%","295","5.0%","725","5.4%","578","5.4%","1,550","5.5%","381","4.5%","1,838","6.3%","211","5.8%","1,381","5.5%","890","5.8%","3,836","6.0%","372","5.7%","664","5.7%","401","5.8%","346","5.5%","242","5.3%","495","6.0%","461","5.0%","1,233","5.8%","3,354","6.1%","1,487","5.6%","487","6.2%","294","6.6%","0","-","59","4.8%","415","5.5%","452","5.3%","47","5.0%","308","5.5%","915","4.6%","176","4.9%","487","6.3%","120","5.7%","37","3.1%","632","6.5%","781","5.8%","165","6.3%","1,130","5.8%","163","4.4%","136","5.7%","128","6.0%","88","5.9%","400","4.5%","55","4.2%","495","5.3%","73","4.6%","133","5.5%","130","5.0%","383","6.3%","537","6.6%","210","4.6%","295","2.3%","387","6.7%","287","5.1%","403","5.6%","15","3.8%","719","4.9%","139","4.9%","120","5.8%","301","6.9%","171","6.7%","70","6.4%","45","5.4%","43","4.7%","562","6.4%","428","5.8%","126","5.9%","266","5.9%","39","4.9%","115","6.3%","272","5.9%","619","5.3%","234","5.8%"
"Male population 45 to 49 years","0","-","647","6.5%","4,341","6.1%","567","6.7%","2,830","6.6%","814","7.7%","256","6.7%","1,987","6.9%","2,064","6.8%","623","6.7%","749","7.5%","436","6.4%","890","6.5%","2,857","6.4%","262","6.1%","887","7.3%","1,199","6.0%","104","5.9%","3,969","6.0%","1,448","5.9%","1,246","6.9%","398","7.7%","994","7.6%","718","8.0%","634","7.0%","620","6.3%","499","5.1%","1,814","6.2%","319","6.6%","285","5.8%","161","6.2%","1,499","6.1%","283","5.1%","1,289","6.0%","854","6.8%","1,166","6.9%","353","6.6%","3,032","5.2%","62","6.3%","1,579","5.5%","192","6.4%","1,889","5.3%","932","6.4%","564","6.6%","547","5.4%","791","6.7%","1,368","6.6%","837","6.5%","607","7.1%","1,832","6.1%","795","6.1%","845","6.0%","349","5.7%","110","6.1%","92","5.5%","31","3.8%","26","4.7%","44","6.2%","32","4.1%","90","5.7%","168","6.1%","72","4.8%","235","5.9%","72","6.4%","209","6.3%","901","6.5%","48","6.1%","103","6.4%","354","6.0%","63","5.6%","126","6.3%","71","5.2%","216","5.9%","1,003","5.7%","61","9.1%","103","5.7%","686","6.4%","270","5.4%","288","6.1%","0","-","78","4.3%","396","6.1%","445","6.5%","137","6.3%","235","6.6%","263","5.9%","405","6.4%","164","5.1%","306","7.2%","185","6.1%","131","6.2%","1,258","5.5%","282","5.7%","314","6.9%","220","6.7%","0","-","487","5.3%","189","6.4%","159","6.0%","692","5.2%","980","6.7%","338","5.8%","828","6.2%","628","5.9%","1,657","5.9%","498","5.8%","1,856","6.3%","280","7.7%","1,514","6.0%","943","6.1%","3,104","4.8%","386","5.9%","723","6.2%","458","6.6%","418","6.7%","257","5.6%","521","6.4%","504","5.5%","1,341","6.3%","3,185","5.8%","1,503","5.6%","542","6.8%","282","6.3%","0","-","83","6.8%","455","6.0%","507","6.0%","57","6.1%","389","6.9%","868","4.4%","196","5.4%","410","5.3%","119","5.7%","49","4.2%","632","6.5%","682","5.1%","151","5.7%","1,190","6.1%","242","6.5%","126","5.3%","142","6.7%","74","4.9%","468","5.3%","106","8.2%","539","5.8%","107","6.7%","149","6.1%","153","5.8%","386","6.4%","518","6.3%","305","6.7%","332","2.6%","396","6.9%","354","6.2%","487","6.7%","27","6.8%","754","5.2%","143","5.0%","125","6.0%","284","6.5%","182","7.2%","67","6.2%","50","6.0%","57","6.3%","555","6.4%","502","6.8%","144","6.7%","309","6.8%","58","7.3%","133","7.2%","302","6.6%","602","5.1%","267","6.6%"
"Male population 50 to 54 years","0","-","722","7.3%","4,517","6.3%","637","7.6%","2,886","6.7%","874","8.3%","290","7.6%","2,233","7.7%","2,430","8.0%","721","7.8%","862","8.7%","587","8.7%","1,163","8.5%","2,920","6.6%","332","7.7%","1,077","8.9%","1,496","7.5%","130","7.4%","4,067","6.1%","1,805","7.3%","1,336","7.5%","476","9.2%","1,160","8.8%","756","8.4%","725","8.0%","711","7.3%","600","6.2%","2,071","7.1%","444","9.3%","391","7.9%","177","6.8%","1,653","6.7%","382","6.9%","1,455","6.7%","878","6.9%","1,302","7.7%","413","7.7%","3,393","5.8%","71","7.2%","1,712","6.0%","249","8.3%","1,998","5.6%","1,074","7.4%","582","6.8%","657","6.5%","890","7.5%","1,589","7.6%","872","6.7%","683","7.9%","1,928","6.4%","893","6.9%","981","7.0%","462","7.5%","182","10.1%","122","7.3%","65","7.9%","37","6.7%","52","7.3%","62","7.9%","116","7.4%","230","8.3%","128","8.5%","275","7.0%","110","9.7%","270","8.1%","1,102","7.9%","54","6.9%","98","6.1%","460","7.8%","75","6.6%","118","5.9%","74","5.5%","334","9.2%","1,298","7.4%","50","7.4%","142","7.9%","845","7.9%","345","6.8%","378","8.0%","0","-","158","8.7%","514","8.0%","489","7.2%","202","9.3%","299","8.3%","337","7.6%","452","7.2%","254","7.8%","325","7.6%","274","9.0%","176","8.3%","1,498","6.5%","345","6.9%","377","8.3%","244","7.4%","0","-","641","7.0%","238","8.1%","208","7.9%","917","6.9%","1,191","8.1%","450","7.7%","941","7.1%","819","7.7%","1,713","6.1%","705","8.3%","1,963","6.7%","273","7.5%","1,915","7.6%","1,112","7.2%","3,251","5.1%","497","7.6%","824","7.0%","538","7.7%","516","8.2%","357","7.8%","598","7.3%","643","7.0%","1,457","6.8%","3,440","6.3%","1,749","6.5%","614","7.8%","309","6.9%","0","-","107","8.7%","588","7.7%","614","7.3%","71","7.6%","414","7.3%","983","5.0%","263","7.3%","526","6.8%","179","8.5%","70","6.0%","707","7.3%","702","5.2%","210","8.0%","1,233","6.3%","274","7.4%","158","6.7%","151","7.1%","104","6.9%","624","7.1%","118","9.1%","681","7.3%","131","8.2%","173","7.1%","182","7.0%","486","8.0%","571","7.0%","403","8.9%","383","3.0%","462","8.0%","416","7.3%","573","7.9%","29","7.3%","902","6.2%","179","6.3%","156","7.5%","320","7.4%","173","6.8%","93","8.6%","55","6.6%","69","7.6%","591","6.8%","504","6.9%","162","7.6%","305","6.8%","58","7.3%","156","8.5%","347","7.5%","595","5.1%","312","7.7%"
"Male population 55 to 59 years","0","-","754","7.6%","4,514","6.3%","740","8.8%","2,907","6.8%","769","7.3%","357","9.3%","2,158","7.5%","2,312","7.6%","849","9.2%","764","7.7%","613","9.1%","1,323","9.6%","3,164","7.1%","419","9.7%","1,074","8.8%","1,635","8.2%","183","10.4%","4,146","6.3%","1,853","7.5%","1,310","7.3%","446","8.6%","1,161","8.8%","724","8.1%","722","8.0%","843","8.6%","770","7.9%","2,142","7.3%","421","8.8%","379","7.7%","219","8.4%","1,754","7.1%","479","8.7%","1,679","7.8%","944","7.5%","1,469","8.7%","488","9.1%","3,371","5.8%","79","8.1%","1,839","6.4%","268","8.9%","2,145","6.0%","1,165","8.0%","676","7.9%","682","6.8%","978","8.2%","1,576","7.6%","973","7.5%","702","8.2%","2,075","6.9%","1,016","7.8%","1,020","7.3%","523","8.5%","166","9.2%","161","9.6%","85","10.3%","45","8.2%","75","10.5%","80","10.2%","131","8.3%","226","8.2%","135","8.9%","349","8.8%","80","7.1%","322","9.6%","1,223","8.8%","82","10.4%","139","8.6%","494","8.4%","123","10.9%","165","8.2%","136","10.1%","305","8.4%","1,342","7.7%","66","9.8%","157","8.7%","890","8.3%","515","10.2%","434","9.2%","0","-","188","10.3%","557","8.6%","533","7.8%","198","9.2%","316","8.8%","417","9.4%","569","9.0%","320","9.9%","360","8.4%","293","9.6%","208","9.8%","1,673","7.3%","453","9.1%","354","7.8%","326","9.9%","0","-","724","7.9%","231","7.8%","242","9.2%","1,108","8.4%","1,138","7.7%","469","8.0%","1,105","8.3%","858","8.0%","1,879","6.7%","787","9.2%","2,142","7.3%","288","7.9%","2,099","8.4%","1,207","7.9%","3,152","4.9%","591","9.0%","942","8.0%","569","8.2%","550","8.8%","373","8.1%","630","7.7%","768","8.3%","1,689","7.9%","3,456","6.3%","1,909","7.1%","726","9.2%","358","8.0%","0","-","112","9.2%","704","9.3%","743","8.8%","83","8.9%","479","8.5%","1,174","6.0%","352","9.7%","567","7.4%","189","9.0%","119","10.1%","792","8.1%","813","6.0%","246","9.3%","1,390","7.2%","315","8.5%","212","8.9%","181","8.5%","122","8.1%","748","8.5%","127","9.8%","829","8.9%","141","8.9%","196","8.0%","235","9.0%","566","9.3%","676","8.3%","415","9.1%","415","3.3%","551","9.6%","493","8.7%","630","8.7%","51","12.9%","1,073","7.4%","216","7.6%","174","8.4%","325","7.5%","218","8.6%","105","9.7%","84","10.1%","73","8.1%","669","7.7%","565","7.7%","159","7.4%","320","7.1%","69","8.7%","173","9.4%","447","9.7%","698","5.9%","364","9.0%"
"Male population 60 to 64 years","0","-","723","7.3%","3,869","5.4%","672","8.0%","2,604","6.1%","629","6.0%","329","8.6%","1,914","6.6%","2,074","6.8%","660","7.1%","685","6.9%","572","8.5%","1,055","7.7%","2,735","6.2%","342","7.9%","903","7.4%","1,591","8.0%","187","10.7%","3,703","5.6%","1,752","7.1%","1,265","7.1%","411","8.0%","984","7.5%","632","7.0%","678","7.5%","790","8.1%","739","7.6%","2,129","7.3%","351","7.3%","426","8.6%","219","8.4%","1,660","6.8%","507","9.2%","1,578","7.3%","938","7.4%","1,184","7.0%","462","8.6%","3,074","5.3%","104","10.6%","1,718","6.0%","207","6.9%","2,137","6.0%","1,011","7.0%","635","7.4%","660","6.6%","936","7.9%","1,460","7.0%","916","7.1%","614","7.1%","1,979","6.5%","957","7.4%","1,078","7.7%","521","8.5%","159","8.8%","175","10.5%","89","10.8%","53","9.7%","75","10.5%","89","11.4%","161","10.2%","221","8.0%","122","8.1%","343","8.7%","113","10.0%","303","9.1%","1,087","7.8%","76","9.7%","126","7.8%","507","8.6%","110","9.7%","152","7.6%","149","11.0%","309","8.5%","1,465","8.4%","63","9.4%","155","8.6%","813","7.6%","433","8.6%","431","9.1%","0","-","182","10.0%","551","8.6%","501","7.4%","187","8.7%","321","9.0%","446","10.1%","504","8.0%","328","10.1%","370","8.7%","277","9.1%","213","10.0%","1,572","6.9%","481","9.7%","340","7.5%","301","9.2%","0","-","656","7.2%","248","8.4%","271","10.3%","1,248","9.4%","953","6.5%","470","8.0%","979","7.4%","894","8.4%","1,841","6.5%","750","8.8%","1,972","6.7%","240","6.6%","2,088","8.3%","1,054","6.9%","2,735","4.3%","512","7.8%","878","7.5%","508","7.3%","491","7.8%","407","8.9%","633","7.7%","778","8.4%","1,650","7.7%","3,262","6.0%","1,823","6.8%","625","7.9%","331","7.4%","0","-","113","9.2%","609","8.0%","693","8.2%","80","8.5%","457","8.1%","1,228","6.2%","311","8.6%","505","6.6%","182","8.7%","118","10.0%","685","7.0%","752","5.6%","220","8.4%","1,310","6.7%","345","9.3%","214","9.0%","193","9.1%","130","8.6%","802","9.1%","103","7.9%","772","8.2%","170","10.7%","235","9.6%","245","9.4%","506","8.3%","587","7.2%","404","8.9%","400","3.2%","464","8.1%","515","9.1%","578","8.0%","34","8.6%","1,083","7.4%","225","7.9%","171","8.3%","288","6.6%","210","8.3%","92","8.5%","66","8.0%","80","8.8%","623","7.1%","567","7.7%","151","7.0%","364","8.1%","64","8.0%","153","8.3%","389","8.4%","664","5.7%","341","8.4%"
"Male population 65 to 69 years","0","-","580","5.9%","2,811","4.0%","512","6.1%","2,022","4.7%","399","3.8%","230","6.0%","1,418","4.9%","1,671","5.5%","572","6.2%","461","4.6%","400","5.9%","772","5.6%","2,170","4.9%","312","7.3%","620","5.1%","1,232","6.2%","149","8.5%","2,948","4.5%","1,444","5.8%","939","5.2%","287","5.6%","731","5.6%","435","4.8%","506","5.6%","698","7.1%","627","6.4%","1,632","5.6%","310","6.5%","323","6.5%","160","6.1%","1,203","4.9%","377","6.8%","1,151","5.3%","765","6.0%","901","5.3%","394","7.4%","2,297","4.0%","85","8.7%","1,459","5.1%","204","6.8%","1,735","4.8%","842","5.8%","535","6.3%","606","6.0%","647","5.5%","1,226","5.9%","761","5.9%","461","5.4%","1,621","5.4%","764","5.9%","891","6.4%","373","6.1%","133","7.4%","165","9.9%","67","8.1%","59","10.7%","66","9.2%","75","9.6%","152","9.7%","210","7.6%","133","8.8%","354","9.0%","95","8.4%","260","7.8%","802","5.8%","80","10.2%","91","5.7%","407","6.9%","114","10.1%","163","8.1%","133","9.8%","226","6.2%","1,115","6.4%","56","8.3%","160","8.9%","694","6.4%","396","7.9%","364","7.7%","0","-","144","7.9%","454","7.0%","387","5.7%","182","8.4%","227","6.3%","336","7.6%","420","6.6%","312","9.6%","286","6.7%","221","7.3%","166","7.8%","1,248","5.4%","477","9.6%","277","6.1%","275","8.4%","0","-","448","4.9%","196","6.6%","178","6.7%","1,059","8.0%","860","5.8%","355","6.1%","817","6.1%","818","7.7%","1,596","5.7%","586","6.9%","1,502","5.1%","227","6.2%","1,714","6.8%","783","5.1%","2,165","3.4%","438","6.7%","745","6.4%","422","6.1%","450","7.2%","311","6.8%","496","6.1%","695","7.5%","1,365","6.4%","2,489","4.6%","1,350","5.1%","528","6.7%","330","7.4%","0","-","81","6.6%","415","5.5%","598","7.1%","70","7.5%","347","6.1%","993","5.0%","272","7.5%","441","5.7%","132","6.3%","130","11.1%","525","5.4%","638","4.7%","208","7.9%","1,095","5.6%","343","9.2%","169","7.1%","156","7.4%","94","6.3%","695","7.9%","98","7.5%","627","6.7%","120","7.5%","171","7.0%","205","7.8%","381","6.3%","438","5.4%","275","6.0%","423","3.4%","323","5.6%","378","6.7%","374","5.2%","28","7.1%","845","5.8%","210","7.3%","160","7.7%","227","5.2%","174","6.8%","77","7.1%","64","7.7%","71","7.8%","520","6.0%","405","5.5%","154","7.2%","250","5.5%","53","6.7%","108","5.9%","274","5.9%","544","4.6%","271","6.7%"
"Male population 70 to 74 years","0","-","426","4.3%","2,089","2.9%","394","4.7%","1,461","3.4%","298","2.8%","169","4.4%","1,100","3.8%","1,207","4.0%","402","4.3%","363","3.7%","285","4.2%","543","4.0%","1,658","3.7%","266","6.2%","489","4.0%","1,066","5.4%","116","6.6%","2,212","3.3%","1,115","4.5%","697","3.9%","194","3.8%","550","4.2%","331","3.7%","485","5.4%","515","5.3%","591","6.1%","1,176","4.0%","215","4.5%","235","4.8%","99","3.8%","878","3.6%","274","5.0%","764","3.5%","592","4.7%","782","4.6%","280","5.2%","1,733","3.0%","53","5.4%","1,062","3.7%","168","5.6%","1,183","3.3%","749","5.2%","410","4.8%","525","5.2%","506","4.3%","1,086","5.2%","518","4.0%","331","3.8%","1,342","4.4%","641","4.9%","714","5.1%","250","4.1%","119","6.6%","116","6.9%","71","8.6%","42","7.7%","56","7.8%","74","9.4%","124","7.9%","189","6.9%","104","6.9%","279","7.1%","74","6.5%","202","6.1%","628","4.5%","62","7.9%","91","5.7%","288","4.9%","113","10.0%","151","7.5%","112","8.3%","185","5.1%","841","4.8%","38","5.7%","114","6.4%","537","5.0%","294","5.8%","329","7.0%","0","-","141","7.7%","378","5.9%","365","5.4%","146","6.8%","178","5.0%","262","5.9%","345","5.5%","249","7.7%","226","5.3%","230","7.6%","113","5.3%","826","3.6%","380","7.7%","235","5.2%","219","6.7%","0","-","343","3.8%","158","5.3%","135","5.1%","816","6.2%","712","4.8%","252","4.3%","644","4.8%","722","6.8%","1,296","4.6%","557","6.5%","1,163","4.0%","219","6.0%","1,287","5.1%","622","4.0%","1,755","2.7%","365","5.6%","641","5.5%","385","5.5%","403","6.4%","262","5.7%","350","4.3%","661","7.2%","995","4.7%","1,795","3.3%","1,116","4.2%","329","4.2%","239","5.3%","0","-","68","5.6%","337","4.4%","519","6.1%","39","4.2%","271","4.8%","772","3.9%","198","5.5%","329","4.3%","119","5.7%","102","8.7%","434","4.5%","443","3.3%","128","4.9%","781","4.0%","249","6.7%","133","5.6%","82","3.9%","69","4.6%","620","7.0%","68","5.2%","529","5.6%","76","4.8%","126","5.2%","144","5.5%","277","4.6%","356","4.4%","247","5.4%","307","2.4%","251","4.4%","250","4.4%","330","4.6%","33","8.3%","626","4.3%","111","3.9%","109","5.3%","191","4.4%","131","5.2%","55","5.1%","61","7.4%","65","7.2%","391","4.5%","276","3.8%","84","3.9%","196","4.3%","53","6.7%","57","3.1%","210","4.6%","413","3.5%","185","4.6%"
"Male population 75 to 79 years","0","-","286","2.9%","1,250","1.8%","261","3.1%","916","2.1%","233","2.2%","130","3.4%","781","2.7%","941","3.1%","252","2.7%","267","2.7%","235","3.5%","413","3.0%","1,098","2.5%","143","3.3%","340","2.8%","737","3.7%","87","5.0%","1,494","2.3%","802","3.2%","549","3.1%","163","3.2%","399","3.0%","231","2.6%","285","3.1%","367","3.8%","439","4.5%","869","3.0%","162","3.4%","204","4.1%","81","3.1%","641","2.6%","193","3.5%","574","2.7%","403","3.2%","549","3.2%","176","3.3%","1,143","2.0%","45","4.6%","734","2.6%","122","4.1%","674","1.9%","477","3.3%","273","3.2%","354","3.5%","350","3.0%","831","4.0%","378","2.9%","242","2.8%","849","2.8%","407","3.1%","458","3.3%","178","2.9%","65","3.6%","78","4.7%","53","6.4%","27","4.9%","27","3.8%","55","7.0%","77","4.9%","140","5.1%","52","3.4%","185","4.7%","49","4.3%","110","3.3%","422","3.0%","40","5.1%","48","3.0%","190","3.2%","68","6.0%","112","5.6%","89","6.6%","98","2.7%","557","3.2%","36","5.4%","98","5.5%","391","3.6%","157","3.1%","219","4.6%","0","-","83","4.6%","229","3.6%","194","2.8%","91","4.2%","101","2.8%","171","3.9%","192","3.0%","193","5.9%","167","3.9%","138","4.5%","75","3.5%","577","2.5%","274","5.5%","148","3.2%","176","5.4%","0","-","242","2.7%","118","4.0%","103","3.9%","582","4.4%","482","3.3%","172","2.9%","431","3.2%","496","4.6%","776","2.8%","414","4.9%","742","2.5%","169","4.6%","884","3.5%","405","2.6%","1,020","1.6%","234","3.6%","432","3.7%","250","3.6%","262","4.2%","172","3.7%","234","2.9%","526","5.7%","736","3.4%","1,181","2.2%","681","2.5%","271","3.4%","169","3.8%","0","-","41","3.3%","232","3.1%","425","5.0%","41","4.4%","157","2.8%","549","2.8%","104","2.9%","250","3.2%","67","3.2%","81","6.9%","277","2.8%","256","1.9%","113","4.3%","476","2.4%","213","5.7%","85","3.6%","73","3.4%","45","3.0%","430","4.9%","41","3.2%","393","4.2%","48","3.0%","93","3.8%","115","4.4%","187","3.1%","255","3.1%","135","3.0%","213","1.7%","185","3.2%","175","3.1%","253","3.5%","21","5.3%","495","3.4%","95","3.3%","63","3.0%","128","3.0%","104","4.1%","33","3.0%","24","2.9%","42","4.6%","234","2.7%","186","2.5%","69","3.2%","126","2.8%","23","2.9%","49","2.7%","157","3.4%","267","2.3%","151","3.7%"
"Male population 80 to 84 years","0","-","160","1.6%","711","1.0%","177","2.1%","544","1.3%","133","1.3%","83","2.2%","510","1.8%","690","2.3%","165","1.8%","178","1.8%","156","2.3%","226","1.6%","672","1.5%","98","2.3%","237","1.9%","479","2.4%","50","2.9%","955","1.4%","503","2.0%","397","2.2%","81","1.6%","263","2.0%","156","1.7%","237","2.6%","235","2.4%","308","3.2%","507","1.7%","49","1.0%","87","1.8%","46","1.8%","418","1.7%","121","2.2%","403","1.9%","264","2.1%","368","2.2%","129","2.4%","634","1.1%","12","1.2%","438","1.5%","39","1.3%","402","1.1%","335","2.3%","148","1.7%","219","2.2%","229","1.9%","493","2.4%","259","2.0%","135","1.6%","561","1.9%","310","2.4%","285","2.0%","127","2.1%","37","2.1%","27","1.6%","31","3.8%","18","3.3%","15","2.1%","17","2.2%","45","2.9%","63","2.3%","54","3.6%","111","2.8%","25","2.2%","76","2.3%","215","1.5%","11","1.4%","43","2.7%","99","1.7%","43","3.8%","75","3.7%","60","4.4%","62","1.7%","305","1.7%","18","2.7%","60","3.3%","234","2.2%","86","1.7%","113","2.4%","0","-","42","2.3%","153","2.4%","157","2.3%","41","1.9%","62","1.7%","73","1.6%","135","2.1%","106","3.3%","93","2.2%","80","2.6%","47","2.2%","383","1.7%","169","3.4%","101","2.2%","99","3.0%","0","-","135","1.5%","64","2.2%","52","2.0%","341","2.6%","270","1.8%","99","1.7%","268","2.0%","277","2.6%","534","1.9%","238","2.8%","419","1.4%","89","2.4%","482","1.9%","221","1.4%","609","0.9%","160","2.4%","350","3.0%","202","2.9%","156","2.5%","107","2.3%","130","1.6%","328","3.6%","454","2.1%","692","1.3%","357","1.3%","174","2.2%","100","2.2%","0","-","26","2.1%","109","1.4%","272","3.2%","26","2.8%","69","1.2%","319","1.6%","51","1.4%","139","1.8%","34","1.6%","39","3.3%","173","1.8%","154","1.1%","55","2.1%","249","1.3%","114","3.1%","71","3.0%","25","1.2%","18","1.2%","254","2.9%","17","1.3%","219","2.3%","25","1.6%","59","2.4%","65","2.5%","103","1.7%","126","1.5%","66","1.5%","115","0.9%","93","1.6%","104","1.8%","156","2.2%","12","3.0%","287","2.0%","37","1.3%","30","1.5%","100","2.3%","36","1.4%","23","2.1%","21","2.5%","24","2.6%","168","1.9%","109","1.5%","41","1.9%","63","1.4%","16","2.0%","26","1.4%","93","2.0%","178","1.5%","65","1.6%"
"Male population 85 years and over","0","-","141","1.4%","710","1.0%","135","1.6%","565","1.3%","153","1.5%","69","1.8%","542","1.9%","672","2.2%","150","1.6%","201","2.0%","99","1.5%","253","1.8%","692","1.6%","140","3.3%","240","2.0%","457","2.3%","27","1.5%","1,100","1.7%","531","2.1%","486","2.7%","72","1.4%","253","1.9%","190","2.1%","199","2.2%","239","2.4%","377","3.9%","501","1.7%","44","0.9%","108","2.2%","36","1.4%","313","1.3%","112","2.0%","342","1.6%","337","2.7%","327","1.9%","99","1.8%","598","1.0%","14","1.4%","453","1.6%","40","1.3%","446","1.2%","341","2.3%","145","1.7%","279","2.8%","230","1.9%","475","2.3%","274","2.1%","155","1.8%","707","2.3%","304","2.3%","247","1.8%","154","2.5%","28","1.6%","30","1.8%","27","3.3%","10","1.8%","9","1.3%","19","2.4%","27","1.7%","45","1.6%","41","2.7%","89","2.3%","23","2.0%","44","1.3%","196","1.4%","16","2.0%","44","2.7%","62","1.1%","22","1.9%","83","4.1%","38","2.8%","37","1.0%","303","1.7%","22","3.3%","55","3.1%","213","2.0%","88","1.7%","100","2.1%","0","-","50","2.7%","120","1.9%","171","2.5%","45","2.1%","51","1.4%","57","1.3%","68","1.1%","156","4.8%","78","1.8%","51","1.7%","50","2.4%","359","1.6%","177","3.6%","78","1.7%","69","2.1%","0","-","116","1.3%","36","1.2%","42","1.6%","353","2.7%","273","1.9%","79","1.3%","321","2.4%","253","2.4%","627","2.2%","205","2.4%","371","1.3%","68","1.9%","493","2.0%","176","1.1%","548","0.9%","175","2.7%","288","2.5%","257","3.7%","106","1.7%","76","1.7%","119","1.5%","417","4.5%","503","2.4%","707","1.3%","373","1.4%","147","1.9%","123","2.8%","0","-","38","3.1%","89","1.2%","209","2.5%","16","1.7%","66","1.2%","363","1.8%","43","1.2%","108","1.4%","32","1.5%","27","2.3%","138","1.4%","123","0.9%","39","1.5%","264","1.4%","107","2.9%","50","2.1%","13","0.6%","19","1.3%","280","3.2%","23","1.8%","244","2.6%","16","1.0%","34","1.4%","41","1.6%","68","1.1%","109","1.3%","39","0.9%","130","1.0%","90","1.6%","61","1.1%","92","1.3%","9","2.3%","263","1.8%","40","1.4%","17","0.8%","84","1.9%","34","1.3%","8","0.7%","15","1.8%","15","1.7%","145","1.7%","86","1.2%","26","1.2%","76","1.7%","17","2.1%","17","0.9%","63","1.4%","150","1.3%","60","1.5%"
"Selected Age Categories","","","","","","","","","","","","","","","","","","","","","","","","","","","","","","","","","","","","","","","","","","","","","","","","","","","","","","","","","","","","","","","","","","","","","","","","","","","","","","","","","","","","","","","","","","","","","","","","","","","","","","","","","","","","","","","","","","","","","","","","","","","","","","","","","","","","","","","","","","","","","","","","","","","","","","","","","","","","","","","","","","","","","","","","","","","","","","","","","","","","","","","","","","","","","","","","","","","","","","","","","","","","","","","","","","","","","","","","","","","","","","","","","","","","","","","","","","","","","","","","","","","","","","","","","","","","","","","","","","","","","","","","","","","","","","","","","","","","","","","","","","","","","","","","","","","","","","","","","","","","","","","","","","","","","","","","","","","","","","","","","","","","","","","","","","","","","","","","","","","","","","","","","",""
"16 years and over","0","-","7,877","79.6%","55,397","77.9%","6,810","80.8%","34,691","80.9%","7,464","70.9%","3,007","78.5%","22,739","78.8%","23,482","77.1%","7,429","80.3%","7,300","73.5%","5,544","82.0%","11,235","81.8%","36,073","81.3%","3,511","81.6%","9,401","77.3%","16,657","84.0%","1,501","85.7%","53,873","81.4%","20,139","81.5%","13,815","77.1%","3,894","75.3%","10,017","76.2%","6,812","75.9%","7,223","79.8%","8,167","83.5%","8,318","85.3%","23,827","81.6%","3,851","80.2%","3,995","80.9%","2,060","79.0%","19,441","79.2%","4,724","85.4%","18,158","84.1%","10,196","80.6%","13,526","79.9%","4,346","81.1%","45,715","78.6%","815","83.1%","23,133","80.5%","2,436","81.1%","28,366","79.1%","12,074","83.1%","7,190","84.1%","8,279","82.4%","9,424","79.4%","17,086","81.9%","10,183","78.5%","7,344","85.4%","24,499","80.9%","10,599","81.5%","11,491","82.1%","5,187","84.3%","1,519","84.3%","1,462","87.3%","730","88.6%","461","84.0%","619","86.7%","687","87.6%","1,346","85.6%","2,276","82.6%","1,313","86.9%","3,383","85.5%","976","86.3%","2,803","84.0%","11,395","82.0%","665","84.6%","1,352","84.0%","4,945","84.2%","1,008","89.3%","1,679","83.5%","1,196","88.4%","3,057","84.0%","14,461","82.8%","571","85.0%","1,542","85.9%","8,849","82.2%","4,337","86.0%","4,049","85.7%","0","-","1,592","87.3%","5,445","84.5%","5,607","82.3%","1,852","85.7%","2,974","82.9%","3,721","84.0%","5,193","82.2%","2,843","87.6%","3,512","82.2%","2,582","84.9%","1,806","85.2%","19,469","85.0%","4,325","87.1%","3,747","82.2%","2,861","87.3%","0","-","7,320","80.2%","2,478","83.9%","2,202","83.4%","11,413","86.4%","12,148","82.5%","4,841","82.7%","11,279","84.8%","8,696","81.4%","23,477","83.5%","7,078","82.9%","23,478","80.0%","2,951","80.8%","21,296","85.0%","12,379","80.6%","51,024","79.5%","5,478","83.7%","9,734","83.0%","5,577","80.2%","5,201","82.9%","3,816","83.1%","6,770","82.6%","7,770","84.2%","17,847","83.5%","41,774","76.4%","22,006","82.3%","6,601","83.4%","3,522","78.8%","0","-","1,049","85.7%","6,185","81.4%","7,050","83.4%","786","84.0%","4,602","81.5%","16,408","83.3%","2,988","82.6%","6,066","78.7%","1,747","83.2%","1,032","87.8%","8,248","84.7%","11,159","82.8%","2,177","82.7%","15,706","80.8%","3,141","84.6%","1,973","83.1%","1,736","82.0%","1,195","79.5%","7,521","85.3%","1,093","84.1%","7,828","83.6%","1,347","84.7%","2,025","83.1%","2,177","83.2%","5,012","82.5%","6,556","80.3%","3,745","82.4%","11,553","91.9%","4,959","86.1%","4,705","82.8%","5,813","80.4%","345","87.1%","12,178","83.6%","2,457","85.9%","1,734","83.8%","3,596","82.9%","2,092","82.3%","900","82.8%","684","82.6%","760","83.9%","7,136","81.9%","5,915","80.7%","1,770","82.6%","3,635","80.6%","668","83.9%","1,510","82.1%","3,849","83.5%","9,562","81.4%","3,301","81.4%"
"18 years and over","0","-","7,573","76.5%","53,309","74.9%","6,558","77.8%","33,540","78.3%","7,001","66.5%","2,884","75.3%","21,734","75.4%","22,423","73.6%","7,132","77.1%","6,837","68.8%","5,309","78.5%","10,715","78.0%","34,946","78.7%","3,354","78.0%","8,914","73.3%","16,169","81.5%","1,459","83.3%","52,387","79.2%","19,433","78.7%","13,242","73.9%","3,649","70.6%","9,452","71.9%","6,405","71.4%","6,837","75.5%","7,890","80.7%","8,093","83.0%","23,070","79.0%","3,684","76.8%","3,840","77.8%","1,983","76.1%","18,712","76.2%","4,607","83.2%","17,683","81.9%","9,846","77.8%","12,980","76.7%","4,187","78.1%","44,042","75.8%","786","80.1%","22,498","78.3%","2,353","78.3%","27,417","76.4%","11,685","80.4%","7,003","81.9%","8,072","80.3%","9,001","75.9%","16,468","79.0%","9,810","75.7%","7,137","82.9%","23,551","77.8%","10,267","78.9%","11,122","79.4%","5,038","81.9%","1,449","80.5%","1,415","84.5%","714","86.7%","446","81.2%","602","84.3%","670","85.5%","1,302","82.8%","2,191","79.5%","1,255","83.1%","3,286","83.1%","941","83.2%","2,698","80.9%","10,970","78.9%","643","81.8%","1,314","81.7%","4,823","82.1%","977","86.5%","1,625","80.8%","1,173","86.7%","2,970","81.6%","14,056","80.5%","551","82.0%","1,500","83.6%","8,550","79.5%","4,223","83.7%","3,926","83.1%","0","-","1,548","84.9%","5,262","81.7%","5,433","79.8%","1,792","82.9%","2,842","79.3%","3,598","81.2%","5,012","79.3%","2,756","84.9%","3,385","79.2%","2,479","81.5%","1,744","82.3%","19,026","83.0%","4,195","84.5%","3,627","79.6%","2,797","85.4%","0","-","7,073","77.5%","2,384","80.7%","2,109","79.9%","11,113","84.1%","11,626","79.0%","4,686","80.0%","10,970","82.4%","8,381","78.4%","22,840","81.2%","6,750","79.1%","22,694","77.3%","2,833","77.6%","20,660","82.5%","11,916","77.6%","49,321","76.9%","5,311","81.1%","9,446","80.6%","5,399","77.6%","5,009","79.8%","3,681","80.1%","6,565","80.1%","7,484","81.1%","17,211","80.6%","40,140","73.4%","21,354","79.9%","6,349","80.2%","3,373","75.4%","0","-","1,020","83.3%","5,932","78.0%","6,809","80.5%","760","81.2%","4,442","78.6%","16,053","81.5%","2,900","80.2%","5,875","76.2%","1,691","80.6%","998","84.9%","8,043","82.6%","10,834","80.4%","2,103","79.9%","15,174","78.1%","3,024","81.5%","1,919","80.8%","1,687","79.7%","1,161","77.2%","7,304","82.8%","1,068","82.2%","7,554","80.7%","1,303","81.9%","1,959","80.4%","2,107","80.5%","4,848","79.8%","6,303","77.2%","3,593","79.0%","11,377","90.5%","4,820","83.7%","4,564","80.4%","5,546","76.7%","331","83.6%","11,882","81.6%","2,397","83.8%","1,682","81.3%","3,487","80.4%","2,005","78.9%","880","81.0%","674","81.4%","739","81.6%","6,939","79.6%","5,716","78.0%","1,711","79.8%","3,527","78.2%","640","80.4%","1,455","79.1%","3,738","81.1%","9,310","79.3%","3,159","77.9%"
"21 years and over","0","-","7,215","72.9%","49,867","70.1%","6,278","74.5%","31,826","74.3%","6,563","62.3%","2,721","71.1%","19,450","67.4%","21,338","70.0%","6,775","73.3%","6,447","64.9%","5,047","74.6%","10,173","74.1%","33,490","75.4%","3,203","74.5%","8,484","69.8%","15,499","78.1%","1,407","80.3%","49,879","75.4%","18,571","75.2%","12,574","70.1%","3,429","66.4%","8,900","67.7%","6,053","67.4%","6,546","72.3%","7,559","77.3%","7,811","80.1%","22,078","75.6%","3,508","73.1%","3,704","75.0%","1,922","73.8%","17,700","72.1%","4,466","80.7%","17,050","79.0%","9,463","74.8%","12,394","73.3%","4,022","75.0%","40,288","69.3%","762","77.7%","21,564","75.0%","2,258","75.2%","25,300","70.5%","11,242","77.4%","6,708","78.4%","7,818","77.8%","8,561","72.2%","15,818","75.8%","9,399","72.5%","6,882","80.0%","22,319","73.7%","9,856","75.8%","10,571","75.5%","4,853","78.9%","1,385","76.9%","1,361","81.3%","690","83.7%","438","79.8%","587","82.2%","644","82.1%","1,248","79.4%","2,096","76.0%","1,201","79.5%","3,163","80.0%","897","79.3%","2,590","77.6%","10,474","75.3%","622","79.1%","1,258","78.2%","4,625","78.7%","937","83.0%","1,565","77.9%","1,137","84.0%","2,844","78.2%","13,449","77.0%","530","78.9%","1,426","79.4%","8,218","76.4%","4,007","79.4%","3,783","80.0%","0","-","1,501","82.3%","5,047","78.3%","5,231","76.8%","1,733","80.2%","2,701","75.3%","3,476","78.4%","4,823","76.3%","2,664","82.1%","3,243","75.9%","2,379","78.2%","1,660","78.3%","17,654","77.0%","4,052","81.6%","3,496","76.7%","2,700","82.4%","0","-","6,694","73.3%","2,299","77.8%","2,033","77.0%","10,750","81.3%","10,900","74.1%","4,476","76.5%","10,506","78.9%","8,033","75.2%","20,786","73.9%","6,449","75.6%","21,599","73.6%","2,686","73.5%","19,939","79.6%","11,396","74.2%","44,479","69.3%","5,124","78.3%","9,056","77.2%","5,178","74.4%","4,810","76.6%","3,538","77.0%","6,291","76.8%","7,196","78.0%","16,510","77.3%","37,863","69.2%","19,513","73.0%","6,065","76.6%","3,246","72.6%","0","-","985","80.5%","5,669","74.6%","6,555","77.5%","720","76.9%","4,253","75.3%","15,309","77.8%","2,772","76.6%","5,644","73.2%","1,614","76.9%","955","81.2%","7,757","79.6%","9,763","72.4%","2,011","76.4%","14,463","74.4%","2,920","78.7%","1,856","78.1%","1,617","76.3%","1,103","73.3%","7,055","80.0%","1,028","79.1%","7,230","77.2%","1,243","78.2%","1,886","77.4%","2,029","77.6%","4,663","76.7%","6,063","74.3%","3,414","75.1%","7,005","55.7%","4,645","80.7%","4,391","77.3%","5,279","73.0%","319","80.6%","11,470","78.8%","2,261","79.1%","1,606","77.7%","3,319","76.5%","1,916","75.4%","853","78.5%","652","78.7%","710","78.4%","6,673","76.5%","5,450","74.4%","1,546","72.1%","3,391","75.2%","615","77.3%","1,396","75.9%","3,588","77.8%","8,172","69.6%","3,018","74.4%"
"62 years and over","0","-","2,009","20.3%","9,782","13.8%","1,845","21.9%","7,067","16.5%","1,574","14.9%","875","22.9%","5,432","18.8%","6,360","20.9%","1,930","20.9%","1,853","18.7%","1,499","22.2%","2,832","20.6%","7,864","17.7%","1,157","26.9%","2,424","19.9%","4,908","24.7%","534","30.5%","10,841","16.4%","5,426","22.0%","3,772","21.0%","1,008","19.5%","2,744","20.9%","1,690","18.8%","2,073","22.9%","2,527","25.8%","2,774","28.5%","5,925","20.3%","995","20.7%","1,227","24.9%","546","21.0%","4,380","17.8%","1,346","24.3%","4,118","19.1%","2,950","23.3%","3,634","21.5%","1,350","25.2%","8,167","14.0%","267","27.2%","5,144","17.9%","704","23.4%","5,689","15.9%","3,321","22.9%","1,874","21.9%","2,392","23.8%","2,507","21.1%","4,974","23.8%","2,729","21.1%","1,691","19.7%","6,207","20.5%","2,991","23.0%","3,228","23.1%","1,375","22.4%","476","26.4%","527","31.5%","298","36.2%","192","35.0%","215","30.1%","292","37.2%","524","33.3%","787","28.5%","461","30.5%","1,215","30.7%","335","29.6%","882","26.4%","2,906","20.9%","260","33.1%","391","24.3%","1,346","22.9%","421","37.3%","672","33.4%","535","39.5%","790","21.7%","3,986","22.8%","204","30.4%","587","32.7%","2,532","23.5%","1,274","25.3%","1,376","29.1%","0","-","575","31.5%","1,636","25.4%","1,582","23.2%","621","28.7%","821","22.9%","1,147","25.9%","1,451","23.0%","1,227","37.8%","1,063","24.9%","879","28.9%","583","27.5%","4,302","18.8%","1,750","35.2%","1,031","22.6%","1,013","30.9%","0","-","1,694","18.6%","718","24.3%","655","24.8%","3,939","29.8%","3,139","21.3%","1,248","21.3%","3,043","22.9%","3,091","28.9%","5,910","21.0%","2,433","28.5%","5,374","18.3%","922","25.2%","6,065","24.2%","2,808","18.3%","7,604","11.9%","1,675","25.6%","2,993","25.5%","1,805","25.9%","1,645","26.2%","1,166","25.4%","1,708","20.8%","3,096","33.6%","5,001","23.4%","8,744","16.0%","4,932","18.5%","1,795","22.7%","1,146","25.6%","0","-","325","26.6%","1,542","20.3%","2,430","28.7%","238","25.4%","1,160","20.5%","3,714","18.9%","844","23.3%","1,571","20.4%","499","23.8%","449","38.2%","1,917","19.7%","2,042","15.2%","664","25.2%","3,647","18.8%","1,226","33.0%","637","26.8%","463","21.9%","321","21.3%","2,741","31.1%","295","22.7%","2,472","26.4%","380","23.9%","629","25.8%","713","27.3%","1,308","21.5%","1,630","20.0%","992","21.8%","1,414","11.2%","1,231","21.4%","1,263","22.2%","1,550","21.4%","119","30.1%","3,175","21.8%","637","22.3%","477","23.1%","887","20.5%","613","24.1%","249","22.9%","217","26.2%","265","29.2%","1,816","20.8%","1,392","19.0%","458","21.4%","929","20.6%","197","24.7%","347","18.9%","1,027","22.3%","1,951","16.6%","927","22.8%"
"65 years and over","0","-","1,593","16.1%","7,571","10.6%","1,479","17.6%","5,508","12.9%","1,216","11.5%","681","17.8%","4,351","15.1%","5,181","17.0%","1,541","16.7%","1,470","14.8%","1,175","17.4%","2,207","16.1%","6,290","14.2%","959","22.3%","1,926","15.8%","3,971","20.0%","429","24.5%","8,709","13.2%","4,395","17.8%","3,068","17.1%","797","15.4%","2,196","16.7%","1,343","15.0%","1,712","18.9%","2,054","21.0%","2,342","24.0%","4,685","16.0%","780","16.3%","957","19.4%","422","16.2%","3,453","14.1%","1,077","19.5%","3,234","15.0%","2,361","18.7%","2,927","17.3%","1,078","20.1%","6,405","11.0%","209","21.3%","4,146","14.4%","573","19.1%","4,440","12.4%","2,744","18.9%","1,511","17.7%","1,983","19.7%","1,962","16.5%","4,111","19.7%","2,190","16.9%","1,324","15.4%","5,080","16.8%","2,426","18.7%","2,595","18.5%","1,082","17.6%","382","21.2%","416","24.9%","249","30.2%","156","28.4%","173","24.2%","240","30.6%","425","27.0%","647","23.5%","384","25.4%","1,018","25.7%","266","23.5%","692","20.7%","2,263","16.3%","209","26.6%","317","19.7%","1,046","17.8%","360","31.9%","584","29.1%","432","31.9%","608","16.7%","3,121","17.9%","170","25.3%","487","27.1%","2,069","19.2%","1,021","20.2%","1,125","23.8%","0","-","460","25.2%","1,334","20.7%","1,274","18.7%","505","23.4%","619","17.3%","899","20.3%","1,160","18.4%","1,016","31.3%","850","19.9%","720","23.7%","451","21.3%","3,393","14.8%","1,477","29.7%","839","18.4%","838","25.6%","0","-","1,284","14.1%","572","19.4%","510","19.3%","3,151","23.8%","2,597","17.6%","957","16.3%","2,481","18.6%","2,566","24.0%","4,829","17.2%","2,000","23.4%","4,197","14.3%","772","21.1%","4,860","19.4%","2,207","14.4%","6,097","9.5%","1,372","21.0%","2,456","20.9%","1,516","21.8%","1,377","21.9%","928","20.2%","1,329","16.2%","2,627","28.5%","4,053","19.0%","6,864","12.6%","3,877","14.5%","1,449","18.3%","961","21.5%","0","-","254","20.8%","1,182","15.6%","2,023","23.9%","192","20.5%","910","16.1%","2,996","15.2%","668","18.5%","1,267","16.4%","384","18.3%","379","32.2%","1,547","15.9%","1,614","12.0%","543","20.6%","2,865","14.7%","1,026","27.6%","508","21.4%","349","16.5%","245","16.3%","2,279","25.8%","247","19.0%","2,012","21.5%","285","17.9%","483","19.8%","570","21.8%","1,016","16.7%","1,284","15.7%","762","16.8%","1,188","9.5%","942","16.4%","968","17.0%","1,205","16.7%","103","26.0%","2,516","17.3%","493","17.2%","379","18.3%","730","16.8%","479","18.9%","196","18.0%","185","22.3%","217","24.0%","1,458","16.7%","1,062","14.5%","374","17.4%","711","15.8%","162","20.4%","257","14.0%","797","17.3%","1,552","13.2%","732","18.0%"
"Female population","0","-","10,462","100.0%","77,514","100.0%","9,104","100.0%","43,661","100.0%","10,970","100.0%","3,776","100.0%","32,671","100.0%","33,051","100.0%","9,578","100.0%","10,687","100.0%","6,814","100.0%","13,438","100.0%","46,796","100.0%","4,463","100.0%","12,876","100.0%","21,028","100.0%","1,775","100.0%","69,302","100.0%","27,650","100.0%","18,898","100.0%","5,186","100.0%","13,999","100.0%","9,527","100.0%","9,882","100.0%","10,399","100.0%","11,785","100.0%","31,640","100.0%","4,719","100.0%","5,188","100.0%","2,608","100.0%","26,484","100.0%","5,656","100.0%","20,551","100.0%","14,064","100.0%","18,239","100.0%","5,543","100.0%","62,921","100.0%","920","100.0%","30,967","100.0%","3,129","100.0%","38,268","100.0%","16,011","100.0%","8,973","100.0%","10,797","100.0%","12,653","100.0%","22,643","100.0%","13,954","100.0%","7,148","100.0%","33,807","100.0%","14,292","100.0%","15,492","100.0%","6,461","100.0%","1,846","100.0%","1,711","100.0%","838","100.0%","531","100.0%","647","100.0%","783","100.0%","1,578","100.0%","2,727","100.0%","1,508","100.0%","4,237","100.0%","1,125","100.0%","3,321","100.0%","14,213","100.0%","802","100.0%","1,602","100.0%","5,796","100.0%","1,131","100.0%","2,184","100.0%","1,327","100.0%","3,804","100.0%","18,049","100.0%","679","100.0%","1,851","100.0%","11,344","100.0%","5,180","100.0%","4,996","100.0%","0","-","1,926","100.0%","6,743","100.0%","7,416","100.0%","2,254","100.0%","3,566","100.0%","4,444","100.0%","6,397","100.0%","3,487","100.0%","4,179","100.0%","3,131","100.0%","2,097","100.0%","24,804","100.0%","5,514","100.0%","4,827","100.0%","3,492","100.0%","0","-","9,787","100.0%","3,045","100.0%","2,658","100.0%","15,056","100.0%","14,017","100.0%","6,471","100.0%","14,615","100.0%","11,389","100.0%","33,056","100.0%","9,156","100.0%","31,503","100.0%","3,921","100.0%","26,995","100.0%","16,158","100.0%","69,882","100.0%","6,998","100.0%","12,527","100.0%","7,322","100.0%","6,430","100.0%","4,808","100.0%","8,556","100.0%","10,653","100.0%","23,032","100.0%","59,716","100.0%","28,854","100.0%","8,224","100.0%","4,615","100.0%","0","-","1,205","100.0%","7,954","100.0%","10,238","100.0%","927","100.0%","5,754","100.0%","18,724","100.0%","3,525","100.0%","7,707","100.0%","2,096","100.0%","1,176","100.0%","8,647","100.0%","13,891","100.0%","2,516","100.0%","20,693","100.0%","3,916","100.0%","2,413","100.0%","2,095","100.0%","1,463","100.0%","9,515","100.0%","1,271","100.0%","10,205","100.0%","1,561","100.0%","2,421","100.0%","2,656","100.0%","6,158","100.0%","8,264","100.0%","4,552","100.0%","13,322","100.0%","4,498","100.0%","5,792","100.0%","7,330","100.0%","389","100.0%","15,654","100.0%","2,707","100.0%","2,123","100.0%","4,113","100.0%","2,504","100.0%","1,064","100.0%","821","100.0%","822","100.0%","9,034","100.0%","7,643","100.0%","2,122","100.0%","4,713","100.0%","780","100.0%","1,739","100.0%","4,579","100.0%","12,684","100.0%","4,164","100.0%"
"Female population Under 5 years","0","-","471","4.5%","4,410","5.7%","391","4.3%","2,457","5.6%","696","6.3%","168","4.4%","1,448","4.4%","1,533","4.6%","473","4.9%","517","4.8%","280","4.1%","576","4.3%","2,472","5.3%","189","4.2%","594","4.6%","833","4.0%","47","2.6%","3,764","5.4%","1,193","4.3%","940","5.0%","224","4.3%","617","4.4%","410","4.3%","430","4.4%","415","4.0%","398","3.4%","1,433","4.5%","203","4.3%","240","4.6%","121","4.6%","1,421","5.4%","282","5.0%","914","4.4%","553","3.9%","740","4.1%","208","3.8%","3,705","5.9%","27","2.9%","1,696","5.5%","135","4.3%","2,232","5.8%","667","4.2%","369","4.1%","503","4.7%","626","4.9%","1,009","4.5%","687","4.9%","288","4.0%","1,571","4.6%","656","4.6%","614","4.0%","272","4.2%","73","4.0%","77","4.5%","27","3.2%","21","4.0%","9","1.4%","21","2.7%","52","3.3%","108","4.0%","42","2.8%","143","3.4%","51","4.5%","124","3.7%","664","4.7%","22","2.7%","55","3.4%","207","3.6%","38","3.4%","56","2.6%","33","2.5%","153","4.0%","842","4.7%","28","4.1%","57","3.1%","437","3.9%","221","4.3%","171","3.4%","0","-","59","3.1%","235","3.5%","332","4.5%","70","3.1%","133","3.7%","207","4.7%","257","4.0%","92","2.6%","180","4.3%","114","3.6%","68","3.2%","932","3.8%","124","2.2%","230","4.8%","87","2.5%","0","-","490","5.0%","126","4.1%","112","4.2%","479","3.2%","624","4.5%","322","5.0%","601","4.1%","416","3.7%","1,280","3.9%","372","4.1%","1,687","5.4%","172","4.4%","1,021","3.8%","776","4.8%","3,708","5.3%","314","4.5%","532","4.2%","323","4.4%","263","4.1%","199","4.1%","449","5.2%","331","3.1%","904","3.9%","3,558","6.0%","1,346","4.7%","321","3.9%","220","4.8%","0","-","52","4.3%","383","4.8%","338","3.3%","38","4.1%","277","4.8%","1,018","5.4%","151","4.3%","445","5.8%","88","4.2%","31","2.6%","419","4.8%","659","4.7%","112","4.5%","998","4.8%","123","3.1%","102","4.2%","98","4.7%","70","4.8%","357","3.8%","55","4.3%","404","4.0%","69","4.4%","109","4.5%","108","4.1%","306","5.0%","379","4.6%","177","3.9%","229","1.7%","193","4.3%","285","4.9%","331","4.5%","11","2.8%","726","4.6%","97","3.6%","88","4.1%","179","4.4%","113","4.5%","46","4.3%","47","5.7%","35","4.3%","451","5.0%","434","5.7%","69","3.3%","205","4.3%","36","4.6%","83","4.8%","171","3.7%","602","4.7%","175","4.2%"
"Female population 5 to 9 years","0","-","595","5.7%","4,726","6.1%","488","5.4%","2,417","5.5%","881","8.0%","218","5.8%","1,738","5.3%","2,043","6.2%","559","5.8%","799","7.5%","360","5.3%","705","5.2%","2,410","5.2%","243","5.4%","823","6.4%","922","4.4%","85","4.8%","3,545","5.1%","1,314","4.8%","1,191","6.3%","340","6.6%","909","6.5%","648","6.8%","620","6.3%","476","4.6%","433","3.7%","1,609","5.1%","271","5.7%","279","5.4%","146","5.6%","1,508","5.7%","232","4.1%","964","4.7%","718","5.1%","965","5.3%","318","5.7%","3,721","5.9%","41","4.5%","1,617","5.2%","149","4.8%","2,213","5.8%","718","4.5%","413","4.6%","578","5.4%","743","5.9%","1,100","4.9%","917","6.6%","374","5.2%","1,720","5.1%","684","4.8%","775","5.0%","319","4.9%","74","4.0%","62","3.6%","17","2.0%","19","3.6%","32","4.9%","28","3.6%","67","4.2%","153","5.6%","60","4.0%","199","4.7%","41","3.6%","152","4.6%","731","5.1%","26","3.2%","68","4.2%","279","4.8%","48","4.2%","89","4.1%","40","3.0%","185","4.9%","816","4.5%","27","4.0%","85","4.6%","491","4.3%","221","4.3%","222","4.4%","0","-","70","3.6%","267","4.0%","416","5.6%","86","3.8%","198","5.6%","204","4.6%","328","5.1%","95","2.7%","210","5.0%","149","4.8%","83","4.0%","1,021","4.1%","165","3.0%","258","5.3%","121","3.5%","0","-","534","5.5%","117","3.8%","142","5.3%","525","3.5%","702","5.0%","271","4.2%","606","4.1%","559","4.9%","1,415","4.3%","401","4.4%","1,837","5.8%","204","5.2%","1,066","3.9%","935","5.8%","3,935","5.6%","313","4.5%","606","4.8%","412","5.6%","297","4.6%","225","4.7%","403","4.7%","419","3.9%","960","4.2%","3,865","6.5%","1,401","4.9%","405","4.9%","282","6.1%","0","-","37","3.1%","396","5.0%","425","4.2%","42","4.5%","323","5.6%","1,055","5.6%","167","4.7%","460","6.0%","113","5.4%","29","2.5%","411","4.8%","713","5.1%","138","5.5%","1,137","5.5%","156","4.0%","115","4.8%","145","6.9%","90","6.2%","393","4.1%","54","4.2%","469","4.6%","57","3.7%","114","4.7%","114","4.3%","331","5.4%","466","5.6%","246","5.4%","289","2.2%","238","5.3%","262","4.5%","361","4.9%","12","3.1%","689","4.4%","109","4.0%","97","4.6%","248","6.0%","135","5.4%","50","4.7%","35","4.3%","31","3.8%","507","5.6%","437","5.7%","95","4.5%","251","5.3%","36","4.6%","81","4.7%","229","5.0%","646","5.1%","255","6.1%"
"Female population 10 to 14 years","0","-","690","6.6%","5,082","6.6%","580","6.4%","2,512","5.8%","1,069","9.7%","301","8.0%","2,146","6.6%","2,405","7.3%","683","7.1%","978","9.2%","434","6.4%","922","6.9%","2,537","5.4%","261","5.8%","1,010","7.8%","1,036","4.9%","101","5.7%","3,519","5.1%","1,569","5.7%","1,333","7.1%","493","9.5%","1,186","8.5%","878","9.2%","668","6.8%","582","5.6%","494","4.2%","1,858","5.9%","287","6.1%","306","5.9%","169","6.5%","1,618","6.1%","242","4.3%","1,094","5.3%","892","6.3%","1,227","6.7%","399","7.2%","4,098","6.5%","47","5.1%","1,585","5.1%","204","6.5%","2,353","6.1%","833","5.2%","449","5.0%","568","5.3%","865","6.8%","1,319","5.8%","929","6.7%","434","6.1%","1,998","5.9%","780","5.5%","842","5.4%","326","5.0%","108","5.9%","92","5.4%","36","4.3%","21","4.0%","29","4.5%","25","3.2%","89","5.6%","176","6.5%","81","5.4%","192","4.5%","50","4.4%","193","5.8%","847","6.0%","40","5.0%","86","5.4%","309","5.3%","57","5.0%","155","7.1%","55","4.1%","199","5.2%","898","5.0%","42","6.2%","98","5.3%","602","5.3%","227","4.4%","233","4.7%","0","-","85","4.4%","356","5.3%","388","5.2%","123","5.5%","227","6.4%","204","4.6%","433","6.8%","142","4.1%","264","6.3%","156","5.0%","124","5.9%","1,094","4.4%","241","4.4%","241","5.0%","140","4.0%","0","-","532","5.4%","162","5.3%","151","5.7%","575","3.8%","876","6.2%","339","5.2%","662","4.5%","715","6.3%","1,540","4.7%","545","6.0%","1,960","6.2%","270","6.9%","1,210","4.5%","960","5.9%","4,163","6.0%","321","4.6%","638","5.1%","439","6.0%","411","6.4%","298","6.2%","457","5.3%","494","4.6%","1,179","5.1%","4,045","6.8%","1,498","5.2%","480","5.8%","306","6.6%","0","-","63","5.2%","471","5.9%","517","5.0%","47","5.1%","342","5.9%","934","5.0%","194","5.5%","495","6.4%","120","5.7%","54","4.6%","477","5.5%","704","5.1%","146","5.8%","1,239","6.0%","216","5.5%","127","5.3%","134","6.4%","77","5.3%","441","4.6%","75","5.9%","557","5.5%","90","5.8%","157","6.5%","123","4.6%","375","6.1%","548","6.6%","256","5.6%","378","2.8%","305","6.8%","338","5.8%","498","6.8%","17","4.4%","753","4.8%","119","4.4%","120","5.7%","252","6.1%","144","5.8%","65","6.1%","47","5.7%","32","3.9%","469","5.2%","487","6.4%","143","6.7%","243","5.2%","43","5.5%","95","5.5%","218","4.8%","702","5.5%","281","6.7%"
"Female population 15 to 19 years","0","-","565","5.4%","5,458","7.0%","566","6.2%","2,430","5.6%","976","8.9%","252","6.7%","4,186","12.8%","2,225","6.7%","627","6.5%","931","8.7%","469","6.9%","949","7.1%","2,447","5.2%","318","7.1%","994","7.7%","1,050","5.0%","114","6.4%","3,680","5.3%","1,533","5.5%","1,275","6.7%","462","8.9%","1,122","8.0%","791","8.3%","631","6.4%","495","4.8%","499","4.2%","1,598","5.1%","327","6.9%","308","5.9%","160","6.1%","1,569","5.9%","225","4.0%","1,060","5.2%","771","5.5%","1,201","6.6%","359","6.5%","5,027","8.0%","65","7.1%","1,505","4.9%","194","6.2%","2,724","7.1%","729","4.6%","425","4.7%","472","4.4%","819","6.5%","1,328","5.9%","747","5.4%","466","6.5%","2,118","6.3%","741","5.2%","875","5.6%","308","4.8%","122","6.6%","65","3.8%","36","4.3%","28","5.3%","37","5.7%","40","5.1%","81","5.1%","164","6.0%","65","4.3%","209","4.9%","75","6.7%","207","6.2%","838","5.9%","54","6.7%","84","5.2%","331","5.7%","50","4.4%","128","5.9%","56","4.2%","229","6.0%","947","5.2%","38","5.6%","118","6.4%","620","5.5%","269","5.2%","235","4.7%","0","-","95","4.9%","345","5.1%","353","4.8%","145","6.4%","216","6.1%","207","4.7%","313","4.9%","186","5.3%","233","5.6%","202","6.5%","106","5.1%","1,714","6.9%","271","4.9%","272","5.6%","169","4.8%","0","-","587","6.0%","186","6.1%","160","6.0%","619","4.1%","972","6.9%","366","5.7%","697","4.8%","677","5.9%","2,839","8.6%","612","6.7%","1,805","5.7%","253","6.5%","1,231","4.6%","830","5.1%","5,702","8.2%","405","5.8%","633","5.1%","443","6.1%","396","6.2%","255","5.3%","489","5.7%","541","5.1%","1,339","5.8%","3,750","6.3%","2,325","8.1%","468","5.7%","297","6.4%","0","-","55","4.6%","489","6.1%","501","4.9%","55","5.9%","304","5.3%","833","4.4%","204","5.8%","428","5.6%","113","5.4%","67","5.7%","503","5.8%","1,283","9.2%","126","5.0%","1,278","6.2%","241","6.2%","148","6.1%","113","5.4%","101","6.9%","446","4.7%","85","6.7%","529","5.2%","81","5.2%","139","5.7%","146","5.5%","350","5.7%","477","5.8%","317","7.0%","3,376","25.3%","268","6.0%","286","4.9%","529","7.2%","31","8.0%","678","4.3%","147","5.4%","115","5.4%","253","6.2%","138","5.5%","51","4.8%","36","4.4%","33","4.0%","455","5.0%","425","5.6%","169","8.0%","249","5.3%","51","6.5%","131","7.5%","233","5.1%","1,234","9.7%","281","6.7%"
"Female population 20 to 24 years","0","-","522","5.0%","5,875","7.6%","446","4.9%","2,917","6.7%","501","4.6%","205","5.4%","2,625","8.0%","1,651","5.0%","476","5.0%","504","4.7%","396","5.8%","639","4.8%","2,383","5.1%","199","4.5%","582","4.5%","1,105","5.3%","82","4.6%","4,170","6.0%","1,483","5.4%","895","4.7%","258","5.0%","702","5.0%","435","4.6%","402","4.1%","512","4.9%","640","5.4%","1,697","5.4%","217","4.6%","206","4.0%","112","4.3%","1,579","6.0%","243","4.3%","1,070","5.2%","637","4.5%","835","4.6%","247","4.5%","5,556","8.8%","27","2.9%","1,816","5.9%","135","4.3%","3,022","7.9%","739","4.6%","449","5.0%","515","4.8%","566","4.5%","1,062","4.7%","611","4.4%","352","4.9%","2,075","6.1%","685","4.8%","779","5.0%","293","4.5%","77","4.2%","82","4.8%","31","3.7%","23","4.3%","23","3.6%","40","5.1%","69","4.4%","110","4.0%","56","3.7%","161","3.8%","58","5.2%","175","5.3%","687","4.8%","32","4.0%","59","3.7%","277","4.8%","48","4.2%","81","3.7%","47","3.5%","218","5.7%","908","5.0%","28","4.1%","91","4.9%","627","5.5%","274","5.3%","254","5.1%","0","-","86","4.5%","302","4.5%","296","4.0%","95","4.2%","164","4.6%","201","4.5%","268","4.2%","127","3.6%","190","4.5%","154","4.9%","99","4.7%","2,379","9.6%","240","4.4%","208","4.3%","168","4.8%","0","-","518","5.3%","149","4.9%","135","5.1%","717","4.8%","662","4.7%","368","5.7%","783","5.4%","457","4.0%","3,343","10.1%","398","4.3%","1,850","5.9%","171","4.4%","1,311","4.9%","938","5.8%","7,504","10.7%","356","5.1%","657","5.2%","347","4.7%","316","4.9%","232","4.8%","415","4.9%","334","3.1%","1,256","5.5%","3,840","6.4%","2,585","9.0%","421","5.1%","173","3.7%","0","-","62","5.1%","436","5.5%","440","4.3%","37","4.0%","266","4.6%","1,212","6.5%","191","5.4%","374","4.9%","103","4.9%","54","4.6%","404","4.7%","1,667","12.0%","97","3.9%","1,301","6.3%","130","3.3%","118","4.9%","103","4.9%","76","5.2%","414","4.4%","62","4.9%","433","4.2%","82","5.3%","131","5.4%","121","4.6%","302","4.9%","464","5.6%","250","5.5%","4,292","32.2%","201","4.5%","280","4.8%","414","5.6%","9","2.3%","911","5.8%","255","9.4%","127","6.0%","210","5.1%","113","4.5%","45","4.2%","22","2.7%","32","3.9%","431","4.8%","427","5.6%","184","8.7%","211","4.5%","46","5.9%","97","5.6%","201","4.4%","1,644","13.0%","168","4.0%"
"Female population 25 to 29 years","0","-","507","4.8%","5,647","7.3%","386","4.2%","2,896","6.6%","266","2.4%","116","3.1%","990","3.0%","1,179","3.6%","334","3.5%","239","2.2%","258","3.8%","475","3.5%","3,415","7.3%","134","3.0%","320","2.5%","1,121","5.3%","58","3.3%","5,811","8.4%","1,530","5.5%","619","3.3%","113","2.2%","302","2.2%","205","2.2%","308","3.1%","455","4.4%","663","5.6%","2,106","6.7%","165","3.5%","195","3.8%","109","4.2%","1,770","6.7%","349","6.2%","1,387","6.7%","717","5.1%","808","4.4%","198","3.6%","5,147","8.2%","36","3.9%","2,735","8.8%","123","3.9%","3,152","8.2%","879","5.5%","578","6.4%","692","6.4%","487","3.8%","988","4.4%","535","3.8%","304","4.3%","2,095","6.2%","817","5.7%","832","5.4%","411","6.4%","69","3.7%","77","4.5%","30","3.6%","17","3.2%","29","4.5%","23","2.9%","54","3.4%","116","4.3%","64","4.2%","195","4.6%","46","4.1%","126","3.8%","752","5.3%","20","2.5%","93","5.8%","322","5.6%","33","2.9%","56","2.6%","50","3.8%","228","6.0%","1,107","6.1%","16","2.4%","67","3.6%","541","4.8%","303","5.8%","204","4.1%","0","-","80","4.2%","318","4.7%","381","5.1%","123","5.5%","150","4.2%","199","4.5%","289","4.5%","96","2.8%","136","3.3%","94","3.0%","93","4.4%","1,990","8.0%","197","3.6%","221","4.6%","171","4.9%","0","-","672","6.9%","173","5.7%","95","3.6%","791","5.3%","496","3.5%","444","6.9%","900","6.2%","334","2.9%","1,956","5.9%","267","2.9%","2,244","7.1%","131","3.3%","1,674","6.2%","1,092","6.8%","7,275","10.4%","348","5.0%","570","4.6%","237","3.2%","236","3.7%","192","4.0%","543","6.3%","309","2.9%","1,362","5.9%","4,273","7.2%","1,839","6.4%","426","5.2%","136","2.9%","0","-","69","5.7%","453","5.7%","500","4.9%","49","5.3%","341","5.9%","1,542","8.2%","198","5.6%","427","5.5%","101","4.8%","35","3.0%","509","5.9%","1,023","7.4%","104","4.1%","1,425","6.9%","111","2.8%","128","5.3%","109","5.2%","101","6.9%","408","4.3%","75","5.9%","499","4.9%","78","5.0%","88","3.6%","136","5.1%","305","5.0%","450","5.4%","183","4.0%","451","3.4%","164","3.6%","364","6.3%","278","3.8%","14","3.6%","1,464","9.4%","198","7.3%","109","5.1%","185","4.5%","97","3.9%","51","4.8%","50","6.1%","35","4.3%","601","6.7%","468","6.1%","90","4.2%","334","7.1%","31","4.0%","101","5.8%","236","5.2%","905","7.1%","154","3.7%"
"Female population 30 to 34 years","0","-","581","5.6%","5,923","7.6%","432","4.7%","3,228","7.4%","377","3.4%","151","4.0%","1,361","4.2%","1,378","4.2%","439","4.6%","331","3.1%","312","4.6%","621","4.6%","3,671","7.8%","172","3.9%","408","3.2%","1,198","5.7%","77","4.3%","6,124","8.8%","1,714","6.2%","880","4.7%","124","2.4%","365","2.6%","286","3.0%","410","4.1%","523","5.0%","647","5.5%","2,281","7.2%","233","4.9%","260","5.0%","168","6.4%","1,819","6.9%","419","7.4%","1,491","7.3%","743","5.3%","940","5.2%","261","4.7%","4,873","7.7%","41","4.5%","2,778","9.0%","167","5.3%","2,973","7.8%","1,027","6.4%","614","6.8%","796","7.4%","652","5.2%","1,337","5.9%","841","6.0%","353","4.9%","2,090","6.2%","905","6.3%","959","6.2%","461","7.1%","91","4.9%","83","4.9%","31","3.7%","25","4.7%","22","3.4%","26","3.3%","65","4.1%","116","4.3%","62","4.1%","187","4.4%","55","4.9%","187","5.6%","786","5.5%","34","4.2%","83","5.2%","392","6.8%","34","3.0%","78","3.6%","49","3.7%","223","5.9%","1,150","6.4%","25","3.7%","64","3.5%","693","6.1%","289","5.6%","241","4.8%","0","-","97","5.0%","397","5.9%","469","6.3%","103","4.6%","191","5.4%","243","5.5%","359","5.6%","123","3.5%","219","5.2%","99","3.2%","99","4.7%","1,887","7.6%","238","4.3%","323","6.7%","154","4.4%","0","-","713","7.3%","189","6.2%","139","5.2%","941","6.3%","628","4.5%","475","7.3%","1,019","7.0%","437","3.8%","2,048","6.2%","335","3.7%","2,233","7.1%","162","4.1%","1,802","6.7%","1,109","6.9%","6,215","8.9%","353","5.0%","668","5.3%","306","4.2%","289","4.5%","241","5.0%","611","7.1%","374","3.5%","1,463","6.4%","4,599","7.7%","1,944","6.7%","402","4.9%","180","3.9%","0","-","63","5.2%","506","6.4%","592","5.8%","42","4.5%","355","6.2%","1,470","7.9%","190","5.4%","577","7.5%","134","6.4%","46","3.9%","545","6.3%","1,023","7.4%","147","5.8%","1,450","7.0%","140","3.6%","120","5.0%","140","6.7%","92","6.3%","496","5.2%","65","5.1%","548","5.4%","88","5.6%","125","5.2%","140","5.3%","362","5.9%","496","6.0%","241","5.3%","361","2.7%","222","4.9%","381","6.6%","353","4.8%","17","4.4%","1,269","8.1%","202","7.5%","126","5.9%","237","5.8%","137","5.5%","66","6.2%","50","6.1%","38","4.6%","570","6.3%","523","6.8%","117","5.5%","301","6.4%","64","8.2%","104","6.0%","277","6.0%","818","6.4%","209","5.0%"
"Female population 35 to 39 years","0","-","675","6.5%","5,593","7.2%","539","5.9%","3,108","7.1%","680","6.2%","230","6.1%","1,774","5.4%","1,896","5.7%","574","6.0%","539","5.0%","360","5.3%","686","5.1%","3,397","7.3%","210","4.7%","670","5.2%","1,186","5.6%","78","4.4%","5,184","7.5%","1,711","6.2%","1,232","6.5%","221","4.3%","677","4.8%","473","5.0%","591","6.0%","577","5.5%","597","5.1%","2,142","6.8%","301","6.4%","302","5.8%","177","6.8%","1,800","6.8%","390","6.9%","1,337","6.5%","891","6.3%","1,158","6.3%","280","5.1%","4,188","6.7%","40","4.3%","2,173","7.0%","200","6.4%","2,606","6.8%","997","6.2%","588","6.6%","781","7.2%","753","6.0%","1,370","6.1%","1,096","7.9%","427","6.0%","2,077","6.1%","836","5.8%","910","5.9%","402","6.2%","88","4.8%","85","5.0%","35","4.2%","39","7.3%","31","4.8%","24","3.1%","79","5.0%","147","5.4%","69","4.6%","227","5.4%","42","3.7%","174","5.2%","851","6.0%","35","4.4%","106","6.6%","335","5.8%","50","4.4%","83","3.8%","61","4.6%","219","5.8%","1,090","6.0%","30","4.4%","68","3.7%","665","5.9%","273","5.3%","246","4.9%","0","-","94","4.9%","357","5.3%","515","6.9%","119","5.3%","205","5.7%","248","5.6%","366","5.7%","131","3.8%","248","5.9%","140","4.5%","102","4.9%","1,581","6.4%","224","4.1%","315","6.5%","149","4.3%","0","-","681","7.0%","156","5.1%","115","4.3%","822","5.5%","783","5.6%","418","6.5%","850","5.8%","535","4.7%","1,893","5.7%","393","4.3%","2,146","6.8%","215","5.5%","1,551","5.7%","1,071","6.6%","4,866","7.0%","386","5.5%","721","5.8%","388","5.3%","322","5.0%","287","6.0%","537","6.3%","444","4.2%","1,405","6.1%","4,004","6.7%","1,852","6.4%","455","5.5%","258","5.6%","0","-","68","5.6%","477","6.0%","630","6.2%","54","5.8%","372","6.5%","1,228","6.6%","217","6.2%","547","7.1%","116","5.5%","40","3.4%","489","5.7%","854","6.1%","154","6.1%","1,353","6.5%","186","4.7%","142","5.9%","135","6.4%","98","6.7%","445","4.7%","53","4.2%","571","5.6%","79","5.1%","128","5.3%","150","5.6%","405","6.6%","558","6.8%","263","5.8%","337","2.5%","263","5.8%","333","5.7%","433","5.9%","14","3.6%","926","5.9%","139","5.1%","117","5.5%","277","6.7%","163","6.5%","57","5.4%","45","5.5%","36","4.4%","622","6.9%","469","6.1%","94","4.4%","291","6.2%","34","4.4%","85","4.9%","293","6.4%","710","5.6%","242","5.8%"
"Female population 40 to 44 years","0","-","731","7.0%","5,142","6.6%","539","5.9%","2,971","6.8%","789","7.2%","203","5.4%","1,888","5.8%","2,210","6.7%","658","6.9%","731","6.8%","375","5.5%","731","5.4%","3,030","6.5%","244","5.5%","870","6.8%","1,145","5.4%","82","4.6%","4,448","6.4%","1,662","6.0%","1,263","6.7%","323","6.2%","896","6.4%","694","7.3%","612","6.2%","553","5.3%","528","4.5%","1,821","5.8%","300","6.4%","287","5.5%","167","6.4%","1,685","6.4%","257","4.5%","1,130","5.5%","856","6.1%","1,122","6.2%","316","5.7%","3,818","6.1%","43","4.7%","1,827","5.9%","172","5.5%","2,194","5.7%","957","6.0%","548","6.1%","615","5.7%","785","6.2%","1,324","5.8%","947","6.8%","409","5.7%","2,042","6.0%","877","6.1%","868","5.6%","305","4.7%","95","5.1%","79","4.6%","25","3.0%","27","5.1%","32","4.9%","32","4.1%","91","5.8%","135","5.0%","84","5.6%","214","5.1%","52","4.6%","173","5.2%","917","6.5%","31","3.9%","83","5.2%","351","6.1%","57","5.0%","121","5.5%","56","4.2%","199","5.2%","884","4.9%","39","5.7%","97","5.2%","634","5.6%","262","5.1%","222","4.4%","0","-","88","4.6%","336","5.0%","479","6.5%","111","4.9%","179","5.0%","245","5.5%","427","6.7%","120","3.4%","249","6.0%","163","5.2%","111","5.3%","1,241","5.0%","190","3.4%","260","5.4%","145","4.2%","0","-","634","6.5%","166","5.5%","174","6.5%","694","4.6%","826","5.9%","356","5.5%","795","5.4%","656","5.8%","1,880","5.7%","395","4.3%","2,077","6.6%","234","6.0%","1,446","5.4%","998","6.2%","4,184","6.0%","400","5.7%","684","5.5%","458","6.3%","348","5.4%","213","4.4%","483","5.6%","476","4.5%","1,314","5.7%","3,835","6.4%","1,635","5.7%","473","5.8%","315","6.8%","0","-","68","5.6%","450","5.7%","609","5.9%","47","5.1%","337","5.9%","893","4.8%","178","5.0%","450","5.8%","115","5.5%","52","4.4%","494","5.7%","837","6.0%","157","6.2%","1,365","6.6%","175","4.5%","138","5.7%","131","6.3%","92","6.3%","442","4.6%","68","5.4%","562","5.5%","67","4.3%","147","6.1%","134","5.0%","359","5.8%","531","6.4%","228","5.0%","369","2.8%","254","5.6%","308","5.3%","442","6.0%","21","5.4%","804","5.1%","139","5.1%","112","5.3%","233","5.7%","144","5.8%","55","5.2%","44","5.4%","40","4.9%","539","6.0%","472","6.2%","133","6.3%","307","6.5%","37","4.7%","133","7.6%","259","5.7%","598","4.7%","254","6.1%"
"Female population 45 to 49 years","0","-","701","6.7%","4,732","6.1%","598","6.6%","2,898","6.6%","955","8.7%","274","7.3%","2,191","6.7%","2,434","7.4%","594","6.2%","882","8.3%","469","6.9%","942","7.0%","2,898","6.2%","285","6.4%","1,035","8.0%","1,277","6.1%","112","6.3%","4,010","5.8%","1,730","6.3%","1,309","6.9%","460","8.9%","1,140","8.1%","718","7.5%","712","7.2%","642","6.2%","634","5.4%","1,898","6.0%","356","7.5%","357","6.9%","167","6.4%","1,708","6.4%","294","5.2%","1,134","5.5%","960","6.8%","1,243","6.8%","355","6.4%","3,494","5.6%","54","5.9%","1,731","5.6%","214","6.8%","2,060","5.4%","1,041","6.5%","605","6.7%","595","5.5%","868","6.9%","1,407","6.2%","827","5.9%","443","6.2%","2,052","6.1%","886","6.2%","986","6.4%","373","5.8%","133","7.2%","86","5.0%","52","6.2%","26","4.9%","44","6.8%","51","6.5%","87","5.5%","177","6.5%","101","6.7%","231","5.5%","73","6.5%","202","6.1%","956","6.7%","51","6.4%","92","5.7%","368","6.3%","59","5.2%","121","5.5%","52","3.9%","244","6.4%","1,094","6.1%","51","7.5%","111","6.0%","690","6.1%","314","6.1%","307","6.1%","0","-","103","5.3%","431","6.4%","410","5.5%","154","6.8%","241","6.8%","268","6.0%","457","7.1%","201","5.8%","274","6.6%","178","5.7%","129","6.2%","1,447","5.8%","274","5.0%","319","6.6%","216","6.2%","0","-","581","5.9%","205","6.7%","163","6.1%","798","5.3%","947","6.8%","408","6.3%","867","5.9%","709","6.2%","1,819","5.5%","561","6.1%","1,954","6.2%","297","7.6%","1,691","6.3%","1,023","6.3%","3,503","5.0%","383","5.5%","776","6.2%","488","6.7%","453","7.0%","319","6.6%","598","7.0%","536","5.0%","1,371","6.0%","3,617","6.1%","1,640","5.7%","526","6.4%","315","6.8%","0","-","76","6.3%","490","6.2%","592","5.8%","53","5.7%","408","7.1%","949","5.1%","223","6.3%","445","5.8%","120","5.7%","59","5.0%","538","6.2%","703","5.1%","136","5.4%","1,202","5.8%","242","6.2%","152","6.3%","135","6.4%","72","4.9%","523","5.5%","105","8.3%","606","5.9%","95","6.1%","149","6.2%","152","5.7%","421","6.8%","513","6.2%","321","7.1%","374","2.8%","272","6.0%","395","6.8%","515","7.0%","24","6.2%","831","5.3%","139","5.1%","126","5.9%","277","6.7%","168","6.7%","78","7.3%","50","6.1%","42","5.1%","554","6.1%","466","6.1%","142","6.7%","279","5.9%","52","6.7%","137","7.9%","306","6.7%","643","5.1%","298","7.2%"
"Female population 50 to 54 years","0","-","772","7.4%","4,986","6.4%","757","8.3%","3,027","6.9%","912","8.3%","320","8.5%","2,330","7.1%","2,701","8.2%","803","8.4%","880","8.2%","574","8.4%","1,219","9.1%","3,208","6.9%","383","8.6%","1,136","8.8%","1,539","7.3%","148","8.3%","4,379","6.3%","2,005","7.3%","1,372","7.3%","527","10.2%","1,275","9.1%","846","8.9%","773","7.8%","775","7.5%","787","6.7%","2,168","6.9%","448","9.5%","408","7.9%","193","7.4%","1,691","6.4%","412","7.3%","1,342","6.5%","970","6.9%","1,453","8.0%","434","7.8%","3,811","6.1%","72","7.8%","1,863","6.0%","240","7.7%","2,268","5.9%","1,153","7.2%","631","7.0%","653","6.0%","965","7.6%","1,638","7.2%","903","6.5%","578","8.1%","2,245","6.6%","971","6.8%","1,135","7.3%","440","6.8%","158","8.6%","130","7.6%","72","8.6%","39","7.3%","55","8.5%","59","7.5%","121","7.7%","220","8.1%","105","7.0%","320","7.6%","84","7.5%","265","8.0%","1,169","8.2%","57","7.1%","107","6.7%","432","7.5%","105","9.3%","143","6.5%","110","8.3%","305","8.0%","1,349","7.5%","56","8.2%","140","7.6%","865","7.6%","398","7.7%","407","8.1%","0","-","157","8.2%","552","8.2%","532","7.2%","197","8.7%","315","8.8%","388","8.7%","484","7.6%","277","7.9%","329","7.9%","253","8.1%","182","8.7%","1,642","6.6%","422","7.7%","382","7.9%","264","7.6%","0","-","730","7.5%","239","7.8%","229","8.6%","1,073","7.1%","1,121","8.0%","448","6.9%","1,096","7.5%","915","8.0%","1,976","6.0%","805","8.8%","2,105","6.7%","286","7.3%","2,029","7.5%","1,123","7.0%","3,578","5.1%","567","8.1%","906","7.2%","555","7.6%","517","8.0%","363","7.5%","616","7.2%","681","6.4%","1,514","6.6%","3,685","6.2%","1,864","6.5%","697","8.5%","335","7.3%","0","-","83","6.9%","677","8.5%","759","7.4%","80","8.6%","464","8.1%","1,124","6.0%","304","8.6%","519","6.7%","175","8.3%","91","7.7%","651","7.5%","819","5.9%","220","8.7%","1,396","6.7%","318","8.1%","187","7.7%","168","8.0%","99","6.8%","748","7.9%","129","10.1%","786","7.7%","147","9.4%","169","7.0%","194","7.3%","482","7.8%","636","7.7%","433","9.5%","432","3.2%","327","7.3%","387","6.7%","663","9.0%","43","11.1%","998","6.4%","198","7.3%","170","8.0%","288","7.0%","183","7.3%","92","8.6%","60","7.3%","69","8.4%","598","6.6%","550","7.2%","146","6.9%","287","6.1%","64","8.2%","160","9.2%","358","7.8%","713","5.6%","326","7.8%"
"Female population 55 to 59 years","0","-","868","8.3%","4,912","6.3%","823","9.0%","3,103","7.1%","795","7.2%","368","9.7%","2,388","7.3%","2,597","7.9%","858","9.0%","807","7.6%","665","9.8%","1,307","9.7%","3,483","7.4%","383","8.6%","1,109","8.6%","1,771","8.4%","175","9.9%","4,605","6.6%","2,139","7.7%","1,430","7.6%","460","8.9%","1,247","8.9%","769","8.1%","800","8.1%","830","8.0%","886","7.5%","2,350","7.4%","397","8.4%","446","8.6%","228","8.7%","2,052","7.7%","521","9.2%","1,699","8.3%","1,051","7.5%","1,527","8.4%","515","9.3%","3,660","5.8%","94","10.2%","2,100","6.8%","260","8.3%","2,293","6.0%","1,294","8.1%","645","7.2%","746","6.9%","1,126","8.9%","1,683","7.4%","1,048","7.5%","628","8.8%","2,341","6.9%","1,108","7.8%","1,285","8.3%","585","9.1%","145","7.9%","161","9.4%","86","10.3%","45","8.5%","77","11.9%","76","9.7%","156","9.9%","227","8.3%","126","8.4%","397","9.4%","108","9.6%","305","9.2%","1,295","9.1%","87","10.8%","110","6.9%","490","8.5%","88","7.8%","159","7.3%","130","9.8%","310","8.1%","1,501","8.3%","61","9.0%","138","7.5%","974","8.6%","446","8.6%","480","9.6%","0","-","166","8.6%","610","9.0%","561","7.6%","195","8.7%","345","9.7%","463","10.4%","584","9.1%","336","9.6%","378","9.0%","329","10.5%","220","10.5%","1,769","7.1%","581","10.5%","380","7.9%","309","8.8%","0","-","761","7.8%","255","8.4%","231","8.7%","1,301","8.6%","1,123","8.0%","515","8.0%","1,171","8.0%","928","8.1%","2,193","6.6%","875","9.6%","2,165","6.9%","305","7.8%","2,353","8.7%","1,265","7.8%","3,436","4.9%","601","8.6%","947","7.6%","555","7.6%","529","8.2%","417","8.7%","677","7.9%","836","7.8%","1,827","7.9%","3,953","6.6%","1,956","6.8%","718","8.7%","367","8.0%","0","-","125","10.4%","667","8.4%","856","8.4%","90","9.7%","512","8.9%","1,241","6.6%","317","9.0%","566","7.3%","212","10.1%","135","11.5%","740","8.6%","826","5.9%","234","9.3%","1,523","7.4%","333","8.5%","216","9.0%","158","7.5%","132","9.0%","795","8.4%","119","9.4%","848","8.3%","159","10.2%","216","8.9%","267","10.1%","529","8.6%","681","8.2%","429","9.4%","439","3.3%","439","9.8%","516","8.9%","590","8.0%","45","11.6%","1,185","7.6%","233","8.6%","189","8.9%","304","7.4%","228","9.1%","107","10.1%","68","8.3%","87","10.6%","714","7.9%","594","7.8%","172","8.1%","388","8.2%","78","10.0%","159","9.1%","455","9.9%","721","5.7%","378","9.1%"
"Female population 60 to 64 years","0","-","753","7.2%","4,370","5.6%","705","7.7%","2,738","6.3%","610","5.6%","305","8.1%","1,988","6.1%","2,365","7.2%","714","7.5%","761","7.1%","578","8.5%","1,000","7.4%","3,158","6.7%","401","9.0%","897","7.0%","1,718","8.2%","165","9.3%","4,354","6.3%","2,040","7.4%","1,297","6.9%","382","7.4%","966","6.9%","596","6.3%","663","6.7%","927","8.9%","1,008","8.6%","2,311","7.3%","386","8.2%","442","8.5%","228","8.7%","1,773","6.7%","522","9.2%","1,601","7.8%","1,045","7.4%","1,303","7.1%","496","8.9%","3,411","5.4%","111","12.1%","2,057","6.6%","256","8.2%","2,307","6.0%","1,217","7.6%","712","7.9%","749","6.9%","939","7.4%","1,584","7.0%","992","7.1%","556","7.8%","2,189","6.5%","1,053","7.4%","1,261","8.1%","511","7.9%","169","9.2%","172","10.1%","89","10.6%","68","12.8%","69","10.7%","83","10.6%","166","10.5%","251","9.2%","147","9.7%","343","8.1%","119","10.6%","301","9.1%","1,079","7.6%","91","11.3%","110","6.9%","514","8.9%","123","10.9%","177","8.1%","127","9.6%","330","8.7%","1,485","8.2%","66","9.7%","190","10.3%","964","8.5%","464","9.0%","511","10.2%","0","-","190","9.9%","591","8.8%","570","7.7%","202","9.0%","290","8.1%","405","9.1%","520","8.1%","351","10.1%","334","8.0%","276","8.8%","193","9.2%","1,650","6.7%","546","9.9%","363","7.5%","326","9.3%","0","-","727","7.4%","253","8.3%","238","9.0%","1,474","9.8%","1,043","7.4%","495","7.6%","1,131","7.7%","968","8.5%","2,166","6.6%","820","9.0%","2,127","6.8%","302","7.7%","2,276","8.4%","1,180","7.3%","3,271","4.7%","548","7.8%","983","7.8%","525","7.2%","543","8.4%","444","9.2%","665","7.8%","860","8.1%","1,771","7.7%","3,608","6.0%","2,010","7.0%","656","8.0%","376","8.1%","0","-","105","8.7%","640","8.0%","835","8.2%","70","7.6%","463","8.0%","1,324","7.1%","333","9.4%","582","7.6%","159","7.6%","118","10.0%","603","7.0%","813","5.9%","202","8.0%","1,441","7.0%","376","9.6%","204","8.5%","183","8.7%","120","8.2%","834","8.8%","107","8.4%","863","8.5%","161","10.3%","227","9.4%","257","9.7%","517","8.4%","597","7.2%","400","8.8%","501","3.8%","366","8.1%","509","8.8%","540","7.4%","33","8.5%","1,167","7.5%","245","9.1%","181","8.5%","291","7.1%","258","10.3%","102","9.6%","81","9.9%","99","12.0%","636","7.0%","521","6.8%","146","6.9%","344","7.3%","65","8.3%","131","7.5%","424","9.3%","751","5.9%","342","8.2%"
"Female population 65 to 69 years","0","-","616","5.9%","3,338","4.3%","592","6.5%","2,223","5.1%","427","3.9%","206","5.5%","1,610","4.9%","1,744","5.3%","505","5.3%","472","4.4%","372","5.5%","812","6.0%","2,547","5.4%","307","6.9%","658","5.1%","1,378","6.6%","149","8.4%","3,345","4.8%","1,692","6.1%","1,015","5.4%","288","5.6%","765","5.5%","455","4.8%","621","6.3%","791","7.6%","881","7.5%","1,818","5.7%","280","5.9%","342","6.6%","132","5.1%","1,371","5.2%","390","6.9%","1,146","5.6%","846","6.0%","1,049","5.8%","363","6.5%","2,771","4.4%","86","9.3%","1,719","5.6%","220","7.0%","1,848","4.8%","961","6.0%","578","6.4%","695","6.4%","765","6.0%","1,470","6.5%","822","5.9%","407","5.7%","1,934","5.7%","953","6.7%","1,090","7.0%","418","6.5%","142","7.7%","169","9.9%","75","8.9%","47","8.9%","57","8.8%","80","10.2%","138","8.7%","204","7.5%","144","9.5%","360","8.5%","90","8.0%","260","7.8%","805","5.7%","88","11.0%","126","7.9%","409","7.1%","98","8.7%","193","8.8%","149","11.2%","252","6.6%","1,236","6.8%","55","8.1%","148","8.0%","733","6.5%","423","8.2%","410","8.2%","0","-","149","7.7%","543","8.1%","510","6.9%","166","7.4%","244","6.8%","332","7.5%","439","6.9%","301","8.6%","323","7.7%","238","7.6%","144","6.9%","1,289","5.2%","478","8.7%","321","6.7%","292","8.4%","0","-","499","5.1%","212","7.0%","209","7.9%","1,233","8.2%","896","6.4%","374","5.8%","1,011","6.9%","917","8.1%","1,906","5.8%","647","7.1%","1,671","5.3%","267","6.8%","1,925","7.1%","869","5.4%","2,713","3.9%","489","7.0%","867","6.9%","475","6.5%","479","7.4%","326","6.8%","482","5.6%","814","7.6%","1,507","6.5%","2,782","4.7%","1,579","5.5%","515","6.3%","309","6.7%","0","-","89","7.4%","426","5.4%","681","6.7%","72","7.8%","347","6.0%","1,139","6.1%","243","6.9%","436","5.7%","125","6.0%","123","10.5%","581","6.7%","665","4.8%","188","7.5%","1,188","5.7%","358","9.1%","185","7.7%","121","5.8%","97","6.6%","754","7.9%","80","6.3%","699","6.8%","131","8.4%","183","7.6%","197","7.4%","405","6.6%","492","6.0%","305","6.7%","456","3.4%","317","7.0%","362","6.3%","430","5.9%","32","8.2%","949","6.1%","184","6.8%","173","8.1%","253","6.2%","163","6.5%","79","7.4%","63","7.7%","79","9.6%","567","6.3%","425","5.6%","161","7.6%","331","7.0%","46","5.9%","97","5.6%","298","6.5%","580","4.6%","273","6.6%"
"Female population 70 to 74 years","0","-","516","4.9%","2,618","3.4%","458","5.0%","1,713","3.9%","314","2.9%","167","4.4%","1,266","3.9%","1,520","4.6%","446","4.7%","408","3.8%","369","5.4%","597","4.4%","2,013","4.3%","233","5.2%","560","4.3%","1,190","5.7%","110","6.2%","2,799","4.0%","1,494","5.4%","801","4.2%","193","3.7%","602","4.3%","393","4.1%","543","5.5%","648","6.2%","892","7.6%","1,581","5.0%","254","5.4%","315","6.1%","116","4.4%","1,138","4.3%","309","5.5%","971","4.7%","777","5.5%","930","5.1%","298","5.4%","2,154","3.4%","59","6.4%","1,327","4.3%","194","6.2%","1,419","3.7%","873","5.5%","510","5.7%","603","5.6%","556","4.4%","1,400","6.2%","660","4.7%","365","5.1%","1,671","4.9%","781","5.5%","845","5.5%","326","5.0%","129","7.0%","132","7.7%","72","8.6%","28","5.3%","41","6.3%","63","8.0%","117","7.4%","183","6.7%","100","6.6%","307","7.2%","71","6.3%","185","5.6%","687","4.8%","53","6.6%","87","5.4%","303","5.2%","103","9.1%","175","8.0%","121","9.1%","193","5.1%","888","4.9%","42","6.2%","134","7.2%","615","5.4%","294","5.7%","343","6.9%","0","-","134","7.0%","439","6.5%","392","5.3%","148","6.6%","179","5.0%","251","5.6%","362","5.7%","267","7.7%","238","5.7%","255","8.1%","120","5.7%","1,074","4.3%","450","8.2%","260","5.4%","303","8.7%","0","-","405","4.1%","202","6.6%","134","5.0%","1,073","7.1%","805","5.7%","304","4.7%","823","5.6%","865","7.6%","1,623","4.9%","623","6.8%","1,330","4.2%","225","5.7%","1,576","5.8%","766","4.7%","2,229","3.2%","377","5.4%","781","6.2%","435","5.9%","427","6.6%","315","6.6%","447","5.2%","889","8.3%","1,266","5.5%","2,283","3.8%","1,312","4.5%","429","5.2%","243","5.3%","0","-","59","4.9%","388","4.9%","656","6.4%","47","5.1%","259","4.5%","900","4.8%","194","5.5%","396","5.1%","108","5.2%","87","7.4%","456","5.3%","521","3.8%","149","5.9%","909","4.4%","320","8.2%","120","5.0%","101","4.8%","55","3.8%","673","7.1%","43","3.4%","556","5.4%","74","4.7%","135","5.6%","169","6.4%","311","5.1%","374","4.5%","218","4.8%","340","2.6%","225","5.0%","292","5.0%","366","5.0%","23","5.9%","801","5.1%","123","4.5%","107","5.0%","206","5.0%","144","5.8%","51","4.8%","58","7.1%","67","8.2%","438","4.8%","345","4.5%","95","4.5%","243","5.2%","40","5.1%","69","4.0%","227","5.0%","538","4.2%","225","5.4%"
"Female population 75 to 79 years","0","-","376","3.6%","1,824","2.4%","341","3.7%","1,192","2.7%","259","2.4%","116","3.1%","1,028","3.1%","1,121","3.4%","323","3.4%","317","3.0%","250","3.7%","501","3.7%","1,451","3.1%","157","3.5%","439","3.4%","948","4.5%","91","5.1%","1,984","2.9%","1,074","3.9%","668","3.5%","162","3.1%","470","3.4%","337","3.5%","389","3.9%","459","4.4%","588","5.0%","1,144","3.6%","147","3.1%","210","4.0%","85","3.3%","785","3.0%","210","3.7%","868","4.2%","561","4.0%","656","3.6%","205","3.7%","1,447","2.3%","43","4.7%","934","3.0%","126","4.0%","929","2.4%","685","4.3%","346","3.9%","399","3.7%","420","3.3%","1,050","4.6%","520","3.7%","272","3.8%","1,128","3.3%","581","4.1%","593","3.8%","254","3.9%","86","4.7%","69","4.0%","60","7.2%","22","4.1%","30","4.6%","48","6.1%","74","4.7%","124","4.5%","82","5.4%","247","5.8%","56","5.0%","140","4.2%","497","3.5%","44","5.5%","78","4.9%","216","3.7%","79","7.0%","135","6.2%","89","6.7%","149","3.9%","693","3.8%","40","5.9%","103","5.6%","461","4.1%","209","4.0%","240","4.8%","0","-","91","4.7%","298","4.4%","274","3.7%","101","4.5%","127","3.6%","173","3.9%","220","3.4%","207","5.9%","163","3.9%","163","5.2%","96","4.6%","789","3.2%","349","6.3%","180","3.7%","216","6.2%","0","-","307","3.1%","137","4.5%","112","4.2%","767","5.1%","557","4.0%","235","3.6%","594","4.1%","576","5.1%","1,132","3.4%","473","5.2%","847","2.7%","170","4.3%","1,185","4.4%","494","3.1%","1,499","2.1%","311","4.4%","601","4.8%","309","4.2%","314","4.9%","258","5.4%","265","3.1%","752","7.1%","887","3.9%","1,501","2.5%","899","3.1%","339","4.1%","174","3.8%","0","-","54","4.5%","257","3.2%","556","5.4%","46","5.0%","162","2.8%","693","3.7%","112","3.2%","260","3.4%","87","4.2%","87","7.4%","329","3.8%","332","2.4%","93","3.7%","583","2.8%","213","5.4%","90","3.7%","66","3.2%","44","3.0%","492","5.2%","41","3.2%","481","4.7%","47","3.0%","101","4.2%","111","4.2%","196","3.2%","267","3.2%","140","3.1%","266","2.0%","175","3.9%","173","3.0%","282","3.8%","24","6.2%","618","3.9%","77","2.8%","77","3.6%","154","3.7%","85","3.4%","29","2.7%","32","3.9%","29","3.5%","326","3.6%","227","3.0%","82","3.9%","180","3.8%","28","3.6%","31","1.8%","166","3.6%","341","2.7%","147","3.5%"
"Female population 80 to 84 years","0","-","222","2.1%","1,303","1.7%","220","2.4%","798","1.8%","193","1.8%","74","2.0%","663","2.0%","876","2.7%","250","2.6%","222","2.1%","165","2.4%","341","2.5%","992","2.1%","126","2.8%","335","2.6%","635","3.0%","39","2.2%","1,427","2.1%","770","2.8%","567","3.0%","68","1.3%","333","2.4%","237","2.5%","288","2.9%","308","3.0%","524","4.4%","778","2.5%","67","1.4%","128","2.5%","67","2.6%","545","2.1%","168","3.0%","585","2.8%","397","2.8%","454","2.5%","136","2.5%","1,057","1.7%","12","1.3%","626","2.0%","53","1.7%","659","1.7%","479","3.0%","219","2.4%","336","3.1%","316","2.5%","654","2.9%","351","2.5%","186","2.6%","967","2.9%","415","2.9%","425","2.7%","195","3.0%","51","2.8%","40","2.3%","36","4.3%","18","3.4%","13","2.0%","35","4.5%","33","2.1%","64","2.3%","68","4.5%","138","3.3%","36","3.2%","81","2.4%","283","2.0%","22","2.7%","56","3.5%","116","2.0%","29","2.6%","104","4.8%","49","3.7%","77","2.0%","481","2.7%","17","2.5%","69","3.7%","341","3.0%","146","2.8%","133","2.7%","0","-","59","3.1%","192","2.8%","206","2.8%","37","1.6%","69","1.9%","91","2.0%","141","2.2%","174","5.0%","89","2.1%","98","3.1%","55","2.6%","530","2.1%","240","4.4%","134","2.8%","134","3.8%","0","-","184","1.9%","51","1.7%","53","2.0%","493","3.3%","381","2.7%","159","2.5%","426","2.9%","332","2.9%","834","2.5%","300","3.3%","627","2.0%","113","2.9%","737","2.7%","326","2.0%","1,040","1.5%","219","3.1%","427","3.4%","237","3.2%","157","2.4%","115","2.4%","175","2.0%","581","5.5%","626","2.7%","1,102","1.8%","527","1.8%","236","2.9%","108","2.3%","0","-","31","2.6%","154","1.9%","367","3.6%","35","3.8%","94","1.6%","488","2.6%","53","1.5%","161","2.1%","52","2.5%","38","3.2%","241","2.8%","196","1.4%","53","2.1%","401","1.9%","130","3.3%","64","2.7%","28","1.3%","25","1.7%","363","3.8%","23","1.8%","336","3.3%","28","1.8%","53","2.2%","70","2.6%","98","1.6%","173","2.1%","71","1.6%","193","1.4%","117","2.6%","133","2.3%","158","2.2%","9","2.3%","397","2.5%","55","2.0%","42","2.0%","123","3.0%","45","1.8%","13","1.2%","14","1.7%","16","1.9%","276","3.1%","184","2.4%","44","2.1%","106","2.2%","17","2.2%","31","1.8%","112","2.4%","204","1.6%","65","1.6%"
"Female population 85 years and over","0","-","301","2.9%","1,575","2.0%","243","2.7%","1,033","2.4%","270","2.5%","102","2.7%","1,051","3.2%","1,173","3.5%","262","2.7%","369","3.5%","128","1.9%","415","3.1%","1,284","2.7%","218","4.9%","436","3.4%","976","4.6%","62","3.5%","2,154","3.1%","997","3.6%","811","4.3%","88","1.7%","425","3.0%","356","3.7%","421","4.3%","431","4.1%","686","5.8%","1,047","3.3%","80","1.7%","157","3.0%","63","2.4%","652","2.5%","191","3.4%","758","3.7%","679","4.8%","628","3.4%","155","2.8%","983","1.6%","22","2.4%","878","2.8%","87","2.8%","1,016","2.7%","762","4.8%","294","3.3%","501","4.6%","402","3.2%","920","4.1%","521","3.7%","306","4.3%","1,494","4.4%","563","3.9%","418","2.7%","262","4.1%","36","2.0%","50","2.9%","28","3.3%","18","3.4%","17","2.6%","29","3.7%","39","2.5%","52","1.9%","52","3.4%","167","3.9%","18","1.6%","71","2.1%","369","2.6%","15","1.9%","119","7.4%","145","2.5%","32","2.8%","130","6.0%","53","4.0%","91","2.4%","680","3.8%","18","2.7%","73","3.9%","391","3.4%","147","2.8%","137","2.7%","0","-","123","6.4%","174","2.6%","332","4.5%","79","3.5%","93","2.6%","115","2.6%","150","2.3%","261","7.5%","122","2.9%","70","2.2%","73","3.5%","775","3.1%","284","5.2%","160","3.3%","128","3.7%","0","-","232","2.4%","67","2.2%","66","2.5%","681","4.5%","575","4.1%","174","2.7%","583","4.0%","393","3.5%","1,213","3.7%","334","3.6%","838","2.7%","144","3.7%","911","3.4%","403","2.5%","1,061","1.5%","307","4.4%","530","4.2%","390","5.3%","133","2.1%","109","2.3%","244","2.9%","982","9.2%","1,081","4.7%","1,416","2.4%","642","2.2%","257","3.1%","221","4.8%","0","-","46","3.8%","194","2.4%","384","3.8%","23","2.5%","128","2.2%","681","3.6%","56","1.6%","139","1.8%","55","2.6%","30","2.6%","257","3.0%","253","1.8%","60","2.4%","504","2.4%","148","3.8%","57","2.4%","27","1.3%","22","1.5%","491","5.2%","32","2.5%","458","4.5%","28","1.8%","50","2.1%","67","2.5%","104","1.7%","162","2.0%","74","1.6%","239","1.8%","152","3.4%","188","3.2%","147","2.0%","10","2.6%","488","3.1%","48","1.8%","47","2.2%","143","3.5%","46","1.8%","27","2.5%","19","2.3%","22","2.7%","280","3.1%","189","2.5%","40","1.9%","163","3.5%","12","1.5%","14","0.8%","116","2.5%","334","2.6%","91","2.2%"
"Selected Age Categories","","","","","","","","","","","","","","","","","","","","","","","","","","","","","","","","","","","","","","","","","","","","","","","","","","","","","","","","","","","","","","","","","","","","","","","","","","","","","","","","","","","","","","","","","","","","","","","","","","","","","","","","","","","","","","","","","","","","","","","","","","","","","","","","","","","","","","","","","","","","","","","","","","","","","","","","","","","","","","","","","","","","","","","","","","","","","","","","","","","","","","","","","","","","","","","","","","","","","","","","","","","","","","","","","","","","","","","","","","","","","","","","","","","","","","","","","","","","","","","","","","","","","","","","","","","","","","","","","","","","","","","","","","","","","","","","","","","","","","","","","","","","","","","","","","","","","","","","","","","","","","","","","","","","","","","","","","","","","","","","","","","","","","","","","","","","","","","","","","","","","","","","","",""
"16 years and over","0","-","8,587","82.1%","62,361","80.5%","7,528","82.7%","35,763","81.9%","8,095","73.8%","3,024","80.1%","26,877","82.3%","26,519","80.2%","7,712","80.5%","8,158","76.3%","5,629","82.6%","11,013","82.0%","38,830","83.0%","3,712","83.2%","10,207","79.3%","18,005","85.6%","1,507","84.9%","57,772","83.4%","23,231","84.0%","15,170","80.3%","4,022","77.6%","11,030","78.8%","7,394","77.6%","8,020","81.2%","8,817","84.8%","10,369","88.0%","26,397","83.4%","3,884","82.3%","4,299","82.9%","2,135","81.9%","21,586","81.5%","4,847","85.7%","17,332","84.3%","11,717","83.3%","15,036","82.4%","4,538","81.9%","50,585","80.4%","793","86.2%","25,739","83.1%","2,606","83.3%","30,993","81.0%","13,642","85.2%","7,653","85.3%","9,041","83.7%","10,259","81.1%","18,929","83.6%","11,262","80.7%","5,949","83.2%","28,064","83.0%","11,996","83.9%","13,112","84.6%","5,487","84.9%","1,559","84.5%","1,464","85.6%","749","89.4%","466","87.8%","568","87.8%","702","89.7%","1,345","85.2%","2,252","82.6%","1,309","86.8%","3,664","86.5%","970","86.2%","2,802","84.4%","11,780","82.9%","701","87.4%","1,370","85.5%","4,926","85.0%","980","86.6%","1,845","84.5%","1,188","89.5%","3,220","84.6%","15,280","84.7%","576","84.8%","1,587","85.7%","9,683","85.4%","4,457","86.0%","4,313","86.3%","0","-","1,685","87.5%","5,813","86.2%","6,203","83.6%","1,946","86.3%","2,956","82.9%","3,787","85.2%","5,307","83.0%","3,110","89.2%","3,473","83.1%","2,672","85.3%","1,800","85.8%","21,542","86.8%","4,922","89.3%","4,041","83.7%","3,103","88.9%","0","-","8,100","82.8%","2,598","85.3%","2,230","83.9%","13,359","88.7%","11,605","82.8%","5,456","84.3%","12,595","86.2%","9,555","83.9%","28,491","86.2%","7,730","84.4%","25,601","81.3%","3,211","81.9%","23,436","86.8%","13,313","82.4%","57,231","81.9%","5,954","85.1%","10,625","84.8%","6,048","82.6%","5,351","83.2%","4,019","83.6%","7,138","83.4%","9,284","87.1%","19,713","85.6%","47,464","79.5%","24,337","84.3%","6,922","84.2%","3,743","81.1%","0","-","1,043","86.6%","6,575","82.7%","8,843","86.4%","787","84.9%","4,758","82.7%","15,533","83.0%","2,960","84.0%","6,192","80.3%","1,745","83.3%","1,045","88.9%","7,231","83.6%","11,656","83.9%","2,077","82.6%","17,058","82.4%","3,373","86.1%","2,049","84.9%","1,698","81.1%","1,210","82.7%","8,239","86.6%","1,065","83.8%","8,668","84.9%","1,332","85.3%","2,002","82.7%","2,282","85.9%","5,066","82.3%","6,757","81.8%","3,828","84.1%","12,350","92.7%","3,703","82.3%","4,850","83.7%","6,033","82.3%","342","87.9%","13,327","85.1%","2,358","87.1%","1,793","84.5%","3,382","82.2%","2,090","83.5%","889","83.6%","687","83.7%","721","87.7%","7,520","83.2%","6,201","81.1%","1,793","84.5%","3,950","83.8%","654","83.8%","1,461","84.0%","3,902","85.2%","10,607","83.6%","3,391","81.4%"
"18 years and over","0","-","8,328","79.6%","60,407","77.9%","7,266","79.8%","34,708","79.5%","7,667","69.9%","2,906","77.0%","25,969","79.5%","25,516","77.2%","7,417","77.4%","7,737","72.4%","5,420","79.5%","10,580","78.7%","37,736","80.6%","3,564","79.9%","9,745","75.7%","17,570","83.6%","1,466","82.6%","56,328","81.3%","22,543","81.5%","14,525","76.9%","3,821","73.7%","10,491","74.9%","7,035","73.8%","7,747","78.4%","8,577","82.5%","10,139","86.0%","25,734","81.3%","3,740","79.3%","4,152","80.0%","2,064","79.1%","20,929","79.0%","4,749","84.0%","16,899","82.2%","11,331","80.6%","14,456","79.3%","4,365","78.7%","49,009","77.9%","768","83.5%","25,110","81.1%","2,514","80.3%","30,168","78.8%","13,292","83.0%","7,476","83.3%","8,819","81.7%","9,849","77.8%","18,332","81.0%","10,907","78.2%","5,732","80.2%","27,181","80.4%","11,669","81.6%","12,704","82.0%","5,351","82.8%","1,515","82.1%","1,439","84.1%","741","88.4%","452","85.1%","558","86.2%","685","87.5%","1,305","82.7%","2,180","79.9%","1,283","85.1%","3,573","84.3%","933","82.9%","2,715","81.8%","11,410","80.3%","686","85.5%","1,340","83.6%","4,796","82.7%","953","84.3%","1,806","82.7%","1,165","87.8%","3,113","81.8%","14,910","82.6%","555","81.7%","1,533","82.8%","9,405","82.9%","4,330","83.6%","4,228","84.6%","0","-","1,644","85.4%","5,661","84.0%","6,049","81.6%","1,888","83.8%","2,862","80.3%","3,680","82.8%","5,168","80.8%","3,028","86.8%","3,370","80.6%","2,589","82.7%","1,742","83.1%","21,046","84.8%","4,806","87.2%","3,922","81.3%","3,032","86.8%","0","-","7,871","80.4%","2,500","82.1%","2,146","80.7%","13,102","87.0%","11,117","79.3%","5,300","81.9%","12,323","84.3%","9,236","81.1%","27,818","84.2%","7,420","81.0%","24,847","78.9%","3,093","78.9%","22,884","84.8%","12,956","80.2%","55,689","79.7%","5,774","82.5%","10,325","82.4%","5,840","79.8%","5,173","80.5%","3,902","81.2%","6,921","80.9%","9,046","84.9%","19,045","82.7%","45,916","76.9%","23,762","82.4%","6,714","81.6%","3,596","77.9%","0","-","1,022","84.8%","6,359","79.9%","8,627","84.3%","771","83.2%","4,607","80.1%","15,183","81.1%","2,873","81.5%","6,019","78.1%","1,685","80.4%","1,015","86.3%","7,013","81.1%","11,350","81.7%","2,030","80.7%","16,513","79.8%","3,259","83.2%","1,973","81.8%","1,647","78.6%","1,163","79.5%","8,021","84.3%","1,028","80.9%","8,413","82.4%","1,289","82.6%","1,943","80.3%","2,221","83.6%","4,915","79.8%","6,548","79.2%","3,668","80.6%","12,191","91.5%","3,584","79.7%","4,728","81.6%","5,791","79.0%","326","83.8%","13,049","83.4%","2,301","85.0%","1,744","82.1%","3,252","79.1%","2,023","80.8%","867","81.5%","672","81.9%","703","85.5%","7,313","80.9%","6,027","78.9%","1,732","81.6%","3,859","81.9%","634","81.3%","1,386","79.7%","3,812","83.2%","10,331","81.4%","3,253","78.1%"
"21 years and over","0","-","8,028","76.7%","56,452","72.8%","6,997","76.9%","33,217","76.1%","7,237","66.0%","2,806","74.3%","21,946","67.2%","24,462","74.0%","7,141","74.6%","7,341","68.7%","5,201","76.3%","10,152","75.5%","36,465","77.9%","3,411","76.4%","9,321","72.4%","16,971","80.7%","1,417","79.8%","54,030","78.0%","21,688","78.4%","13,960","73.9%","3,611","69.6%","9,990","71.4%","6,674","70.1%","7,448","75.4%","8,319","80.0%","9,826","83.4%","24,828","78.5%","3,586","76.0%","4,012","77.3%","1,986","76.2%","20,045","75.7%","4,636","82.0%","16,330","79.5%","11,055","78.6%","13,946","76.5%","4,204","75.8%","45,074","71.6%","734","79.8%","24,239","78.3%","2,429","77.6%","28,092","73.4%","12,924","80.7%","7,230","80.6%","8,602","79.7%","9,484","75.0%","17,673","78.1%","10,554","75.6%","5,503","77.0%","25,947","76.8%","11,274","78.9%","12,229","78.9%","5,182","80.2%","1,452","78.7%","1,395","81.5%","715","85.3%","439","82.7%","528","81.6%","658","84.0%","1,282","81.2%","2,108","77.3%","1,249","82.8%","3,456","81.6%","899","79.9%","2,605","78.4%","10,991","77.3%","652","81.3%","1,297","81.0%","4,602","79.4%","932","82.4%","1,725","79.0%","1,137","85.7%","2,985","78.5%","14,377","79.7%","540","79.5%","1,472","79.5%","9,059","79.9%","4,174","80.6%","4,070","81.5%","0","-","1,604","83.3%","5,473","81.2%","5,872","79.2%","1,815","80.5%","2,761","77.4%","3,585","80.7%","5,003","78.2%","2,942","84.4%","3,251","77.8%","2,474","79.0%","1,695","80.8%","19,457","78.4%","4,667","84.6%","3,783","78.4%","2,937","84.1%","0","-","7,548","77.1%","2,426","79.7%","2,062","77.6%","12,726","84.5%","10,723","76.5%","5,107","78.9%","11,885","81.3%","8,931","78.4%","24,925","75.4%","7,135","77.9%","23,896","75.9%","2,982","76.1%","22,206","82.3%","12,472","77.2%","50,518","72.3%","5,570","79.6%","9,987","79.7%","5,637","77.0%","4,993","77.7%","3,784","78.7%","6,674","78.0%","8,810","82.7%","18,413","79.9%","43,751","73.3%","21,524","74.6%","6,476","78.7%","3,474","75.3%","0","-","988","82.0%","6,138","77.2%","8,372","81.8%","739","79.7%","4,445","77.3%","14,725","78.6%","2,772","78.6%","5,813","75.4%","1,641","78.3%","981","83.4%","6,774","78.3%","10,040","72.3%","1,968","78.2%","15,841","76.6%","3,152","80.5%","1,899","78.7%","1,588","75.8%","1,109","75.8%","7,803","82.0%","987","77.7%","8,158","79.9%","1,250","80.1%","1,876","77.5%","2,152","81.0%","4,748","77.1%","6,322","76.5%","3,499","76.9%","7,306","54.8%","3,462","77.0%","4,567","78.9%","5,520","75.3%","313","80.5%","12,670","80.9%","2,194","81.0%","1,679","79.1%","3,147","76.5%","1,948","77.8%","842","79.1%","651","79.3%","683","83.1%","7,073","78.3%","5,745","75.2%","1,574","74.2%","3,713","78.8%","600","76.9%","1,331","76.5%","3,679","80.3%","8,955","70.6%","3,136","75.3%"
"62 years and over","0","-","2,466","23.6%","13,194","17.0%","2,246","24.7%","8,526","19.5%","1,795","16.4%","845","22.4%","6,718","20.6%","7,761","23.5%","2,207","23.0%","2,207","20.7%","1,610","23.6%","3,235","24.1%","10,158","21.7%","1,272","28.5%","2,923","22.7%","6,143","29.2%","549","30.9%","14,259","20.6%","7,193","26.0%","4,614","24.4%","1,018","19.6%","3,116","22.3%","2,125","22.3%","2,620","26.5%","3,189","30.7%","4,169","35.4%","7,728","24.4%","1,040","22.0%","1,409","27.2%","596","22.9%","5,524","20.9%","1,560","27.6%","5,235","25.5%","3,884","27.6%","4,455","24.4%","1,437","25.9%","10,403","16.5%","288","31.3%","6,732","21.7%","841","26.9%","7,264","19.0%","4,500","28.1%","2,349","26.2%","3,005","27.8%","2,977","23.5%","6,423","28.4%","3,451","24.7%","1,847","25.8%","8,475","25.1%","3,926","27.5%","4,136","26.7%","1,748","27.1%","531","28.8%","553","32.3%","332","39.6%","178","33.5%","201","31.1%","299","38.2%","496","31.4%","774","28.4%","524","34.7%","1,414","33.4%","337","30.0%","929","28.0%","3,286","23.1%","277","34.5%","534","33.3%","1,502","25.9%","424","37.5%","844","38.6%","538","40.5%","948","24.9%","4,843","26.8%","211","31.1%","628","33.9%","3,113","27.4%","1,499","28.9%","1,572","31.5%","0","-","673","34.9%","2,000","29.7%","2,044","27.6%","659","29.2%","883","24.8%","1,177","26.5%","1,625","25.4%","1,413","40.5%","1,123","26.9%","974","31.1%","617","29.4%","5,395","21.8%","2,159","39.2%","1,279","26.5%","1,254","35.9%","0","-","2,047","20.9%","821","27.0%","711","26.7%","5,129","34.1%","3,827","27.3%","1,533","23.7%","4,071","27.9%","3,640","32.0%","8,002","24.2%","2,837","31.0%","6,571","20.9%","1,089","27.8%","7,690","28.5%","3,562","22.0%","10,379","14.9%","2,010","28.7%","3,765","30.1%","2,162","29.5%","1,843","28.7%","1,391","28.9%","2,006","23.4%","4,539","42.6%","6,375","27.7%","11,189","18.7%","6,089","21.1%","2,165","26.3%","1,270","27.5%","0","-","343","28.5%","1,789","22.5%","3,104","30.3%","268","28.9%","1,265","22.0%","4,657","24.9%","856","24.3%","1,733","22.5%","518","24.7%","426","36.2%","2,203","25.5%","2,439","17.6%","657","26.1%","4,418","21.4%","1,397","35.7%","632","26.2%","452","21.6%","305","20.8%","3,256","34.2%","274","21.6%","3,044","29.8%","401","25.7%","643","26.6%","761","28.7%","1,419","23.0%","1,812","21.9%","1,039","22.8%","1,795","13.5%","1,200","26.7%","1,453","25.1%","1,673","22.8%","121","31.1%","3,951","25.2%","642","23.7%","551","26.0%","1,053","25.6%","644","25.7%","257","24.2%","227","27.6%","279","33.9%","2,251","24.9%","1,667","21.8%","502","23.7%","1,219","25.9%","172","22.1%","323","18.6%","1,157","25.3%","2,444","19.3%","1,014","24.4%"
"65 years and over","0","-","2,031","19.4%","10,658","13.7%","1,854","20.4%","6,959","15.9%","1,463","13.3%","665","17.6%","5,618","17.2%","6,434","19.5%","1,786","18.6%","1,788","16.7%","1,284","18.8%","2,666","19.8%","8,287","17.7%","1,041","23.3%","2,428","18.9%","5,127","24.4%","451","25.4%","11,709","16.9%","6,027","21.8%","3,862","20.4%","799","15.4%","2,595","18.5%","1,778","18.7%","2,262","22.9%","2,637","25.4%","3,571","30.3%","6,368","20.1%","828","17.5%","1,152","22.2%","463","17.8%","4,491","17.0%","1,268","22.4%","4,328","21.1%","3,260","23.2%","3,717","20.4%","1,157","20.9%","8,412","13.4%","222","24.1%","5,484","17.7%","680","21.7%","5,871","15.3%","3,760","23.5%","1,947","21.7%","2,534","23.5%","2,459","19.4%","5,494","24.3%","2,874","20.6%","1,536","21.5%","7,194","21.3%","3,293","23.0%","3,371","21.8%","1,455","22.5%","444","24.1%","460","26.9%","271","32.3%","133","25.0%","158","24.4%","255","32.6%","401","25.4%","627","23.0%","446","29.6%","1,219","28.8%","271","24.1%","737","22.2%","2,641","18.6%","222","27.7%","466","29.1%","1,189","20.5%","341","30.2%","737","33.7%","461","34.7%","762","20.0%","3,978","22.0%","172","25.3%","527","28.5%","2,541","22.4%","1,219","23.5%","1,263","25.3%","0","-","556","28.9%","1,646","24.4%","1,714","23.1%","531","23.6%","712","20.0%","962","21.6%","1,312","20.5%","1,210","34.7%","935","22.4%","824","26.3%","488","23.3%","4,457","18.0%","1,801","32.7%","1,055","21.9%","1,073","30.7%","0","-","1,627","16.6%","669","22.0%","574","21.6%","4,247","28.2%","3,214","22.9%","1,246","19.3%","3,437","23.5%","3,083","27.1%","6,708","20.3%","2,377","26.0%","5,313","16.9%","919","23.4%","6,334","23.5%","2,858","17.7%","8,542","12.2%","1,703","24.3%","3,206","25.6%","1,846","25.2%","1,510","23.5%","1,123","23.4%","1,613","18.9%","4,018","37.7%","5,367","23.3%","9,084","15.2%","4,959","17.2%","1,776","21.6%","1,055","22.9%","0","-","279","23.2%","1,419","17.8%","2,644","25.8%","223","24.1%","990","17.2%","3,901","20.8%","658","18.7%","1,392","18.1%","427","20.4%","365","31.0%","1,864","21.6%","1,967","14.2%","543","21.6%","3,585","17.3%","1,169","29.9%","516","21.4%","343","16.4%","243","16.6%","2,773","29.1%","219","17.2%","2,530","24.8%","308","19.7%","522","21.6%","614","23.1%","1,114","18.1%","1,468","17.8%","808","17.8%","1,494","11.2%","986","21.9%","1,148","19.8%","1,383","18.9%","98","25.2%","3,253","20.8%","487","18.0%","446","21.0%","879","21.4%","483","19.3%","199","18.7%","186","22.7%","213","25.9%","1,887","20.9%","1,370","17.9%","422","19.9%","1,023","21.7%","143","18.3%","242","13.9%","919","20.1%","1,997","15.7%","801","19.2%"
"MEDIAN AGE BY SEX","","","","","","","","","","","","","","","","","","","","","","","","","","","","","","","","","","","","","","","","","","","","","","","","","","","","","","","","","","","","","","","","","","","","","","","","","","","","","","","","","","","","","","","","","","","","","","","","","","","","","","","","","","","","","","","","","","","","","","","","","","","","","","","","","","","","","","","","","","","","","","","","","","","","","","","","","","","","","","","","","","","","","","","","","","","","","","","","","","","","","","","","","","","","","","","","","","","","","","","","","","","","","","","","","","","","","","","","","","","","","","","","","","","","","","","","","","","","","","","","","","","","","","","","","","","","","","","","","","","","","","","","","","","","","","","","","","","","","","","","","","","","","","","","","","","","","","","","","","","","","","","","","","","","","","","","","","","","","","","","","","","","","","","","","","","","","","","","","","","","","","","","","",""
"Both sexes","-","(X)","42.7","(X)","35.3","(X)","45.3","(X)","38.6","(X)","39.4","(X)","45.4","(X)","39.9","(X)","43.5","(X)","44.0","(X)","42.7","(X)","46.0","(X)","45.6","(X)","39.5","(X)","49.1","(X)","44.9","(X)","47.0","(X)","51.9","(X)","37.3","(X)","43.4","(X)","43.1","(X)","44.8","(X)","45.4","(X)","43.4","(X)","45.8","(X)","48.1","(X)","49.8","(X)","41.4","(X)","44.8","(X)","46.5","(X)","43.1","(X)","39.2","(X)","46.5","(X)","41.4","(X)","44.7","(X)","44.3","(X)","47.5","(X)","33.2","(X)","50.4","(X)","37.4","(X)","46.0","(X)","34.6","(X)","45.3","(X)","43.8","(X)","42.2","(X)","43.7","(X)","45.3","(X)","42.1","(X)","44.0","(X)","40.8","(X)","44.3","(X)","44.4","(X)","45.0","(X)","49.8","(X)","51.9","(X)","55.8","(X)","52.1","(X)","51.7","(X)","56.3","(X)","52.4","(X)","48.7","(X)","51.7","(X)","51.4","(X)","50.5","(X)","48.7","(X)","44.1","(X)","53.8","(X)","46.6","(X)","45.2","(X)","55.4","(X)","52.6","(X)","56.5","(X)","45.0","(X)","44.6","(X)","50.9","(X)","51.9","(X)","46.1","(X)","47.9","(X)","51.1","(X)","-","(X)","53.0","(X)","48.6","(X)","44.5","(X)","50.1","(X)","46.4","(X)","49.0","(X)","45.5","(X)","56.3","(X)","47.1","(X)","51.5","(X)","50.4","(X)","38.2","(X)","55.5","(X)","45.2","(X)","53.0","(X)","-","(X)","39.8","(X)","46.2","(X)","48.0","(X)","50.9","(X)","44.8","(X)","42.1","(X)","45.2","(X)","50.0","(X)","39.4","(X)","50.9","(X)","39.0","(X)","46.7","(X)","46.9","(X)","40.2","(X)","31.0","(X)","47.7","(X)","47.0","(X)","47.4","(X)","48.5","(X)","47.8","(X)","42.5","(X)","54.8","(X)","44.7","(X)","36.0","(X)","38.0","(X)","46.3","(X)","46.2","(X)","-","(X)","48.8","(X)","43.0","(X)","49.3","(X)","48.1","(X)","43.3","(X)","36.7","(X)","45.8","(X)","40.0","(X)","45.9","(X)","56.1","(X)","42.9","(X)","33.5","(X)","47.4","(X)","39.1","(X)","53.1","(X)","47.0","(X)","43.2","(X)","41.2","(X)","51.6","(X)","47.4","(X)","48.2","(X)","48.9","(X)","46.7","(X)","49.3","(X)","44.3","(X)","41.8","(X)","46.2","(X)","21.5","(X)","45.6","(X)","44.7","(X)","44.3","(X)","52.9","(X)","40.6","(X)","40.8","(X)","45.5","(X)","42.8","(X)","45.9","(X)","47.2","(X)","48.0","(X)","51.3","(X)","42.1","(X)","40.6","(X)","42.8","(X)","42.4","(X)","46.4","(X)","43.4","(X)","46.4","(X)","32.9","(X)","45.4","(X)"
"Male","-","(X)","41.1","(X)","34.0","(X)","43.9","(X)","37.5","(X)","38.3","(X)","45.0","(X)","39.6","(X)","42.1","(X)","43.3","(X)","41.8","(X)","45.0","(X)","43.6","(X)","38.1","(X)","48.5","(X)","43.5","(X)","44.9","(X)","52.0","(X)","35.9","(X)","41.2","(X)","41.6","(X)","44.0","(X)","44.5","(X)","42.2","(X)","44.6","(X)","46.0","(X)","45.8","(X)","39.9","(X)","43.6","(X)","44.4","(X)","41.7","(X)","37.5","(X)","44.4","(X)","39.5","(X)","42.6","(X)","43.0","(X)","46.9","(X)","31.9","(X)","47.7","(X)","36.2","(X)","44.4","(X)","33.2","(X)","42.9","(X)","42.3","(X)","40.9","(X)","42.5","(X)","43.8","(X)","41.0","(X)","42.1","(X)","38.7","(X)","42.5","(X)","41.6","(X)","43.0","(X)","49.7","(X)","51.8","(X)","55.4","(X)","51.8","(X)","50.9","(X)","56.2","(X)","52.0","(X)","48.6","(X)","50.5","(X)","50.2","(X)","50.2","(X)","48.4","(X)","42.7","(X)","53.3","(X)","43.2","(X)","44.0","(X)","56.4","(X)","50.7","(X)","56.1","(X)","43.9","(X)","42.3","(X)","50.8","(X)","51.3","(X)","44.4","(X)","46.3","(X)","50.1","(X)","-","(X)","52.6","(X)","46.8","(X)","43.1","(X)","50.2","(X)","44.9","(X)","47.9","(X)","44.3","(X)","55.5","(X)","46.4","(X)","50.7","(X)","49.7","(X)","37.0","(X)","53.9","(X)","43.9","(X)","51.7","(X)","-","(X)","38.3","(X)","45.0","(X)","47.6","(X)","48.8","(X)","42.2","(X)","40.8","(X)","42.6","(X)","48.5","(X)","38.0","(X)","49.8","(X)","38.1","(X)","45.6","(X)","44.8","(X)","38.6","(X)","30.2","(X)","46.4","(X)","44.7","(X)","46.1","(X)","48.1","(X)","45.5","(X)","41.1","(X)","51.7","(X)","43.0","(X)","34.5","(X)","36.7","(X)","44.9","(X)","45.1","(X)","-","(X)","48.0","(X)","41.8","(X)","48.4","(X)","46.2","(X)","41.9","(X)","34.3","(X)","44.4","(X)","39.0","(X)","45.1","(X)","56.2","(X)","40.9","(X)","32.5","(X)","46.8","(X)","37.6","(X)","52.1","(X)","46.3","(X)","43.4","(X)","40.8","(X)","50.4","(X)","47.5","(X)","46.5","(X)","47.4","(X)","45.6","(X)","48.1","(X)","43.8","(X)","40.9","(X)","45.3","(X)","21.5","(X)","44.2","(X)","43.7","(X)","43.1","(X)","53.0","(X)","38.7","(X)","38.9","(X)","43.8","(X)","41.3","(X)","44.8","(X)","45.9","(X)","48.1","(X)","49.0","(X)","40.8","(X)","39.7","(X)","41.8","(X)","40.3","(X)","46.4","(X)","43.3","(X)","44.4","(X)","32.2","(X)","44.7","(X)"
"Female","-","(X)","44.1","(X)","36.3","(X)","46.8","(X)","39.8","(X)","40.2","(X)","45.9","(X)","40.2","(X)","45.0","(X)","44.7","(X)","43.5","(X)","46.8","(X)","47.4","(X)","41.0","(X)","49.6","(X)","45.9","(X)","48.9","(X)","51.7","(X)","38.8","(X)","45.3","(X)","44.3","(X)","45.4","(X)","46.1","(X)","44.5","(X)","46.9","(X)","49.8","(X)","52.3","(X)","42.8","(X)","45.9","(X)","47.9","(X)","44.3","(X)","40.4","(X)","48.7","(X)","44.2","(X)","46.4","(X)","45.5","(X)","48.0","(X)","34.3","(X)","52.6","(X)","38.9","(X)","47.1","(X)","35.8","(X)","47.3","(X)","45.5","(X)","43.7","(X)","45.2","(X)","46.8","(X)","43.2","(X)","47.0","(X)","42.8","(X)","46.0","(X)","46.6","(X)","46.8","(X)","49.8","(X)","52.0","(X)","56.7","(X)","52.5","(X)","52.5","(X)","56.6","(X)","52.8","(X)","48.8","(X)","53.3","(X)","52.4","(X)","50.8","(X)","48.9","(X)","45.2","(X)","54.9","(X)","49.6","(X)","46.7","(X)","54.4","(X)","54.2","(X)","56.9","(X)","46.1","(X)","46.8","(X)","51.0","(X)","52.5","(X)","47.9","(X)","49.0","(X)","52.2","(X)","-","(X)","53.5","(X)","50.3","(X)","46.1","(X)","49.9","(X)","47.6","(X)","49.9","(X)","46.8","(X)","57.3","(X)","47.9","(X)","52.5","(X)","51.1","(X)","39.3","(X)","56.6","(X)","46.4","(X)","54.2","(X)","-","(X)","41.3","(X)","47.4","(X)","48.6","(X)","52.9","(X)","47.4","(X)","43.2","(X)","47.5","(X)","51.1","(X)","40.5","(X)","51.9","(X)","40.0","(X)","47.7","(X)","48.7","(X)","41.6","(X)","31.9","(X)","49.1","(X)","48.7","(X)","48.3","(X)","49.0","(X)","49.3","(X)","44.0","(X)","57.3","(X)","46.4","(X)","37.3","(X)","39.1","(X)","47.6","(X)","47.2","(X)","-","(X)","49.3","(X)","44.2","(X)","49.8","(X)","50.0","(X)","44.4","(X)","40.3","(X)","47.3","(X)","41.1","(X)","46.9","(X)","56.1","(X)","45.9","(X)","34.4","(X)","48.0","(X)","40.5","(X)","54.1","(X)","47.7","(X)","42.8","(X)","41.5","(X)","52.6","(X)","47.4","(X)","49.5","(X)","49.8","(X)","47.5","(X)","50.1","(X)","44.8","(X)","42.8","(X)","47.0","(X)","21.4","(X)","48.0","(X)","45.8","(X)","45.3","(X)","52.8","(X)","42.6","(X)","43.2","(X)","47.8","(X)","44.7","(X)","47.3","(X)","48.7","(X)","47.9","(X)","53.4","(X)","43.6","(X)","41.5","(X)","43.6","(X)","44.5","(X)","46.3","(X)","43.6","(X)","48.2","(X)","33.8","(X)","46.1","(X)"
"RACE","","","","","","","","","","","","","","","","","","","","","","","","","","","","","","","","","","","","","","","","","","","","","","","","","","","","","","","","","","","","","","","","","","","","","","","","","","","","","","","","","","","","","","","","","","","","","","","","","","","","","","","","","","","","","","","","","","","","","","","","","","","","","","","","","","","","","","","","","","","","","","","","","","","","","","","","","","","","","","","","","","","","","","","","","","","","","","","","","","","","","","","","","","","","","","","","","","","","","","","","","","","","","","","","","","","","","","","","","","","","","","","","","","","","","","","","","","","","","","","","","","","","","","","","","","","","","","","","","","","","","","","","","","","","","","","","","","","","","","","","","","","","","","","","","","","","","","","","","","","","","","","","","","","","","","","","","","","","","","","","","","","","","","","","","","","","","","","","","","","","","","","","","",""
"Total population","0","-","20,358","100.0%","148,654","100.0%","17,528","100.0%","86,518","100.0%","21,499","100.0%","7,605","100.0%","61,512","100.0%","63,518","100.0%","18,825","100.0%","20,622","100.0%","13,579","100.0%","27,173","100.0%","91,184","100.0%","8,765","100.0%","25,033","100.0%","40,869","100.0%","3,527","100.0%","135,470","100.0%","52,355","100.0%","36,827","100.0%","10,354","100.0%","27,141","100.0%","18,503","100.0%","18,932","100.0%","20,175","100.0%","21,535","100.0%","60,833","100.0%","9,519","100.0%","10,124","100.0%","5,214","100.0%","51,045","100.0%","11,190","100.0%","42,141","100.0%","26,712","100.0%","35,159","100.0%","10,903","100.0%","121,054","100.0%","1,901","100.0%","59,713","100.0%","6,133","100.0%","74,135","100.0%","30,536","100.0%","17,525","100.0%","20,845","100.0%","24,517","100.0%","43,501","100.0%","26,918","100.0%","15,752","100.0%","64,083","100.0%","27,298","100.0%","29,492","100.0%","12,613","100.0%","3,647","100.0%","3,385","100.0%","1,662","100.0%","1,080","100.0%","1,361","100.0%","1,567","100.0%","3,150","100.0%","5,484","100.0%","3,019","100.0%","8,192","100.0%","2,256","100.0%","6,658","100.0%","28,115","100.0%","1,588","100.0%","3,211","100.0%","11,671","100.0%","2,260","100.0%","4,194","100.0%","2,680","100.0%","7,442","100.0%","35,515","100.0%","1,351","100.0%","3,646","100.0%","22,105","100.0%","10,224","100.0%","9,723","100.0%","0","-","3,749","100.0%","13,185","100.0%","14,225","100.0%","4,415","100.0%","7,152","100.0%","8,875","100.0%","12,717","100.0%","6,733","100.0%","8,452","100.0%","6,174","100.0%","4,217","100.0%","47,717","100.0%","10,481","100.0%","9,384","100.0%","6,769","100.0%","0","-","18,918","100.0%","6,000","100.0%","5,297","100.0%","28,273","100.0%","28,733","100.0%","12,325","100.0%","27,923","100.0%","22,073","100.0%","61,169","100.0%","17,691","100.0%","60,850","100.0%","7,574","100.0%","52,044","100.0%","31,519","100.0%","134,023","100.0%","13,544","100.0%","24,253","100.0%","14,280","100.0%","12,706","100.0%","9,401","100.0%","16,748","100.0%","19,879","100.0%","44,396","100.0%","114,403","100.0%","55,584","100.0%","16,142","100.0%","9,087","100.0%","0","-","2,429","100.0%","15,555","100.0%","18,693","100.0%","1,863","100.0%","11,402","100.0%","38,411","100.0%","7,142","100.0%","15,413","100.0%","4,195","100.0%","2,352","100.0%","18,387","100.0%","27,367","100.0%","5,149","100.0%","40,125","100.0%","7,628","100.0%","4,788","100.0%","4,213","100.0%","2,967","100.0%","18,335","100.0%","2,570","100.0%","19,571","100.0%","3,151","100.0%","4,858","100.0%","5,272","100.0%","12,235","100.0%","16,426","100.0%","9,098","100.0%","25,892","100.0%","10,255","100.0%","11,472","100.0%","14,563","100.0%","785","100.0%","30,215","100.0%","5,566","100.0%","4,191","100.0%","8,450","100.0%","5,045","100.0%","2,151","100.0%","1,649","100.0%","1,728","100.0%","17,752","100.0%","14,973","100.0%","4,266","100.0%","9,224","100.0%","1,576","100.0%","3,578","100.0%","9,189","100.0%","24,425","100.0%","8,221","100.0%"
"One Race","0","-","18,258","89.7%","128,014","86.1%","16,007","91.3%","72,564","83.9%","19,993","93.0%","7,043","92.6%","57,166","92.9%","56,753","89.3%","17,414","92.5%","19,109","92.7%","12,610","92.9%","25,359","93.3%","79,742","87.5%","8,160","93.1%","23,242","92.8%","37,923","92.8%","3,325","94.3%","119,619","88.3%","46,628","89.1%","34,000","92.3%","9,443","91.2%","25,046","92.3%","17,166","92.8%","17,653","93.2%","19,095","94.6%","20,117","93.4%","54,973","90.4%","8,883","93.3%","9,526","94.1%","4,865","93.3%","44,870","87.9%","10,374","92.7%","39,094","92.8%","25,010","93.6%","32,883","93.5%","10,210","93.6%","105,866","87.5%","1,796","94.5%","54,256","90.9%","5,761","93.9%","63,065","85.1%","28,228","92.4%","16,176","92.3%","19,782","94.9%","22,892","93.4%","40,995","94.2%","25,198","93.6%","14,967","95.0%","58,674","91.6%","25,278","92.6%","26,961","91.4%","11,677","92.6%","3,485","95.6%","3,219","95.1%","1,575","94.8%","1,018","94.3%","1,281","94.1%","1,496","95.5%","2,993","95.0%","5,202","94.9%","2,808","93.0%","7,781","95.0%","2,162","95.8%","6,309","94.8%","25,327","90.1%","1,494","94.1%","3,001","93.5%","10,808","92.6%","2,138","94.6%","3,945","94.1%","2,536","94.6%","7,050","94.7%","32,276","90.9%","1,272","94.2%","3,455","94.8%","20,860","94.4%","9,536","93.3%","9,154","94.1%","0","-","3,569","95.2%","12,251","92.9%","13,318","93.6%","4,140","93.8%","6,758","94.5%","8,419","94.9%","11,999","94.4%","6,446","95.7%","7,972","94.3%","5,822","94.3%","3,996","94.8%","43,170","90.5%","9,995","95.4%","8,731","93.0%","6,312","93.2%","0","-","16,705","88.3%","5,629","93.8%","5,017","94.7%","26,594","94.1%","27,154","94.5%","11,129","90.3%","25,536","91.5%","20,637","93.5%","56,261","92.0%","16,763","94.8%","52,167","85.7%","7,206","95.1%","48,345","92.9%","28,102","89.2%","117,993","88.0%","12,931","95.5%","22,931","94.5%","13,407","93.9%","11,965","94.2%","8,857","94.2%","15,527","92.7%","18,876","95.0%","41,255","92.9%","98,016","85.7%","49,859","89.7%","15,158","93.9%","8,452","93.0%","0","-","2,273","93.6%","14,537","93.5%","17,591","94.1%","1,732","93.0%","10,472","91.8%","34,470","89.7%","6,726","94.2%","13,982","90.7%","3,874","92.3%","2,255","95.9%","16,933","92.1%","23,466","85.7%","4,830","93.8%","35,008","87.2%","7,271","95.3%","4,440","92.7%","3,878","92.0%","2,753","92.8%","17,335","94.5%","2,406","93.6%","18,109","92.5%","2,940","93.3%","4,535","93.4%","5,005","94.9%","11,527","94.2%","15,599","95.0%","8,640","95.0%","24,540","94.8%","9,867","96.2%","10,740","93.6%","13,691","94.0%","735","93.6%","27,503","91.0%","5,245","94.2%","3,969","94.7%","7,912","93.6%","4,696","93.1%","2,004","93.2%","1,557","94.4%","1,632","94.4%","16,466","92.8%","13,773","92.0%","4,061","95.2%","8,525","92.4%","1,487","94.4%","3,262","91.2%","8,651","94.1%","21,066","86.2%","7,811","95.0%"
"One Race White","0","-","14,882","73.1%","33,697","22.7%","14,128","80.6%","41,640","48.1%","18,316","85.2%","6,492","85.4%","51,509","83.7%","47,314","74.5%","15,894","84.4%","17,390","84.3%","11,739","86.4%","23,333","85.9%","48,225","52.9%","7,673","87.5%","21,291","85.1%","32,733","80.1%","3,205","90.9%","69,598","51.4%","30,588","58.4%","28,394","77.1%","8,537","82.5%","22,527","83.0%","15,079","81.5%","14,663","77.5%","17,782","88.1%","7,200","33.4%","45,734","75.2%","8,522","89.5%","9,066","89.5%","4,372","83.9%","18,229","35.7%","8,387","75.0%","33,184","78.7%","19,789","74.1%","27,796","79.1%","9,825","90.1%","23,462","19.4%","1,749","92.0%","33,576","56.2%","5,520","90.0%","34,116","46.0%","22,944","75.1%","14,381","82.1%","14,431","69.2%","20,695","84.4%","38,173","87.8%","18,483","68.7%","12,742","80.9%","45,077","70.3%","21,649","79.3%","13,103","44.4%","9,534","75.6%","3,410","93.5%","3,135","92.6%","1,529","92.0%","985","91.2%","1,261","92.7%","1,445","92.2%","2,922","92.8%","5,100","93.0%","2,614","86.6%","7,530","91.9%","2,111","93.6%","6,141","92.2%","22,233","79.1%","1,459","91.9%","2,783","86.7%","10,290","88.2%","2,071","91.6%","3,688","87.9%","2,401","89.6%","6,764","90.9%","27,238","76.7%","1,225","90.7%","3,271","89.7%","19,463","88.0%","8,983","87.9%","8,722","89.7%","0","-","3,453","92.1%","11,321","85.9%","11,521","81.0%","3,955","89.6%","6,484","90.7%","8,167","92.0%","11,441","90.0%","6,205","92.2%","7,708","91.2%","5,673","91.9%","3,852","91.3%","31,585","66.2%","9,397","89.7%","8,165","87.0%","5,788","85.5%","0","-","11,796","62.4%","5,255","87.6%","4,606","87.0%","23,844","84.3%","23,295","81.1%","8,318","67.5%","20,606","73.8%","19,354","87.7%","34,044","55.7%","15,882","89.8%","33,809","55.6%","6,635","87.6%","42,472","81.6%","22,489","71.4%","43,775","32.7%","12,350","91.2%","19,970","82.3%","11,467","80.3%","11,447","90.1%","8,425","89.6%","13,807","82.4%","17,875","89.9%","36,467","82.1%","46,697","40.8%","28,277","50.9%","14,096","87.3%","6,773","74.5%","0","-","2,166","89.2%","13,706","88.1%","15,469","82.8%","1,648","88.5%","9,592","84.1%","27,786","72.3%","6,419","89.9%","12,148","78.8%","3,711","88.5%","2,199","93.5%","13,515","73.5%","13,174","48.1%","4,613","89.6%","23,177","57.8%","6,941","91.0%","4,159","86.9%","3,616","85.8%","2,531","85.3%","16,534","90.2%","2,352","91.5%","16,092","82.2%","2,827","89.7%","4,264","87.8%","4,821","91.4%","11,061","90.4%","13,711","83.5%","8,359","91.9%","18,544","71.6%","8,738","85.2%","10,314","89.9%","12,839","88.2%","711","90.6%","21,970","72.7%","4,710","84.6%","3,767","89.9%","7,284","86.2%","4,513","89.5%","1,912","88.9%","1,508","91.4%","1,567","90.7%","15,526","87.5%","13,013","86.9%","3,841","90.0%","7,977","86.5%","1,463","92.8%","3,156","88.2%","8,334","90.7%","13,578","55.6%","7,584","92.3%"
"One Race Black or African American","0","-","627","3.1%","52,138","35.1%","330","1.9%","6,272","7.2%","163","0.8%","108","1.4%","1,182","1.9%","1,247","2.0%","425","2.3%","260","1.3%","183","1.3%","610","2.2%","11,659","12.8%","78","0.9%","232","0.9%","1,966","4.8%","32","0.9%","17,032","12.6%","9,716","18.6%","1,728","4.7%","150","1.4%","405","1.5%","213","1.2%","412","2.2%","273","1.4%","11,712","54.4%","3,579","5.9%","73","0.8%","148","1.5%","153","2.9%","15,130","29.6%","735","6.6%","2,842","6.7%","876","3.3%","902","2.6%","116","1.1%","46,231","38.2%","14","0.7%","9,592","16.1%","69","1.1%","11,004","14.8%","1,509","4.9%","561","3.2%","786","3.8%","546","2.2%","660","1.5%","1,188","4.4%","1,144","7.3%","4,343","6.8%","1,030","3.8%","10,694","36.3%","872","6.9%","14","0.4%","31","0.9%","14","0.8%","15","1.4%","6","0.4%","8","0.5%","18","0.6%","37","0.7%","34","1.1%","51","0.6%","13","0.6%","22","0.3%","684","2.4%","8","0.5%","36","1.1%","157","1.3%","11","0.5%","80","1.9%","35","1.3%","69","0.9%","1,250","3.5%","1","0.1%","26","0.7%","455","2.1%","148","1.4%","125","1.3%","0","-","28","0.7%","159","1.2%","658","4.6%","54","1.2%","64","0.9%","69","0.8%","170","1.3%","55","0.8%","70","0.8%","24","0.4%","51","1.2%","6,739","14.1%","93","0.9%","208","2.2%","123","1.8%","0","-","2,746","14.5%","143","2.4%","106","2.0%","689","2.4%","1,264","4.4%","1,497","12.1%","1,432","5.1%","217","1.0%","15,407","25.2%","134","0.8%","6,445","10.6%","75","1.0%","1,653","3.2%","2,449","7.8%","43,160","32.2%","157","1.2%","946","3.9%","284","2.0%","141","1.1%","212","2.3%","737","4.4%","208","1.0%","904","2.0%","25,038","21.9%","12,173","21.9%","437","2.7%","279","3.1%","0","-","38","1.6%","261","1.7%","460","2.5%","23","1.2%","254","2.2%","2,422","6.3%","53","0.7%","491","3.2%","36","0.9%","10","0.4%","1,120","6.1%","4,746","17.3%","40","0.8%","5,036","12.6%","46","0.6%","59","1.2%","64","1.5%","76","2.6%","211","1.2%","11","0.4%","569","2.9%","43","1.4%","97","2.0%","52","1.0%","96","0.8%","387","2.4%","63","0.7%","1,342","5.2%","612","6.0%","103","0.9%","231","1.6%","2","0.3%","2,339","7.7%","83","1.5%","57","1.4%","210","2.5%","64","1.3%","26","1.2%","8","0.5%","6","0.3%","254","1.4%","244","1.6%","57","1.3%","169","1.8%","6","0.4%","37","1.0%","77","0.8%","1,136","4.7%","52","0.6%"
"One Race American Indian and Alaska Native","0","-","57","0.3%","1,398","0.9%","28","0.2%","518","0.6%","23","0.1%","7","0.1%","86","0.1%","128","0.2%","27","0.1%","21","0.1%","16","0.1%","26","0.1%","660","0.7%","21","0.2%","64","0.3%","50","0.1%","4","0.1%","965","0.7%","161","0.3%","65","0.2%","14","0.1%","23","0.1%","7","0.0%","33","0.2%","12","0.1%","61","0.3%","162","0.3%","5","0.1%","14","0.1%","11","0.2%","332","0.7%","37","0.3%","119","0.3%","29","0.1%","49","0.1%","31","0.3%","982","0.8%","7","0.4%","272","0.5%","8","0.1%","399","0.5%","48","0.2%","48","0.3%","44","0.2%","40","0.2%","49","0.1%","43","0.2%","17","0.1%","148","0.2%","60","0.2%","60","0.2%","25","0.2%","5","0.1%","5","0.1%","1","0.1%","3","0.3%","1","0.1%","2","0.1%","4","0.1%","9","0.2%","26","0.9%","15","0.2%","6","0.3%","10","0.2%","64","0.2%","5","0.3%","9","0.3%","24","0.2%","14","0.6%","9","0.2%","4","0.1%","15","0.2%","185","0.5%","6","0.4%","12","0.3%","26","0.1%","29","0.3%","22","0.2%","0","-","4","0.1%","43","0.3%","16","0.1%","23","0.5%","7","0.1%","24","0.3%","23","0.2%","17","0.3%","5","0.1%","8","0.1%","1","0.0%","169","0.4%","19","0.2%","14","0.1%","19","0.3%","0","-","68","0.4%","19","0.3%","3","0.1%","47","0.2%","21","0.1%","50","0.4%","73","0.3%","27","0.1%","302","0.5%","22","0.1%","446","0.7%","6","0.1%","92","0.2%","65","0.2%","1,290","1.0%","14","0.1%","41","0.2%","21","0.1%","11","0.1%","14","0.1%","23","0.1%","12","0.1%","120","0.3%","857","0.7%","364","0.7%","34","0.2%","16","0.2%","0","-","5","0.2%","56","0.4%","56","0.3%","21","1.1%","112","1.0%","305","0.8%","52","0.7%","491","3.2%","26","0.6%","0","0.0%","366","2.0%","302","1.1%","49","1.0%","381","0.9%","7","0.1%","32","0.7%","17","0.4%","32","1.1%","64","0.3%","16","0.6%","98","0.5%","4","0.1%","5","0.1%","19","0.4%","15","0.1%","17","0.1%","9","0.1%","61","0.2%","12","0.1%","19","0.2%","27","0.2%","1","0.1%","71","0.2%","12","0.2%","9","0.2%","23","0.3%","18","0.4%","15","0.7%","4","0.2%","15","0.9%","51","0.3%","68","0.5%","5","0.1%","52","0.6%","3","0.2%","22","0.6%","27","0.3%","491","2.0%","13","0.2%"
"One Race Asian","0","-","1,229","6.0%","4,141","2.8%","957","5.5%","5,406","6.2%","1,205","5.6%","334","4.4%","2,941","4.8%","4,779","7.5%","672","3.6%","1,170","5.7%","234","1.7%","748","2.8%","4,830","5.3%","245","2.8%","1,266","5.1%","1,822","4.5%","51","1.4%","11,544","8.5%","1,338","2.6%","2,520","6.8%","579","5.6%","1,711","6.3%","1,619","8.7%","2,318","12.2%","673","3.3%","485","2.3%","1,577","2.6%","170","1.8%","201","2.0%","267","5.1%","2,317","4.5%","749","6.7%","1,040","2.5%","3,869","14.5%","3,347","9.5%","159","1.5%","4,283","3.5%","13","0.7%","6,306","10.6%","87","1.4%","1,954","2.6%","2,253","7.4%","494","2.8%","4,010","19.2%","1,294","5.3%","1,403","3.2%","4,950","18.4%","385","2.4%","5,738","9.0%","1,135","4.2%","1,559","5.3%","808","6.4%","26","0.7%","22","0.6%","10","0.6%","1","0.1%","4","0.3%","24","1.5%","32","1.0%","31","0.6%","88","2.9%","114","1.4%","14","0.6%","75","1.1%","970","3.5%","18","1.1%","16","0.5%","148","1.3%","29","1.3%","79","1.9%","44","1.6%","95","1.3%","903","2.5%","14","1.0%","49","1.3%","405","1.8%","127","1.2%","148","1.5%","0","-","33","0.9%","249","1.9%","798","5.6%","48","1.1%","119","1.7%","85","1.0%","203","1.6%","86","1.3%","113","1.3%","71","1.1%","49","1.2%","2,634","5.5%","260","2.5%","142","1.5%","97","1.4%","0","-","396","2.1%","84","1.4%","248","4.7%","1,326","4.7%","1,794","6.2%","340","2.8%","1,077","3.9%","782","3.5%","3,491","5.7%","562","3.2%","1,347","2.2%","378","5.0%","2,861","5.5%","759","2.4%","9,176","6.8%","240","1.8%","1,474","6.1%","1,465","10.3%","219","1.7%","98","1.0%","431","2.6%","559","2.8%","1,821","4.1%","2,420","2.1%","2,709","4.9%","256","1.6%","1,207","13.3%","0","-","10","0.4%","262","1.7%","1,182","6.3%","20","1.1%","259","2.3%","2,110","5.5%","45","0.6%","507","3.3%","64","1.5%","20","0.9%","1,158","6.3%","671","2.5%","55","1.1%","2,887","7.2%","176","2.3%","118","2.5%","110","2.6%","53","1.8%","339","1.8%","14","0.5%","754","3.9%","34","1.1%","83","1.7%","31","0.6%","169","1.4%","1,253","7.6%","103","1.1%","3,790","14.6%","128","1.2%","117","1.0%","437","3.0%","6","0.8%","1,988","6.6%","326","5.9%","58","1.4%","127","1.5%","27","0.5%","10","0.5%","16","1.0%","12","0.7%","330","1.9%","193","1.3%","104","2.4%","115","1.2%","0","0.0%","22","0.6%","77","0.8%","817","3.3%","90","1.1%"
"One Race Native Hawaiian and Other Pacific Islander","0","-","11","0.1%","127","0.1%","3","0.0%","32","0.0%","4","0.0%","3","0.0%","11","0.0%","21","0.0%","1","0.0%","4","0.0%","8","0.1%","11","0.0%","18","0.0%","2","0.0%","3","0.0%","17","0.0%","0","0.0%","42","0.0%","17","0.0%","5","0.0%","3","0.0%","0","0.0%","4","0.0%","4","0.0%","2","0.0%","4","0.0%","15","0.0%","0","0.0%","0","0.0%","0","0.0%","28","0.1%","0","0.0%","10","0.0%","5","0.0%","6","0.0%","10","0.1%","83","0.1%","3","0.2%","37","0.1%","0","0.0%","47","0.1%","9","0.0%","4","0.0%","0","0.0%","6","0.0%","11","0.0%","13","0.0%","1","0.0%","10","0.0%","10","0.0%","5","0.0%","5","0.0%","0","0.0%","0","0.0%","0","0.0%","0","0.0%","0","0.0%","0","0.0%","0","0.0%","0","0.0%","0","0.0%","0","0.0%","0","0.0%","4","0.1%","6","0.0%","0","0.0%","0","0.0%","10","0.1%","0","0.0%","2","0.0%","0","0.0%","1","0.0%","15","0.0%","0","0.0%","0","0.0%","10","0.0%","12","0.1%","7","0.1%","0","-","1","0.0%","1","0.0%","3","0.0%","0","0.0%","3","0.0%","5","0.1%","10","0.1%","4","0.1%","1","0.0%","2","0.0%","0","0.0%","14","0.0%","4","0.0%","1","0.0%","1","0.0%","0","-","3","0.0%","0","0.0%","2","0.0%","10","0.0%","4","0.0%","11","0.1%","7","0.0%","5","0.0%","29","0.0%","1","0.0%","48","0.1%","6","0.1%","22","0.0%","19","0.1%","127","0.1%","1","0.0%","12","0.0%","2","0.0%","4","0.0%","2","0.0%","5","0.0%","5","0.0%","24","0.1%","102","0.1%","13","0.0%","3","0.0%","3","0.0%","0","-","4","0.2%","4","0.0%","6","0.0%","0","0.0%","0","0.0%","73","0.2%","1","0.0%","15","0.1%","5","0.1%","0","0.0%","22","0.1%","35","0.1%","8","0.2%","63","0.2%","3","0.0%","0","0.0%","4","0.1%","3","0.1%","7","0.0%","0","0.0%","2","0.0%","0","0.0%","3","0.1%","0","0.0%","1","0.0%","6","0.0%","0","0.0%","19","0.1%","3","0.0%","6","0.1%","0","0.0%","0","0.0%","13","0.0%","8","0.1%","1","0.0%","4","0.0%","0","0.0%","0","0.0%","0","0.0%","0","0.0%","1","0.0%","4","0.0%","1","0.0%","4","0.0%","0","0.0%","0","0.0%","0","0.0%","6","0.0%","1","0.0%"
"One Race Some Other Race","0","-","1,452","7.1%","36,513","24.6%","561","3.2%","18,696","21.6%","282","1.3%","99","1.3%","1,437","2.3%","3,264","5.1%","395","2.1%","264","1.3%","430","3.2%","631","2.3%","14,350","15.7%","141","1.6%","386","1.5%","1,335","3.3%","33","0.9%","20,438","15.1%","4,808","9.2%","1,288","3.5%","160","1.5%","380","1.4%","244","1.3%","223","1.2%","353","1.7%","655","3.0%","3,906","6.4%","113","1.2%","97","1.0%","62","1.2%","8,834","17.3%","466","4.2%","1,899","4.5%","442","1.7%","783","2.2%","69","0.6%","30,825","25.5%","10","0.5%","4,473","7.5%","77","1.3%","15,545","21.0%","1,465","4.8%","688","3.9%","511","2.5%","311","1.3%","699","1.6%","521","1.9%","678","4.3%","3,358","5.2%","1,394","5.1%","1,540","5.2%","433","3.4%","30","0.8%","26","0.8%","21","1.3%","14","1.3%","9","0.7%","17","1.1%","17","0.5%","25","0.5%","46","1.5%","71","0.9%","18","0.8%","57","0.9%","1,370","4.9%","4","0.3%","157","4.9%","179","1.5%","13","0.6%","87","2.1%","52","1.9%","106","1.4%","2,685","7.6%","26","1.9%","97","2.7%","501","2.3%","237","2.3%","130","1.3%","0","-","50","1.3%","478","3.6%","322","2.3%","60","1.4%","81","1.1%","69","0.8%","152","1.2%","79","1.2%","75","0.9%","44","0.7%","43","1.0%","2,029","4.3%","222","2.1%","201","2.1%","284","4.2%","0","-","1,696","9.0%","128","2.1%","52","1.0%","678","2.4%","776","2.7%","913","7.4%","2,341","8.4%","252","1.1%","2,988","4.9%","162","0.9%","10,072","16.6%","106","1.4%","1,245","2.4%","2,321","7.4%","20,465","15.3%","169","1.2%","488","2.0%","168","1.2%","143","1.1%","106","1.1%","524","3.1%","217","1.1%","1,919","4.3%","22,902","20.0%","6,323","11.4%","332","2.1%","174","1.9%","0","-","50","2.1%","248","1.6%","418","2.2%","20","1.1%","255","2.2%","1,774","4.6%","156","2.2%","330","2.1%","32","0.8%","26","1.1%","752","4.1%","4,538","16.6%","65","1.3%","3,464","8.6%","98","1.3%","72","1.5%","67","1.6%","58","2.0%","180","1.0%","13","0.5%","594","3.0%","32","1.0%","83","1.7%","82","1.6%","185","1.5%","225","1.4%","106","1.2%","784","3.0%","374","3.6%","181","1.6%","157","1.1%","15","1.9%","1,122","3.7%","106","1.9%","77","1.8%","264","3.1%","74","1.5%","41","1.9%","21","1.3%","32","1.9%","304","1.7%","251","1.7%","53","1.2%","208","2.3%","15","1.0%","25","0.7%","136","1.5%","5,038","20.6%","71","0.9%"
"Two or More Races","0","-","2,100","10.3%","20,640","13.9%","1,521","8.7%","13,954","16.1%","1,506","7.0%","562","7.4%","4,346","7.1%","6,765","10.7%","1,411","7.5%","1,513","7.3%","969","7.1%","1,814","6.7%","11,442","12.5%","605","6.9%","1,791","7.2%","2,946","7.2%","202","5.7%","15,851","11.7%","5,727","10.9%","2,827","7.7%","911","8.8%","2,095","7.7%","1,337","7.2%","1,279","6.8%","1,080","5.4%","1,418","6.6%","5,860","9.6%","636","6.7%","598","5.9%","349","6.7%","6,175","12.1%","816","7.3%","3,047","7.2%","1,702","6.4%","2,276","6.5%","693","6.4%","15,188","12.5%","105","5.5%","5,457","9.1%","372","6.1%","11,070","14.9%","2,308","7.6%","1,349","7.7%","1,063","5.1%","1,625","6.6%","2,506","5.8%","1,720","6.4%","785","5.0%","5,409","8.4%","2,020","7.4%","2,531","8.6%","936","7.4%","162","4.4%","166","4.9%","87","5.2%","62","5.7%","80","5.9%","71","4.5%","157","5.0%","282","5.1%","211","7.0%","411","5.0%","94","4.2%","349","5.2%","2,788","9.9%","94","5.9%","210","6.5%","863","7.4%","122","5.4%","249","5.9%","144","5.4%","392","5.3%","3,239","9.1%","79","5.8%","191","5.2%","1,245","5.6%","688","6.7%","569","5.9%","0","-","180","4.8%","934","7.1%","907","6.4%","275","6.2%","394","5.5%","456","5.1%","718","5.6%","287","4.3%","480","5.7%","352","5.7%","221","5.2%","4,547","9.5%","486","4.6%","653","7.0%","457","6.8%","0","-","2,213","11.7%","371","6.2%","280","5.3%","1,679","5.9%","1,579","5.5%","1,196","9.7%","2,387","8.5%","1,436","6.5%","4,908","8.0%","928","5.2%","8,683","14.3%","368","4.9%","3,699","7.1%","3,417","10.8%","16,030","12.0%","613","4.5%","1,322","5.5%","873","6.1%","741","5.8%","544","5.8%","1,221","7.3%","1,003","5.0%","3,141","7.1%","16,387","14.3%","5,725","10.3%","984","6.1%","635","7.0%","0","-","156","6.4%","1,018","6.5%","1,102","5.9%","131","7.0%","930","8.2%","3,941","10.3%","416","5.8%","1,431","9.3%","321","7.7%","97","4.1%","1,454","7.9%","3,901","14.3%","319","6.2%","5,117","12.8%","357","4.7%","348","7.3%","335","8.0%","214","7.2%","1,000","5.5%","164","6.4%","1,462","7.5%","211","6.7%","323","6.6%","267","5.1%","708","5.8%","827","5.0%","458","5.0%","1,352","5.2%","388","3.8%","732","6.4%","872","6.0%","50","6.4%","2,712","9.0%","321","5.8%","222","5.3%","538","6.4%","349","6.9%","147","6.8%","92","5.6%","96","5.6%","1,286","7.2%","1,200","8.0%","205","4.8%","699","7.6%","89","5.6%","316","8.8%","538","5.9%","3,359","13.8%","410","5.0%"
"TOTAL RACES TALLIED [1]","","","","","","","","","","","","","","","","","","","","","","","","","","","","","","","","","","","","","","","","","","","","","","","","","","","","","","","","","","","","","","","","","","","","","","","","","","","","","","","","","","","","","","","","","","","","","","","","","","","","","","","","","","","","","","","","","","","","","","","","","","","","","","","","","","","","","","","","","","","","","","","","","","","","","","","","","","","","","","","","","","","","","","","","","","","","","","","","","","","","","","","","","","","","","","","","","","","","","","","","","","","","","","","","","","","","","","","","","","","","","","","","","","","","","","","","","","","","","","","","","","","","","","","","","","","","","","","","","","","","","","","","","","","","","","","","","","","","","","","","","","","","","","","","","","","","","","","","","","","","","","","","","","","","","","","","","","","","","","","","","","","","","","","","","","","","","","","","","","","","","","","","","",""
"Total races tallied","0","-","22,592","111.0%","170,453","114.7%","19,103","109.0%","101,459","117.3%","23,054","107.2%","8,202","107.9%","66,126","107.5%","70,538","111.1%","20,300","107.8%","22,211","107.7%","14,576","107.3%","29,071","107.0%","103,121","113.1%","9,401","107.3%","26,900","107.5%","43,979","107.6%","3,735","105.9%","152,084","112.3%","58,469","111.7%","39,786","108.0%","11,311","109.2%","29,323","108.0%","19,923","107.7%","20,294","107.2%","21,286","105.5%","23,098","107.3%","67,124","110.3%","10,192","107.1%","10,748","106.2%","5,597","107.3%","57,736","113.1%","12,075","107.9%","45,387","107.7%","28,500","106.7%","37,627","107.0%","11,638","106.7%","137,433","113.5%","2,022","106.4%","65,642","109.9%","6,536","106.6%","85,957","115.9%","33,031","108.2%","18,949","108.1%","21,998","105.5%","26,283","107.2%","46,163","106.1%","28,778","106.9%","16,581","105.3%","69,931","109.1%","29,502","108.1%","32,262","109.4%","13,622","108.0%","3,815","104.6%","3,559","105.1%","1,757","105.7%","1,149","106.4%","1,454","106.8%","1,640","104.7%","3,313","105.2%","5,783","105.5%","3,241","107.4%","8,640","105.5%","2,357","104.5%","7,025","105.5%","31,029","110.4%","1,692","106.5%","3,432","106.9%","12,587","107.8%","2,393","105.9%","4,460","106.3%","2,832","105.7%","7,857","105.6%","38,962","109.7%","1,438","106.4%","3,847","105.5%","23,413","105.9%","10,958","107.2%","10,316","106.1%","0","-","3,945","105.2%","14,173","107.5%","15,184","106.7%","4,704","106.5%","7,556","105.6%","9,372","105.6%","13,483","106.0%","7,036","104.5%","8,962","106.0%","6,536","105.9%","4,455","105.6%","52,682","110.4%","10,995","104.9%","10,074","107.4%","7,246","107.0%","0","-","21,254","112.3%","6,380","106.3%","5,594","105.6%","30,093","106.4%","30,418","105.9%","13,606","110.4%","30,444","109.0%","23,570","106.8%","66,467","108.7%","18,655","105.4%","70,181","115.3%","7,973","105.3%","55,967","107.5%","35,101","111.4%","151,185","112.8%","14,184","104.7%","25,680","105.9%","15,205","106.5%","13,485","106.1%","9,980","106.2%","18,056","107.8%","20,927","105.3%","47,697","107.4%","132,020","115.4%","61,736","111.1%","17,196","106.5%","9,760","107.4%","0","-","2,599","107.0%","16,662","107.1%","19,884","106.4%","2,017","108.3%","12,391","108.7%","42,761","111.3%","7,582","106.2%","17,018","110.4%","4,536","108.1%","2,456","104.4%","19,953","108.5%","31,777","116.1%","5,493","106.7%","45,797","114.1%","8,004","104.9%","5,180","108.2%","4,590","108.9%","3,201","107.9%","19,435","106.0%","2,755","107.2%","21,148","108.1%","3,375","107.1%","5,185","106.7%","5,552","105.3%","12,992","106.2%","17,297","105.3%","9,589","105.4%","27,365","105.7%","10,662","104.0%","12,256","106.8%","15,515","106.5%","841","107.1%","33,219","109.9%","5,907","106.1%","4,421","105.5%","9,070","107.3%","5,410","107.2%","2,307","107.3%","1,753","106.3%","1,834","106.1%","19,120","107.7%","16,231","108.4%","4,488","105.2%","9,992","108.3%","1,674","106.2%","3,908","109.2%","9,745","106.1%","28,072","114.9%","8,658","105.3%"
"White alone or in combination with one or more other races","0","-","16,849","82.8%","50,558","34.0%","15,584","88.9%","54,152","62.6%","19,773","92.0%","7,034","92.5%","55,625","90.4%","53,763","84.6%","17,229","91.5%","18,853","91.4%","12,668","93.3%","25,086","92.3%","58,553","64.2%","8,263","94.3%","23,018","92.0%","35,490","86.8%","3,394","96.2%","83,872","61.9%","35,552","67.9%","31,048","84.3%","9,404","90.8%","24,537","90.4%","16,355","88.4%","15,886","83.9%","18,832","93.3%","8,197","38.1%","51,100","84.0%","9,136","96.0%","9,643","95.2%","4,693","90.0%","23,425","45.9%","9,144","81.7%","36,018","85.5%","21,368","80.0%","29,942","85.2%","10,497","96.3%","35,161","29.0%","1,853","97.5%","38,273","64.1%","5,880","95.9%","43,834","59.1%","25,036","82.0%","15,655","89.3%","15,399","73.9%","22,247","90.7%","40,549","93.2%","20,086","74.6%","13,481","85.6%","49,988","78.0%","23,518","86.2%","15,045","51.0%","10,406","82.5%","3,569","97.9%","3,298","97.4%","1,609","96.8%","1,044","96.7%","1,339","98.4%","1,504","96.0%","3,075","97.6%","5,374","98.0%","2,817","93.3%","7,925","96.7%","2,201","97.6%","6,486","97.4%","24,861","88.4%","1,552","97.7%","2,986","93.0%","11,116","95.2%","2,183","96.6%","3,929","93.7%","2,542","94.9%","7,146","96.0%","30,094","84.7%","1,304","96.5%","3,460","94.9%","20,626","93.3%","9,603","93.9%","9,278","95.4%","0","-","3,626","96.7%","12,211","92.6%","12,391","87.1%","4,225","95.7%","6,857","95.9%","8,615","97.1%","12,131","95.4%","6,489","96.4%","8,177","96.7%","6,010","97.3%","4,065","96.4%","35,678","74.8%","9,868","94.2%","8,785","93.6%","6,220","91.9%","0","-","13,802","73.0%","5,620","93.7%","4,866","91.9%","25,449","90.0%","24,794","86.3%","9,395","76.2%","22,822","81.7%","20,739","94.0%","38,153","62.4%","16,773","94.8%","41,622","68.4%","6,976","92.1%","45,884","88.2%","25,590","81.2%","57,182","42.7%","12,935","95.5%","21,200","87.4%","12,290","86.1%","12,150","95.6%","8,946","95.2%","14,950","89.3%","18,818","94.7%","39,427","88.8%","60,244","52.7%","33,204","59.7%","15,014","93.0%","7,383","81.2%","0","-","2,308","95.0%","14,675","94.3%","16,528","88.4%","1,774","95.2%","10,491","92.0%","31,186","81.2%","6,828","95.6%","13,437","87.2%","4,021","95.9%","2,294","97.5%","14,837","80.7%","16,353","59.8%","4,913","95.4%","27,434","68.4%","7,284","95.5%","4,490","93.8%","3,919","93.0%","2,720","91.7%","17,461","95.2%","2,505","97.5%","17,465","89.2%","3,025","96.0%","4,572","94.1%","5,077","96.3%","11,748","96.0%","14,513","88.4%","8,805","96.8%","19,805","76.5%","9,092","88.7%","11,033","96.2%","13,679","93.9%","758","96.6%","24,513","81.1%","5,016","90.1%","3,976","94.9%","7,808","92.4%","4,853","96.2%","2,054","95.5%","1,594","96.7%","1,659","96.0%","16,743","94.3%","14,172","94.7%","4,043","94.8%","8,641","93.7%","1,547","98.2%","3,463","96.8%","8,850","96.3%","16,631","68.1%","7,980","97.1%"
"Black or African American alone or in combination with one or more other races","0","-","975","4.8%","57,372","38.6%","525","3.0%","8,715","10.1%","306","1.4%","180","2.4%","1,856","3.0%","2,022","3.2%","629","3.3%","431","2.1%","268","2.0%","836","3.1%","13,536","14.8%","170","1.9%","443","1.8%","2,446","6.0%","82","2.3%","19,450","14.4%","11,355","21.7%","2,107","5.7%","269","2.6%","671","2.5%","410","2.2%","595","3.1%","417","2.1%","12,538","58.2%","5,325","8.8%","148","1.6%","239","2.4%","236","4.5%","16,970","33.2%","964","8.6%","3,648","8.7%","1,189","4.5%","1,338","3.8%","226","2.1%","51,236","42.3%","25","1.3%","11,531","19.3%","136","2.2%","13,799","18.6%","2,064","6.8%","836","4.8%","1,043","5.0%","829","3.4%","1,164","2.7%","1,577","5.9%","1,291","8.2%","5,617","8.8%","1,418","5.2%","11,946","40.5%","1,121","8.9%","30","0.8%","53","1.6%","25","1.5%","21","1.9%","26","1.9%","25","1.6%","34","1.1%","77","1.4%","68","2.3%","106","1.3%","26","1.2%","79","1.2%","1,072","3.8%","21","1.3%","67","2.1%","328","2.8%","29","1.3%","133","3.2%","58","2.2%","155","2.1%","2,111","5.9%","16","1.2%","52","1.4%","690","3.1%","333","3.3%","185","1.9%","0","-","57","1.5%","277","2.1%","889","6.2%","96","2.2%","92","1.3%","140","1.6%","262","2.1%","91","1.4%","162","1.9%","60","1.0%","105","2.5%","8,418","17.6%","161","1.5%","366","3.9%","179","2.6%","0","-","3,366","17.8%","203","3.4%","153","2.9%","1,035","3.7%","1,524","5.3%","1,812","14.7%","1,860","6.7%","420","1.9%","17,171","28.1%","268","1.5%","8,652","14.2%","136","1.8%","2,378","4.6%","3,270","10.4%","48,001","35.8%","250","1.8%","1,204","5.0%","425","3.0%","224","1.8%","294","3.1%","979","5.8%","358","1.8%","1,377","3.1%","30,363","26.5%","13,852","24.9%","635","3.9%","387","4.3%","0","-","74","3.0%","453","2.9%","639","3.4%","45","2.4%","466","4.1%","3,717","9.7%","105","1.5%","930","6.0%","87","2.1%","19","0.8%","1,506","8.2%","6,373","23.3%","81","1.6%","7,069","17.6%","103","1.4%","135","2.8%","136","3.2%","148","5.0%","438","2.4%","41","1.6%","946","4.8%","67","2.1%","135","2.8%","101","1.9%","206","1.7%","556","3.4%","115","1.3%","1,676","6.5%","678","6.6%","234","2.0%","412","2.8%","9","1.1%","3,136","10.4%","122","2.2%","105","2.5%","310","3.7%","117","2.3%","50","2.3%","31","1.9%","22","1.3%","563","3.2%","462","3.1%","81","1.9%","343","3.7%","24","1.5%","68","1.9%","148","1.6%","1,742","7.1%","100","1.2%"
"American Indian and Alaska Native alone or in combination with one or more other races","0","-","257","1.3%","3,099","2.1%","179","1.0%","1,597","1.8%","124","0.6%","68","0.9%","522","0.8%","528","0.8%","173","0.9%","133","0.6%","121","0.9%","256","0.9%","1,543","1.7%","77","0.9%","185","0.7%","358","0.9%","44","1.2%","2,134","1.6%","723","1.4%","288","0.8%","103","1.0%","174","0.6%","99","0.5%","166","0.9%","185","0.9%","304","1.4%","1,132","1.9%","142","1.5%","124","1.2%","74","1.4%","1,116","2.2%","205","1.8%","783","1.9%","248","0.9%","360","1.0%","151","1.4%","2,507","2.1%","47","2.5%","1,206","2.0%","98","1.6%","1,308","1.8%","362","1.2%","259","1.5%","209","1.0%","321","1.3%","519","1.2%","281","1.0%","190","1.2%","691","1.1%","317","1.2%","438","1.5%","231","1.8%","52","1.4%","41","1.2%","26","1.6%","17","1.6%","25","1.8%","12","0.8%","36","1.1%","55","1.0%","78","2.6%","106","1.3%","42","1.9%","95","1.4%","432","1.5%","32","2.0%","83","2.6%","264","2.3%","48","2.1%","48","1.1%","31","1.2%","143","1.9%","910","2.6%","26","1.9%","54","1.5%","246","1.1%","189","1.8%","143","1.5%","0","-","34","0.9%","188","1.4%","161","1.1%","96","2.2%","90","1.3%","155","1.7%","202","1.6%","67","1.0%","111","1.3%","59","1.0%","55","1.3%","932","2.0%","92","0.9%","157","1.7%","95","1.4%","0","-","351","1.9%","75","1.3%","72","1.4%","324","1.1%","250","0.9%","184","1.5%","373","1.3%","224","1.0%","942","1.5%","166","0.9%","1,443","2.4%","72","1.0%","621","1.2%","465","1.5%","3,232","2.4%","109","0.8%","276","1.1%","132","0.9%","136","1.1%","132","1.4%","240","1.4%","179","0.9%","622","1.4%","2,369","2.1%","1,115","2.0%","240","1.5%","92","1.0%","0","-","43","1.8%","347","2.2%","264","1.4%","73","3.9%","415","3.6%","1,212","3.2%","186","2.6%","923","6.0%","121","2.9%","17","0.7%","762","4.1%","981","3.6%","176","3.4%","1,447","3.6%","57","0.7%","154","3.2%","102","2.4%","109","3.7%","328","1.8%","83","3.2%","396","2.0%","54","1.7%","67","1.4%","104","2.0%","222","1.8%","215","1.3%","121","1.3%","265","1.0%","103","1.0%","270","2.4%","216","1.5%","16","2.0%","632","2.1%","91","1.6%","77","1.8%","190","2.2%","131","2.6%","73","3.4%","43","2.6%","46","2.7%","457","2.6%","498","3.3%","50","1.2%","333","3.6%","33","2.1%","118","3.3%","233","2.5%","992","4.1%","141","1.7%"
"Asian alone or in combination with one or more other races","0","-","1,421","7.0%","4,988","3.4%","1,106","6.3%","6,117","7.1%","1,570","7.3%","442","5.8%","3,735","6.1%","5,950","9.4%","888","4.7%","1,599","7.8%","367","2.7%","1,032","3.8%","5,589","6.1%","361","4.1%","1,698","6.8%","2,126","5.2%","90","2.6%","12,909","9.5%","1,725","3.3%","2,878","7.8%","809","7.8%","2,241","8.3%","2,002","10.8%","2,608","13.8%","794","3.9%","629","2.9%","2,022","3.3%","273","2.9%","279","2.8%","315","6.0%","2,631","5.2%","850","7.6%","1,341","3.2%","4,208","15.8%","3,841","10.9%","245","2.2%","5,112","4.2%","17","0.9%","6,805","11.4%","138","2.3%","2,493","3.4%","2,493","8.2%","608","3.5%","4,171","20.0%","1,611","6.6%","1,705","3.9%","5,262","19.5%","497","3.2%","6,681","10.4%","1,345","4.9%","1,834","6.2%","911","7.2%","51","1.4%","35","1.0%","23","1.4%","9","0.8%","14","1.0%","38","2.4%","59","1.9%","52","0.9%","121","4.0%","202","2.5%","18","0.8%","113","1.7%","1,216","4.3%","30","1.9%","23","0.7%","222","1.9%","57","2.5%","135","3.2%","65","2.4%","118","1.6%","1,157","3.3%","21","1.6%","70","1.9%","513","2.3%","199","1.9%","226","2.3%","0","-","74","2.0%","330","2.5%","899","6.3%","77","1.7%","163","2.3%","133","1.5%","300","2.4%","118","1.8%","157","1.9%","131","2.1%","64","1.5%","3,258","6.8%","325","3.1%","215","2.3%","134","2.0%","0","-","500","2.6%","109","1.8%","291","5.5%","1,536","5.4%","2,080","7.2%","394","3.2%","1,248","4.5%","1,043","4.7%","4,063","6.6%","768","4.3%","1,731","2.8%","428","5.7%","3,284","6.3%","959","3.0%","10,605","7.9%","304","2.2%","1,656","6.8%","1,643","11.5%","296","2.3%","140","1.5%","515","3.1%","714","3.6%","2,156","4.9%","3,163","2.8%","3,039","5.5%","351","2.2%","1,371","15.1%","0","-","46","1.9%","390","2.5%","1,478","7.9%","38","2.0%","366","3.2%","2,847","7.4%","90","1.3%","749","4.9%","112","2.7%","31","1.3%","1,361","7.4%","1,033","3.8%","109","2.1%","3,291","8.2%","232","3.0%","164","3.4%","169","4.0%","70","2.4%","523","2.9%","46","1.8%","972","5.0%","64","2.0%","134","2.8%","54","1.0%","258","2.1%","1,373","8.4%","167","1.8%","4,189","16.2%","188","1.8%","184","1.6%","570","3.9%","12","1.5%","2,273","7.5%","371","6.7%","83","2.0%","190","2.2%","62","1.2%","24","1.1%","25","1.5%","25","1.4%","441","2.5%","297","2.0%","146","3.4%","173","1.9%","8","0.5%","58","1.6%","114","1.2%","1,050","4.3%","129","1.6%"
"Native Hawaiian and Other Pacific Islander alone or in combination with one or more other races","0","-","15","0.1%","393","0.3%","6","0.0%","127","0.1%","26","0.1%","4","0.1%","44","0.1%","58","0.1%","10","0.1%","29","0.1%","14","0.1%","31","0.1%","100","0.1%","6","0.1%","17","0.1%","46","0.1%","1","0.0%","177","0.1%","89","0.2%","13","0.0%","10","0.1%","19","0.1%","24","0.1%","16","0.1%","10","0.0%","34","0.2%","88","0.1%","5","0.1%","1","0.0%","0","0.0%","133","0.3%","13","0.1%","43","0.1%","19","0.1%","38","0.1%","16","0.1%","341","0.3%","4","0.2%","99","0.2%","0","0.0%","182","0.2%","34","0.1%","18","0.1%","7","0.0%","22","0.1%","39","0.1%","38","0.1%","7","0.0%","91","0.1%","33","0.1%","51","0.2%","13","0.1%","3","0.1%","3","0.1%","3","0.2%","4","0.4%","2","0.1%","0","0.0%","1","0.0%","5","0.1%","2","0.1%","6","0.1%","1","0.0%","5","0.1%","40","0.1%","3","0.2%","2","0.1%","17","0.1%","4","0.2%","7","0.2%","1","0.0%","2","0.0%","59","0.2%","1","0.1%","0","0.0%","27","0.1%","21","0.2%","12","0.1%","0","-","8","0.2%","17","0.1%","12","0.1%","5","0.1%","17","0.2%","14","0.2%","26","0.2%","7","0.1%","8","0.1%","13","0.2%","2","0.0%","74","0.2%","20","0.2%","8","0.1%","12","0.2%","0","-","16","0.1%","4","0.1%","5","0.1%","25","0.1%","12","0.0%","19","0.2%","24","0.1%","18","0.1%","88","0.1%","11","0.1%","138","0.2%","11","0.1%","74","0.1%","49","0.2%","305","0.2%","6","0.0%","30","0.1%","10","0.1%","9","0.1%","7","0.1%","20","0.1%","20","0.1%","73","0.2%","360","0.3%","65","0.1%","19","0.1%","10","0.1%","0","-","8","0.3%","15","0.1%","26","0.1%","5","0.3%","13","0.1%","300","0.8%","10","0.1%","56","0.4%","14","0.3%","6","0.3%","70","0.4%","153","0.6%","18","0.3%","183","0.5%","10","0.1%","9","0.2%","28","0.7%","5","0.2%","41","0.2%","9","0.4%","28","0.1%","6","0.2%","6","0.1%","0","0.0%","16","0.1%","15","0.1%","11","0.1%","48","0.2%","16","0.2%","11","0.1%","20","0.1%","2","0.3%","52","0.2%","24","0.4%","2","0.0%","19","0.2%","1","0.0%","2","0.1%","2","0.1%","3","0.2%","19","0.1%","24","0.2%","2","0.0%","12","0.1%","3","0.2%","4","0.1%","21","0.2%","60","0.2%","7","0.1%"
"Some Other Race alone or in combination with one or more other races","0","-","3,075","15.1%","54,043","36.4%","1,703","9.7%","30,751","35.5%","1,255","5.8%","474","6.2%","4,344","7.1%","8,217","12.9%","1,371","7.3%","1,166","5.7%","1,138","8.4%","1,830","6.7%","23,800","26.1%","524","6.0%","1,539","6.1%","3,513","8.6%","124","3.5%","33,542","24.8%","9,025","17.2%","3,452","9.4%","716","6.9%","1,681","6.2%","1,033","5.6%","1,023","5.4%","1,048","5.2%","1,396","6.5%","7,457","12.3%","488","5.1%","462","4.6%","279","5.4%","13,461","26.4%","899","8.0%","3,554","8.4%","1,468","5.5%","2,108","6.0%","503","4.6%","43,076","35.6%","76","4.0%","7,728","12.9%","284","4.6%","24,341","32.8%","3,042","10.0%","1,573","9.0%","1,169","5.6%","1,253","5.1%","2,187","5.0%","1,534","5.7%","1,115","7.1%","6,863","10.7%","2,871","10.5%","2,948","10.0%","940","7.5%","110","3.0%","129","3.8%","71","4.3%","54","5.0%","48","3.5%","61","3.9%","108","3.4%","220","4.0%","155","5.1%","295","3.6%","69","3.1%","247","3.7%","3,408","12.1%","54","3.4%","271","8.4%","640","5.5%","72","3.2%","208","5.0%","135","5.0%","293","3.9%","4,631","13.0%","70","5.2%","211","5.8%","1,311","5.9%","613","6.0%","472","4.9%","0","-","146","3.9%","1,150","8.7%","832","5.8%","205","4.6%","337","4.7%","315","3.5%","562","4.4%","264","3.9%","347","4.1%","263","4.3%","164","3.9%","4,322","9.1%","529","5.0%","543","5.8%","606","9.0%","0","-","3,219","17.0%","369","6.2%","207","3.9%","1,724","6.1%","1,758","6.1%","1,802","14.6%","4,117","14.7%","1,126","5.1%","6,050","9.9%","669","3.8%","16,595","27.3%","350","4.6%","3,726","7.2%","4,768","15.1%","31,860","23.8%","580","4.3%","1,314","5.4%","705","4.9%","670","5.3%","461","4.9%","1,352","8.1%","838","4.2%","4,042","9.1%","35,521","31.0%","10,461","18.8%","937","5.8%","517","5.7%","0","-","120","4.9%","782","5.0%","949","5.1%","82","4.4%","640","5.6%","3,499","9.1%","363","5.1%","923","6.0%","181","4.3%","89","3.8%","1,417","7.7%","6,884","25.2%","196","3.8%","6,373","15.9%","318","4.2%","228","4.8%","236","5.6%","149","5.0%","644","3.5%","71","2.8%","1,341","6.9%","159","5.0%","271","5.6%","216","4.1%","542","4.4%","625","3.8%","370","4.1%","1,382","5.3%","585","5.7%","524","4.6%","618","4.2%","44","5.6%","2,613","8.6%","283","5.1%","178","4.2%","553","6.5%","246","4.9%","104","4.8%","58","3.5%","79","4.6%","897","5.1%","778","5.2%","166","3.9%","490","5.3%","59","3.7%","197","5.5%","379","4.1%","7,597","31.1%","301","3.7%"
"HISPANIC OR LATINO","","","","","","","","","","","","","","","","","","","","","","","","","","","","","","","","","","","","","","","","","","","","","","","","","","","","","","","","","","","","","","","","","","","","","","","","","","","","","","","","","","","","","","","","","","","","","","","","","","","","","","","","","","","","","","","","","","","","","","","","","","","","","","","","","","","","","","","","","","","","","","","","","","","","","","","","","","","","","","","","","","","","","","","","","","","","","","","","","","","","","","","","","","","","","","","","","","","","","","","","","","","","","","","","","","","","","","","","","","","","","","","","","","","","","","","","","","","","","","","","","","","","","","","","","","","","","","","","","","","","","","","","","","","","","","","","","","","","","","","","","","","","","","","","","","","","","","","","","","","","","","","","","","","","","","","","","","","","","","","","","","","","","","","","","","","","","","","","","","","","","","","","","",""
"Total population","0","-","20,358","100.0%","148,654","100.0%","17,528","100.0%","86,518","100.0%","21,499","100.0%","7,605","100.0%","61,512","100.0%","63,518","100.0%","18,825","100.0%","20,622","100.0%","13,579","100.0%","27,173","100.0%","91,184","100.0%","8,765","100.0%","25,033","100.0%","40,869","100.0%","3,527","100.0%","135,470","100.0%","52,355","100.0%","36,827","100.0%","10,354","100.0%","27,141","100.0%","18,503","100.0%","18,932","100.0%","20,175","100.0%","21,535","100.0%","60,833","100.0%","9,519","100.0%","10,124","100.0%","5,214","100.0%","51,045","100.0%","11,190","100.0%","42,141","100.0%","26,712","100.0%","35,159","100.0%","10,903","100.0%","121,054","100.0%","1,901","100.0%","59,713","100.0%","6,133","100.0%","74,135","100.0%","30,536","100.0%","17,525","100.0%","20,845","100.0%","24,517","100.0%","43,501","100.0%","26,918","100.0%","15,752","100.0%","64,083","100.0%","27,298","100.0%","29,492","100.0%","12,613","100.0%","3,647","100.0%","3,385","100.0%","1,662","100.0%","1,080","100.0%","1,361","100.0%","1,567","100.0%","3,150","100.0%","5,484","100.0%","3,019","100.0%","8,192","100.0%","2,256","100.0%","6,658","100.0%","28,115","100.0%","1,588","100.0%","3,211","100.0%","11,671","100.0%","2,260","100.0%","4,194","100.0%","2,680","100.0%","7,442","100.0%","35,515","100.0%","1,351","100.0%","3,646","100.0%","22,105","100.0%","10,224","100.0%","9,723","100.0%","0","-","3,749","100.0%","13,185","100.0%","14,225","100.0%","4,415","100.0%","7,152","100.0%","8,875","100.0%","12,717","100.0%","6,733","100.0%","8,452","100.0%","6,174","100.0%","4,217","100.0%","47,717","100.0%","10,481","100.0%","9,384","100.0%","6,769","100.0%","0","-","18,918","100.0%","6,000","100.0%","5,297","100.0%","28,273","100.0%","28,733","100.0%","12,325","100.0%","27,923","100.0%","22,073","100.0%","61,169","100.0%","17,691","100.0%","60,850","100.0%","7,574","100.0%","52,044","100.0%","31,519","100.0%","134,023","100.0%","13,544","100.0%","24,253","100.0%","14,280","100.0%","12,706","100.0%","9,401","100.0%","16,748","100.0%","19,879","100.0%","44,396","100.0%","114,403","100.0%","55,584","100.0%","16,142","100.0%","9,087","100.0%","0","-","2,429","100.0%","15,555","100.0%","18,693","100.0%","1,863","100.0%","11,402","100.0%","38,411","100.0%","7,142","100.0%","15,413","100.0%","4,195","100.0%","2,352","100.0%","18,387","100.0%","27,367","100.0%","5,149","100.0%","40,125","100.0%","7,628","100.0%","4,788","100.0%","4,213","100.0%","2,967","100.0%","18,335","100.0%","2,570","100.0%","19,571","100.0%","3,151","100.0%","4,858","100.0%","5,272","100.0%","12,235","100.0%","16,426","100.0%","9,098","100.0%","25,892","100.0%","10,255","100.0%","11,472","100.0%","14,563","100.0%","785","100.0%","30,215","100.0%","5,566","100.0%","4,191","100.0%","8,450","100.0%","5,045","100.0%","2,151","100.0%","1,649","100.0%","1,728","100.0%","17,752","100.0%","14,973","100.0%","4,266","100.0%","9,224","100.0%","1,576","100.0%","3,578","100.0%","9,189","100.0%","24,425","100.0%","8,221","100.0%"
"Hispanic or Latino (of any race)","0","-","2,622","12.9%","62,853","42.3%","1,470","8.4%","28,690","33.2%","1,234","5.7%","444","5.8%","4,806","7.8%","8,135","12.8%","1,470","7.8%","1,121","5.4%","1,201","8.8%","1,757","6.5%","27,629","30.3%","465","5.3%","1,506","6.0%","4,080","10.0%","159","4.5%","37,958","28.0%","11,107","21.2%","3,505","9.5%","631","6.1%","1,592","5.9%","916","5.0%","916","4.8%","1,115","5.5%","1,697","7.9%","9,935","16.3%","378","4.0%","413","4.1%","280","5.4%","17,114","33.5%","1,010","9.0%","4,185","9.9%","1,527","5.7%","2,194","6.2%","424","3.9%","53,315","44.0%","35","1.8%","10,325","17.3%","299","4.9%","32,620","44.0%","3,585","11.7%","1,898","10.8%","1,340","6.4%","1,335","5.4%","2,417","5.6%","1,578","5.9%","1,113","7.1%","7,236","11.3%","3,403","12.5%","3,470","11.8%","1,118","8.9%","84","2.3%","104","3.1%","41","2.5%","56","5.2%","31","2.3%","61","3.9%","120","3.8%","172","3.1%","156","5.2%","276","3.4%","67","3.0%","177","2.7%","3,241","11.5%","48","3.0%","266","8.3%","739","6.3%","70","3.1%","197","4.7%","98","3.7%","340","4.6%","5,433","15.3%","56","4.1%","219","6.0%","1,390","6.3%","684","6.7%","454","4.7%","0","-","135","3.6%","1,232","9.3%","1,003","7.1%","196","4.4%","262","3.7%","332","3.7%","509","4.0%","273","4.1%","275","3.3%","202","3.3%","201","4.8%","5,637","11.8%","539","5.1%","581","6.2%","551","8.1%","0","-","4,493","23.7%","413","6.9%","182","3.4%","1,862","6.6%","1,818","6.3%","2,544","20.6%","5,054","18.1%","1,135","5.1%","7,836","12.8%","641","3.6%","22,295","36.6%","332","4.4%","4,111","7.9%","4,871","15.5%","41,068","30.6%","670","4.9%","1,490","6.1%","715","5.0%","681","5.4%","426","4.5%","1,752","10.5%","830","4.2%","4,770","10.7%","45,281","39.6%","13,177","23.7%","1,087","6.7%","547","6.0%","0","-","105","4.3%","753","4.8%","988","5.3%","89","4.8%","599","5.3%","4,659","12.1%","331","4.6%","1,134","7.4%","168","4.0%","56","2.4%","1,648","9.0%","9,326","34.1%","180","3.5%","7,727","19.3%","314","4.1%","204","4.3%","227","5.4%","152","5.1%","625","3.4%","73","2.8%","1,562","8.0%","121","3.8%","277","5.7%","212","4.0%","512","4.2%","685","4.2%","324","3.6%","2,206","8.5%","591","5.8%","500","4.4%","643","4.4%","23","2.9%","3,345","11.1%","260","4.7%","186","4.4%","537","6.4%","210","4.2%","121","5.6%","61","3.7%","58","3.4%","837","4.7%","825","5.5%","179","4.2%","548","5.9%","60","3.8%","120","3.4%","299","3.3%","10,199","41.8%","219","2.7%"
"Not Hispanic or Latino","0","-","17,736","87.1%","85,801","57.7%","16,058","91.6%","57,828","66.8%","20,265","94.3%","7,161","94.2%","56,706","92.2%","55,383","87.2%","17,355","92.2%","19,501","94.6%","12,378","91.2%","25,416","93.5%","63,555","69.7%","8,300","94.7%","23,527","94.0%","36,789","90.0%","3,368","95.5%","97,512","72.0%","41,248","78.8%","33,322","90.5%","9,723","93.9%","25,549","94.1%","17,587","95.0%","18,016","95.2%","19,060","94.5%","19,838","92.1%","50,898","83.7%","9,141","96.0%","9,711","95.9%","4,934","94.6%","33,931","66.5%","10,180","91.0%","37,956","90.1%","25,185","94.3%","32,965","93.8%","10,479","96.1%","67,739","56.0%","1,866","98.2%","49,388","82.7%","5,834","95.1%","41,515","56.0%","26,951","88.3%","15,627","89.2%","19,505","93.6%","23,182","94.6%","41,084","94.4%","25,340","94.1%","14,639","92.9%","56,847","88.7%","23,895","87.5%","26,022","88.2%","11,495","91.1%","3,563","97.7%","3,281","96.9%","1,621","97.5%","1,024","94.8%","1,330","97.7%","1,506","96.1%","3,030","96.2%","5,312","96.9%","2,863","94.8%","7,916","96.6%","2,189","97.0%","6,481","97.3%","24,874","88.5%","1,540","97.0%","2,945","91.7%","10,932","93.7%","2,190","96.9%","3,997","95.3%","2,582","96.3%","7,102","95.4%","30,082","84.7%","1,295","95.9%","3,427","94.0%","20,715","93.7%","9,540","93.3%","9,269","95.3%","0","-","3,614","96.4%","11,953","90.7%","13,222","92.9%","4,219","95.6%","6,890","96.3%","8,543","96.3%","12,208","96.0%","6,460","95.9%","8,177","96.7%","5,972","96.7%","4,016","95.2%","42,080","88.2%","9,942","94.9%","8,803","93.8%","6,218","91.9%","0","-","14,425","76.3%","5,587","93.1%","5,115","96.6%","26,411","93.4%","26,915","93.7%","9,781","79.4%","22,869","81.9%","20,938","94.9%","53,333","87.2%","17,050","96.4%","38,555","63.4%","7,242","95.6%","47,933","92.1%","26,648","84.5%","92,955","69.4%","12,874","95.1%","22,763","93.9%","13,565","95.0%","12,025","94.6%","8,975","95.5%","14,996","89.5%","19,049","95.8%","39,626","89.3%","69,122","60.4%","42,407","76.3%","15,055","93.3%","8,540","94.0%","0","-","2,324","95.7%","14,802","95.2%","17,705","94.7%","1,774","95.2%","10,803","94.7%","33,752","87.9%","6,811","95.4%","14,279","92.6%","4,027","96.0%","2,296","97.6%","16,739","91.0%","18,041","65.9%","4,969","96.5%","32,398","80.7%","7,314","95.9%","4,584","95.7%","3,986","94.6%","2,815","94.9%","17,710","96.6%","2,497","97.2%","18,009","92.0%","3,030","96.2%","4,581","94.3%","5,060","96.0%","11,723","95.8%","15,741","95.8%","8,774","96.4%","23,686","91.5%","9,664","94.2%","10,972","95.6%","13,920","95.6%","762","97.1%","26,870","88.9%","5,306","95.3%","4,005","95.6%","7,913","93.6%","4,835","95.8%","2,030","94.4%","1,588","96.3%","1,670","96.6%","16,915","95.3%","14,148","94.5%","4,087","95.8%","8,676","94.1%","1,516","96.2%","3,458","96.6%","8,890","96.7%","14,226","58.2%","8,002","97.3%"
"HISPANIC OR LATINO BY RACE","","","","","","","","","","","","","","","","","","","","","","","","","","","","","","","","","","","","","","","","","","","","","","","","","","","","","","","","","","","","","","","","","","","","","","","","","","","","","","","","","","","","","","","","","","","","","","","","","","","","","","","","","","","","","","","","","","","","","","","","","","","","","","","","","","","","","","","","","","","","","","","","","","","","","","","","","","","","","","","","","","","","","","","","","","","","","","","","","","","","","","","","","","","","","","","","","","","","","","","","","","","","","","","","","","","","","","","","","","","","","","","","","","","","","","","","","","","","","","","","","","","","","","","","","","","","","","","","","","","","","","","","","","","","","","","","","","","","","","","","","","","","","","","","","","","","","","","","","","","","","","","","","","","","","","","","","","","","","","","","","","","","","","","","","","","","","","","","","","","","","","","","","",""
"Total population","0","-","20,358","100.0%","148,654","100.0%","17,528","100.0%","86,518","100.0%","21,499","100.0%","7,605","100.0%","61,512","100.0%","63,518","100.0%","18,825","100.0%","20,622","100.0%","13,579","100.0%","27,173","100.0%","91,184","100.0%","8,765","100.0%","25,033","100.0%","40,869","100.0%","3,527","100.0%","135,470","100.0%","52,355","100.0%","36,827","100.0%","10,354","100.0%","27,141","100.0%","18,503","100.0%","18,932","100.0%","20,175","100.0%","21,535","100.0%","60,833","100.0%","9,519","100.0%","10,124","100.0%","5,214","100.0%","51,045","100.0%","11,190","100.0%","42,141","100.0%","26,712","100.0%","35,159","100.0%","10,903","100.0%","121,054","100.0%","1,901","100.0%","59,713","100.0%","6,133","100.0%","74,135","100.0%","30,536","100.0%","17,525","100.0%","20,845","100.0%","24,517","100.0%","43,501","100.0%","26,918","100.0%","15,752","100.0%","64,083","100.0%","27,298","100.0%","29,492","100.0%","12,613","100.0%","3,647","100.0%","3,385","100.0%","1,662","100.0%","1,080","100.0%","1,361","100.0%","1,567","100.0%","3,150","100.0%","5,484","100.0%","3,019","100.0%","8,192","100.0%","2,256","100.0%","6,658","100.0%","28,115","100.0%","1,588","100.0%","3,211","100.0%","11,671","100.0%","2,260","100.0%","4,194","100.0%","2,680","100.0%","7,442","100.0%","35,515","100.0%","1,351","100.0%","3,646","100.0%","22,105","100.0%","10,224","100.0%","9,723","100.0%","0","-","3,749","100.0%","13,185","100.0%","14,225","100.0%","4,415","100.0%","7,152","100.0%","8,875","100.0%","12,717","100.0%","6,733","100.0%","8,452","100.0%","6,174","100.0%","4,217","100.0%","47,717","100.0%","10,481","100.0%","9,384","100.0%","6,769","100.0%","0","-","18,918","100.0%","6,000","100.0%","5,297","100.0%","28,273","100.0%","28,733","100.0%","12,325","100.0%","27,923","100.0%","22,073","100.0%","61,169","100.0%","17,691","100.0%","60,850","100.0%","7,574","100.0%","52,044","100.0%","31,519","100.0%","134,023","100.0%","13,544","100.0%","24,253","100.0%","14,280","100.0%","12,706","100.0%","9,401","100.0%","16,748","100.0%","19,879","100.0%","44,396","100.0%","114,403","100.0%","55,584","100.0%","16,142","100.0%","9,087","100.0%","0","-","2,429","100.0%","15,555","100.0%","18,693","100.0%","1,863","100.0%","11,402","100.0%","38,411","100.0%","7,142","100.0%","15,413","100.0%","4,195","100.0%","2,352","100.0%","18,387","100.0%","27,367","100.0%","5,149","100.0%","40,125","100.0%","7,628","100.0%","4,788","100.0%","4,213","100.0%","2,967","100.0%","18,335","100.0%","2,570","100.0%","19,571","100.0%","3,151","100.0%","4,858","100.0%","5,272","100.0%","12,235","100.0%","16,426","100.0%","9,098","100.0%","25,892","100.0%","10,255","100.0%","11,472","100.0%","14,563","100.0%","785","100.0%","30,215","100.0%","5,566","100.0%","4,191","100.0%","8,450","100.0%","5,045","100.0%","2,151","100.0%","1,649","100.0%","1,728","100.0%","17,752","100.0%","14,973","100.0%","4,266","100.0%","9,224","100.0%","1,576","100.0%","3,578","100.0%","9,189","100.0%","24,425","100.0%","8,221","100.0%"
"Hispanic or Latino","0","-","2,622","12.9%","62,853","42.3%","1,470","8.4%","28,690","33.2%","1,234","5.7%","444","5.8%","4,806","7.8%","8,135","12.8%","1,470","7.8%","1,121","5.4%","1,201","8.8%","1,757","6.5%","27,629","30.3%","465","5.3%","1,506","6.0%","4,080","10.0%","159","4.5%","37,958","28.0%","11,107","21.2%","3,505","9.5%","631","6.1%","1,592","5.9%","916","5.0%","916","4.8%","1,115","5.5%","1,697","7.9%","9,935","16.3%","378","4.0%","413","4.1%","280","5.4%","17,114","33.5%","1,010","9.0%","4,185","9.9%","1,527","5.7%","2,194","6.2%","424","3.9%","53,315","44.0%","35","1.8%","10,325","17.3%","299","4.9%","32,620","44.0%","3,585","11.7%","1,898","10.8%","1,340","6.4%","1,335","5.4%","2,417","5.6%","1,578","5.9%","1,113","7.1%","7,236","11.3%","3,403","12.5%","3,470","11.8%","1,118","8.9%","84","2.3%","104","3.1%","41","2.5%","56","5.2%","31","2.3%","61","3.9%","120","3.8%","172","3.1%","156","5.2%","276","3.4%","67","3.0%","177","2.7%","3,241","11.5%","48","3.0%","266","8.3%","739","6.3%","70","3.1%","197","4.7%","98","3.7%","340","4.6%","5,433","15.3%","56","4.1%","219","6.0%","1,390","6.3%","684","6.7%","454","4.7%","0","-","135","3.6%","1,232","9.3%","1,003","7.1%","196","4.4%","262","3.7%","332","3.7%","509","4.0%","273","4.1%","275","3.3%","202","3.3%","201","4.8%","5,637","11.8%","539","5.1%","581","6.2%","551","8.1%","0","-","4,493","23.7%","413","6.9%","182","3.4%","1,862","6.6%","1,818","6.3%","2,544","20.6%","5,054","18.1%","1,135","5.1%","7,836","12.8%","641","3.6%","22,295","36.6%","332","4.4%","4,111","7.9%","4,871","15.5%","41,068","30.6%","670","4.9%","1,490","6.1%","715","5.0%","681","5.4%","426","4.5%","1,752","10.5%","830","4.2%","4,770","10.7%","45,281","39.6%","13,177","23.7%","1,087","6.7%","547","6.0%","0","-","105","4.3%","753","4.8%","988","5.3%","89","4.8%","599","5.3%","4,659","12.1%","331","4.6%","1,134","7.4%","168","4.0%","56","2.4%","1,648","9.0%","9,326","34.1%","180","3.5%","7,727","19.3%","314","4.1%","204","4.3%","227","5.4%","152","5.1%","625","3.4%","73","2.8%","1,562","8.0%","121","3.8%","277","5.7%","212","4.0%","512","4.2%","685","4.2%","324","3.6%","2,206","8.5%","591","5.8%","500","4.4%","643","4.4%","23","2.9%","3,345","11.1%","260","4.7%","186","4.4%","537","6.4%","210","4.2%","121","5.6%","61","3.7%","58","3.4%","837","4.7%","825","5.5%","179","4.2%","548","5.9%","60","3.8%","120","3.4%","299","3.3%","10,199","41.8%","219","2.7%"
"Hispanic or Latino White alone","0","-","473","2.3%","9,293","6.3%","343","2.0%","3,677","4.2%","300","1.4%","84","1.1%","1,474","2.4%","1,437","2.3%","346","1.8%","221","1.1%","301","2.2%","383","1.4%","3,911","4.3%","93","1.1%","335","1.3%","1,032","2.5%","56","1.6%","4,722","3.5%","2,181","4.2%","742","2.0%","94","0.9%","358","1.3%","203","1.1%","232","1.2%","313","1.6%","273","1.3%","2,438","4.0%","73","0.8%","86","0.8%","52","1.0%","2,838","5.6%","242","2.2%","923","2.2%","364","1.4%","477","1.4%","106","1.0%","8,184","6.8%","5","0.3%","2,122","3.6%","69","1.1%","6,581","8.9%","754","2.5%","470","2.7%","281","1.3%","354","1.4%","624","1.4%","338","1.3%","159","1.0%","1,245","1.9%","660","2.4%","561","1.9%","255","2.0%","28","0.8%","31","0.9%","9","0.5%","10","0.9%","4","0.3%","12","0.8%","53","1.7%","55","1.0%","28","0.9%","67","0.8%","18","0.8%","36","0.5%","718","2.6%","10","0.6%","36","1.1%","233","2.0%","18","0.8%","45","1.1%","11","0.4%","127","1.7%","930","2.6%","14","1.0%","54","1.5%","342","1.5%","171","1.7%","113","1.2%","0","-","29","0.8%","253","1.9%","242","1.7%","46","1.0%","70","1.0%","102","1.1%","139","1.1%","77","1.1%","55","0.7%","43","0.7%","69","1.6%","1,243","2.6%","136","1.3%","138","1.5%","119","1.8%","0","-","1,108","5.9%","129","2.2%","45","0.8%","417","1.5%","413","1.4%","723","5.9%","950","3.4%","269","1.2%","1,660","2.7%","177","1.0%","4,705","7.7%","75","1.0%","1,055","2.0%","1,123","3.6%","6,765","5.0%","213","1.6%","339","1.4%","141","1.0%","193","1.5%","94","1.0%","509","3.0%","250","1.3%","1,070","2.4%","8,937","7.8%","2,317","4.2%","318","2.0%","148","1.6%","0","-","21","0.9%","201","1.3%","196","1.0%","24","1.3%","167","1.5%","1,146","3.0%","82","1.1%","309","2.0%","61","1.5%","6","0.3%","362","2.0%","1,739","6.4%","58","1.1%","1,466","3.7%","85","1.1%","52","1.1%","53","1.3%","37","1.2%","169","0.9%","17","0.7%","403","2.1%","28","0.9%","76","1.6%","58","1.1%","178","1.5%","200","1.2%","78","0.9%","963","3.7%","97","0.9%","171","1.5%","175","1.2%","0","0.0%","754","2.5%","70","1.3%","65","1.6%","99","1.2%","59","1.2%","35","1.6%","12","0.7%","4","0.2%","228","1.3%","223","1.5%","55","1.3%","175","1.9%","14","0.9%","46","1.3%","70","0.8%","2,042","8.4%","52","0.6%"
"Hispanic or Latino Black or African American alone","0","-","62","0.3%","3,448","2.3%","31","0.2%","642","0.7%","15","0.1%","2","0.0%","72","0.1%","90","0.1%","25","0.1%","16","0.1%","30","0.2%","18","0.1%","585","0.6%","3","0.0%","18","0.1%","154","0.4%","7","0.2%","831","0.6%","580","1.1%","86","0.2%","7","0.1%","30","0.1%","12","0.1%","16","0.1%","22","0.1%","278","1.3%","470","0.8%","14","0.1%","6","0.1%","8","0.2%","1,026","2.0%","45","0.4%","143","0.3%","54","0.2%","60","0.2%","9","0.1%","3,207","2.6%","0","0.0%","760","1.3%","9","0.1%","1,710","2.3%","140","0.5%","72","0.4%","58","0.3%","30","0.1%","51","0.1%","51","0.2%","19","0.1%","282","0.4%","86","0.3%","350","1.2%","64","0.5%","3","0.1%","0","0.0%","0","0.0%","0","0.0%","1","0.1%","4","0.3%","2","0.1%","2","0.0%","3","0.1%","0","0.0%","1","0.0%","4","0.1%","45","0.2%","0","0.0%","0","0.0%","16","0.1%","2","0.1%","0","0.0%","0","0.0%","11","0.1%","190","0.5%","0","0.0%","2","0.1%","56","0.3%","32","0.3%","17","0.2%","0","-","1","0.0%","11","0.1%","35","0.2%","10","0.2%","1","0.0%","14","0.2%","16","0.1%","3","0.0%","8","0.1%","2","0.0%","3","0.1%","433","0.9%","10","0.1%","15","0.2%","2","0.0%","0","-","272","1.4%","19","0.3%","5","0.1%","35","0.1%","38","0.1%","124","1.0%","170","0.6%","15","0.1%","573","0.9%","7","0.0%","880","1.4%","8","0.1%","122","0.2%","254","0.8%","2,372","1.8%","12","0.1%","57","0.2%","25","0.2%","13","0.1%","6","0.1%","69","0.4%","8","0.0%","62","0.1%","2,769","2.4%","688","1.2%","42","0.3%","15","0.2%","0","-","8","0.3%","26","0.2%","15","0.1%","0","0.0%","2","0.0%","283","0.7%","8","0.1%","34","0.2%","2","0.0%","0","0.0%","67","0.4%","602","2.2%","2","0.0%","476","1.2%","0","0.0%","5","0.1%","1","0.0%","0","0.0%","22","0.1%","5","0.2%","46","0.2%","2","0.1%","11","0.2%","5","0.1%","5","0.0%","17","0.1%","9","0.1%","97","0.4%","2","0.0%","5","0.0%","20","0.1%","0","0.0%","196","0.6%","7","0.1%","2","0.0%","14","0.2%","0","0.0%","1","0.0%","0","0.0%","1","0.1%","19","0.1%","16","0.1%","7","0.2%","25","0.3%","1","0.1%","3","0.1%","5","0.1%","239","1.0%","6","0.1%"
"Hispanic or Latino American Indian and Alaska Native alone","0","-","38","0.2%","1,170","0.8%","17","0.1%","448","0.5%","6","0.0%","1","0.0%","63","0.1%","95","0.1%","7","0.0%","15","0.1%","5","0.0%","14","0.1%","558","0.6%","10","0.1%","42","0.2%","20","0.0%","3","0.1%","825","0.6%","108","0.2%","43","0.1%","11","0.1%","8","0.0%","4","0.0%","9","0.0%","3","0.0%","20","0.1%","98","0.2%","1","0.0%","0","0.0%","2","0.0%","232","0.5%","21","0.2%","46","0.1%","13","0.0%","21","0.1%","7","0.1%","720","0.6%","0","0.0%","128","0.2%","2","0.0%","325","0.4%","30","0.1%","23","0.1%","12","0.1%","27","0.1%","23","0.1%","18","0.1%","4","0.0%","102","0.2%","36","0.1%","39","0.1%","17","0.1%","4","0.1%","1","0.0%","0","0.0%","0","0.0%","0","0.0%","1","0.1%","2","0.1%","1","0.0%","5","0.2%","2","0.0%","6","0.3%","4","0.1%","32","0.1%","1","0.1%","3","0.1%","8","0.1%","12","0.5%","1","0.0%","3","0.1%","6","0.1%","121","0.3%","0","0.0%","7","0.2%","5","0.0%","14","0.1%","4","0.0%","0","-","4","0.1%","29","0.2%","4","0.0%","14","0.3%","0","0.0%","7","0.1%","2","0.0%","9","0.1%","1","0.0%","4","0.1%","0","0.0%","84","0.2%","8","0.1%","6","0.1%","6","0.1%","0","-","41","0.2%","10","0.2%","0","0.0%","22","0.1%","5","0.0%","30","0.2%","47","0.2%","17","0.1%","124","0.2%","2","0.0%","379","0.6%","6","0.1%","41","0.1%","34","0.1%","951","0.7%","7","0.1%","18","0.1%","10","0.1%","4","0.0%","4","0.0%","10","0.1%","6","0.0%","63","0.1%","550","0.5%","246","0.4%","7","0.0%","11","0.1%","0","-","0","0.0%","12","0.1%","19","0.1%","1","0.1%","13","0.1%","90","0.2%","8","0.1%","27","0.2%","2","0.0%","0","0.0%","24","0.1%","148","0.5%","7","0.1%","113","0.3%","1","0.0%","5","0.1%","0","0.0%","2","0.1%","11","0.1%","0","0.0%","28","0.1%","1","0.0%","2","0.0%","2","0.0%","2","0.0%","4","0.0%","2","0.0%","22","0.1%","3","0.0%","4","0.0%","8","0.1%","1","0.1%","35","0.1%","4","0.1%","4","0.1%","0","0.0%","0","0.0%","5","0.2%","0","0.0%","2","0.1%","14","0.1%","2","0.0%","0","0.0%","18","0.2%","0","0.0%","4","0.1%","0","0.0%","441","1.8%","0","0.0%"
"Hispanic or Latino Asian alone","0","-","16","0.1%","117","0.1%","11","0.1%","67","0.1%","8","0.0%","6","0.1%","35","0.1%","53","0.1%","12","0.1%","11","0.1%","4","0.0%","14","0.1%","58","0.1%","2","0.0%","5","0.0%","22","0.1%","0","0.0%","91","0.1%","28","0.1%","11","0.0%","4","0.0%","8","0.0%","7","0.0%","0","0.0%","4","0.0%","9","0.0%","35","0.1%","0","0.0%","4","0.0%","1","0.0%","35","0.1%","1","0.0%","15","0.0%","14","0.1%","7","0.0%","1","0.0%","75","0.1%","0","0.0%","57","0.1%","2","0.0%","70","0.1%","17","0.1%","4","0.0%","13","0.1%","10","0.0%","17","0.0%","9","0.0%","7","0.0%","45","0.1%","35","0.1%","31","0.1%","1","0.0%","0","0.0%","0","0.0%","0","0.0%","0","0.0%","0","0.0%","0","0.0%","0","0.0%","0","0.0%","3","0.1%","0","0.0%","0","0.0%","0","0.0%","12","0.0%","0","0.0%","1","0.0%","3","0.0%","0","0.0%","1","0.0%","0","0.0%","4","0.1%","12","0.0%","0","0.0%","0","0.0%","6","0.0%","3","0.0%","7","0.1%","0","-","3","0.1%","3","0.0%","7","0.0%","1","0.0%","7","0.1%","0","0.0%","3","0.0%","0","0.0%","0","0.0%","2","0.0%","0","0.0%","23","0.0%","4","0.0%","9","0.1%","2","0.0%","0","-","14","0.1%","0","0.0%","0","0.0%","15","0.1%","6","0.0%","4","0.0%","11","0.0%","1","0.0%","44","0.1%","0","0.0%","36","0.1%","1","0.0%","21","0.0%","10","0.0%","132","0.1%","6","0.0%","6","0.0%","7","0.0%","1","0.0%","4","0.0%","10","0.1%","3","0.0%","12","0.0%","71","0.1%","100","0.2%","6","0.0%","4","0.0%","0","-","0","0.0%","4","0.0%","5","0.0%","0","0.0%","0","0.0%","55","0.1%","0","0.0%","10","0.1%","4","0.1%","0","0.0%","15","0.1%","27","0.1%","0","0.0%","36","0.1%","4","0.1%","2","0.0%","0","0.0%","3","0.1%","4","0.0%","0","0.0%","12","0.1%","0","0.0%","0","0.0%","0","0.0%","1","0.0%","2","0.0%","0","0.0%","10","0.0%","0","0.0%","0","0.0%","2","0.0%","0","0.0%","10","0.0%","2","0.0%","0","0.0%","4","0.0%","2","0.0%","3","0.1%","0","0.0%","0","0.0%","4","0.0%","1","0.0%","3","0.1%","0","0.0%","0","0.0%","2","0.1%","0","0.0%","18","0.1%","1","0.0%"
"Hispanic or Latino Native Hawaiian and Other Pacific Islander alone","0","-","10","0.0%","96","0.1%","0","0.0%","7","0.0%","0","0.0%","2","0.0%","6","0.0%","6","0.0%","1","0.0%","0","0.0%","5","0.0%","1","0.0%","4","0.0%","0","0.0%","0","0.0%","6","0.0%","0","0.0%","20","0.0%","6","0.0%","4","0.0%","0","0.0%","0","0.0%","0","0.0%","1","0.0%","1","0.0%","1","0.0%","4","0.0%","0","0.0%","0","0.0%","0","0.0%","25","0.0%","0","0.0%","1","0.0%","1","0.0%","3","0.0%","0","0.0%","49","0.0%","3","0.2%","22","0.0%","0","0.0%","20","0.0%","4","0.0%","0","0.0%","0","0.0%","3","0.0%","5","0.0%","0","0.0%","0","0.0%","7","0.0%","2","0.0%","1","0.0%","3","0.0%","0","0.0%","0","0.0%","0","0.0%","0","0.0%","0","0.0%","0","0.0%","0","0.0%","0","0.0%","0","0.0%","0","0.0%","0","0.0%","1","0.0%","0","0.0%","0","0.0%","0","0.0%","1","0.0%","0","0.0%","1","0.0%","0","0.0%","0","0.0%","0","0.0%","0","0.0%","0","0.0%","0","0.0%","0","0.0%","1","0.0%","0","-","0","0.0%","0","0.0%","3","0.0%","0","0.0%","0","0.0%","2","0.0%","0","0.0%","0","0.0%","0","0.0%","0","0.0%","0","0.0%","1","0.0%","0","0.0%","0","0.0%","1","0.0%","0","-","2","0.0%","0","0.0%","2","0.0%","0","0.0%","2","0.0%","8","0.1%","4","0.0%","3","0.0%","4","0.0%","1","0.0%","23","0.0%","3","0.0%","5","0.0%","12","0.0%","66","0.0%","1","0.0%","4","0.0%","1","0.0%","0","0.0%","0","0.0%","0","0.0%","3","0.0%","6","0.0%","70","0.1%","3","0.0%","0","0.0%","0","0.0%","0","-","0","0.0%","0","0.0%","1","0.0%","0","0.0%","0","0.0%","11","0.0%","0","0.0%","0","0.0%","0","0.0%","0","0.0%","2","0.0%","9","0.0%","0","0.0%","15","0.0%","0","0.0%","0","0.0%","0","0.0%","2","0.1%","0","0.0%","0","0.0%","0","0.0%","0","0.0%","3","0.1%","0","0.0%","1","0.0%","0","0.0%","0","0.0%","4","0.0%","0","0.0%","0","0.0%","0","0.0%","0","0.0%","7","0.0%","0","0.0%","0","0.0%","0","0.0%","0","0.0%","0","0.0%","0","0.0%","0","0.0%","0","0.0%","2","0.0%","1","0.0%","0","0.0%","0","0.0%","0","0.0%","0","0.0%","2","0.0%","0","0.0%"
"Hispanic or Latino Some Other Race alone","0","-","1,046","5.1%","33,575","22.6%","382","2.2%","15,716","18.2%","194","0.9%","65","0.9%","1,019","1.7%","2,658","4.2%","306","1.6%","176","0.9%","332","2.4%","495","1.8%","13,698","15.0%","82","0.9%","230","0.9%","1,048","2.6%","27","0.8%","19,420","14.3%","4,396","8.4%","1,011","2.7%","85","0.8%","228","0.8%","166","0.9%","139","0.7%","289","1.4%","511","2.4%","3,634","6.0%","63","0.7%","67","0.7%","52","1.0%","8,436","16.5%","398","3.6%","1,737","4.1%","343","1.3%","610","1.7%","44","0.4%","29,414","24.3%","2","0.1%","4,082","6.8%","47","0.8%","15,067","20.3%","1,282","4.2%","619","3.5%","437","2.1%","217","0.9%","576","1.3%","421","1.6%","654","4.2%","2,719","4.2%","1,254","4.6%","1,302","4.4%","355","2.8%","14","0.4%","14","0.4%","13","0.8%","7","0.6%","1","0.1%","12","0.8%","12","0.4%","12","0.2%","36","1.2%","59","0.7%","12","0.5%","26","0.4%","1,088","3.9%","2","0.1%","147","4.6%","159","1.4%","4","0.2%","52","1.2%","23","0.9%","76","1.0%","2,538","7.1%","20","1.5%","73","2.0%","387","1.8%","199","1.9%","78","0.8%","0","-","34","0.9%","392","3.0%","278","2.0%","58","1.3%","52","0.7%","51","0.6%","92","0.7%","72","1.1%","43","0.5%","27","0.4%","28","0.7%","1,799","3.8%","171","1.6%","152","1.6%","196","2.9%","0","-","1,583","8.4%","85","1.4%","27","0.5%","541","1.9%","675","2.3%","849","6.9%","2,229","8.0%","190","0.9%","2,686","4.4%","99","0.6%","9,760","16.0%","75","1.0%","979","1.9%","1,760","5.6%","19,592","14.6%","136","1.0%","383","1.6%","111","0.8%","97","0.8%","73","0.8%","450","2.7%","129","0.6%","1,759","4.0%","21,104","18.4%","5,974","10.7%","260","1.6%","101","1.1%","0","-","36","1.5%","168","1.1%","339","1.8%","15","0.8%","215","1.9%","1,574","4.1%","121","1.7%","267","1.7%","23","0.5%","12","0.5%","659","3.6%","4,376","16.0%","32","0.6%","3,122","7.8%","66","0.9%","55","1.1%","41","1.0%","50","1.7%","132","0.7%","11","0.4%","481","2.5%","13","0.4%","60","1.2%","64","1.2%","109","0.9%","173","1.1%","69","0.8%","641","2.5%","344","3.4%","128","1.1%","102","0.7%","7","0.9%","1,030","3.4%","76","1.4%","61","1.5%","233","2.8%","36","0.7%","28","1.3%","12","0.7%","18","1.0%","226","1.3%","199","1.3%","30","0.7%","161","1.7%","13","0.8%","17","0.5%","95","1.0%","4,931","20.2%","44","0.5%"
"Hispanic or Latino Two or More Races","0","-","977","4.8%","15,154","10.2%","686","3.9%","8,133","9.4%","711","3.3%","284","3.7%","2,137","3.5%","3,796","6.0%","773","4.1%","682","3.3%","524","3.9%","832","3.1%","8,815","9.7%","275","3.1%","876","3.5%","1,798","4.4%","66","1.9%","12,049","8.9%","3,808","7.3%","1,608","4.4%","430","4.2%","960","3.5%","524","2.8%","519","2.7%","483","2.4%","605","2.8%","3,256","5.4%","227","2.4%","250","2.5%","165","3.2%","4,522","8.9%","303","2.7%","1,320","3.1%","738","2.8%","1,016","2.9%","257","2.4%","11,666","9.6%","25","1.3%","3,154","5.3%","170","2.8%","8,847","11.9%","1,358","4.4%","710","4.1%","539","2.6%","694","2.8%","1,121","2.6%","741","2.8%","270","1.7%","2,836","4.4%","1,330","4.9%","1,186","4.0%","423","3.4%","35","1.0%","58","1.7%","19","1.1%","39","3.6%","25","1.8%","32","2.0%","51","1.6%","102","1.9%","81","2.7%","148","1.8%","30","1.3%","106","1.6%","1,346","4.8%","35","2.2%","79","2.5%","319","2.7%","34","1.5%","97","2.3%","61","2.3%","116","1.6%","1,642","4.6%","22","1.6%","83","2.3%","594","2.7%","265","2.6%","234","2.4%","0","-","64","1.7%","544","4.1%","434","3.1%","67","1.5%","132","1.8%","156","1.8%","257","2.0%","112","1.7%","168","2.0%","124","2.0%","101","2.4%","2,054","4.3%","210","2.0%","261","2.8%","225","3.3%","0","-","1,473","7.8%","170","2.8%","103","1.9%","832","2.9%","679","2.4%","806","6.5%","1,643","5.9%","640","2.9%","2,745","4.5%","355","2.0%","6,512","10.7%","164","2.2%","1,888","3.6%","1,678","5.3%","11,190","8.3%","295","2.2%","683","2.8%","420","2.9%","373","2.9%","245","2.6%","704","4.2%","431","2.2%","1,798","4.0%","11,780","10.3%","3,849","6.9%","454","2.8%","268","2.9%","0","-","40","1.6%","342","2.2%","413","2.2%","49","2.6%","202","1.8%","1,500","3.9%","112","1.6%","487","3.2%","76","1.8%","38","1.6%","519","2.8%","2,425","8.9%","81","1.6%","2,499","6.2%","158","2.1%","85","1.8%","132","3.1%","58","2.0%","287","1.6%","40","1.6%","592","3.0%","77","2.4%","125","2.6%","83","1.6%","216","1.8%","289","1.8%","166","1.8%","469","1.8%","145","1.4%","192","1.7%","336","2.3%","15","1.9%","1,313","4.3%","101","1.8%","54","1.3%","187","2.2%","113","2.2%","49","2.3%","37","2.2%","33","1.9%","346","1.9%","382","2.6%","83","1.9%","169","1.8%","32","2.0%","48","1.3%","129","1.4%","2,526","10.3%","116","1.4%"
"Not Hispanic or Latino","0","-","17,736","87.1%","85,801","57.7%","16,058","91.6%","57,828","66.8%","20,265","94.3%","7,161","94.2%","56,706","92.2%","55,383","87.2%","17,355","92.2%","19,501","94.6%","12,378","91.2%","25,416","93.5%","63,555","69.7%","8,300","94.7%","23,527","94.0%","36,789","90.0%","3,368","95.5%","97,512","72.0%","41,248","78.8%","33,322","90.5%","9,723","93.9%","25,549","94.1%","17,587","95.0%","18,016","95.2%","19,060","94.5%","19,838","92.1%","50,898","83.7%","9,141","96.0%","9,711","95.9%","4,934","94.6%","33,931","66.5%","10,180","91.0%","37,956","90.1%","25,185","94.3%","32,965","93.8%","10,479","96.1%","67,739","56.0%","1,866","98.2%","49,388","82.7%","5,834","95.1%","41,515","56.0%","26,951","88.3%","15,627","89.2%","19,505","93.6%","23,182","94.6%","41,084","94.4%","25,340","94.1%","14,639","92.9%","56,847","88.7%","23,895","87.5%","26,022","88.2%","11,495","91.1%","3,563","97.7%","3,281","96.9%","1,621","97.5%","1,024","94.8%","1,330","97.7%","1,506","96.1%","3,030","96.2%","5,312","96.9%","2,863","94.8%","7,916","96.6%","2,189","97.0%","6,481","97.3%","24,874","88.5%","1,540","97.0%","2,945","91.7%","10,932","93.7%","2,190","96.9%","3,997","95.3%","2,582","96.3%","7,102","95.4%","30,082","84.7%","1,295","95.9%","3,427","94.0%","20,715","93.7%","9,540","93.3%","9,269","95.3%","0","-","3,614","96.4%","11,953","90.7%","13,222","92.9%","4,219","95.6%","6,890","96.3%","8,543","96.3%","12,208","96.0%","6,460","95.9%","8,177","96.7%","5,972","96.7%","4,016","95.2%","42,080","88.2%","9,942","94.9%","8,803","93.8%","6,218","91.9%","0","-","14,425","76.3%","5,587","93.1%","5,115","96.6%","26,411","93.4%","26,915","93.7%","9,781","79.4%","22,869","81.9%","20,938","94.9%","53,333","87.2%","17,050","96.4%","38,555","63.4%","7,242","95.6%","47,933","92.1%","26,648","84.5%","92,955","69.4%","12,874","95.1%","22,763","93.9%","13,565","95.0%","12,025","94.6%","8,975","95.5%","14,996","89.5%","19,049","95.8%","39,626","89.3%","69,122","60.4%","42,407","76.3%","15,055","93.3%","8,540","94.0%","0","-","2,324","95.7%","14,802","95.2%","17,705","94.7%","1,774","95.2%","10,803","94.7%","33,752","87.9%","6,811","95.4%","14,279","92.6%","4,027","96.0%","2,296","97.6%","16,739","91.0%","18,041","65.9%","4,969","96.5%","32,398","80.7%","7,314","95.9%","4,584","95.7%","3,986","94.6%","2,815","94.9%","17,710","96.6%","2,497","97.2%","18,009","92.0%","3,030","96.2%","4,581","94.3%","5,060","96.0%","11,723","95.8%","15,741","95.8%","8,774","96.4%","23,686","91.5%","9,664","94.2%","10,972","95.6%","13,920","95.6%","762","97.1%","26,870","88.9%","5,306","95.3%","4,005","95.6%","7,913","93.6%","4,835","95.8%","2,030","94.4%","1,588","96.3%","1,670","96.6%","16,915","95.3%","14,148","94.5%","4,087","95.8%","8,676","94.1%","1,516","96.2%","3,458","96.6%","8,890","96.7%","14,226","58.2%","8,002","97.3%"
"Not Hispanic or Latino White alone","0","-","14,409","70.8%","24,404","16.4%","13,785","78.6%","37,963","43.9%","18,016","83.8%","6,408","84.3%","50,035","81.3%","45,877","72.2%","15,548","82.6%","17,169","83.3%","11,438","84.2%","22,950","84.5%","44,314","48.6%","7,580","86.5%","20,956","83.7%","31,701","77.6%","3,149","89.3%","64,876","47.9%","28,407","54.3%","27,652","75.1%","8,443","81.5%","22,169","81.7%","14,876","80.4%","14,431","76.2%","17,469","86.6%","6,927","32.2%","43,296","71.2%","8,449","88.8%","8,980","88.7%","4,320","82.9%","15,391","30.2%","8,145","72.8%","32,261","76.6%","19,425","72.7%","27,319","77.7%","9,719","89.1%","15,278","12.6%","1,744","91.7%","31,454","52.7%","5,451","88.9%","27,535","37.1%","22,190","72.7%","13,911","79.4%","14,150","67.9%","20,341","83.0%","37,549","86.3%","18,145","67.4%","12,583","79.9%","43,832","68.4%","20,989","76.9%","12,542","42.5%","9,279","73.6%","3,382","92.7%","3,104","91.7%","1,520","91.5%","975","90.3%","1,257","92.4%","1,433","91.4%","2,869","91.1%","5,045","92.0%","2,586","85.7%","7,463","91.1%","2,093","92.8%","6,105","91.7%","21,515","76.5%","1,449","91.2%","2,747","85.5%","10,057","86.2%","2,053","90.8%","3,643","86.9%","2,390","89.2%","6,637","89.2%","26,308","74.1%","1,211","89.6%","3,217","88.2%","19,121","86.5%","8,812","86.2%","8,609","88.5%","0","-","3,424","91.3%","11,068","83.9%","11,279","79.3%","3,909","88.5%","6,414","89.7%","8,065","90.9%","11,302","88.9%","6,128","91.0%","7,653","90.5%","5,630","91.2%","3,783","89.7%","30,342","63.6%","9,261","88.4%","8,027","85.5%","5,669","83.7%","0","-","10,688","56.5%","5,126","85.4%","4,561","86.1%","23,427","82.9%","22,882","79.6%","7,595","61.6%","19,656","70.4%","19,085","86.5%","32,384","52.9%","15,705","88.8%","29,104","47.8%","6,560","86.6%","41,417","79.6%","21,366","67.8%","37,010","27.6%","12,137","89.6%","19,631","80.9%","11,326","79.3%","11,254","88.6%","8,331","88.6%","13,298","79.4%","17,625","88.7%","35,397","79.7%","37,760","33.0%","25,960","46.7%","13,778","85.4%","6,625","72.9%","0","-","2,145","88.3%","13,505","86.8%","15,273","81.7%","1,624","87.2%","9,425","82.7%","26,640","69.4%","6,337","88.7%","11,839","76.8%","3,650","87.0%","2,193","93.2%","13,153","71.5%","11,435","41.8%","4,555","88.5%","21,711","54.1%","6,856","89.9%","4,107","85.8%","3,563","84.6%","2,494","84.1%","16,365","89.3%","2,335","90.9%","15,689","80.2%","2,799","88.8%","4,188","86.2%","4,763","90.3%","10,883","88.9%","13,511","82.3%","8,281","91.0%","17,581","67.9%","8,641","84.3%","10,143","88.4%","12,664","87.0%","711","90.6%","21,216","70.2%","4,640","83.4%","3,702","88.3%","7,185","85.0%","4,454","88.3%","1,877","87.3%","1,496","90.7%","1,563","90.5%","15,298","86.2%","12,790","85.4%","3,786","88.7%","7,802","84.6%","1,449","91.9%","3,110","86.9%","8,264","89.9%","11,536","47.2%","7,532","91.6%"
"Not Hispanic or Latino Black or African American alone","0","-","565","2.8%","48,690","32.8%","299","1.7%","5,630","6.5%","148","0.7%","106","1.4%","1,110","1.8%","1,157","1.8%","400","2.1%","244","1.2%","153","1.1%","592","2.2%","11,074","12.1%","75","0.9%","214","0.9%","1,812","4.4%","25","0.7%","16,201","12.0%","9,136","17.5%","1,642","4.5%","143","1.4%","375","1.4%","201","1.1%","396","2.1%","251","1.2%","11,434","53.1%","3,109","5.1%","59","0.6%","142","1.4%","145","2.8%","14,104","27.6%","690","6.2%","2,699","6.4%","822","3.1%","842","2.4%","107","1.0%","43,024","35.5%","14","0.7%","8,832","14.8%","60","1.0%","9,294","12.5%","1,369","4.5%","489","2.8%","728","3.5%","516","2.1%","609","1.4%","1,137","4.2%","1,125","7.1%","4,061","6.3%","944","3.5%","10,344","35.1%","808","6.4%","11","0.3%","31","0.9%","14","0.8%","15","1.4%","5","0.4%","4","0.3%","16","0.5%","35","0.6%","31","1.0%","51","0.6%","12","0.5%","18","0.3%","639","2.3%","8","0.5%","36","1.1%","141","1.2%","9","0.4%","80","1.9%","35","1.3%","58","0.8%","1,060","3.0%","1","0.1%","24","0.7%","399","1.8%","116","1.1%","108","1.1%","0","-","27","0.7%","148","1.1%","623","4.4%","44","1.0%","63","0.9%","55","0.6%","154","1.2%","52","0.8%","62","0.7%","22","0.4%","48","1.1%","6,306","13.2%","83","0.8%","193","2.1%","121","1.8%","0","-","2,474","13.1%","124","2.1%","101","1.9%","654","2.3%","1,226","4.3%","1,373","11.1%","1,262","4.5%","202","0.9%","14,834","24.3%","127","0.7%","5,565","9.1%","67","0.9%","1,531","2.9%","2,195","7.0%","40,788","30.4%","145","1.1%","889","3.7%","259","1.8%","128","1.0%","206","2.2%","668","4.0%","200","1.0%","842","1.9%","22,269","19.5%","11,485","20.7%","395","2.4%","264","2.9%","0","-","30","1.2%","235","1.5%","445","2.4%","23","1.2%","252","2.2%","2,139","5.6%","45","0.6%","457","3.0%","34","0.8%","10","0.4%","1,053","5.7%","4,144","15.1%","38","0.7%","4,560","11.4%","46","0.6%","54","1.1%","63","1.5%","76","2.6%","189","1.0%","6","0.2%","523","2.7%","41","1.3%","86","1.8%","47","0.9%","91","0.7%","370","2.3%","54","0.6%","1,245","4.8%","610","5.9%","98","0.9%","211","1.4%","2","0.3%","2,143","7.1%","76","1.4%","55","1.3%","196","2.3%","64","1.3%","25","1.2%","8","0.5%","5","0.3%","235","1.3%","228","1.5%","50","1.2%","144","1.6%","5","0.3%","34","1.0%","72","0.8%","897","3.7%","46","0.6%"
"Not Hispanic or Latino American Indian and Alaska Native alone","0","-","19","0.1%","228","0.2%","11","0.1%","70","0.1%","17","0.1%","6","0.1%","23","0.0%","33","0.1%","20","0.1%","6","0.0%","11","0.1%","12","0.0%","102","0.1%","11","0.1%","22","0.1%","30","0.1%","1","0.0%","140","0.1%","53","0.1%","22","0.1%","3","0.0%","15","0.1%","3","0.0%","24","0.1%","9","0.0%","41","0.2%","64","0.1%","4","0.0%","14","0.1%","9","0.2%","100","0.2%","16","0.1%","73","0.2%","16","0.1%","28","0.1%","24","0.2%","262","0.2%","7","0.4%","144","0.2%","6","0.1%","74","0.1%","18","0.1%","25","0.1%","32","0.2%","13","0.1%","26","0.1%","25","0.1%","13","0.1%","46","0.1%","24","0.1%","21","0.1%","8","0.1%","1","0.0%","4","0.1%","1","0.1%","3","0.3%","1","0.1%","1","0.1%","2","0.1%","8","0.1%","21","0.7%","13","0.2%","0","0.0%","6","0.1%","32","0.1%","4","0.3%","6","0.2%","16","0.1%","2","0.1%","8","0.2%","1","0.0%","9","0.1%","64","0.2%","6","0.4%","5","0.1%","21","0.1%","15","0.1%","18","0.2%","0","-","0","0.0%","14","0.1%","12","0.1%","9","0.2%","7","0.1%","17","0.2%","21","0.2%","8","0.1%","4","0.0%","4","0.1%","1","0.0%","85","0.2%","11","0.1%","8","0.1%","13","0.2%","0","-","27","0.1%","9","0.2%","3","0.1%","25","0.1%","16","0.1%","20","0.2%","26","0.1%","10","0.0%","178","0.3%","20","0.1%","67","0.1%","0","0.0%","51","0.1%","31","0.1%","339","0.3%","7","0.1%","23","0.1%","11","0.1%","7","0.1%","10","0.1%","13","0.1%","6","0.0%","57","0.1%","307","0.3%","118","0.2%","27","0.2%","5","0.1%","0","-","5","0.2%","44","0.3%","37","0.2%","20","1.1%","99","0.9%","215","0.6%","44","0.6%","464","3.0%","24","0.6%","0","0.0%","342","1.9%","154","0.6%","42","0.8%","268","0.7%","6","0.1%","27","0.6%","17","0.4%","30","1.0%","53","0.3%","16","0.6%","70","0.4%","3","0.1%","3","0.1%","17","0.3%","13","0.1%","13","0.1%","7","0.1%","39","0.2%","9","0.1%","15","0.1%","19","0.1%","0","0.0%","36","0.1%","8","0.1%","5","0.1%","23","0.3%","18","0.4%","10","0.5%","4","0.2%","13","0.8%","37","0.2%","66","0.4%","5","0.1%","34","0.4%","3","0.2%","18","0.5%","27","0.3%","50","0.2%","13","0.2%"
"Not Hispanic or Latino Asian alone","0","-","1,213","6.0%","4,024","2.7%","946","5.4%","5,339","6.2%","1,197","5.6%","328","4.3%","2,906","4.7%","4,726","7.4%","660","3.5%","1,159","5.6%","230","1.7%","734","2.7%","4,772","5.2%","243","2.8%","1,261","5.0%","1,800","4.4%","51","1.4%","11,453","8.5%","1,310","2.5%","2,509","6.8%","575","5.6%","1,703","6.3%","1,612","8.7%","2,318","12.2%","669","3.3%","476","2.2%","1,542","2.5%","170","1.8%","197","1.9%","266","5.1%","2,282","4.5%","748","6.7%","1,025","2.4%","3,855","14.4%","3,340","9.5%","158","1.4%","4,208","3.5%","13","0.7%","6,249","10.5%","85","1.4%","1,884","2.5%","2,236","7.3%","490","2.8%","3,997","19.2%","1,284","5.2%","1,386","3.2%","4,941","18.4%","378","2.4%","5,693","8.9%","1,100","4.0%","1,528","5.2%","807","6.4%","26","0.7%","22","0.6%","10","0.6%","1","0.1%","4","0.3%","24","1.5%","32","1.0%","31","0.6%","85","2.8%","114","1.4%","14","0.6%","75","1.1%","958","3.4%","18","1.1%","15","0.5%","145","1.2%","29","1.3%","78","1.9%","44","1.6%","91","1.2%","891","2.5%","14","1.0%","49","1.3%","399","1.8%","124","1.2%","141","1.5%","0","-","30","0.8%","246","1.9%","791","5.6%","47","1.1%","112","1.6%","85","1.0%","200","1.6%","86","1.3%","113","1.3%","69","1.1%","49","1.2%","2,611","5.5%","256","2.4%","133","1.4%","95","1.4%","0","-","382","2.0%","84","1.4%","248","4.7%","1,311","4.6%","1,788","6.2%","336","2.7%","1,066","3.8%","781","3.5%","3,447","5.6%","562","3.2%","1,311","2.2%","377","5.0%","2,840","5.5%","749","2.4%","9,044","6.7%","234","1.7%","1,468","6.1%","1,458","10.2%","218","1.7%","94","1.0%","421","2.5%","556","2.8%","1,809","4.1%","2,349","2.1%","2,609","4.7%","250","1.5%","1,203","13.2%","0","-","10","0.4%","258","1.7%","1,177","6.3%","20","1.1%","259","2.3%","2,055","5.4%","45","0.6%","497","3.2%","60","1.4%","20","0.9%","1,143","6.2%","644","2.4%","55","1.1%","2,851","7.1%","172","2.3%","116","2.4%","110","2.6%","50","1.7%","335","1.8%","14","0.5%","742","3.8%","34","1.1%","83","1.7%","31","0.6%","168","1.4%","1,251","7.6%","103","1.1%","3,780","14.6%","128","1.2%","117","1.0%","435","3.0%","6","0.8%","1,978","6.5%","324","5.8%","58","1.4%","123","1.5%","25","0.5%","7","0.3%","16","1.0%","12","0.7%","326","1.8%","192","1.3%","101","2.4%","115","1.2%","0","0.0%","20","0.6%","77","0.8%","799","3.3%","89","1.1%"
"Not Hispanic or Latino Native Hawaiian and Other Pacific Islander alone","0","-","1","0.0%","31","0.0%","3","0.0%","25","0.0%","4","0.0%","1","0.0%","5","0.0%","15","0.0%","0","0.0%","4","0.0%","3","0.0%","10","0.0%","14","0.0%","2","0.0%","3","0.0%","11","0.0%","0","0.0%","22","0.0%","11","0.0%","1","0.0%","3","0.0%","0","0.0%","4","0.0%","3","0.0%","1","0.0%","3","0.0%","11","0.0%","0","0.0%","0","0.0%","0","0.0%","3","0.0%","0","0.0%","9","0.0%","4","0.0%","3","0.0%","10","0.1%","34","0.0%","0","0.0%","15","0.0%","0","0.0%","27","0.0%","5","0.0%","4","0.0%","0","0.0%","3","0.0%","6","0.0%","13","0.0%","1","0.0%","3","0.0%","8","0.0%","4","0.0%","2","0.0%","0","0.0%","0","0.0%","0","0.0%","0","0.0%","0","0.0%","0","0.0%","0","0.0%","0","0.0%","0","0.0%","0","0.0%","0","0.0%","3","0.0%","6","0.0%","0","0.0%","0","0.0%","9","0.1%","0","0.0%","1","0.0%","0","0.0%","1","0.0%","15","0.0%","0","0.0%","0","0.0%","10","0.0%","12","0.1%","6","0.1%","0","-","1","0.0%","1","0.0%","0","0.0%","0","0.0%","3","0.0%","3","0.0%","10","0.1%","4","0.1%","1","0.0%","2","0.0%","0","0.0%","13","0.0%","4","0.0%","1","0.0%","0","0.0%","0","-","1","0.0%","0","0.0%","0","0.0%","10","0.0%","2","0.0%","3","0.0%","3","0.0%","2","0.0%","25","0.0%","0","0.0%","25","0.0%","3","0.0%","17","0.0%","7","0.0%","61","0.0%","0","0.0%","8","0.0%","1","0.0%","4","0.0%","2","0.0%","5","0.0%","2","0.0%","18","0.0%","32","0.0%","10","0.0%","3","0.0%","3","0.0%","0","-","4","0.2%","4","0.0%","5","0.0%","0","0.0%","0","0.0%","62","0.2%","1","0.0%","15","0.1%","5","0.1%","0","0.0%","20","0.1%","26","0.1%","8","0.2%","48","0.1%","3","0.0%","0","0.0%","4","0.1%","1","0.0%","7","0.0%","0","0.0%","2","0.0%","0","0.0%","0","0.0%","0","0.0%","0","0.0%","6","0.0%","0","0.0%","15","0.1%","3","0.0%","6","0.1%","0","0.0%","0","0.0%","6","0.0%","8","0.1%","1","0.0%","4","0.0%","0","0.0%","0","0.0%","0","0.0%","0","0.0%","1","0.0%","2","0.0%","0","0.0%","4","0.0%","0","0.0%","0","0.0%","0","0.0%","4","0.0%","1","0.0%"
"Not Hispanic or Latino Some Other Race alone","0","-","406","2.0%","2,938","2.0%","179","1.0%","2,980","3.4%","88","0.4%","34","0.4%","418","0.7%","606","1.0%","89","0.5%","88","0.4%","98","0.7%","136","0.5%","652","0.7%","59","0.7%","156","0.6%","287","0.7%","6","0.2%","1,018","0.8%","412","0.8%","277","0.8%","75","0.7%","152","0.6%","78","0.4%","84","0.4%","64","0.3%","144","0.7%","272","0.4%","50","0.5%","30","0.3%","10","0.2%","398","0.8%","68","0.6%","162","0.4%","99","0.4%","173","0.5%","25","0.2%","1,411","1.2%","8","0.4%","391","0.7%","30","0.5%","478","0.6%","183","0.6%","69","0.4%","74","0.4%","94","0.4%","123","0.3%","100","0.4%","24","0.2%","639","1.0%","140","0.5%","238","0.8%","78","0.6%","16","0.4%","12","0.4%","8","0.5%","7","0.6%","8","0.6%","5","0.3%","5","0.2%","13","0.2%","10","0.3%","12","0.1%","6","0.3%","31","0.5%","282","1.0%","2","0.1%","10","0.3%","20","0.2%","9","0.4%","35","0.8%","29","1.1%","30","0.4%","147","0.4%","6","0.4%","24","0.7%","114","0.5%","38","0.4%","52","0.5%","0","-","16","0.4%","86","0.7%","44","0.3%","2","0.0%","29","0.4%","18","0.2%","60","0.5%","7","0.1%","32","0.4%","17","0.3%","15","0.4%","230","0.5%","51","0.5%","49","0.5%","88","1.3%","0","-","113","0.6%","43","0.7%","25","0.5%","137","0.5%","101","0.4%","64","0.5%","112","0.4%","62","0.3%","302","0.5%","63","0.4%","312","0.5%","31","0.4%","266","0.5%","561","1.8%","873","0.7%","33","0.2%","105","0.4%","57","0.4%","46","0.4%","33","0.4%","74","0.4%","88","0.4%","160","0.4%","1,798","1.6%","349","0.6%","72","0.4%","73","0.8%","0","-","14","0.6%","80","0.5%","79","0.4%","5","0.3%","40","0.4%","200","0.5%","35","0.5%","63","0.4%","9","0.2%","14","0.6%","93","0.5%","162","0.6%","33","0.6%","342","0.9%","32","0.4%","17","0.4%","26","0.6%","8","0.3%","48","0.3%","2","0.1%","113","0.6%","19","0.6%","23","0.5%","18","0.3%","76","0.6%","52","0.3%","37","0.4%","143","0.6%","30","0.3%","53","0.5%","55","0.4%","8","1.0%","92","0.3%","30","0.5%","16","0.4%","31","0.4%","38","0.8%","13","0.6%","9","0.5%","14","0.8%","78","0.4%","52","0.3%","23","0.5%","47","0.5%","2","0.1%","8","0.2%","41","0.4%","107","0.4%","27","0.3%"
"Not Hispanic or Latino Two or More Races","0","-","1,123","5.5%","5,486","3.7%","835","4.8%","5,821","6.7%","795","3.7%","278","3.7%","2,209","3.6%","2,969","4.7%","638","3.4%","831","4.0%","445","3.3%","982","3.6%","2,627","2.9%","330","3.8%","915","3.7%","1,148","2.8%","136","3.9%","3,802","2.8%","1,919","3.7%","1,219","3.3%","481","4.6%","1,135","4.2%","813","4.4%","760","4.0%","597","3.0%","813","3.8%","2,604","4.3%","409","4.3%","348","3.4%","184","3.5%","1,653","3.2%","513","4.6%","1,727","4.1%","964","3.6%","1,260","3.6%","436","4.0%","3,522","2.9%","80","4.2%","2,303","3.9%","202","3.3%","2,223","3.0%","950","3.1%","639","3.6%","524","2.5%","931","3.8%","1,385","3.2%","979","3.6%","515","3.3%","2,573","4.0%","690","2.5%","1,345","4.6%","513","4.1%","127","3.5%","108","3.2%","68","4.1%","23","2.1%","55","4.0%","39","2.5%","106","3.4%","180","3.3%","130","4.3%","263","3.2%","64","2.8%","243","3.6%","1,442","5.1%","59","3.7%","131","4.1%","544","4.7%","88","3.9%","152","3.6%","83","3.1%","276","3.7%","1,597","4.5%","57","4.2%","108","3.0%","651","2.9%","423","4.1%","335","3.4%","0","-","116","3.1%","390","3.0%","473","3.3%","208","4.7%","262","3.7%","300","3.4%","461","3.6%","175","2.6%","312","3.7%","228","3.7%","120","2.8%","2,493","5.2%","276","2.6%","392","4.2%","232","3.4%","0","-","740","3.9%","201","3.4%","177","3.3%","847","3.0%","900","3.1%","390","3.2%","744","2.7%","796","3.6%","2,163","3.5%","573","3.2%","2,171","3.6%","204","2.7%","1,811","3.5%","1,739","5.5%","4,840","3.6%","318","2.3%","639","2.6%","453","3.2%","368","2.9%","299","3.2%","517","3.1%","572","2.9%","1,343","3.0%","4,607","4.0%","1,876","3.4%","530","3.3%","367","4.0%","0","-","116","4.8%","676","4.3%","689","3.7%","82","4.4%","728","6.4%","2,441","6.4%","304","4.3%","944","6.1%","245","5.8%","59","2.5%","935","5.1%","1,476","5.4%","238","4.6%","2,618","6.5%","199","2.6%","263","5.5%","203","4.8%","156","5.3%","713","3.9%","124","4.8%","870","4.4%","134","4.3%","198","4.1%","184","3.5%","492","4.0%","538","3.3%","292","3.2%","883","3.4%","243","2.4%","540","4.7%","536","3.7%","35","4.5%","1,399","4.6%","220","4.0%","168","4.0%","351","4.2%","236","4.7%","98","4.6%","55","3.3%","63","3.6%","940","5.3%","818","5.5%","122","2.9%","530","5.7%","57","3.6%","268","7.5%","409","4.5%","833","3.4%","294","3.6%"
"RELATIONSHIP","","","","","","","","","","","","","","","","","","","","","","","","","","","","","","","","","","","","","","","","","","","","","","","","","","","","","","","","","","","","","","","","","","","","","","","","","","","","","","","","","","","","","","","","","","","","","","","","","","","","","","","","","","","","","","","","","","","","","","","","","","","","","","","","","","","","","","","","","","","","","","","","","","","","","","","","","","","","","","","","","","","","","","","","","","","","","","","","","","","","","","","","","","","","","","","","","","","","","","","","","","","","","","","","","","","","","","","","","","","","","","","","","","","","","","","","","","","","","","","","","","","","","","","","","","","","","","","","","","","","","","","","","","","","","","","","","","","","","","","","","","","","","","","","","","","","","","","","","","","","","","","","","","","","","","","","","","","","","","","","","","","","","","","","","","","","","","","","","","","","","","","","","",""
"Total population","0","-","20,358","100.0%","148,654","100.0%","17,528","100.0%","86,518","100.0%","21,499","100.0%","7,605","100.0%","61,512","100.0%","63,518","100.0%","18,825","100.0%","20,622","100.0%","13,579","100.0%","27,173","100.0%","91,184","100.0%","8,765","100.0%","25,033","100.0%","40,869","100.0%","3,527","100.0%","135,470","100.0%","52,355","100.0%","36,827","100.0%","10,354","100.0%","27,141","100.0%","18,503","100.0%","18,932","100.0%","20,175","100.0%","21,535","100.0%","60,833","100.0%","9,519","100.0%","10,124","100.0%","5,214","100.0%","51,045","100.0%","11,190","100.0%","42,141","100.0%","26,712","100.0%","35,159","100.0%","10,903","100.0%","121,054","100.0%","1,901","100.0%","59,713","100.0%","6,133","100.0%","74,135","100.0%","30,536","100.0%","17,525","100.0%","20,845","100.0%","24,517","100.0%","43,501","100.0%","26,918","100.0%","15,752","100.0%","64,083","100.0%","27,298","100.0%","29,492","100.0%","12,613","100.0%","3,647","100.0%","3,385","100.0%","1,662","100.0%","1,080","100.0%","1,361","100.0%","1,567","100.0%","3,150","100.0%","5,484","100.0%","3,019","100.0%","8,192","100.0%","2,256","100.0%","6,658","100.0%","28,115","100.0%","1,588","100.0%","3,211","100.0%","11,671","100.0%","2,260","100.0%","4,194","100.0%","2,680","100.0%","7,442","100.0%","35,515","100.0%","1,351","100.0%","3,646","100.0%","22,105","100.0%","10,224","100.0%","9,723","100.0%","0","-","3,749","100.0%","13,185","100.0%","14,225","100.0%","4,415","100.0%","7,152","100.0%","8,875","100.0%","12,717","100.0%","6,733","100.0%","8,452","100.0%","6,174","100.0%","4,217","100.0%","47,717","100.0%","10,481","100.0%","9,384","100.0%","6,769","100.0%","0","-","18,918","100.0%","6,000","100.0%","5,297","100.0%","28,273","100.0%","28,733","100.0%","12,325","100.0%","27,923","100.0%","22,073","100.0%","61,169","100.0%","17,691","100.0%","60,850","100.0%","7,574","100.0%","52,044","100.0%","31,519","100.0%","134,023","100.0%","13,544","100.0%","24,253","100.0%","14,280","100.0%","12,706","100.0%","9,401","100.0%","16,748","100.0%","19,879","100.0%","44,396","100.0%","114,403","100.0%","55,584","100.0%","16,142","100.0%","9,087","100.0%","0","-","2,429","100.0%","15,555","100.0%","18,693","100.0%","1,863","100.0%","11,402","100.0%","38,411","100.0%","7,142","100.0%","15,413","100.0%","4,195","100.0%","2,352","100.0%","18,387","100.0%","27,367","100.0%","5,149","100.0%","40,125","100.0%","7,628","100.0%","4,788","100.0%","4,213","100.0%","2,967","100.0%","18,335","100.0%","2,570","100.0%","19,571","100.0%","3,151","100.0%","4,858","100.0%","5,272","100.0%","12,235","100.0%","16,426","100.0%","9,098","100.0%","25,892","100.0%","10,255","100.0%","11,472","100.0%","14,563","100.0%","785","100.0%","30,215","100.0%","5,566","100.0%","4,191","100.0%","8,450","100.0%","5,045","100.0%","2,151","100.0%","1,649","100.0%","1,728","100.0%","17,752","100.0%","14,973","100.0%","4,266","100.0%","9,224","100.0%","1,576","100.0%","3,578","100.0%","9,189","100.0%","24,425","100.0%","8,221","100.0%"
"In households","0","-","20,085","98.7%","144,504","97.2%","17,411","99.3%","83,844","96.9%","21,444","99.7%","7,596","99.9%","56,572","92.0%","62,974","99.1%","18,764","99.7%","20,527","99.5%","13,565","99.9%","26,399","97.2%","90,627","99.4%","8,696","99.2%","24,783","99.0%","40,301","98.6%","3,527","100.0%","133,157","98.3%","52,148","99.6%","36,421","98.9%","10,348","99.9%","27,035","99.6%","18,176","98.2%","18,597","98.2%","20,095","99.6%","20,974","97.4%","60,082","98.8%","9,506","99.9%","10,019","99.0%","5,210","99.9%","50,539","99.0%","10,944","97.8%","39,666","94.1%","26,295","98.4%","34,739","98.8%","10,795","99.0%","114,332","94.4%","1,898","99.8%","58,847","98.5%","6,025","98.2%","71,116","95.9%","30,111","98.6%","17,369","99.1%","20,292","97.3%","24,258","98.9%","43,013","98.9%","26,840","99.7%","13,691","86.9%","62,079","96.9%","27,232","99.8%","28,953","98.2%","12,557","99.6%","3,636","99.7%","3,323","98.2%","1,651","99.3%","1,080","100.0%","1,333","97.9%","1,567","100.0%","3,137","99.6%","5,466","99.7%","2,778","92.0%","7,865","96.0%","2,256","100.0%","6,606","99.2%","27,896","99.2%","1,588","100.0%","3,099","96.5%","11,577","99.2%","2,254","99.7%","3,690","88.0%","2,578","96.2%","7,426","99.8%","34,825","98.1%","1,351","100.0%","3,513","96.4%","21,834","98.8%","10,163","99.4%","9,700","99.8%","0","-","3,616","96.5%","12,963","98.3%","13,820","97.2%","4,371","99.0%","7,096","99.2%","8,769","98.8%","12,629","99.3%","6,474","96.2%","8,352","98.8%","6,174","100.0%","4,213","99.9%","43,273","90.7%","10,252","97.8%","9,268","98.8%","6,499","96.0%","0","-","18,895","99.9%","6,000","100.0%","5,287","99.8%","27,870","98.6%","26,527","92.3%","12,268","99.5%","27,684","99.1%","21,847","99.0%","55,944","91.5%","17,504","98.9%","60,008","98.6%","7,513","99.2%","51,486","98.9%","31,258","99.2%","123,372","92.1%","13,480","99.5%","24,161","99.6%","14,201","99.4%","12,693","99.9%","9,383","99.8%","16,623","99.3%","19,240","96.8%","42,804","96.4%","112,693","98.5%","52,351","94.2%","15,978","99.0%","8,986","98.9%","0","-","2,396","98.6%","15,351","98.7%","17,726","94.8%","1,852","99.4%","11,340","99.5%","36,161","94.1%","7,080","99.1%","15,382","99.8%","4,189","99.9%","2,332","99.1%","16,973","92.3%","24,198","88.4%","5,127","99.6%","39,676","98.9%","7,610","99.8%","4,788","100.0%","4,200","99.7%","2,967","100.0%","17,817","97.2%","2,570","100.0%","19,178","98.0%","3,146","99.8%","4,852","99.9%","5,228","99.2%","12,189","99.6%","16,370","99.7%","9,062","99.6%","14,381","55.5%","8,944","87.2%","11,297","98.5%","14,425","99.1%","785","100.0%","29,859","98.8%","5,527","99.3%","4,147","99.0%","7,936","93.9%","5,029","99.7%","2,151","100.0%","1,649","100.0%","1,728","100.0%","17,365","97.8%","14,827","99.0%","3,892","91.2%","9,076","98.4%","1,568","99.5%","3,578","100.0%","9,127","99.3%","21,728","89.0%","8,168","99.4%"
"Householder","0","-","7,651","37.6%","54,250","36.5%","6,697","38.2%","31,787","36.7%","6,828","31.8%","2,604","34.2%","20,793","33.8%","23,341","36.7%","6,688","35.5%","6,946","33.7%","4,932","36.3%","9,744","35.9%","36,061","39.5%","3,359","38.3%","8,948","35.7%","16,364","40.0%","1,434","40.7%","53,281","39.3%","20,461","39.1%","12,618","34.3%","3,403","32.9%","9,708","35.8%","6,197","33.5%","7,277","38.4%","8,260","40.9%","9,146","42.5%","25,757","42.3%","3,498","36.7%","4,191","41.4%","2,082","39.9%","20,133","39.4%","4,977","44.5%","16,877","40.0%","11,034","41.3%","13,802","39.3%","4,239","38.9%","47,157","39.0%","769","40.5%","25,115","42.1%","2,302","37.5%","29,060","39.2%","12,755","41.8%","7,692","43.9%","8,796","42.2%","9,558","39.0%","17,460","40.1%","10,315","38.3%","5,517","35.0%","25,804","40.3%","11,408","41.8%","11,489","39.0%","5,558","44.1%","1,461","40.1%","1,392","41.1%","730","43.9%","483","44.7%","584","42.9%","735","46.9%","1,286","40.8%","2,177","39.7%","1,278","42.3%","3,478","42.5%","942","41.8%","2,697","40.5%","11,024","39.2%","708","44.6%","1,400","43.6%","4,854","41.6%","974","43.1%","1,724","41.1%","1,233","46.0%","3,151","42.3%","15,508","43.7%","574","42.5%","1,520","41.7%","8,715","39.4%","4,635","45.3%","4,258","43.8%","0","-","1,626","43.4%","5,540","42.0%","5,900","41.5%","1,963","44.5%","2,702","37.8%","3,685","41.5%","5,189","40.8%","3,030","45.0%","3,294","39.0%","2,467","40.0%","1,763","41.8%","20,089","42.1%","4,598","43.9%","3,877","41.3%","2,968","43.8%","0","-","7,569","40.0%","2,485","41.4%","1,958","37.0%","13,063","46.2%","10,045","35.0%","5,381","43.7%","11,628","41.6%","8,829","40.0%","23,974","39.2%","6,998","39.6%","24,351","40.0%","2,873","37.9%","22,325","42.9%","12,432","39.4%","52,318","39.0%","5,313","39.2%","9,540","39.3%","5,298","37.1%","4,762","37.5%","3,617","38.5%","6,793","40.6%","8,557","43.0%","18,136","40.9%","44,426","38.8%","21,396","38.5%","6,132","38.0%","3,257","35.8%","0","-","1,008","41.5%","6,112","39.3%","7,787","41.7%","744","39.9%","4,616","40.5%","16,174","42.1%","2,774","38.8%","5,834","37.9%","1,652","39.4%","1,034","44.0%","6,896","37.5%","10,750","39.3%","2,015","39.1%","16,811","41.9%","3,285","43.1%","1,919","40.1%","1,607","38.1%","1,172","39.5%","8,158","44.5%","1,029","40.0%","8,185","41.8%","1,270","40.3%","1,956","40.3%","2,095","39.7%","4,873","39.8%","6,699","40.8%","3,424","37.6%","6,257","24.2%","3,439","33.5%","4,781","41.7%","5,371","36.9%","332","42.3%","13,901","46.0%","2,449","44.0%","1,738","41.5%","3,179","37.6%","1,943","38.5%","895","41.6%","696","42.2%","740","42.8%","7,244","40.8%","5,878","39.3%","1,570","36.8%","3,971","43.1%","615","39.0%","1,399","39.1%","3,830","41.7%","8,935","36.6%","3,219","39.2%"
"Opposite-sex spouse","0","-","4,230","20.8%","16,536","11.1%","3,808","21.7%","14,566","16.8%","4,975","23.1%","1,820","23.9%","12,485","20.3%","13,444","21.2%","4,379","23.3%","4,760","23.1%","3,198","23.6%","6,151","22.6%","15,452","16.9%","2,078","23.7%","5,918","23.6%","8,606","21.1%","864","24.5%","23,060","17.0%","9,358","17.9%","8,365","22.7%","2,510","24.2%","6,269","23.1%","4,361","23.6%","4,482","23.7%","4,511","22.4%","3,425","15.9%","10,305","16.9%","2,386","25.1%","2,281","22.5%","1,179","22.6%","6,775","13.3%","2,120","18.9%","7,297","17.3%","5,723","21.4%","7,911","22.5%","2,627","24.1%","9,855","8.1%","459","24.1%","9,558","16.0%","1,434","23.4%","8,404","11.3%","5,988","19.6%","3,126","17.8%","4,233","20.3%","5,785","23.6%","9,454","21.7%","6,128","22.8%","3,071","19.5%","12,348","19.3%","5,551","20.3%","5,307","18.0%","2,268","18.0%","873","23.9%","748","22.1%","398","23.9%","233","21.6%","326","24.0%","350","22.3%","806","25.6%","1,350","24.6%","622","20.6%","1,764","21.5%","513","22.7%","1,570","23.6%","5,730","20.4%","354","22.3%","530","16.5%","2,298","19.7%","573","25.4%","790","18.8%","605","22.6%","1,527","20.5%","5,993","16.9%","347","25.7%","749","20.5%","4,614","20.9%","1,804","17.6%","2,119","21.8%","0","-","849","22.6%","2,829","21.5%","2,859","20.1%","918","20.8%","1,737","24.3%","2,080","23.4%","2,850","22.4%","1,551","23.0%","1,972","23.3%","1,545","25.0%","977","23.2%","6,949","14.6%","2,394","22.8%","2,037","21.7%","1,364","20.2%","0","-","2,877","15.2%","1,298","21.6%","1,302","24.6%","5,390","19.1%","6,229","21.7%","1,913","15.5%","4,711","16.9%","5,125","23.2%","9,640","15.8%","4,387","24.8%","9,079","14.9%","1,753","23.1%","10,437","20.1%","5,573","17.7%","12,555","9.4%","2,924","21.6%","5,335","22.0%","3,362","23.5%","3,153","24.8%","2,206","23.5%","3,258","19.5%","4,419","22.2%","8,669","19.5%","13,703","12.0%","7,558","13.6%","3,441","21.3%","2,208","24.3%","0","-","538","22.1%","3,355","21.6%","3,999","21.4%","421","22.6%","2,228","19.5%","6,687","17.4%","1,582","22.2%","3,336","21.6%","933","22.2%","571","24.3%","3,357","18.3%","2,802","10.2%","1,236","24.0%","5,479","13.7%","1,841","24.1%","1,086","22.7%","957","22.7%","583","19.6%","3,726","20.3%","565","22.0%","4,013","20.5%","718","22.8%","1,135","23.4%","1,264","24.0%","2,744","22.4%","3,610","22.0%","2,190","24.1%","2,306","8.9%","2,124","20.7%","2,271","19.8%","3,514","24.1%","218","27.8%","5,065","16.8%","1,093","19.6%","857","20.4%","1,603","19.0%","1,141","22.6%","438","20.4%","376","22.8%","396","22.9%","3,097","17.4%","2,711","18.1%","907","21.3%","1,498","16.2%","334","21.2%","756","21.1%","1,917","20.9%","2,733","11.2%","1,849","22.5%"
"Same-sex spouse","0","-","50","0.2%","239","0.2%","30","0.2%","170","0.2%","13","0.1%","14","0.2%","142","0.2%","104","0.2%","31","0.2%","19","0.1%","26","0.2%","52","0.2%","261","0.3%","26","0.3%","35","0.1%","71","0.2%","21","0.6%","291","0.2%","110","0.2%","37","0.1%","17","0.2%","52","0.2%","35","0.2%","33","0.2%","32","0.2%","71","0.3%","120","0.2%","25","0.3%","15","0.1%","12","0.2%","113","0.2%","26","0.2%","101","0.2%","44","0.2%","69","0.2%","33","0.3%","221","0.2%","6","0.3%","155","0.3%","14","0.2%","118","0.2%","59","0.2%","25","0.1%","29","0.1%","43","0.2%","77","0.2%","33","0.1%","23","0.1%","220","0.3%","68","0.2%","78","0.3%","26","0.2%","9","0.2%","7","0.2%","9","0.5%","6","0.6%","6","0.4%","11","0.7%","10","0.3%","12","0.2%","25","0.8%","28","0.3%","2","0.1%","7","0.1%","69","0.2%","13","0.8%","8","0.2%","22","0.2%","17","0.8%","26","0.6%","30","1.1%","7","0.1%","71","0.2%","3","0.2%","31","0.9%","36","0.2%","24","0.2%","39","0.4%","0","-","6","0.2%","31","0.2%","30","0.2%","11","0.2%","15","0.2%","27","0.3%","29","0.2%","17","0.3%","14","0.2%","19","0.3%","11","0.3%","141","0.3%","31","0.3%","19","0.2%","21","0.3%","0","-","25","0.1%","9","0.2%","18","0.3%","90","0.3%","48","0.2%","22","0.2%","67","0.2%","70","0.3%","183","0.3%","31","0.2%","145","0.2%","12","0.2%","119","0.2%","45","0.1%","357","0.3%","30","0.2%","45","0.2%","36","0.3%","10","0.1%","12","0.1%","30","0.2%","51","0.3%","107","0.2%","164","0.1%","127","0.2%","28","0.2%","36","0.4%","0","-","8","0.3%","33","0.2%","46","0.2%","7","0.4%","22","0.2%","93","0.2%","17","0.2%","24","0.2%","10","0.2%","13","0.6%","31","0.2%","74","0.3%","9","0.2%","76","0.2%","21","0.3%","4","0.1%","10","0.2%","7","0.2%","39","0.2%","8","0.3%","40","0.2%","20","0.6%","16","0.3%","9","0.2%","31","0.3%","27","0.2%","19","0.2%","43","0.2%","19","0.2%","12","0.1%","28","0.2%","4","0.5%","73","0.2%","9","0.2%","19","0.5%","22","0.3%","7","0.1%","8","0.4%","6","0.4%","5","0.3%","35","0.2%","34","0.2%","7","0.2%","23","0.2%","7","0.4%","6","0.2%","18","0.2%","38","0.2%","16","0.2%"
"Opposite-sex unmarried partner","0","-","439","2.2%","4,085","2.7%","328","1.9%","2,279","2.6%","115","0.5%","97","1.3%","769","1.3%","772","1.2%","263","1.4%","125","0.6%","215","1.6%","469","1.7%","2,472","2.7%","146","1.7%","269","1.1%","953","2.3%","53","1.5%","3,596","2.7%","1,235","2.4%","409","1.1%","93","0.9%","271","1.0%","154","0.8%","285","1.5%","441","2.2%","534","2.5%","2,109","3.5%","192","2.0%","220","2.2%","110","2.1%","1,546","3.0%","417","3.7%","1,402","3.3%","522","2.0%","598","1.7%","217","2.0%","3,852","3.2%","53","2.8%","2,025","3.4%","150","2.4%","2,780","3.7%","741","2.4%","646","3.7%","447","2.1%","394","1.6%","1,013","2.3%","437","1.6%","297","1.9%","1,303","2.0%","602","2.2%","697","2.4%","416","3.3%","100","2.7%","98","2.9%","38","2.3%","28","2.6%","37","2.7%","42","2.7%","64","2.0%","127","2.3%","78","2.6%","194","2.4%","50","2.2%","174","2.6%","737","2.6%","49","3.1%","130","4.0%","455","3.9%","45","2.0%","89","2.1%","70","2.6%","214","2.9%","1,303","3.7%","36","2.7%","96","2.6%","465","2.1%","415","4.1%","220","2.3%","0","-","103","2.7%","367","2.8%","381","2.7%","152","3.4%","137","1.9%","256","2.9%","354","2.8%","173","2.6%","205","2.4%","137","2.2%","97","2.3%","1,713","3.6%","225","2.1%","257","2.7%","190","2.8%","0","-","633","3.3%","153","2.6%","85","1.6%","879","3.1%","416","1.4%","398","3.2%","886","3.2%","368","1.7%","1,359","2.2%","225","1.3%","2,007","3.3%","116","1.5%","1,442","2.8%","1,003","3.2%","3,877","2.9%","327","2.4%","476","2.0%","146","1.0%","263","2.1%","177","1.9%","494","2.9%","308","1.5%","1,164","2.6%","3,706","3.2%","1,443","2.6%","380","2.4%","82","0.9%","0","-","70","2.9%","454","2.9%","412","2.2%","47","2.5%","390","3.4%","1,147","3.0%","228","3.2%","412","2.7%","119","2.8%","54","2.3%","594","3.2%","968","3.5%","130","2.5%","1,545","3.9%","134","1.8%","143","3.0%","111","2.6%","106","3.6%","510","2.8%","99","3.9%","525","2.7%","89","2.8%","99","2.0%","143","2.7%","349","2.9%","438","2.7%","223","2.5%","295","1.1%","188","1.8%","430","3.7%","289","2.0%","19","2.4%","1,293","4.3%","191","3.4%","152","3.6%","255","3.0%","128","2.5%","83","3.9%","50","3.0%","52","3.0%","739","4.2%","640","4.3%","90","2.1%","400","4.3%","52","3.3%","160","4.5%","335","3.6%","822","3.4%","236","2.9%"
"Same-sex unmarried partner","0","-","11","0.1%","181","0.1%","12","0.1%","92","0.1%","9","0.0%","11","0.1%","53","0.1%","42","0.1%","6","0.0%","10","0.0%","9","0.1%","24","0.1%","143","0.2%","22","0.3%","19","0.1%","56","0.1%","8","0.2%","161","0.1%","62","0.1%","15","0.0%","8","0.1%","28","0.1%","11","0.1%","13","0.1%","23","0.1%","43","0.2%","102","0.2%","8","0.1%","16","0.2%","10","0.2%","49","0.1%","12","0.1%","61","0.1%","28","0.1%","40","0.1%","11","0.1%","235","0.2%","0","0.0%","119","0.2%","4","0.1%","144","0.2%","19","0.1%","27","0.2%","18","0.1%","18","0.1%","40","0.1%","17","0.1%","16","0.1%","95","0.1%","25","0.1%","32","0.1%","30","0.2%","2","0.1%","3","0.1%","10","0.6%","0","0.0%","0","0.0%","8","0.5%","3","0.1%","2","0.0%","9","0.3%","9","0.1%","3","0.1%","6","0.1%","45","0.2%","1","0.1%","3","0.1%","17","0.1%","11","0.5%","7","0.2%","5","0.2%","8","0.1%","54","0.2%","8","0.6%","9","0.2%","22","0.1%","20","0.2%","22","0.2%","0","-","6","0.2%","25","0.2%","21","0.1%","4","0.1%","4","0.1%","18","0.2%","15","0.1%","8","0.1%","5","0.1%","7","0.1%","3","0.1%","141","0.3%","7","0.1%","12","0.1%","12","0.2%","0","-","32","0.2%","9","0.2%","1","0.0%","48","0.2%","27","0.1%","19","0.2%","57","0.2%","26","0.1%","81","0.1%","12","0.1%","101","0.2%","7","0.1%","85","0.2%","29","0.1%","325","0.2%","14","0.1%","21","0.1%","11","0.1%","10","0.1%","6","0.1%","23","0.1%","18","0.1%","76","0.2%","197","0.2%","84","0.2%","15","0.1%","9","0.1%","0","-","6","0.2%","19","0.1%","19","0.1%","3","0.2%","17","0.1%","60","0.2%","6","0.1%","15","0.1%","7","0.2%","11","0.5%","25","0.1%","49","0.2%","4","0.1%","104","0.3%","9","0.1%","2","0.0%","4","0.1%","2","0.1%","31","0.2%","7","0.3%","12","0.1%","5","0.2%","4","0.1%","3","0.1%","16","0.1%","20","0.1%","9","0.1%","17","0.1%","12","0.1%","16","0.1%","16","0.1%","3","0.4%","54","0.2%","4","0.1%","8","0.2%","5","0.1%","8","0.2%","3","0.1%","1","0.1%","2","0.1%","24","0.1%","16","0.1%","3","0.1%","14","0.2%","2","0.1%","5","0.1%","9","0.1%","33","0.1%","1","0.0%"
"Child [2]","0","-","6,250","30.7%","46,955","31.6%","5,368","30.6%","24,634","28.5%","8,840","41.1%","2,612","34.3%","19,159","31.1%","21,596","34.0%","6,321","33.6%","7,960","38.6%","4,398","32.4%","8,590","31.6%","25,511","28.0%","2,649","30.2%","8,724","34.8%","11,234","27.5%","969","27.5%","36,348","26.8%","15,717","30.0%","12,714","34.5%","3,878","37.5%","9,653","35.6%","6,783","36.7%","5,876","31.0%","5,679","28.1%","5,173","24.0%","16,668","27.4%","2,959","31.1%","2,885","28.5%","1,552","29.8%","15,595","30.6%","2,596","23.2%","10,713","25.4%","7,507","28.1%","10,764","30.6%","3,225","29.6%","36,401","30.1%","514","27.0%","16,167","27.1%","1,792","29.2%","21,783","29.4%","8,342","27.3%","4,534","25.9%","5,528","26.5%","7,692","31.4%","12,510","28.8%","8,406","31.2%","4,027","25.6%","18,155","28.3%","7,820","28.6%","8,501","28.8%","3,230","25.6%","968","26.5%","829","24.5%","367","22.1%","259","24.0%","303","22.3%","334","21.3%","800","25.4%","1,533","28.0%","611","20.2%","1,927","23.5%","589","26.1%","1,822","27.4%","8,206","29.2%","363","22.9%","772","24.0%","3,023","25.9%","551","24.4%","860","20.5%","512","19.1%","2,013","27.0%","8,921","25.1%","317","23.5%","870","23.9%","6,257","28.3%","2,440","23.9%","2,442","25.1%","0","-","820","21.9%","3,328","25.2%","3,806","26.8%","1,092","24.7%","2,147","30.0%","2,240","25.2%","3,519","27.7%","1,392","20.7%","2,409","28.5%","1,693","27.4%","1,137","27.0%","10,591","22.2%","2,360","22.5%","2,584","27.5%","1,431","21.1%","0","-","5,781","30.6%","1,625","27.1%","1,626","30.7%","6,568","23.2%","8,430","29.3%","3,373","27.4%","7,268","26.0%","6,360","28.8%","15,098","24.7%","5,187","29.3%","18,135","29.8%","2,312","30.5%","13,265","25.5%","9,363","29.7%","36,168","27.0%","3,796","28.0%","6,880","28.4%","4,478","31.4%","3,628","28.6%","2,737","29.1%","4,734","28.3%","4,965","25.0%","11,703","26.4%","37,012","32.4%","14,933","26.9%","4,709","29.2%","2,929","32.2%","0","-","589","24.2%","4,543","29.2%","4,525","24.2%","502","26.9%","3,091","27.1%","9,138","23.8%","1,950","27.3%","4,568","29.6%","1,171","27.9%","549","23.3%","4,541","24.7%","6,551","23.9%","1,376","26.7%","10,873","27.1%","1,922","25.2%","1,246","26.0%","1,230","29.2%","823","27.7%","4,225","23.0%","655","25.5%","5,001","25.6%","868","27.5%","1,363","28.1%","1,373","26.0%","3,390","27.7%","4,815","29.3%","2,783","30.6%","3,173","12.3%","2,693","26.3%","2,957","25.8%","4,524","31.1%","174","22.2%","7,145","23.6%","1,244","22.3%","1,076","25.7%","2,269","26.9%","1,396","27.7%","536","24.9%","385","23.3%","372","21.5%","4,539","25.6%","4,244","28.3%","1,108","26.0%","2,405","26.1%","421","26.7%","1,003","28.0%","2,308","25.1%","6,108","25.0%","2,343","28.5%"
"Under 18 years","0","-","4,086","20.1%","29,216","19.7%","3,427","19.6%","16,092","18.6%","6,698","31.2%","1,722","22.6%","13,246","21.5%","14,920","23.5%","4,020","21.4%","5,882","28.5%","2,618","19.3%","5,540","20.4%","16,341","17.9%","1,761","20.1%","6,184","24.7%","6,489","15.9%","558","15.8%","23,867","17.6%","9,006","17.2%","8,533","23.2%","2,804","27.1%","6,996","25.8%","4,894","26.4%","4,240","22.4%","3,447","17.1%","2,514","11.7%","10,833","17.8%","1,977","20.8%","2,036","20.1%","1,092","20.9%","9,748","19.1%","1,615","14.4%","6,739","16.0%","5,296","19.8%","7,398","21.0%","2,234","20.5%","23,438","19.4%","315","16.6%","10,892","18.2%","1,172","19.1%","14,419","19.4%","5,103","16.7%","2,742","15.6%","3,733","17.9%","5,483","22.4%","8,155","18.7%","5,836","21.7%","2,701","17.1%","12,552","19.6%","4,977","18.2%","4,788","16.2%","1,998","15.8%","629","17.2%","471","13.9%","177","10.6%","167","15.5%","180","13.2%","191","12.2%","490","15.6%","1,043","19.0%","417","13.8%","1,232","15.0%","341","15.1%","1,169","17.6%","5,249","18.7%","224","14.1%","497","15.5%","1,819","15.6%","316","14.0%","563","13.4%","307","11.5%","1,210","16.3%","5,791","16.3%","220","16.3%","538","14.8%","3,748","17.0%","1,472","14.4%","1,447","14.9%","0","-","499","13.3%","2,039","15.5%","2,531","17.8%","686","15.5%","1,362","19.0%","1,463","16.5%","2,373","18.7%","868","12.9%","1,599","18.9%","1,042","16.9%","675","16.0%","6,821","14.3%","1,365","13.0%","1,728","18.4%","802","11.8%","0","-","3,425","18.1%","1,001","16.7%","980","18.5%","3,701","13.1%","5,584","19.4%","2,005","16.3%","3,902","14.0%","4,214","19.1%","9,129","14.9%","3,327","18.8%","11,717","19.3%","1,547","20.4%","7,648","14.7%","5,905","18.7%","24,899","18.6%","2,174","16.1%","4,075","16.8%","2,870","20.1%","2,311","18.2%","1,669","17.8%","2,927","17.5%","3,130","15.7%","7,172","16.2%","24,600","21.5%","8,932","16.1%","2,718","16.8%","2,011","22.1%","0","-","338","13.9%","3,063","19.7%","3,053","16.3%","300","16.1%","2,088","18.3%","6,505","16.9%","1,227","17.2%","3,149","20.4%","731","17.4%","319","13.6%","2,886","15.7%","4,483","16.4%","919","17.8%","7,360","18.3%","1,263","16.6%","804","16.8%","803","19.1%","557","18.8%","2,725","14.9%","432","16.8%","3,244","16.6%","512","16.2%","891","18.3%","844","16.0%","2,268","18.5%","3,360","20.5%","1,731","19.0%","2,124","8.2%","1,733","16.9%","1,972","17.2%","3,060","21.0%","115","14.6%","4,760","15.8%","774","13.9%","687","16.4%","1,537","18.2%","874","17.3%","351","16.3%","265","16.1%","233","13.5%","3,048","17.2%","2,842","19.0%","759","17.8%","1,607","17.4%","264","16.8%","659","18.4%","1,411","15.4%","4,105","16.8%","1,636","19.9%"
"Grandchild","0","-","315","1.5%","4,517","3.0%","238","1.4%","1,564","1.8%","84","0.4%","67","0.9%","525","0.9%","536","0.8%","230","1.2%","108","0.5%","199","1.5%","275","1.0%","1,653","1.8%","74","0.8%","150","0.6%","617","1.5%","36","1.0%","2,053","1.5%","1,330","2.5%","452","1.2%","58","0.6%","111","0.4%","126","0.7%","78","0.4%","262","1.3%","785","3.6%","1,031","1.7%","102","1.1%","72","0.7%","43","0.8%","1,405","2.8%","177","1.6%","754","1.8%","200","0.7%","272","0.8%","81","0.7%","4,034","3.3%","23","1.2%","995","1.7%","66","1.1%","1,730","2.3%","412","1.3%","258","1.5%","190","0.9%","111","0.5%","576","1.3%","293","1.1%","163","1.0%","597","0.9%","357","1.3%","823","2.8%","204","1.6%","42","1.2%","50","1.5%","29","1.7%","6","0.6%","14","1.0%","17","1.1%","50","1.6%","66","1.2%","27","0.9%","78","1.0%","40","1.8%","56","0.8%","418","1.5%","23","1.4%","50","1.6%","187","1.6%","16","0.7%","38","0.9%","16","0.6%","143","1.9%","639","1.8%","18","1.3%","33","0.9%","362","1.6%","188","1.8%","93","1.0%","0","-","47","1.3%","192","1.5%","158","1.1%","37","0.8%","83","1.2%","123","1.4%","134","1.1%","62","0.9%","114","1.3%","49","0.8%","52","1.2%","689","1.4%","109","1.0%","99","1.1%","85","1.3%","0","-","484","2.6%","107","1.8%","45","0.8%","344","1.2%","242","0.8%","260","2.1%","727","2.6%","209","0.9%","1,200","2.0%","134","0.8%","1,432","2.4%","75","1.0%","841","1.6%","628","2.0%","3,359","2.5%","298","2.2%","424","1.7%","160","1.1%","206","1.6%","139","1.5%","288","1.7%","193","1.0%","649","1.5%","3,031","2.6%","1,330","2.4%","288","1.8%","75","0.8%","0","-","45","1.9%","184","1.2%","194","1.0%","23","1.2%","239","2.1%","505","1.3%","141","2.0%","313","2.0%","82","2.0%","7","0.3%","386","2.1%","516","1.9%","89","1.7%","780","1.9%","73","1.0%","70","1.5%","60","1.4%","61","2.1%","264","1.4%","52","2.0%","283","1.4%","40","1.3%","63","1.3%","94","1.8%","165","1.3%","168","1.0%","93","1.0%","99","0.4%","113","1.1%","191","1.7%","127","0.9%","13","1.7%","409","1.4%","73","1.3%","81","1.9%","151","1.8%","120","2.4%","51","2.4%","31","1.9%","32","1.9%","381","2.1%","313","2.1%","54","1.3%","167","1.8%","27","1.7%","68","1.9%","201","2.2%","511","2.1%","117","1.4%"
"Grandchild Under 18 years","0","-","220","1.1%","3,494","2.4%","176","1.0%","1,232","1.4%","68","0.3%","48","0.6%","367","0.6%","392","0.6%","164","0.9%","86","0.4%","160","1.2%","215","0.8%","1,208","1.3%","57","0.7%","115","0.5%","444","1.1%","29","0.8%","1,570","1.2%","941","1.8%","326","0.9%","43","0.4%","82","0.3%","107","0.6%","57","0.3%","188","0.9%","542","2.5%","772","1.3%","73","0.8%","60","0.6%","37","0.7%","1,062","2.1%","127","1.1%","558","1.3%","150","0.6%","206","0.6%","67","0.6%","2,954","2.4%","21","1.1%","746","1.2%","50","0.8%","1,372","1.9%","280","0.9%","177","1.0%","140","0.7%","85","0.3%","389","0.9%","228","0.8%","105","0.7%","462","0.7%","257","0.9%","598","2.0%","152","1.2%","26","0.7%","38","1.1%","17","1.0%","4","0.4%","9","0.7%","12","0.8%","39","1.2%","52","0.9%","17","0.6%","55","0.7%","26","1.2%","41","0.6%","322","1.1%","22","1.4%","32","1.0%","135","1.2%","8","0.4%","33","0.8%","13","0.5%","104","1.4%","477","1.3%","14","1.0%","20","0.5%","282","1.3%","131","1.3%","69","0.7%","0","-","35","0.9%","142","1.1%","112","0.8%","24","0.5%","58","0.8%","73","0.8%","101","0.8%","44","0.7%","62","0.7%","34","0.6%","42","1.0%","466","1.0%","68","0.6%","67","0.7%","66","1.0%","0","-","367","1.9%","68","1.1%","35","0.7%","241","0.9%","172","0.6%","194","1.6%","498","1.8%","163","0.7%","920","1.5%","95","0.5%","1,088","1.8%","53","0.7%","604","1.2%","449","1.4%","2,504","1.9%","213","1.6%","301","1.2%","118","0.8%","141","1.1%","95","1.0%","214","1.3%","148","0.7%","471","1.1%","2,340","2.0%","963","1.7%","227","1.4%","59","0.6%","0","-","29","1.2%","125","0.8%","128","0.7%","16","0.9%","187","1.6%","359","0.9%","92","1.3%","230","1.5%","60","1.4%","6","0.3%","301","1.6%","380","1.4%","61","1.2%","581","1.4%","59","0.8%","53","1.1%","51","1.2%","49","1.7%","200","1.1%","35","1.4%","192","1.0%","29","0.9%","38","0.8%","69","1.3%","126","1.0%","121","0.7%","70","0.8%","65","0.3%","78","0.8%","140","1.2%","104","0.7%","10","1.3%","316","1.0%","58","1.0%","54","1.3%","106","1.3%","95","1.9%","28","1.3%","17","1.0%","28","1.6%","296","1.7%","235","1.6%","35","0.8%","125","1.4%","18","1.1%","49","1.4%","155","1.7%","358","1.5%","90","1.1%"
"Other relatives","0","-","748","3.7%","11,191","7.5%","629","3.6%","5,404","6.2%","336","1.6%","234","3.1%","1,563","2.5%","1,788","2.8%","579","3.1%","343","1.7%","392","2.9%","693","2.6%","5,517","6.1%","208","2.4%","459","1.8%","1,678","4.1%","95","2.7%","8,105","6.0%","2,679","5.1%","1,323","3.6%","229","2.2%","471","1.7%","306","1.7%","344","1.8%","638","3.2%","1,198","5.6%","2,282","3.8%","222","2.3%","207","2.0%","150","2.9%","3,183","6.2%","320","2.9%","1,433","3.4%","692","2.6%","788","2.2%","219","2.0%","7,819","6.5%","46","2.4%","2,675","4.5%","160","2.6%","4,287","5.8%","1,268","4.2%","659","3.8%","725","3.5%","406","1.7%","1,323","3.0%","873","3.2%","356","2.3%","1,788","2.8%","988","3.6%","1,376","4.7%","508","4.0%","114","3.1%","109","3.2%","34","2.0%","34","3.1%","33","2.4%","28","1.8%","70","2.2%","134","2.4%","75","2.5%","191","2.3%","82","3.6%","160","2.4%","1,002","3.6%","49","3.1%","76","2.4%","405","3.5%","38","1.7%","87","2.1%","58","2.2%","206","2.8%","1,355","3.8%","31","2.3%","104","2.9%","944","4.3%","325","3.2%","284","2.9%","0","-","95","2.5%","378","2.9%","399","2.8%","98","2.2%","166","2.3%","191","2.2%","291","2.3%","142","2.1%","175","2.1%","165","2.7%","100","2.4%","1,597","3.3%","265","2.5%","213","2.3%","204","3.0%","0","-","1,041","5.5%","203","3.4%","167","3.2%","919","3.3%","739","2.6%","592","4.8%","1,507","5.4%","520","2.4%","2,507","4.1%","329","1.9%","2,976","4.9%","254","3.4%","1,844","3.5%","1,406","4.5%","6,733","5.0%","527","3.9%","988","4.1%","519","3.6%","466","3.7%","356","3.8%","658","3.9%","456","2.3%","1,487","3.3%","7,021","6.1%","3,174","5.7%","702","4.3%","285","3.1%","0","-","67","2.8%","370","2.4%","430","2.3%","68","3.7%","445","3.9%","1,119","2.9%","189","2.6%","484","3.1%","125","3.0%","52","2.2%","676","3.7%","1,319","4.8%","159","3.1%","2,301","5.7%","197","2.6%","187","3.9%","128","3.0%","127","4.3%","454","2.5%","111","4.3%","627","3.2%","80","2.5%","125","2.6%","137","2.6%","326","2.7%","350","2.1%","203","2.2%","302","1.2%","243","2.4%","354","3.1%","334","2.3%","13","1.7%","1,066","3.5%","134","2.4%","118","2.8%","266","3.1%","165","3.3%","76","3.5%","50","3.0%","59","3.4%","688","3.9%","542","3.6%","98","2.3%","313","3.4%","62","3.9%","84","2.3%","272","3.0%","1,201","4.9%","207","2.5%"
"Nonrelatives","0","-","391","1.9%","6,550","4.4%","301","1.7%","3,348","3.9%","244","1.1%","137","1.8%","1,083","1.8%","1,351","2.1%","267","1.4%","256","1.2%","196","1.4%","401","1.5%","3,557","3.9%","134","1.5%","261","1.0%","722","1.8%","47","1.3%","6,262","4.6%","1,196","2.3%","488","1.3%","152","1.5%","472","1.7%","203","1.1%","209","1.1%","249","1.2%","599","2.8%","1,708","2.8%","114","1.2%","132","1.3%","72","1.4%","1,740","3.4%","299","2.7%","1,028","2.4%","545","2.0%","495","1.4%","143","1.3%","4,758","3.9%","28","1.5%","2,038","3.4%","103","1.7%","2,810","3.8%","527","1.7%","402","2.3%","326","1.6%","251","1.0%","560","1.3%","338","1.3%","221","1.4%","1,769","2.8%","413","1.5%","650","2.2%","317","2.5%","67","1.8%","87","2.6%","36","2.2%","31","2.9%","30","2.2%","42","2.7%","48","1.5%","65","1.2%","53","1.8%","196","2.4%","35","1.6%","114","1.7%","665","2.4%","28","1.8%","130","4.0%","316","2.7%","29","1.3%","69","1.6%","49","1.8%","157","2.1%","981","2.8%","17","1.3%","101","2.8%","419","1.9%","312","3.1%","223","2.3%","0","-","64","1.7%","273","2.1%","266","1.9%","96","2.2%","105","1.5%","149","1.7%","248","2.0%","99","1.5%","164","1.9%","92","1.5%","73","1.7%","1,363","2.9%","263","2.5%","170","1.8%","224","3.3%","0","-","453","2.4%","111","1.9%","85","1.6%","569","2.0%","351","1.2%","310","2.5%","833","3.0%","340","1.5%","1,902","3.1%","201","1.1%","1,782","2.9%","111","1.5%","1,128","2.2%","779","2.5%","7,680","5.7%","251","1.9%","452","1.9%","191","1.3%","195","1.5%","133","1.4%","345","2.1%","273","1.4%","813","1.8%","3,433","3.0%","2,306","4.1%","283","1.8%","105","1.2%","0","-","65","2.7%","281","1.8%","314","1.7%","37","2.0%","292","2.6%","1,238","3.2%","193","2.7%","396","2.6%","90","2.1%","41","1.7%","467","2.5%","1,169","4.3%","109","2.1%","1,707","4.3%","128","1.7%","131","2.7%","93","2.2%","86","2.9%","410","2.2%","44","1.7%","492","2.5%","56","1.8%","91","1.9%","110","2.1%","295","2.4%","243","1.5%","118","1.3%","1,889","7.3%","113","1.1%","285","2.5%","222","1.5%","9","1.1%","853","2.8%","330","5.9%","98","2.3%","186","2.2%","121","2.4%","61","2.8%","54","3.3%","70","4.1%","618","3.5%","449","3.0%","55","1.3%","285","3.1%","48","3.0%","97","2.7%","237","2.6%","1,347","5.5%","180","2.2%"
"In group quarters","0","-","273","1.3%","4,150","2.8%","117","0.7%","2,674","3.1%","55","0.3%","9","0.1%","4,940","8.0%","544","0.9%","61","0.3%","95","0.5%","14","0.1%","774","2.8%","557","0.6%","69","0.8%","250","1.0%","568","1.4%","0","0.0%","2,313","1.7%","207","0.4%","406","1.1%","6","0.1%","106","0.4%","327","1.8%","335","1.8%","80","0.4%","561","2.6%","751","1.2%","13","0.1%","105","1.0%","4","0.1%","506","1.0%","246","2.2%","2,475","5.9%","417","1.6%","420","1.2%","108","1.0%","6,722","5.6%","3","0.2%","866","1.5%","108","1.8%","3,019","4.1%","425","1.4%","156","0.9%","553","2.7%","259","1.1%","488","1.1%","78","0.3%","2,061","13.1%","2,004","3.1%","66","0.2%","539","1.8%","56","0.4%","11","0.3%","62","1.8%","11","0.7%","0","0.0%","28","2.1%","0","0.0%","13","0.4%","18","0.3%","241","8.0%","327","4.0%","0","0.0%","52","0.8%","219","0.8%","0","0.0%","112","3.5%","94","0.8%","6","0.3%","504","12.0%","102","3.8%","16","0.2%","690","1.9%","0","0.0%","133","3.6%","271","1.2%","61","0.6%","23","0.2%","0","-","133","3.5%","222","1.7%","405","2.8%","44","1.0%","56","0.8%","106","1.2%","88","0.7%","259","3.8%","100","1.2%","0","0.0%","4","0.1%","4,444","9.3%","229","2.2%","116","1.2%","270","4.0%","0","-","23","0.1%","0","0.0%","10","0.2%","403","1.4%","2,206","7.7%","57","0.5%","239","0.9%","226","1.0%","5,225","8.5%","187","1.1%","842","1.4%","61","0.8%","558","1.1%","261","0.8%","10,651","7.9%","64","0.5%","92","0.4%","79","0.6%","13","0.1%","18","0.2%","125","0.7%","639","3.2%","1,592","3.6%","1,710","1.5%","3,233","5.8%","164","1.0%","101","1.1%","0","-","33","1.4%","204","1.3%","967","5.2%","11","0.6%","62","0.5%","2,250","5.9%","62","0.9%","31","0.2%","6","0.1%","20","0.9%","1,414","7.7%","3,169","11.6%","22","0.4%","449","1.1%","18","0.2%","0","0.0%","13","0.3%","0","0.0%","518","2.8%","0","0.0%","393","2.0%","5","0.2%","6","0.1%","44","0.8%","46","0.4%","56","0.3%","36","0.4%","11,511","44.5%","1,311","12.8%","175","1.5%","138","0.9%","0","0.0%","356","1.2%","39","0.7%","44","1.0%","514","6.1%","16","0.3%","0","0.0%","0","0.0%","0","0.0%","387","2.2%","146","1.0%","374","8.8%","148","1.6%","8","0.5%","0","0.0%","62","0.7%","2,697","11.0%","53","0.6%"
"Institutionalized population:","0","-","170","0.8%","1,330","0.9%","82","0.5%","1,508","1.7%","0","0.0%","0","0.0%","413","0.7%","311","0.5%","0","0.0%","36","0.2%","0","0.0%","723","2.7%","227","0.2%","60","0.7%","100","0.4%","360","0.9%","0","0.0%","670","0.5%","114","0.2%","327","0.9%","0","0.0%","44","0.2%","304","1.6%","171","0.9%","49","0.2%","342","1.6%","541","0.9%","0","0.0%","94","0.9%","0","0.0%","319","0.6%","202","1.8%","2,336","5.5%","176","0.7%","261","0.7%","84","0.8%","1,798","1.5%","0","0.0%","530","0.9%","99","1.6%","545","0.7%","331","1.1%","130","0.7%","416","2.0%","179","0.7%","399","0.9%","6","0.0%","2,015","12.8%","794","1.2%","1","0.0%","293","1.0%","31","0.2%","0","0.0%","0","0.0%","0","0.0%","0","0.0%","0","0.0%","0","0.0%","0","0.0%","0","0.0%","36","1.2%","71","0.9%","0","0.0%","0","0.0%","169","0.6%","0","0.0%","96","3.0%","55","0.5%","0","0.0%","220","5.2%","62","2.3%","4","0.1%","382","1.1%","0","0.0%","22","0.6%","131","0.6%","26","0.3%","0","0.0%","0","-","81","2.2%","14","0.1%","220","1.5%","0","0.0%","46","0.6%","63","0.7%","72","0.6%","31","0.5%","90","1.1%","0","0.0%","0","0.0%","962","2.0%","176","1.7%","55","0.6%","57","0.8%","0","-","0","0.0%","0","0.0%","0","0.0%","304","1.1%","1,556","5.4%","5","0.0%","195","0.7%","126","0.6%","576","0.9%","104","0.6%","592","1.0%","50","0.7%","404","0.8%","216","0.7%","1,428","1.1%","35","0.3%","34","0.1%","52","0.4%","0","0.0%","0","0.0%","104","0.6%","628","3.2%","981","2.2%","879","0.8%","254","0.5%","92","0.6%","91","1.0%","0","-","0","0.0%","160","1.0%","947","5.1%","0","0.0%","0","0.0%","416","1.1%","0","0.0%","1","0.0%","0","0.0%","0","0.0%","1,256","6.8%","221","0.8%","13","0.3%","171","0.4%","0","0.0%","0","0.0%","0","0.0%","0","0.0%","471","2.6%","0","0.0%","283","1.4%","0","0.0%","0","0.0%","0","0.0%","10","0.1%","26","0.2%","6","0.1%","117","0.5%","1,300","12.7%","167","1.5%","121","0.8%","0","0.0%","233","0.8%","0","0.0%","18","0.4%","472","5.6%","0","0.0%","0","0.0%","0","0.0%","0","0.0%","247","1.4%","129","0.9%","1","0.0%","128","1.4%","0","0.0%","0","0.0%","2","0.0%","338","1.4%","0","0.0%"
"Institutionalized population Male","0","-","53","0.3%","957","0.6%","19","0.1%","900","1.0%","0","0.0%","0","0.0%","158","0.3%","77","0.1%","0","0.0%","12","0.1%","0","0.0%","615","2.3%","82","0.1%","26","0.3%","36","0.1%","107","0.3%","0","0.0%","207","0.2%","32","0.1%","107","0.3%","0","0.0%","24","0.1%","67","0.4%","46","0.2%","15","0.1%","146","0.7%","200","0.3%","0","0.0%","43","0.4%","0","0.0%","129","0.3%","107","1.0%","2,196","5.2%","84","0.3%","84","0.2%","24","0.2%","1,421","1.2%","0","0.0%","240","0.4%","28","0.5%","212","0.3%","106","0.3%","36","0.2%","246","1.2%","49","0.2%","110","0.3%","6","0.0%","1,933","12.3%","299","0.5%","1","0.0%","116","0.4%","7","0.1%","0","0.0%","0","0.0%","0","0.0%","0","0.0%","0","0.0%","0","0.0%","0","0.0%","0","0.0%","22","0.7%","11","0.1%","0","0.0%","0","0.0%","52","0.2%","0","0.0%","26","0.8%","16","0.1%","0","0.0%","93","2.2%","23","0.9%","1","0.0%","152","0.4%","0","0.0%","16","0.4%","28","0.1%","13","0.1%","0","0.0%","0","-","21","0.6%","1","0.0%","89","0.6%","0","0.0%","23","0.3%","17","0.2%","35","0.3%","10","0.1%","33","0.4%","0","0.0%","0","0.0%","406","0.9%","62","0.6%","19","0.2%","22","0.3%","0","-","0","0.0%","0","0.0%","0","0.0%","117","0.4%","1,466","5.1%","4","0.0%","72","0.3%","42","0.2%","185","0.3%","38","0.2%","238","0.4%","6","0.1%","153","0.3%","63","0.2%","1,159","0.9%","6","0.0%","14","0.1%","21","0.1%","0","0.0%","0","0.0%","32","0.2%","181","0.9%","339","0.8%","509","0.4%","111","0.2%","43","0.3%","34","0.4%","0","-","0","0.0%","47","0.3%","60","0.3%","0","0.0%","0","0.0%","193","0.5%","0","0.0%","1","0.0%","0","0.0%","0","0.0%","1,171","6.4%","109","0.4%","6","0.1%","55","0.1%","0","0.0%","0","0.0%","0","0.0%","0","0.0%","178","1.0%","0","0.0%","107","0.5%","0","0.0%","0","0.0%","0","0.0%","9","0.1%","14","0.1%","2","0.0%","33","0.1%","1,291","12.6%","57","0.5%","36","0.2%","0","0.0%","71","0.2%","0","0.0%","2","0.0%","422","5.0%","0","0.0%","0","0.0%","0","0.0%","0","0.0%","82","0.5%","28","0.2%","0","0.0%","30","0.3%","0","0.0%","0","0.0%","2","0.0%","98","0.4%","0","0.0%"
"Institutionalized population Female","0","-","117","0.6%","373","0.3%","63","0.4%","608","0.7%","0","0.0%","0","0.0%","255","0.4%","234","0.4%","0","0.0%","24","0.1%","0","0.0%","108","0.4%","145","0.2%","34","0.4%","64","0.3%","253","0.6%","0","0.0%","463","0.3%","82","0.2%","220","0.6%","0","0.0%","20","0.1%","237","1.3%","125","0.7%","34","0.2%","196","0.9%","341","0.6%","0","0.0%","51","0.5%","0","0.0%","190","0.4%","95","0.8%","140","0.3%","92","0.3%","177","0.5%","60","0.6%","377","0.3%","0","0.0%","290","0.5%","71","1.2%","333","0.4%","225","0.7%","94","0.5%","170","0.8%","130","0.5%","289","0.7%","0","0.0%","82","0.5%","495","0.8%","0","0.0%","177","0.6%","24","0.2%","0","0.0%","0","0.0%","0","0.0%","0","0.0%","0","0.0%","0","0.0%","0","0.0%","0","0.0%","14","0.5%","60","0.7%","0","0.0%","0","0.0%","117","0.4%","0","0.0%","70","2.2%","39","0.3%","0","0.0%","127","3.0%","39","1.5%","3","0.0%","230","0.6%","0","0.0%","6","0.2%","103","0.5%","13","0.1%","0","0.0%","0","-","60","1.6%","13","0.1%","131","0.9%","0","0.0%","23","0.3%","46","0.5%","37","0.3%","21","0.3%","57","0.7%","0","0.0%","0","0.0%","556","1.2%","114","1.1%","36","0.4%","35","0.5%","0","-","0","0.0%","0","0.0%","0","0.0%","187","0.7%","90","0.3%","1","0.0%","123","0.4%","84","0.4%","391","0.6%","66","0.4%","354","0.6%","44","0.6%","251","0.5%","153","0.5%","269","0.2%","29","0.2%","20","0.1%","31","0.2%","0","0.0%","0","0.0%","72","0.4%","447","2.2%","642","1.4%","370","0.3%","143","0.3%","49","0.3%","57","0.6%","0","-","0","0.0%","113","0.7%","887","4.7%","0","0.0%","0","0.0%","223","0.6%","0","0.0%","0","0.0%","0","0.0%","0","0.0%","85","0.5%","112","0.4%","7","0.1%","116","0.3%","0","0.0%","0","0.0%","0","0.0%","0","0.0%","293","1.6%","0","0.0%","176","0.9%","0","0.0%","0","0.0%","0","0.0%","1","0.0%","12","0.1%","4","0.0%","84","0.3%","9","0.1%","110","1.0%","85","0.6%","0","0.0%","162","0.5%","0","0.0%","16","0.4%","50","0.6%","0","0.0%","0","0.0%","0","0.0%","0","0.0%","165","0.9%","101","0.7%","1","0.0%","98","1.1%","0","0.0%","0","0.0%","0","0.0%","240","1.0%","0","0.0%"
"Noninstitutionalized population:","0","-","103","0.5%","2,820","1.9%","35","0.2%","1,166","1.3%","55","0.3%","9","0.1%","4,527","7.4%","233","0.4%","61","0.3%","59","0.3%","14","0.1%","51","0.2%","330","0.4%","9","0.1%","150","0.6%","208","0.5%","0","0.0%","1,643","1.2%","93","0.2%","79","0.2%","6","0.1%","62","0.2%","23","0.1%","164","0.9%","31","0.2%","219","1.0%","210","0.3%","13","0.1%","11","0.1%","4","0.1%","187","0.4%","44","0.4%","139","0.3%","241","0.9%","159","0.5%","24","0.2%","4,924","4.1%","3","0.2%","336","0.6%","9","0.1%","2,474","3.3%","94","0.3%","26","0.1%","137","0.7%","80","0.3%","89","0.2%","72","0.3%","46","0.3%","1,210","1.9%","65","0.2%","246","0.8%","25","0.2%","11","0.3%","62","1.8%","11","0.7%","0","0.0%","28","2.1%","0","0.0%","13","0.4%","18","0.3%","205","6.8%","256","3.1%","0","0.0%","52","0.8%","50","0.2%","0","0.0%","16","0.5%","39","0.3%","6","0.3%","284","6.8%","40","1.5%","12","0.2%","308","0.9%","0","0.0%","111","3.0%","140","0.6%","35","0.3%","23","0.2%","0","-","52","1.4%","208","1.6%","185","1.3%","44","1.0%","10","0.1%","43","0.5%","16","0.1%","228","3.4%","10","0.1%","0","0.0%","4","0.1%","3,482","7.3%","53","0.5%","61","0.7%","213","3.1%","0","-","23","0.1%","0","0.0%","10","0.2%","99","0.4%","650","2.3%","52","0.4%","44","0.2%","100","0.5%","4,649","7.6%","83","0.5%","250","0.4%","11","0.1%","154","0.3%","45","0.1%","9,223","6.9%","29","0.2%","58","0.2%","27","0.2%","13","0.1%","18","0.2%","21","0.1%","11","0.1%","611","1.4%","831","0.7%","2,979","5.4%","72","0.4%","10","0.1%","0","-","33","1.4%","44","0.3%","20","0.1%","11","0.6%","62","0.5%","1,834","4.8%","62","0.9%","30","0.2%","6","0.1%","20","0.9%","158","0.9%","2,948","10.8%","9","0.2%","278","0.7%","18","0.2%","0","0.0%","13","0.3%","0","0.0%","47","0.3%","0","0.0%","110","0.6%","5","0.2%","6","0.1%","44","0.8%","36","0.3%","30","0.2%","30","0.3%","11,394","44.0%","11","0.1%","8","0.1%","17","0.1%","0","0.0%","123","0.4%","39","0.7%","26","0.6%","42","0.5%","16","0.3%","0","0.0%","0","0.0%","0","0.0%","140","0.8%","17","0.1%","373","8.7%","20","0.2%","8","0.5%","0","0.0%","60","0.7%","2,359","9.7%","53","0.6%"
"Noninstitutionalized population Male","0","-","36","0.2%","1,307","0.9%","17","0.1%","514","0.6%","34","0.2%","5","0.1%","1,342","2.2%","136","0.2%","19","0.1%","22","0.1%","7","0.1%","23","0.1%","150","0.2%","8","0.1%","60","0.2%","72","0.2%","0","0.0%","786","0.6%","37","0.1%","53","0.1%","3","0.0%","33","0.1%","11","0.1%","92","0.5%","18","0.1%","143","0.7%","120","0.2%","9","0.1%","7","0.1%","3","0.1%","140","0.3%","26","0.2%","80","0.2%","74","0.3%","72","0.2%","7","0.1%","2,467","2.0%","3","0.2%","226","0.4%","9","0.1%","1,242","1.7%","56","0.2%","13","0.1%","125","0.6%","45","0.2%","56","0.1%","47","0.2%","21","0.1%","528","0.8%","27","0.1%","112","0.4%","22","0.2%","4","0.1%","12","0.4%","6","0.4%","0","0.0%","19","1.4%","0","0.0%","6","0.2%","6","0.1%","118","3.9%","147","1.8%","0","0.0%","37","0.6%","18","0.1%","0","0.0%","9","0.3%","25","0.2%","4","0.2%","143","3.4%","33","1.2%","10","0.1%","168","0.5%","0","0.0%","55","1.5%","73","0.3%","21","0.2%","16","0.2%","0","-","35","0.9%","124","0.9%","104","0.7%","35","0.8%","7","0.1%","28","0.3%","10","0.1%","164","2.4%","8","0.1%","0","0.0%","1","0.0%","1,712","3.6%","34","0.3%","21","0.2%","133","2.0%","0","-","18","0.1%","0","0.0%","7","0.1%","60","0.2%","314","1.1%","35","0.3%","17","0.1%","41","0.2%","1,853","3.0%","45","0.3%","134","0.2%","6","0.1%","93","0.2%","35","0.1%","4,568","3.4%","18","0.1%","31","0.1%","11","0.1%","6","0.0%","11","0.1%","13","0.1%","4","0.0%","307","0.7%","463","0.4%","1,194","2.1%","37","0.2%","6","0.1%","0","-","29","1.2%","36","0.2%","15","0.1%","10","0.5%","46","0.4%","1,637","4.3%","47","0.7%","15","0.1%","3","0.1%","10","0.4%","84","0.5%","1,454","5.3%","2","0.0%","164","0.4%","12","0.2%","0","0.0%","9","0.2%","0","0.0%","32","0.2%","0","0.0%","49","0.3%","2","0.1%","6","0.1%","16","0.3%","20","0.2%","22","0.1%","17","0.2%","5,492","21.2%","9","0.1%","5","0.0%","11","0.1%","0","0.0%","65","0.2%","27","0.5%","9","0.2%","26","0.3%","11","0.2%","0","0.0%","0","0.0%","0","0.0%","70","0.4%","5","0.0%","190","4.5%","12","0.1%","5","0.3%","0","0.0%","28","0.3%","994","4.1%","26","0.3%"
"Noninstitutionalized population Female","0","-","67","0.3%","1,513","1.0%","18","0.1%","652","0.8%","21","0.1%","4","0.1%","3,185","5.2%","97","0.2%","42","0.2%","37","0.2%","7","0.1%","28","0.1%","180","0.2%","1","0.0%","90","0.4%","136","0.3%","0","0.0%","857","0.6%","56","0.1%","26","0.1%","3","0.0%","29","0.1%","12","0.1%","72","0.4%","13","0.1%","76","0.4%","90","0.1%","4","0.0%","4","0.0%","1","0.0%","47","0.1%","18","0.2%","59","0.1%","167","0.6%","87","0.2%","17","0.2%","2,457","2.0%","0","0.0%","110","0.2%","0","0.0%","1,232","1.7%","38","0.1%","13","0.1%","12","0.1%","35","0.1%","33","0.1%","25","0.1%","25","0.2%","682","1.1%","38","0.1%","134","0.5%","3","0.0%","7","0.2%","50","1.5%","5","0.3%","0","0.0%","9","0.7%","0","0.0%","7","0.2%","12","0.2%","87","2.9%","109","1.3%","0","0.0%","15","0.2%","32","0.1%","0","0.0%","7","0.2%","14","0.1%","2","0.1%","141","3.4%","7","0.3%","2","0.0%","140","0.4%","0","0.0%","56","1.5%","67","0.3%","14","0.1%","7","0.1%","0","-","17","0.5%","84","0.6%","81","0.6%","9","0.2%","3","0.0%","15","0.2%","6","0.0%","64","1.0%","2","0.0%","0","0.0%","3","0.1%","1,770","3.7%","19","0.2%","40","0.4%","80","1.2%","0","-","5","0.0%","0","0.0%","3","0.1%","39","0.1%","336","1.2%","17","0.1%","27","0.1%","59","0.3%","2,796","4.6%","38","0.2%","116","0.2%","5","0.1%","61","0.1%","10","0.0%","4,655","3.5%","11","0.1%","27","0.1%","16","0.1%","7","0.1%","7","0.1%","8","0.0%","7","0.0%","304","0.7%","368","0.3%","1,785","3.2%","35","0.2%","4","0.0%","0","-","4","0.2%","8","0.1%","5","0.0%","1","0.1%","16","0.1%","197","0.5%","15","0.2%","15","0.1%","3","0.1%","10","0.4%","74","0.4%","1,494","5.5%","7","0.1%","114","0.3%","6","0.1%","0","0.0%","4","0.1%","0","0.0%","15","0.1%","0","0.0%","61","0.3%","3","0.1%","0","0.0%","28","0.5%","16","0.1%","8","0.0%","13","0.1%","5,902","22.8%","2","0.0%","3","0.0%","6","0.0%","0","0.0%","58","0.2%","12","0.2%","17","0.4%","16","0.2%","5","0.1%","0","0.0%","0","0.0%","0","0.0%","70","0.4%","12","0.1%","183","4.3%","8","0.1%","3","0.2%","0","0.0%","32","0.3%","1,365","5.6%","27","0.3%"
"HOUSEHOLDS BY TYPE","","","","","","","","","","","","","","","","","","","","","","","","","","","","","","","","","","","","","","","","","","","","","","","","","","","","","","","","","","","","","","","","","","","","","","","","","","","","","","","","","","","","","","","","","","","","","","","","","","","","","","","","","","","","","","","","","","","","","","","","","","","","","","","","","","","","","","","","","","","","","","","","","","","","","","","","","","","","","","","","","","","","","","","","","","","","","","","","","","","","","","","","","","","","","","","","","","","","","","","","","","","","","","","","","","","","","","","","","","","","","","","","","","","","","","","","","","","","","","","","","","","","","","","","","","","","","","","","","","","","","","","","","","","","","","","","","","","","","","","","","","","","","","","","","","","","","","","","","","","","","","","","","","","","","","","","","","","","","","","","","","","","","","","","","","","","","","","","","","","","","","","","","",""
"Total households","0","-","7,653","100.0%","54,261","100.0%","6,695","100.0%","31,762","100.0%","6,814","100.0%","2,605","100.0%","20,820","100.0%","23,316","100.0%","6,690","100.0%","6,923","100.0%","4,948","100.0%","9,766","100.0%","36,078","100.0%","3,356","100.0%","8,968","100.0%","16,356","100.0%","1,425","100.0%","53,241","100.0%","20,435","100.0%","12,622","100.0%","3,420","100.0%","9,720","100.0%","6,210","100.0%","7,260","100.0%","8,264","100.0%","9,125","100.0%","25,721","100.0%","3,484","100.0%","4,194","100.0%","2,075","100.0%","20,162","100.0%","4,996","100.0%","16,858","100.0%","11,045","100.0%","13,799","100.0%","4,233","100.0%","47,112","100.0%","768","100.0%","25,108","100.0%","2,294","100.0%","29,054","100.0%","12,771","100.0%","7,710","100.0%","8,789","100.0%","9,583","100.0%","17,440","100.0%","10,350","100.0%","5,540","100.0%","25,825","100.0%","11,396","100.0%","11,511","100.0%","5,554","100.0%","1,457","100.0%","1,398","100.0%","728","100.0%","480","100.0%","584","100.0%","732","100.0%","1,285","100.0%","2,179","100.0%","1,285","100.0%","3,467","100.0%","933","100.0%","2,681","100.0%","10,994","100.0%","715","100.0%","1,399","100.0%","4,856","100.0%","979","100.0%","1,717","100.0%","1,238","100.0%","3,145","100.0%","15,490","100.0%","580","100.0%","1,526","100.0%","8,742","100.0%","4,661","100.0%","4,251","100.0%","0","-","1,632","100.0%","5,547","100.0%","5,923","100.0%","1,966","100.0%","2,711","100.0%","3,690","100.0%","5,182","100.0%","3,037","100.0%","3,289","100.0%","2,446","100.0%","1,757","100.0%","20,081","100.0%","4,590","100.0%","3,864","100.0%","2,970","100.0%","0","-","7,570","100.0%","2,485","100.0%","1,948","100.0%","13,069","100.0%","10,041","100.0%","5,408","100.0%","11,635","100.0%","8,813","100.0%","23,988","100.0%","6,987","100.0%","24,346","100.0%","2,859","100.0%","22,338","100.0%","12,432","100.0%","52,263","100.0%","5,323","100.0%","9,546","100.0%","5,282","100.0%","4,774","100.0%","3,627","100.0%","6,779","100.0%","8,587","100.0%","18,104","100.0%","44,425","100.0%","21,409","100.0%","6,141","100.0%","3,258","100.0%","0","-","1,008","100.0%","6,108","100.0%","7,777","100.0%","739","100.0%","4,623","100.0%","16,178","100.0%","2,768","100.0%","5,820","100.0%","1,651","100.0%","1,038","100.0%","6,928","100.0%","10,724","100.0%","2,018","100.0%","16,816","100.0%","3,278","100.0%","1,920","100.0%","1,599","100.0%","1,171","100.0%","8,163","100.0%","1,040","100.0%","8,205","100.0%","1,271","100.0%","1,947","100.0%","2,103","100.0%","4,879","100.0%","6,696","100.0%","3,425","100.0%","6,251","100.0%","3,438","100.0%","4,796","100.0%","5,381","100.0%","339","100.0%","13,918","100.0%","2,450","100.0%","1,738","100.0%","3,193","100.0%","1,947","100.0%","892","100.0%","699","100.0%","743","100.0%","7,244","100.0%","5,887","100.0%","1,562","100.0%","4,002","100.0%","613","100.0%","1,404","100.0%","3,819","100.0%","8,924","100.0%","3,207","100.0%"
"Married couple household","0","-","4,280","55.9%","16,785","30.9%","3,844","57.4%","14,727","46.4%","4,992","73.3%","1,831","70.3%","12,628","60.7%","13,538","58.1%","4,403","65.8%","4,774","69.0%","3,232","65.3%","6,218","63.7%","15,702","43.5%","2,110","62.9%","5,957","66.4%","8,685","53.1%","898","63.0%","23,334","43.8%","9,454","46.3%","8,394","66.5%","2,533","74.1%","6,326","65.1%","4,386","70.6%","4,513","62.2%","4,556","55.1%","3,498","38.3%","10,419","40.5%","2,413","69.3%","2,300","54.8%","1,184","57.1%","6,865","34.0%","2,150","43.0%","7,399","43.9%","5,754","52.1%","7,989","57.9%","2,659","62.8%","10,075","21.4%","463","60.3%","9,716","38.7%","1,454","63.4%","8,514","29.3%","6,057","47.4%","3,162","41.0%","4,244","48.3%","5,838","60.9%","9,534","54.7%","6,169","59.6%","3,094","55.8%","12,562","48.6%","5,609","49.2%","5,390","46.8%","2,290","41.2%","883","60.6%","756","54.1%","409","56.2%","232","48.3%","336","57.5%","361","49.3%","806","62.7%","1,364","62.6%","640","49.8%","1,794","51.7%","519","55.6%","1,578","58.9%","5,805","52.8%","366","51.2%","531","38.0%","2,320","47.8%","584","59.7%","810","47.2%","636","51.4%","1,530","48.6%","6,061","39.1%","357","61.6%","782","51.2%","4,650","53.2%","1,825","39.2%","2,180","51.3%","0","-","853","52.3%","2,857","51.5%","2,891","48.8%","926","47.1%","1,761","65.0%","2,108","57.1%","2,881","55.6%","1,570","51.7%","1,987","60.4%","1,569","64.1%","993","56.5%","7,088","35.3%","2,427","52.9%","2,051","53.1%","1,384","46.6%","0","-","2,908","38.4%","1,312","52.8%","1,316","67.6%","5,496","42.1%","6,288","62.6%","1,926","35.6%","4,780","41.1%","5,198","59.0%","9,815","40.9%","4,404","63.0%","9,207","37.8%","1,765","61.7%","10,548","47.2%","5,607","45.1%","12,897","24.7%","2,959","55.6%","5,379","56.3%","3,389","64.2%","3,174","66.5%","2,223","61.3%","3,289","48.5%","4,473","52.1%","8,768","48.4%","13,864","31.2%","7,713","36.0%","3,471","56.5%","2,254","69.2%","0","-","537","53.3%","3,379","55.3%","4,039","51.9%","425","57.5%","2,227","48.2%","6,789","42.0%","1,603","57.9%","3,366","57.8%","942","57.1%","588","56.6%","3,382","48.8%","2,860","26.7%","1,244","61.6%","5,550","33.0%","1,862","56.8%","1,093","56.9%","981","61.4%","597","51.0%","3,773","46.2%","572","55.0%","4,060","49.5%","742","58.4%","1,167","59.9%","1,274","60.6%","2,779","57.0%","3,629","54.2%","2,208","64.5%","2,343","37.5%","2,148","62.5%","2,304","48.0%","3,534","65.7%","220","64.9%","5,137","36.9%","1,101","44.9%","886","51.0%","1,638","51.3%","1,146","58.9%","441","49.4%","391","55.9%","407","54.8%","3,134","43.3%","2,754","46.8%","910","58.3%","1,533","38.3%","338","55.1%","757","53.9%","1,934","50.6%","2,748","30.8%","1,862","58.1%"
"Married couple household With own children under 18 [3]","0","-","1,768","23.1%","7,322","13.5%","1,523","22.7%","6,120","19.3%","2,931","43.0%","816","31.3%","5,915","28.4%","6,477","27.8%","1,887","28.2%","2,553","36.9%","1,198","24.2%","2,559","26.2%","6,349","17.6%","839","25.0%","2,904","32.4%","2,902","17.7%","260","18.2%","9,639","18.1%","3,424","16.8%","3,960","31.4%","1,290","37.7%","3,180","32.7%","2,295","37.0%","2,009","27.7%","1,527","18.5%","835","9.2%","3,543","13.8%","964","27.7%","891","21.2%","474","22.8%","2,461","12.2%","610","12.2%","2,374","14.1%","2,383","21.6%","3,378","24.5%","965","22.8%","4,008","8.5%","139","18.1%","3,657","14.6%","547","23.8%","3,119","10.7%","2,209","17.3%","1,089","14.1%","1,824","20.8%","2,488","26.0%","3,632","20.8%","2,782","26.9%","1,166","21.0%","5,430","21.0%","2,171","19.1%","1,721","15.0%","701","12.6%","287","19.7%","195","13.9%","91","12.5%","52","10.8%","85","14.6%","85","11.6%","206","16.0%","445","20.4%","179","13.9%","522","15.1%","147","15.8%","510","19.0%","2,248","20.4%","100","14.0%","163","11.7%","688","14.2%","151","15.4%","231","13.5%","143","11.6%","503","16.0%","1,892","12.2%","106","18.3%","236","15.5%","1,590","18.2%","487","10.4%","662","15.6%","0","-","227","13.9%","872","15.7%","1,099","18.6%","292","14.9%","630","23.2%","655","17.8%","1,043","20.1%","374","12.3%","705","21.4%","498","20.4%","299","17.0%","2,342","11.7%","620","13.5%","752","19.5%","345","11.6%","0","-","990","13.1%","418","16.8%","481","24.7%","1,557","11.9%","2,572","25.6%","616","11.4%","1,499","12.9%","1,888","21.4%","3,405","14.2%","1,587","22.7%","3,254","13.4%","698","24.4%","3,432","15.4%","2,069","16.6%","5,435","10.4%","984","18.5%","1,900","19.9%","1,366","25.9%","1,057","22.1%","755","20.8%","1,211","17.9%","1,441","16.8%","3,055","16.9%","5,357","12.1%","2,771","12.9%","1,184","19.3%","947","29.1%","0","-","151","15.0%","1,303","21.3%","1,332","17.1%","137","18.5%","717","15.5%","2,453","15.2%","523","18.9%","1,280","22.0%","294","17.8%","143","13.8%","1,103","15.9%","1,030","9.6%","410","20.3%","1,905","11.3%","540","16.5%","364","19.0%","357","22.3%","184","15.7%","1,096","13.4%","180","17.3%","1,318","16.1%","227","17.9%","409","21.0%","382","18.2%","975","20.0%","1,474","22.0%","816","23.8%","819","13.1%","739","21.5%","729","15.2%","1,403","26.1%","58","17.1%","1,588","11.4%","296","12.1%","272","15.7%","577","18.1%","324","16.6%","127","14.2%","119","17.0%","106","14.3%","1,000","13.8%","964","16.4%","324","20.7%","479","12.0%","98","16.0%","267","19.0%","552","14.5%","871","9.8%","648","20.2%"
"Cohabiting couple household","0","-","458","6.0%","4,265","7.9%","340","5.1%","2,371","7.5%","111","1.6%","103","4.0%","830","4.0%","814","3.5%","258","3.9%","133","1.9%","230","4.6%","496","5.1%","2,636","7.3%","148","4.4%","300","3.3%","1,006","6.2%","64","4.5%","3,724","7.0%","1,282","6.3%","429","3.4%","113","3.3%","310","3.2%","174","2.8%","281","3.9%","469","5.7%","557","6.1%","2,207","8.6%","196","5.6%","227","5.4%","120","5.8%","1,590","7.9%","432","8.6%","1,446","8.6%","564","5.1%","646","4.7%","228","5.4%","4,077","8.7%","51","6.6%","2,156","8.6%","152","6.6%","2,911","10.0%","762","6.0%","677","8.8%","470","5.3%","425","4.4%","1,043","6.0%","462","4.5%","319","5.8%","1,419","5.5%","627","5.5%","734","6.4%","442","8.0%","97","6.7%","100","7.2%","43","5.9%","34","7.1%","40","6.8%","56","7.7%","70","5.4%","128","5.9%","87","6.8%","227","6.5%","50","5.4%","179","6.7%","771","7.0%","42","5.9%","134","9.6%","473","9.7%","55","5.6%","98","5.7%","78","6.3%","218","6.9%","1,349","8.7%","42","7.2%","101","6.6%","504","5.8%","441","9.5%","236","5.6%","0","-","106","6.5%","395","7.1%","403","6.8%","160","8.1%","143","5.3%","269","7.3%","364","7.0%","186","6.1%","214","6.5%","129","5.3%","98","5.6%","1,865","9.3%","229","5.0%","270","7.0%","204","6.9%","0","-","670","8.9%","158","6.4%","85","4.4%","943","7.2%","439","4.4%","429","7.9%","937","8.1%","384","4.4%","1,442","6.0%","244","3.5%","2,116","8.7%","124","4.3%","1,537","6.9%","1,034","8.3%","4,193","8.0%","331","6.2%","498","5.2%","160","3.0%","270","5.7%","179","4.9%","515","7.6%","336","3.9%","1,229","6.8%","3,904","8.8%","1,525","7.1%","387","6.3%","94","2.9%","0","-","71","7.0%","475","7.8%","420","5.4%","46","6.2%","410","8.9%","1,212","7.5%","235","8.5%","417","7.2%","120","7.3%","70","6.7%","614","8.9%","1,021","9.5%","135","6.7%","1,658","9.9%","155","4.7%","145","7.6%","113","7.1%","108","9.2%","550","6.7%","108","10.4%","535","6.5%","95","7.5%","99","5.1%","139","6.6%","363","7.4%","449","6.7%","242","7.1%","309","4.9%","187","5.4%","456","9.5%","300","5.6%","26","7.7%","1,367","9.8%","192","7.8%","155","8.9%","264","8.3%","138","7.1%","79","8.9%","49","7.0%","58","7.8%","755","10.4%","647","11.0%","104","6.7%","415","10.4%","55","9.0%","164","11.7%","332","8.7%","855","9.6%","244","7.6%"
"Cohabiting couple household With own children under 18 [3]","0","-","158","2.1%","1,952","3.6%","90","1.3%","911","2.9%","27","0.4%","21","0.8%","192","0.9%","192","0.8%","82","1.2%","32","0.5%","56","1.1%","122","1.2%","698","1.9%","25","0.7%","80","0.9%","253","1.5%","16","1.1%","856","1.6%","433","2.1%","151","1.2%","34","1.0%","60","0.6%","41","0.7%","51","0.7%","107","1.3%","148","1.6%","731","2.8%","47","1.3%","42","1.0%","34","1.6%","670","3.3%","84","1.7%","429","2.5%","116","1.1%","131","0.9%","58","1.4%","1,788","3.8%","11","1.4%","647","2.6%","32","1.4%","1,242","4.3%","199","1.6%","167","2.2%","76","0.9%","94","1.0%","269","1.5%","124","1.2%","79","1.4%","284","1.1%","156","1.4%","232","2.0%","131","2.4%","27","1.9%","27","1.9%","10","1.4%","9","1.9%","15","2.6%","13","1.8%","16","1.2%","29","1.3%","18","1.4%","52","1.5%","11","1.2%","46","1.7%","199","1.8%","10","1.4%","43","3.1%","149","3.1%","6","0.6%","26","1.5%","20","1.6%","73","2.3%","434","2.8%","5","0.9%","18","1.2%","169","1.9%","125","2.7%","41","1.0%","0","-","20","1.2%","102","1.8%","96","1.6%","19","1.0%","41","1.5%","65","1.8%","82","1.6%","33","1.1%","55","1.7%","23","0.9%","14","0.8%","365","1.8%","43","0.9%","71","1.8%","44","1.5%","0","-","257","3.4%","40","1.6%","23","1.2%","187","1.4%","112","1.1%","144","2.7%","267","2.3%","73","0.8%","352","1.5%","57","0.8%","780","3.2%","21","0.7%","285","1.3%","354","2.8%","1,423","2.7%","70","1.3%","137","1.4%","38","0.7%","70","1.5%","41","1.1%","141","2.1%","61","0.7%","294","1.6%","1,794","4.0%","535","2.5%","107","1.7%","22","0.7%","0","-","20","2.0%","124","2.0%","94","1.2%","12","1.6%","137","3.0%","312","1.9%","51","1.8%","145","2.5%","35","2.1%","9","0.9%","179","2.6%","351","3.3%","36","1.8%","588","3.5%","40","1.2%","42","2.2%","30","1.9%","31","2.6%","143","1.8%","25","2.4%","143","1.7%","19","1.5%","23","1.2%","36","1.7%","96","2.0%","100","1.5%","63","1.8%","64","1.0%","55","1.6%","153","3.2%","81","1.5%","6","1.8%","355","2.6%","42","1.7%","47","2.7%","86","2.7%","44","2.3%","24","2.7%","8","1.1%","19","2.6%","258","3.6%","232","3.9%","32","2.0%","157","3.9%","13","2.1%","56","4.0%","101","2.6%","307","3.4%","80","2.5%"
"Male householder, no spouse or partner present:","0","-","1,065","13.9%","11,952","22.0%","890","13.3%","5,895","18.6%","545","8.0%","283","10.9%","2,466","11.8%","3,037","13.0%","763","11.4%","595","8.6%","606","12.2%","1,173","12.0%","6,753","18.7%","417","12.4%","911","10.2%","2,581","15.8%","211","14.8%","10,274","19.3%","3,250","15.9%","1,293","10.2%","299","8.7%","1,077","11.1%","561","9.0%","821","11.3%","1,180","14.3%","1,510","16.5%","5,083","19.8%","371","10.6%","618","14.7%","337","16.2%","4,407","21.9%","1,027","20.6%","3,176","18.8%","1,617","14.6%","1,845","13.4%","573","13.5%","12,481","26.5%","121","15.8%","5,102","20.3%","278","12.1%","7,000","24.1%","2,124","16.6%","1,639","21.3%","1,541","17.5%","1,173","12.2%","2,513","14.4%","1,267","12.2%","818","14.8%","4,224","16.4%","1,850","16.2%","1,804","15.7%","1,161","20.9%","220","15.1%","255","18.2%","116","15.9%","98","20.4%","109","18.7%","130","17.8%","186","14.5%","321","14.7%","234","18.2%","572","16.5%","177","19.0%","412","15.4%","1,879","17.1%","127","17.8%","337","24.1%","981","20.2%","151","15.4%","304","17.7%","227","18.3%","578","18.4%","3,435","22.2%","84","14.5%","266","17.4%","1,369","15.7%","1,036","22.2%","731","17.2%","0","-","289","17.7%","892","16.1%","969","16.4%","381","19.4%","348","12.8%","581","15.7%","826","15.9%","443","14.6%","503","15.3%","293","12.0%","291","16.6%","4,549","22.7%","670","14.6%","619","16.0%","542","18.2%","0","-","1,531","20.2%","399","16.1%","222","11.4%","2,349","18.0%","1,185","11.8%","1,177","21.8%","2,207","19.0%","1,173","13.3%","4,406","18.4%","802","11.5%","5,159","21.2%","353","12.3%","3,894","17.4%","2,262","18.2%","13,212","25.3%","793","14.9%","1,288","13.5%","624","11.8%","561","11.8%","473","13.0%","1,268","18.7%","1,176","13.7%","3,174","17.5%","9,687","21.8%","4,764","22.3%","896","14.6%","332","10.2%","0","-","176","17.5%","919","15.0%","1,173","15.1%","102","13.8%","858","18.6%","3,581","22.1%","426","15.4%","879","15.1%","253","15.3%","156","15.0%","1,341","19.4%","2,964","27.6%","318","15.8%","3,875","23.0%","493","15.0%","331","17.2%","264","16.5%","213","18.2%","1,548","19.0%","187","18.0%","1,353","16.5%","200","15.7%","330","16.9%","296","14.1%","799","16.4%","1,122","16.8%","404","11.8%","1,541","24.7%","462","13.4%","930","19.4%","648","12.0%","43","12.7%","3,075","22.1%","570","23.3%","299","17.2%","527","16.5%","286","14.7%","178","20.0%","124","17.7%","136","18.3%","1,409","19.5%","1,060","18.0%","237","15.2%","822","20.5%","106","17.3%","251","17.9%","666","17.4%","2,090","23.4%","470","14.7%"
"Male householder, no spouse or partner present Living alone","0","-","717","9.4%","7,479","13.8%","619","9.2%","3,694","11.6%","346","5.1%","179","6.9%","1,619","7.8%","2,104","9.0%","493","7.4%","401","5.8%","387","7.8%","757","7.8%","4,548","12.6%","291","8.7%","633","7.1%","1,827","11.2%","152","10.7%","6,809","12.8%","2,211","10.8%","819","6.5%","174","5.1%","730","7.5%","350","5.6%","625","8.6%","820","9.9%","1,065","11.7%","3,597","14.0%","230","6.6%","467","11.1%","230","11.1%","2,900","14.4%","766","15.3%","2,250","13.3%","1,171","10.6%","1,320","9.6%","386","9.1%","8,613","18.3%","86","11.2%","3,560","14.2%","184","8.0%","4,687","16.1%","1,548","12.1%","1,262","16.4%","1,156","13.2%","868","9.1%","1,815","10.4%","870","8.4%","578","10.4%","2,962","11.5%","1,361","11.9%","1,184","10.3%","828","14.9%","159","10.9%","182","13.0%","90","12.4%","74","15.4%","89","15.2%","108","14.8%","137","10.7%","227","10.4%","196","15.3%","441","12.7%","127","13.6%","294","11.0%","1,330","12.1%","89","12.4%","247","17.7%","719","14.8%","107","10.9%","240","14.0%","181","14.6%","418","13.3%","2,539","16.4%","67","11.6%","191","12.5%","963","11.0%","776","16.6%","540","12.7%","0","-","232","14.2%","658","11.9%","717","12.1%","275","14.0%","238","8.8%","439","11.9%","612","11.8%","358","11.8%","342","10.4%","196","8.0%","214","12.2%","3,446","17.2%","469","10.2%","474","12.3%","403","13.6%","0","-","1,053","13.9%","273","11.0%","137","7.0%","1,770","13.5%","782","7.8%","864","16.0%","1,533","13.2%","805","9.1%","3,084","12.9%","561","8.0%","3,526","14.5%","227","7.9%","2,793","12.5%","1,512","12.2%","8,945","17.1%","538","10.1%","845","8.9%","424","8.0%","349","7.3%","313","8.6%","907","13.4%","879","10.2%","2,357","13.0%","6,461","14.5%","3,031","14.2%","594","9.7%","215","6.6%","0","-","118","11.7%","639","10.5%","913","11.7%","76","10.3%","601","13.0%","2,694","16.7%","284","10.3%","607","10.4%","169","10.2%","111","10.7%","943","13.6%","2,177","20.3%","215","10.7%","2,649","15.8%","365","11.1%","236","12.3%","171","10.7%","129","11.0%","1,184","14.5%","127","12.2%","969","11.8%","139","10.9%","245","12.6%","192","9.1%","544","11.1%","877","13.1%","257","7.5%","849","13.6%","324","9.4%","670","14.0%","437","8.1%","27","8.0%","2,333","16.8%","365","14.9%","200","11.5%","368","11.5%","185","9.5%","125","14.0%","90","12.9%","98","13.2%","946","13.1%","723","12.3%","188","12.0%","583","14.6%","74","12.1%","175","12.5%","475","12.4%","1,331","14.9%","329","10.3%"
"Male householder, no spouse or partner present Living alone 65 years and over","0","-","232","3.0%","2,069","3.8%","205","3.1%","1,072","3.4%","159","2.3%","84","3.2%","649","3.1%","848","3.6%","217","3.2%","169","2.4%","169","3.4%","292","3.0%","1,235","3.4%","166","4.9%","267","3.0%","637","3.9%","63","4.4%","1,624","3.1%","891","4.4%","468","3.7%","76","2.2%","322","3.3%","159","2.6%","266","3.7%","322","3.9%","435","4.8%","1,008","3.9%","74","2.1%","166","4.0%","78","3.8%","884","4.4%","221","4.4%","637","3.8%","430","3.9%","486","3.5%","179","4.2%","2,184","4.6%","30","3.9%","900","3.6%","65","2.8%","1,274","4.4%","551","4.3%","368","4.8%","406","4.6%","313","3.3%","768","4.4%","390","3.8%","205","3.7%","977","3.8%","542","4.8%","396","3.4%","252","4.5%","50","3.4%","73","5.2%","37","5.1%","38","7.9%","33","5.7%","48","6.6%","65","5.1%","99","4.5%","95","7.4%","203","5.9%","51","5.5%","99","3.7%","455","4.1%","42","5.9%","81","5.8%","225","4.6%","53","5.4%","101","5.9%","83","6.7%","133","4.2%","805","5.2%","29","5.0%","85","5.6%","379","4.3%","271","5.8%","222","5.2%","0","-","92","5.6%","218","3.9%","260","4.4%","108","5.5%","85","3.1%","161","4.4%","202","3.9%","176","5.8%","130","4.0%","98","4.0%","78","4.4%","843","4.2%","219","4.8%","164","4.2%","165","5.6%","0","-","321","4.2%","86","3.5%","46","2.4%","603","4.6%","337","3.4%","269","5.0%","522","4.5%","345","3.9%","1,008","4.2%","276","4.0%","1,014","4.2%","112","3.9%","895","4.0%","476","3.8%","2,063","3.9%","225","4.2%","383","4.0%","241","4.6%","153","3.2%","122","3.4%","258","3.8%","514","6.0%","787","4.3%","1,807","4.1%","927","4.3%","235","3.8%","124","3.8%","0","-","42","4.2%","227","3.7%","361","4.6%","30","4.1%","182","3.9%","693","4.3%","93","3.4%","212","3.6%","61","3.7%","59","5.7%","265","3.8%","527","4.9%","70","3.5%","754","4.5%","166","5.1%","96","5.0%","46","2.9%","43","3.7%","477","5.8%","36","3.5%","400","4.9%","49","3.9%","82","4.2%","78","3.7%","179","3.7%","265","4.0%","97","2.8%","248","4.0%","138","4.0%","199","4.1%","161","3.0%","12","3.5%","628","4.5%","98","4.0%","70","4.0%","141","4.4%","79","4.1%","42","4.7%","40","5.7%","39","5.2%","307","4.2%","224","3.8%","68","4.4%","155","3.9%","31","5.1%","37","2.6%","144","3.8%","402","4.5%","133","4.1%"
"Male householder, no spouse or partner present With own children under 18 [3]","0","-","94","1.2%","1,139","2.1%","56","0.8%","539","1.7%","82","1.2%","33","1.3%","254","1.2%","316","1.4%","70","1.0%","71","1.0%","61","1.2%","125","1.3%","469","1.3%","43","1.3%","94","1.0%","175","1.1%","13","0.9%","694","1.3%","225","1.1%","143","1.1%","48","1.4%","122","1.3%","78","1.3%","72","1.0%","81","1.0%","79","0.9%","389","1.5%","38","1.1%","54","1.3%","26","1.3%","389","1.9%","57","1.1%","242","1.4%","130","1.2%","194","1.4%","62","1.5%","948","2.0%","14","1.8%","346","1.4%","30","1.3%","548","1.9%","123","1.0%","87","1.1%","100","1.1%","113","1.2%","186","1.1%","129","1.2%","75","1.4%","296","1.1%","119","1.0%","152","1.3%","91","1.6%","17","1.2%","10","0.7%","8","1.1%","8","1.7%","6","1.0%","7","1.0%","18","1.4%","28","1.3%","8","0.6%","29","0.8%","11","1.2%","31","1.2%","148","1.3%","13","1.8%","17","1.2%","74","1.5%","9","0.9%","16","0.9%","11","0.9%","31","1.0%","231","1.5%","2","0.3%","21","1.4%","103","1.2%","59","1.3%","45","1.1%","0","-","9","0.6%","65","1.2%","67","1.1%","33","1.7%","37","1.4%","40","1.1%","63","1.2%","20","0.7%","53","1.6%","22","0.9%","16","0.9%","262","1.3%","41","0.9%","38","1.0%","34","1.1%","0","-","105","1.4%","36","1.4%","20","1.0%","120","0.9%","118","1.2%","75","1.4%","119","1.0%","107","1.2%","279","1.2%","69","1.0%","410","1.7%","36","1.3%","222","1.0%","174","1.4%","885","1.7%","61","1.1%","76","0.8%","52","1.0%","53","1.1%","51","1.4%","82","1.2%","72","0.8%","191","1.1%","854","1.9%","376","1.8%","76","1.2%","31","1.0%","0","-","7","0.7%","98","1.6%","70","0.9%","8","1.1%","58","1.3%","179","1.1%","43","1.6%","79","1.4%","22","1.3%","10","1.0%","94","1.4%","159","1.5%","20","1.0%","328","2.0%","45","1.4%","18","0.9%","25","1.6%","22","1.9%","92","1.1%","17","1.6%","99","1.2%","26","2.0%","23","1.2%","20","1.0%","80","1.6%","74","1.1%","40","1.2%","68","1.1%","41","1.2%","66","1.4%","71","1.3%","3","0.9%","182","1.3%","31","1.3%","25","1.4%","52","1.6%","27","1.4%","14","1.6%","3","0.4%","12","1.6%","128","1.8%","107","1.8%","17","1.1%","79","2.0%","10","1.6%","15","1.1%","42","1.1%","161","1.8%","54","1.7%"
"Female householder, no spouse or partner present:","0","-","1,850","24.2%","21,259","39.2%","1,621","24.2%","8,769","27.6%","1,166","17.1%","388","14.9%","4,896","23.5%","5,927","25.4%","1,266","18.9%","1,421","20.5%","880","17.8%","1,879","19.2%","10,987","30.5%","681","20.3%","1,800","20.1%","4,084","25.0%","252","17.7%","15,909","29.9%","6,449","31.6%","2,506","19.9%","475","13.9%","2,007","20.6%","1,089","17.5%","1,645","22.7%","2,059","24.9%","3,560","39.0%","8,012","31.1%","504","14.5%","1,049","25.0%","434","20.9%","7,300","36.2%","1,387","27.8%","4,837","28.7%","3,110","28.2%","3,319","24.1%","773","18.3%","20,479","43.5%","133","17.3%","8,134","32.4%","410","17.9%","10,629","36.6%","3,828","30.0%","2,232","28.9%","2,534","28.8%","2,147","22.4%","4,350","24.9%","2,452","23.7%","1,309","23.6%","7,620","29.5%","3,310","29.0%","3,583","31.1%","1,661","29.9%","257","17.6%","287","20.5%","160","22.0%","116","24.2%","99","17.0%","185","25.3%","223","17.4%","366","16.8%","324","25.2%","874","25.2%","187","20.0%","512","19.1%","2,539","23.1%","180","25.2%","397","28.4%","1,082","22.3%","189","19.3%","505","29.4%","297","24.0%","819","26.0%","4,645","30.0%","97","16.7%","377","24.7%","2,219","25.4%","1,359","29.2%","1,104","26.0%","0","-","384","23.5%","1,403","25.3%","1,660","28.0%","499","25.4%","459","16.9%","732","19.8%","1,111","21.4%","838","27.6%","585","17.8%","455","18.6%","375","21.3%","6,579","32.8%","1,264","27.5%","924","23.9%","840","28.3%","0","-","2,461","32.5%","616","24.8%","325","16.7%","4,281","32.8%","2,129","21.2%","1,876","34.7%","3,711","31.9%","2,058","23.4%","8,325","34.7%","1,537","22.0%","7,864","32.3%","617","21.6%","6,359","28.5%","3,529","28.4%","21,961","42.0%","1,240","23.3%","2,381","24.9%","1,109","21.0%","769","16.1%","752","20.7%","1,707","25.2%","2,602","30.3%","4,933","27.2%","16,970","38.2%","7,407","34.6%","1,387","22.6%","578","17.7%","0","-","224","22.2%","1,335","21.9%","2,145","27.6%","166","22.5%","1,128","24.4%","4,596","28.4%","504","18.2%","1,158","19.9%","336","20.4%","224","21.6%","1,591","23.0%","3,879","36.2%","321","15.9%","5,733","34.1%","768","23.4%","351","18.3%","241","15.1%","253","21.6%","2,292","28.1%","173","16.6%","2,257","27.5%","234","18.4%","351","18.0%","394","18.7%","938","19.2%","1,496","22.3%","571","16.7%","2,058","32.9%","641","18.6%","1,106","23.1%","899","16.7%","50","14.7%","4,339","31.2%","587","24.0%","398","22.9%","764","23.9%","377","19.4%","194","21.7%","135","19.3%","142","19.1%","1,946","26.9%","1,426","24.2%","311","19.9%","1,232","30.8%","114","18.6%","232","16.5%","887","23.2%","3,231","36.2%","631","19.7%"
"Female householder, no spouse or partner present Living alone","0","-","1,052","13.7%","8,820","16.3%","932","13.9%","4,614","14.5%","691","10.1%","200","7.7%","2,760","13.3%","3,595","15.4%","672","10.0%","865","12.5%","470","9.5%","1,119","11.5%","6,146","17.0%","437","13.0%","1,150","12.8%","2,481","15.2%","151","10.6%","8,730","16.4%","3,350","16.4%","1,417","11.2%","247","7.2%","1,222","12.6%","653","10.5%","1,137","15.7%","1,321","16.0%","1,965","21.5%","4,616","17.9%","300","8.6%","723","17.2%","269","13.0%","3,186","15.8%","829","16.6%","2,814","16.7%","2,139","19.4%","2,151","15.6%","477","11.3%","8,471","18.0%","80","10.4%","4,354","17.3%","229","10.0%","4,834","16.6%","2,319","18.2%","1,384","18.0%","1,734","19.7%","1,415","14.8%","2,758","15.8%","1,622","15.7%","809","14.6%","4,822","18.7%","2,099","18.4%","1,720","14.9%","979","17.6%","140","9.6%","183","13.1%","120","16.5%","66","13.8%","57","9.8%","137","18.7%","148","11.5%","213","9.8%","234","18.2%","616","17.8%","118","12.6%","312","11.6%","1,513","13.8%","117","16.4%","251","17.9%","653","13.4%","132","13.5%","374","21.8%","218","17.6%","498","15.8%","2,910","18.8%","61","10.5%","235","15.4%","1,290","14.8%","819","17.6%","725","17.1%","0","-","260","15.9%","940","16.9%","1,112","18.8%","311","15.8%","266","9.8%","486","13.2%","730","14.1%","638","21.0%","336","10.2%","323","13.2%","219","12.5%","3,989","19.9%","880","19.2%","565","14.6%","597","20.1%","0","-","1,098","14.5%","338","13.6%","166","8.5%","2,932","22.4%","1,302","13.0%","1,037","19.2%","2,192","18.8%","1,354","15.4%","4,756","19.8%","1,040","14.9%","3,875","15.9%","375","13.1%","4,145","18.6%","1,830","14.7%","10,526","20.1%","726","13.6%","1,480","15.5%","661","12.5%","450","9.4%","442","12.2%","980","14.5%","2,031","23.7%","3,107","17.2%","7,180","16.2%","3,672","17.2%","764","12.4%","328","10.1%","0","-","132","13.1%","754","12.3%","1,477","19.0%","102","13.8%","587","12.7%","2,849","17.6%","270","9.8%","623","10.7%","179","10.8%","143","13.8%","872","12.6%","2,053","19.1%","180","8.9%","2,964","17.6%","535","16.3%","194","10.1%","136","8.5%","130","11.1%","1,575","19.3%","104","10.0%","1,445","17.6%","132","10.4%","219","11.2%","222","10.6%","545","11.2%","1,012","15.1%","316","9.2%","1,069","17.1%","403","11.7%","634","13.2%","505","9.4%","25","7.4%","2,842","20.4%","328","13.4%","245","14.1%","448","14.0%","224","11.5%","103","11.5%","75","10.7%","89","12.0%","1,125","15.5%","736","12.5%","204","13.1%","744","18.6%","64","10.4%","119","8.5%","573","15.0%","1,506","16.9%","386","12.0%"
"Female householder, no spouse or partner present Living alone 65 years and over","0","-","552","7.2%","3,874","7.1%","509","7.6%","2,247","7.1%","474","7.0%","138","5.3%","1,696","8.1%","2,022","8.7%","451","6.7%","566","8.2%","294","5.9%","756","7.7%","2,753","7.6%","306","9.1%","740","8.3%","1,479","9.0%","90","6.3%","3,841","7.2%","2,032","9.9%","1,061","8.4%","164","4.8%","765","7.9%","469","7.6%","740","10.2%","880","10.6%","1,234","13.5%","2,307","9.0%","181","5.2%","395","9.4%","150","7.2%","1,495","7.4%","414","8.3%","1,477","8.8%","1,277","11.6%","1,197","8.7%","300","7.1%","3,142","6.7%","52","6.8%","1,950","7.8%","144","6.3%","2,210","7.6%","1,309","10.2%","679","8.8%","998","11.4%","818","8.5%","1,844","10.6%","1,083","10.5%","492","8.9%","2,719","10.5%","1,292","11.3%","901","7.8%","545","9.8%","88","6.0%","111","7.9%","80","11.0%","40","8.3%","36","6.2%","84","11.5%","84","6.5%","124","5.7%","149","11.6%","401","11.6%","71","7.6%","178","6.6%","782","7.1%","69","9.7%","157","11.2%","356","7.3%","87","8.9%","267","15.6%","144","11.6%","284","9.0%","1,507","9.7%","37","6.4%","146","9.6%","761","8.7%","443","9.5%","394","9.3%","0","-","169","10.4%","525","9.5%","625","10.6%","155","7.9%","168","6.2%","274","7.4%","402","7.8%","418","13.8%","203","6.2%","229","9.4%","144","8.2%","1,577","7.9%","585","12.7%","335","8.7%","373","12.6%","0","-","508","6.7%","174","7.0%","105","5.4%","1,567","12.0%","857","8.5%","501","9.3%","1,186","10.2%","893","10.1%","2,398","10.0%","704","10.1%","1,799","7.4%","268","9.4%","2,144","9.6%","932","7.5%","3,510","6.7%","486","9.1%","1,019","10.7%","509","9.6%","315","6.6%","296","8.2%","518","7.6%","1,625","18.9%","1,701","9.4%","3,286","7.4%","1,679","7.8%","495","8.1%","243","7.5%","0","-","75","7.4%","403","6.6%","930","12.0%","76","10.3%","271","5.9%","1,378","8.5%","147","5.3%","311","5.3%","106","6.4%","99","9.5%","519","7.5%","805","7.5%","103","5.1%","1,388","8.3%","358","10.9%","113","5.9%","66","4.1%","55","4.7%","899","11.0%","51","4.9%","850","10.4%","65","5.1%","113","5.8%","129","6.1%","292","6.0%","459","6.9%","185","5.4%","507","8.1%","277","8.1%","340","7.1%","312","5.8%","13","3.8%","1,259","9.0%","147","6.0%","113","6.5%","282","8.8%","118","6.1%","49","5.5%","42","6.0%","52","7.0%","619","8.5%","401","6.8%","118","7.6%","404","10.1%","23","3.8%","43","3.1%","319","8.4%","652","7.3%","223","7.0%"
"Female householder, no spouse or partner present With own children under 18 [3]","0","-","304","4.0%","5,691","10.5%","250","3.7%","1,738","5.5%","223","3.3%","70","2.7%","840","4.0%","975","4.2%","192","2.9%","261","3.8%","144","2.9%","297","3.0%","1,888","5.2%","85","2.5%","288","3.2%","498","3.0%","29","2.0%","2,682","5.0%","1,060","5.2%","419","3.3%","98","2.9%","336","3.5%","203","3.3%","211","2.9%","264","3.2%","426","4.7%","1,531","6.0%","79","2.3%","141","3.4%","71","3.4%","1,911","9.5%","221","4.4%","753","4.5%","372","3.4%","502","3.6%","112","2.6%","5,820","12.4%","17","2.2%","1,644","6.5%","64","2.8%","2,788","9.6%","537","4.2%","316","4.1%","294","3.3%","362","3.8%","599","3.4%","299","2.9%","213","3.8%","1,043","4.0%","446","3.9%","680","5.9%","247","4.4%","34","2.3%","25","1.8%","8","1.1%","17","3.5%","16","2.7%","19","2.6%","31","2.4%","60","2.8%","31","2.4%","83","2.4%","22","2.4%","78","2.9%","371","3.4%","18","2.5%","61","4.4%","142","2.9%","17","1.7%","43","2.5%","23","1.9%","95","3.0%","700","4.5%","13","2.2%","38","2.5%","308","3.5%","217","4.7%","109","2.6%","0","-","44","2.7%","164","3.0%","183","3.1%","65","3.3%","65","2.4%","92","2.5%","140","2.7%","65","2.1%","91","2.8%","34","1.4%","56","3.2%","1,079","5.4%","98","2.1%","130","3.4%","63","2.1%","0","-","604","8.0%","96","3.9%","51","2.6%","418","3.2%","304","3.0%","357","6.6%","451","3.9%","278","3.2%","1,346","5.6%","167","2.4%","1,955","8.0%","101","3.5%","646","2.9%","755","6.1%","5,441","10.4%","148","2.8%","258","2.7%","154","2.9%","110","2.3%","103","2.8%","286","4.2%","162","1.9%","653","3.6%","4,977","11.2%","1,448","6.8%","211","3.4%","95","2.9%","0","-","32","3.2%","256","4.2%","277","3.6%","15","2.0%","252","5.5%","802","5.0%","80","2.9%","205","3.5%","58","3.5%","30","2.9%","253","3.7%","885","8.3%","37","1.8%","1,341","8.0%","82","2.5%","38","2.0%","37","2.3%","52","4.4%","272","3.3%","25","2.4%","279","3.4%","31","2.4%","40","2.1%","52","2.5%","145","3.0%","207","3.1%","91","2.7%","242","3.9%","91","2.6%","178","3.7%","176","3.3%","12","3.5%","675","4.8%","82","3.3%","58","3.3%","134","4.2%","56","2.9%","35","3.9%","16","2.3%","7","0.9%","354","4.9%","305","5.2%","47","3.0%","223","5.6%","19","3.1%","51","3.6%","117","3.1%","855","9.6%","100","3.1%"
"Households with individuals under 18 years","0","-","2,553","33.4%","18,654","34.4%","2,115","31.6%","10,299","32.4%","3,365","49.4%","1,001","38.4%","7,607","36.5%","8,400","36.0%","2,402","35.9%","3,007","43.4%","1,612","32.6%","3,320","34.0%","10,531","29.2%","1,057","31.5%","3,517","39.2%","4,265","26.1%","362","25.4%","15,292","28.7%","5,885","28.8%","4,987","39.5%","1,542","45.1%","3,831","39.4%","2,718","43.8%","2,424","33.4%","2,172","26.3%","1,954","21.4%","6,809","26.5%","1,196","34.3%","1,193","28.4%","657","31.7%","6,313","31.3%","1,124","22.5%","4,253","25.2%","3,185","28.8%","4,415","32.0%","1,265","29.9%","14,629","31.1%","202","26.3%","6,934","27.6%","740","32.3%","8,707","30.0%","3,329","26.1%","1,854","24.0%","2,457","28.0%","3,177","33.2%","4,991","28.6%","3,549","34.3%","1,634","29.5%","7,517","29.1%","3,146","27.6%","3,238","28.1%","1,319","23.7%","404","27.7%","301","21.5%","133","18.3%","100","20.8%","138","23.6%","143","19.5%","303","23.6%","604","27.7%","269","20.9%","748","21.6%","217","23.3%","713","26.6%","3,250","29.6%","154","21.5%","325","23.2%","1,185","24.4%","214","21.9%","352","20.5%","220","17.8%","787","25.0%","3,654","23.6%","137","23.6%","355","23.3%","2,400","27.5%","1,018","21.8%","959","22.6%","0","-","347","21.3%","1,331","24.0%","1,595","26.9%","456","23.2%","835","30.8%","923","25.0%","1,444","27.9%","543","17.9%","990","30.1%","636","26.0%","430","24.5%","4,542","22.6%","880","19.2%","1,067","27.6%","563","19.0%","0","-","2,316","30.6%","673","27.1%","644","33.1%","2,536","19.4%","3,315","33.0%","1,396","25.8%","2,794","24.0%","2,507","28.4%","6,174","25.7%","2,006","28.7%","7,184","29.5%","929","32.5%","5,135","23.0%","3,757","30.2%","14,978","28.7%","1,447","27.2%","2,655","27.8%","1,753","33.2%","1,441","30.2%","1,080","29.8%","1,935","28.5%","1,866","21.7%","4,590","25.4%","14,662","33.0%","5,962","27.8%","1,779","29.0%","1,195","36.7%","0","-","237","23.5%","1,916","31.4%","1,926","24.8%","205","27.7%","1,324","28.6%","4,109","25.4%","790","28.5%","1,880","32.3%","482","29.2%","214","20.6%","1,879","27.1%","2,840","26.5%","582","28.8%","4,737","28.2%","764","23.3%","524","27.3%","509","31.8%","337","28.8%","1,763","21.6%","287","27.6%","2,041","24.9%","339","26.7%","543","27.9%","555","26.4%","1,418","29.1%","1,984","29.6%","1,084","31.6%","1,318","21.1%","1,016","29.6%","1,285","26.8%","1,841","34.2%","93","27.4%","3,095","22.2%","535","21.8%","460","26.5%","961","30.1%","539","27.7%","229","25.7%","178","25.5%","179","24.1%","2,015","27.8%","1,783","30.3%","449","28.7%","1,050","26.2%","158","25.8%","446","31.8%","929","24.3%","2,578","28.9%","957","29.8%"
"Households with individuals 65 years and over","0","-","2,501","32.7%","14,405","26.5%","2,374","35.5%","9,098","28.6%","1,873","27.5%","937","36.0%","6,879","33.0%","7,926","34.0%","2,310","34.5%","2,208","31.9%","1,782","36.0%","3,371","34.5%","10,476","29.0%","1,401","41.7%","2,909","32.4%","6,153","37.6%","611","42.9%","14,292","26.8%","7,783","38.1%","4,689","37.1%","1,102","32.2%","3,347","34.4%","1,959","31.5%","2,669","36.8%","3,315","40.1%","4,119","45.1%","8,050","31.3%","1,067","30.6%","1,469","35.0%","680","32.8%","6,051","30.0%","1,695","33.9%","5,446","32.3%","3,941","35.7%","4,493","32.6%","1,512","35.7%","11,427","24.3%","318","41.4%","7,034","28.0%","811","35.4%","7,749","26.7%","4,610","36.1%","2,532","32.8%","3,076","35.0%","3,054","31.9%","6,633","38.0%","3,689","35.6%","1,924","34.7%","8,511","33.0%","4,232","37.1%","4,116","35.8%","1,988","35.8%","562","38.6%","582","41.6%","352","48.4%","212","44.2%","240","41.1%","347","47.4%","552","43.0%","833","38.2%","608","47.3%","1,544","44.5%","397","42.6%","966","36.0%","3,541","32.2%","298","41.7%","531","38.0%","1,612","33.2%","472","48.2%","873","50.8%","610","49.3%","1,060","33.7%","5,216","33.7%","247","42.6%","704","46.1%","3,253","37.2%","1,717","36.8%","1,707","40.2%","0","-","682","41.8%","2,131","38.4%","2,131","36.0%","741","37.7%","916","33.8%","1,298","35.2%","1,759","33.9%","1,481","48.8%","1,171","35.6%","1,061","43.4%","672","38.2%","5,593","27.9%","2,172","47.3%","1,358","35.1%","1,323","44.5%","0","-","2,262","29.9%","906","36.5%","732","37.6%","5,206","39.8%","3,689","36.7%","1,792","33.1%","4,342","37.3%","3,789","43.0%","8,245","34.4%","2,926","41.9%","7,027","28.9%","1,148","40.2%","8,023","35.9%","3,745","30.1%","11,519","22.0%","2,172","40.8%","4,016","42.1%","2,244","42.5%","1,937","40.6%","1,435","39.6%","2,219","32.7%","4,447","51.8%","6,296","34.8%","12,133","27.3%","6,644","31.0%","2,284","37.2%","1,297","39.8%","0","-","386","38.3%","1,791","29.3%","3,222","41.4%","308","41.7%","1,474","31.9%","4,876","30.1%","941","34.0%","1,878","32.3%","581","35.2%","524","50.5%","2,414","34.8%","2,816","26.3%","762","37.8%","4,978","29.6%","1,484","45.3%","737","38.4%","500","31.3%","367","31.3%","3,333","40.8%","344","33.1%","3,153","38.4%","448","35.2%","705","36.2%","844","40.1%","1,559","32.0%","2,002","29.9%","1,128","32.9%","1,952","31.2%","1,279","37.2%","1,504","31.4%","1,716","31.9%","139","41.0%","4,216","30.3%","752","30.7%","598","34.4%","1,115","34.9%","723","37.1%","307","34.4%","252","36.1%","321","43.2%","2,354","32.5%","1,763","29.9%","546","35.0%","1,284","32.1%","218","35.6%","358","25.5%","1,285","33.6%","2,639","29.6%","1,133","35.3%"
"HOUSING OCCUPANCY","","","","","","","","","","","","","","","","","","","","","","","","","","","","","","","","","","","","","","","","","","","","","","","","","","","","","","","","","","","","","","","","","","","","","","","","","","","","","","","","","","","","","","","","","","","","","","","","","","","","","","","","","","","","","","","","","","","","","","","","","","","","","","","","","","","","","","","","","","","","","","","","","","","","","","","","","","","","","","","","","","","","","","","","","","","","","","","","","","","","","","","","","","","","","","","","","","","","","","","","","","","","","","","","","","","","","","","","","","","","","","","","","","","","","","","","","","","","","","","","","","","","","","","","","","","","","","","","","","","","","","","","","","","","","","","","","","","","","","","","","","","","","","","","","","","","","","","","","","","","","","","","","","","","","","","","","","","","","","","","","","","","","","","","","","","","","","","","","","","","","","","","","",""
"Total housing units","0","-","7,980","100.0%","58,874","100.0%","7,116","100.0%","33,562","100.0%","7,265","100.0%","2,756","100.0%","21,982","100.0%","25,677","100.0%","6,918","100.0%","7,502","100.0%","5,635","100.0%","10,322","100.0%","38,152","100.0%","3,664","100.0%","9,506","100.0%","17,174","100.0%","1,834","100.0%","56,953","100.0%","21,643","100.0%","13,159","100.0%","3,671","100.0%","10,567","100.0%","6,567","100.0%","7,713","100.0%","8,571","100.0%","9,717","100.0%","27,251","100.0%","3,628","100.0%","4,383","100.0%","2,183","100.0%","21,361","100.0%","5,348","100.0%","17,741","100.0%","11,667","100.0%","14,481","100.0%","4,448","100.0%","53,259","100.0%","843","100.0%","26,445","100.0%","2,388","100.0%","31,510","100.0%","13,219","100.0%","8,045","100.0%","9,319","100.0%","10,057","100.0%","18,145","100.0%","10,804","100.0%","5,879","100.0%","27,240","100.0%","11,809","100.0%","12,038","100.0%","5,815","100.0%","1,566","100.0%","1,605","100.0%","863","100.0%","639","100.0%","694","100.0%","1,002","100.0%","1,708","100.0%","2,313","100.0%","1,687","100.0%","3,966","100.0%","1,253","100.0%","2,968","100.0%","11,928","100.0%","932","100.0%","1,582","100.0%","5,151","100.0%","1,163","100.0%","2,519","100.0%","1,724","100.0%","3,340","100.0%","17,040","100.0%","790","100.0%","2,056","100.0%","9,137","100.0%","5,405","100.0%","4,584","100.0%","0","-","1,793","100.0%","6,283","100.0%","6,162","100.0%","2,112","100.0%","2,828","100.0%","4,477","100.0%","5,637","100.0%","3,329","100.0%","3,540","100.0%","2,601","100.0%","1,882","100.0%","21,671","100.0%","5,870","100.0%","4,128","100.0%","3,976","100.0%","0","-","8,104","100.0%","2,618","100.0%","2,039","100.0%","14,180","100.0%","10,401","100.0%","5,759","100.0%","12,394","100.0%","9,693","100.0%","25,984","100.0%","8,060","100.0%","26,177","100.0%","3,047","100.0%","23,749","100.0%","13,239","100.0%","57,525","100.0%","5,633","100.0%","9,981","100.0%","5,480","100.0%","5,022","100.0%","3,762","100.0%","7,112","100.0%","9,270","100.0%","18,938","100.0%","48,392","100.0%","22,735","100.0%","6,408","100.0%","3,476","100.0%","0","-","1,131","100.0%","6,441","100.0%","9,080","100.0%","790","100.0%","5,027","100.0%","18,154","100.0%","3,147","100.0%","6,150","100.0%","1,728","100.0%","1,220","100.0%","7,402","100.0%","12,119","100.0%","2,226","100.0%","18,769","100.0%","4,988","100.0%","2,049","100.0%","1,719","100.0%","1,268","100.0%","9,447","100.0%","1,135","100.0%","8,873","100.0%","1,324","100.0%","2,045","100.0%","2,294","100.0%","5,273","100.0%","7,054","100.0%","3,618","100.0%","6,956","100.0%","3,622","100.0%","5,237","100.0%","5,630","100.0%","377","100.0%","14,761","100.0%","2,685","100.0%","1,923","100.0%","3,342","100.0%","2,044","100.0%","955","100.0%","806","100.0%","790","100.0%","7,884","100.0%","6,264","100.0%","1,686","100.0%","4,292","100.0%","650","100.0%","1,479","100.0%","4,143","100.0%","9,663","100.0%","3,669","100.0%"
"Occupied housing units","0","-","7,653","95.9%","54,261","92.2%","6,695","94.1%","31,762","94.6%","6,814","93.8%","2,605","94.5%","20,820","94.7%","23,316","90.8%","6,690","96.7%","6,923","92.3%","4,948","87.8%","9,766","94.6%","36,078","94.6%","3,356","91.6%","8,968","94.3%","16,356","95.2%","1,425","77.7%","53,241","93.5%","20,435","94.4%","12,622","95.9%","3,420","93.2%","9,720","92.0%","6,210","94.6%","7,260","94.1%","8,264","96.4%","9,125","93.9%","25,721","94.4%","3,484","96.0%","4,194","95.7%","2,075","95.1%","20,162","94.4%","4,996","93.4%","16,858","95.0%","11,045","94.7%","13,799","95.3%","4,233","95.2%","47,112","88.5%","768","91.1%","25,108","94.9%","2,294","96.1%","29,054","92.2%","12,771","96.6%","7,710","95.8%","8,789","94.3%","9,583","95.3%","17,440","96.1%","10,350","95.8%","5,540","94.2%","25,825","94.8%","11,396","96.5%","11,511","95.6%","5,554","95.5%","1,457","93.0%","1,398","87.1%","728","84.4%","480","75.1%","584","84.1%","732","73.1%","1,285","75.2%","2,179","94.2%","1,285","76.2%","3,467","87.4%","933","74.5%","2,681","90.3%","10,994","92.2%","715","76.7%","1,399","88.4%","4,856","94.3%","979","84.2%","1,717","68.2%","1,238","71.8%","3,145","94.2%","15,490","90.9%","580","73.4%","1,526","74.2%","8,742","95.7%","4,661","86.2%","4,251","92.7%","0","-","1,632","91.0%","5,547","88.3%","5,923","96.1%","1,966","93.1%","2,711","95.9%","3,690","82.4%","5,182","91.9%","3,037","91.2%","3,289","92.9%","2,446","94.0%","1,757","93.4%","20,081","92.7%","4,590","78.2%","3,864","93.6%","2,970","74.7%","0","-","7,570","93.4%","2,485","94.9%","1,948","95.5%","13,069","92.2%","10,041","96.5%","5,408","93.9%","11,635","93.9%","8,813","90.9%","23,988","92.3%","6,987","86.7%","24,346","93.0%","2,859","93.8%","22,338","94.1%","12,432","93.9%","52,263","90.9%","5,323","94.5%","9,546","95.6%","5,282","96.4%","4,774","95.1%","3,627","96.4%","6,779","95.3%","8,587","92.6%","18,104","95.6%","44,425","91.8%","21,409","94.2%","6,141","95.8%","3,258","93.7%","0","-","1,008","89.1%","6,108","94.8%","7,777","85.6%","739","93.5%","4,623","92.0%","16,178","89.1%","2,768","88.0%","5,820","94.6%","1,651","95.5%","1,038","85.1%","6,928","93.6%","10,724","88.5%","2,018","90.7%","16,816","89.6%","3,278","65.7%","1,920","93.7%","1,599","93.0%","1,171","92.4%","8,163","86.4%","1,040","91.6%","8,205","92.5%","1,271","96.0%","1,947","95.2%","2,103","91.7%","4,879","92.5%","6,696","94.9%","3,425","94.7%","6,251","89.9%","3,438","94.9%","4,796","91.6%","5,381","95.6%","339","89.9%","13,918","94.3%","2,450","91.2%","1,738","90.4%","3,193","95.5%","1,947","95.3%","892","93.4%","699","86.7%","743","94.1%","7,244","91.9%","5,887","94.0%","1,562","92.6%","4,002","93.2%","613","94.3%","1,404","94.9%","3,819","92.2%","8,924","92.4%","3,207","87.4%"
"Vacant housing units","0","-","327","4.1%","4,613","7.8%","421","5.9%","1,800","5.4%","451","6.2%","151","5.5%","1,162","5.3%","2,361","9.2%","228","3.3%","579","7.7%","687","12.2%","556","5.4%","2,074","5.4%","308","8.4%","538","5.7%","818","4.8%","409","22.3%","3,712","6.5%","1,208","5.6%","537","4.1%","251","6.8%","847","8.0%","357","5.4%","453","5.9%","307","3.6%","592","6.1%","1,530","5.6%","144","4.0%","189","4.3%","108","4.9%","1,199","5.6%","352","6.6%","883","5.0%","622","5.3%","682","4.7%","215","4.8%","6,147","11.5%","75","8.9%","1,337","5.1%","94","3.9%","2,456","7.8%","448","3.4%","335","4.2%","530","5.7%","474","4.7%","705","3.9%","454","4.2%","339","5.8%","1,415","5.2%","413","3.5%","527","4.4%","261","4.5%","109","7.0%","207","12.9%","135","15.6%","159","24.9%","110","15.9%","270","26.9%","423","24.8%","134","5.8%","402","23.8%","499","12.6%","320","25.5%","287","9.7%","934","7.8%","217","23.3%","183","11.6%","295","5.7%","184","15.8%","802","31.8%","486","28.2%","195","5.8%","1,550","9.1%","210","26.6%","530","25.8%","395","4.3%","744","13.8%","333","7.3%","0","-","161","9.0%","736","11.7%","239","3.9%","146","6.9%","117","4.1%","787","17.6%","455","8.1%","292","8.8%","251","7.1%","155","6.0%","125","6.6%","1,590","7.3%","1,280","21.8%","264","6.4%","1,006","25.3%","0","-","534","6.6%","133","5.1%","91","4.5%","1,111","7.8%","360","3.5%","351","6.1%","759","6.1%","880","9.1%","1,996","7.7%","1,073","13.3%","1,831","7.0%","188","6.2%","1,411","5.9%","807","6.1%","5,262","9.1%","310","5.5%","435","4.4%","198","3.6%","248","4.9%","135","3.6%","333","4.7%","683","7.4%","834","4.4%","3,967","8.2%","1,326","5.8%","267","4.2%","218","6.3%","0","-","123","10.9%","333","5.2%","1,303","14.4%","51","6.5%","404","8.0%","1,976","10.9%","379","12.0%","330","5.4%","77","4.5%","182","14.9%","474","6.4%","1,395","11.5%","208","9.3%","1,953","10.4%","1,710","34.3%","129","6.3%","120","7.0%","97","7.6%","1,284","13.6%","95","8.4%","668","7.5%","53","4.0%","98","4.8%","191","8.3%","394","7.5%","358","5.1%","193","5.3%","705","10.1%","184","5.1%","441","8.4%","249","4.4%","38","10.1%","843","5.7%","235","8.8%","185","9.6%","149","4.5%","97","4.7%","63","6.6%","107","13.3%","47","5.9%","640","8.1%","377","6.0%","124","7.4%","290","6.8%","37","5.7%","75","5.1%","324","7.8%","739","7.6%","462","12.6%"
"For rent","0","-","100","1.3%","2,321","3.9%","74","1.0%","750","2.2%","71","1.0%","19","0.7%","228","1.0%","532","2.1%","11","0.2%","107","1.4%","24","0.4%","60","0.6%","977","2.6%","29","0.8%","78","0.8%","219","1.3%","3","0.2%","2,067","3.6%","385","1.8%","150","1.1%","13","0.4%","132","1.2%","60","0.9%","92","1.2%","55","0.6%","247","2.5%","586","2.2%","11","0.3%","18","0.4%","20","0.9%","597","2.8%","98","1.8%","272","1.5%","215","1.8%","228","1.6%","25","0.6%","3,686","6.9%","2","0.2%","653","2.5%","2","0.1%","1,134","3.6%","121","0.9%","121","1.5%","320","3.4%","134","1.3%","158","0.9%","123","1.1%","66","1.1%","647","2.4%","86","0.7%","150","1.2%","102","1.8%","3","0.2%","10","0.6%","4","0.5%","5","0.8%","13","1.9%","9","0.9%","16","0.9%","5","0.2%","23","1.4%","63","1.6%","29","2.3%","37","1.2%","148","1.2%","18","1.9%","59","3.7%","58","1.1%","15","1.3%","54","2.1%","26","1.5%","28","0.8%","364","2.1%","7","0.9%","43","2.1%","77","0.8%","127","2.3%","59","1.3%","0","-","15","0.8%","80","1.3%","44","0.7%","20","0.9%","4","0.1%","38","0.8%","69","1.2%","31","0.9%","30","0.8%","12","0.5%","13","0.7%","733","3.4%","67","1.1%","55","1.3%","35","0.9%","0","-","186","2.3%","26","1.0%","11","0.5%","183","1.3%","93","0.9%","136","2.4%","230","1.9%","120","1.2%","1,134","4.4%","80","1.0%","749","2.9%","10","0.3%","387","1.6%","328","2.5%","3,000","5.2%","128","2.3%","159","1.6%","41","0.7%","27","0.5%","10","0.3%","106","1.5%","77","0.8%","270","1.4%","1,976","4.1%","580","2.6%","47","0.7%","91","2.6%","0","-","74","6.5%","81","1.3%","102","1.1%","4","0.5%","97","1.9%","816","4.5%","19","0.6%","45","0.7%","2","0.1%","7","0.6%","119","1.6%","586","4.8%","13","0.6%","727","3.9%","50","1.0%","12","0.6%","19","1.1%","30","2.4%","176","1.9%","5","0.4%","88","1.0%","0","0.0%","9","0.4%","15","0.7%","34","0.6%","114","1.6%","16","0.4%","298","4.3%","41","1.1%","83","1.6%","63","1.1%","1","0.3%","302","2.0%","88","3.3%","40","2.1%","33","1.0%","10","0.5%","12","1.3%","6","0.7%","7","0.9%","133","1.7%","79","1.3%","14","0.8%","73","1.7%","0","0.0%","8","0.5%","55","1.3%","275","2.8%","30","0.8%"
"Rented, not occupied","0","-","4","0.1%","338","0.6%","2","0.0%","69","0.2%","9","0.1%","6","0.2%","30","0.1%","92","0.4%","0","0.0%","20","0.3%","9","0.2%","8","0.1%","94","0.2%","11","0.3%","21","0.2%","37","0.2%","2","0.1%","169","0.3%","26","0.1%","10","0.1%","3","0.1%","17","0.2%","7","0.1%","14","0.2%","12","0.1%","36","0.4%","63","0.2%","2","0.1%","5","0.1%","4","0.2%","43","0.2%","6","0.1%","41","0.2%","31","0.3%","32","0.2%","5","0.1%","330","0.6%","0","0.0%","50","0.2%","0","0.0%","132","0.4%","14","0.1%","19","0.2%","12","0.1%","16","0.2%","26","0.1%","2","0.0%","10","0.2%","70","0.3%","9","0.1%","7","0.1%","5","0.1%","4","0.3%","2","0.1%","2","0.2%","1","0.2%","0","0.0%","7","0.7%","0","0.0%","3","0.1%","16","0.9%","11","0.3%","19","1.5%","1","0.0%","15","0.1%","1","0.1%","4","0.3%","6","0.1%","5","0.4%","7","0.3%","9","0.5%","4","0.1%","38","0.2%","4","0.5%","8","0.4%","17","0.2%","14","0.3%","0","0.0%","0","-","1","0.1%","5","0.1%","14","0.2%","5","0.2%","4","0.1%","7","0.2%","15","0.3%","7","0.2%","3","0.1%","4","0.2%","4","0.2%","70","0.3%","6","0.1%","7","0.2%","8","0.2%","0","-","34","0.4%","5","0.2%","1","0.0%","36","0.3%","0","0.0%","11","0.2%","26","0.2%","17","0.2%","115","0.4%","18","0.2%","60","0.2%","5","0.2%","39","0.2%","27","0.2%","331","0.6%","8","0.1%","25","0.3%","6","0.1%","3","0.1%","3","0.1%","5","0.1%","9","0.1%","29","0.2%","179","0.4%","81","0.4%","8","0.1%","7","0.2%","0","-","0","0.0%","8","0.1%","29","0.3%","4","0.5%","7","0.1%","99","0.5%","6","0.2%","14","0.2%","1","0.1%","0","0.0%","3","0.0%","54","0.4%","6","0.3%","126","0.7%","20","0.4%","2","0.1%","0","0.0%","0","0.0%","41","0.4%","2","0.2%","16","0.2%","3","0.2%","0","0.0%","0","0.0%","22","0.4%","7","0.1%","4","0.1%","88","1.3%","1","0.0%","5","0.1%","5","0.1%","1","0.3%","55","0.4%","29","1.1%","2","0.1%","0","0.0%","0","0.0%","8","0.8%","0","0.0%","0","0.0%","12","0.2%","4","0.1%","1","0.1%","19","0.4%","0","0.0%","1","0.1%","9","0.2%","41","0.4%","3","0.1%"
"For sale only","0","-","65","0.8%","381","0.6%","62","0.9%","207","0.6%","94","1.3%","35","1.3%","232","1.1%","313","1.2%","68","1.0%","94","1.3%","58","1.0%","112","1.1%","224","0.6%","51","1.4%","124","1.3%","103","0.6%","26","1.4%","364","0.6%","236","1.1%","93","0.7%","55","1.5%","158","1.5%","67","1.0%","93","1.2%","53","0.6%","117","1.2%","235","0.9%","35","1.0%","38","0.9%","21","1.0%","132","0.6%","45","0.8%","146","0.8%","90","0.8%","107","0.7%","72","1.6%","251","0.5%","9","1.1%","170","0.6%","26","1.1%","205","0.7%","103","0.8%","43","0.5%","40","0.4%","112","1.1%","136","0.7%","119","1.1%","59","1.0%","220","0.8%","95","0.8%","109","0.9%","28","0.5%","21","1.3%","24","1.5%","17","2.0%","8","1.3%","6","0.9%","13","1.3%","32","1.9%","19","0.8%","27","1.6%","43","1.1%","3","0.2%","19","0.6%","88","0.7%","11","1.2%","13","0.8%","47","0.9%","14","1.2%","28","1.1%","30","1.7%","37","1.1%","182","1.1%","10","1.3%","17","0.8%","68","0.7%","71","1.3%","37","0.8%","0","-","26","1.5%","42","0.7%","37","0.6%","10","0.5%","45","1.6%","50","1.1%","66","1.2%","44","1.3%","18","0.5%","35","1.3%","11","0.6%","130","0.6%","44","0.7%","41","1.0%","42","1.1%","0","-","66","0.8%","18","0.7%","21","1.0%","66","0.5%","58","0.6%","42","0.7%","104","0.8%","104","1.1%","258","1.0%","79","1.0%","208","0.8%","45","1.5%","135","0.6%","178","1.3%","215","0.4%","53","0.9%","69","0.7%","43","0.8%","28","0.6%","25","0.7%","74","1.0%","155","1.7%","110","0.6%","343","0.7%","124","0.5%","59","0.9%","41","1.2%","0","-","12","1.1%","75","1.2%","83","0.9%","4","0.5%","40","0.8%","98","0.5%","20","0.6%","81","1.3%","20","1.2%","20","1.6%","68","0.9%","89","0.7%","8","0.4%","207","1.1%","41","0.8%","19","0.9%","13","0.8%","17","1.3%","83","0.9%","10","0.9%","83","0.9%","2","0.2%","31","1.5%","25","1.1%","46","0.9%","60","0.9%","39","1.1%","79","1.1%","34","0.9%","31","0.6%","56","1.0%","3","0.8%","83","0.6%","26","1.0%","18","0.9%","24","0.7%","23","1.1%","4","0.4%","12","1.5%","10","1.3%","68","0.9%","43","0.7%","18","1.1%","32","0.7%","8","1.2%","6","0.4%","34","0.8%","73","0.8%","47","1.3%"
"Sold, not occupied","0","-","20","0.3%","165","0.3%","18","0.3%","70","0.2%","23","0.3%","3","0.1%","91","0.4%","130","0.5%","22","0.3%","32","0.4%","7","0.1%","23","0.2%","64","0.2%","4","0.1%","39","0.4%","42","0.2%","7","0.4%","104","0.2%","73","0.3%","30","0.2%","17","0.5%","58","0.5%","17","0.3%","28","0.4%","13","0.2%","15","0.2%","85","0.3%","6","0.2%","11","0.3%","11","0.5%","54","0.3%","7","0.1%","29","0.2%","12","0.1%","60","0.4%","11","0.2%","202","0.4%","4","0.5%","51","0.2%","5","0.2%","56","0.2%","11","0.1%","21","0.3%","21","0.2%","21","0.2%","45","0.2%","18","0.2%","27","0.5%","86","0.3%","26","0.2%","37","0.3%","11","0.2%","3","0.2%","5","0.3%","6","0.7%","0","0.0%","2","0.3%","10","1.0%","2","0.1%","5","0.2%","26","1.5%","13","0.3%","1","0.1%","15","0.5%","38","0.3%","7","0.8%","9","0.6%","17","0.3%","4","0.3%","12","0.5%","25","1.5%","10","0.3%","60","0.4%","16","2.0%","22","1.1%","5","0.1%","27","0.5%","2","0.0%","0","-","4","0.2%","8","0.1%","6","0.1%","0","0.0%","4","0.1%","11","0.2%","16","0.3%","10","0.3%","11","0.3%","15","0.6%","10","0.5%","43","0.2%","19","0.3%","10","0.2%","9","0.2%","0","-","20","0.2%","22","0.8%","8","0.4%","48","0.3%","21","0.2%","25","0.4%","18","0.1%","33","0.3%","65","0.3%","18","0.2%","63","0.2%","8","0.3%","78","0.3%","20","0.2%","172","0.3%","19","0.3%","18","0.2%","2","0.0%","15","0.3%","2","0.1%","12","0.2%","30","0.3%","37","0.2%","166","0.3%","45","0.2%","20","0.3%","2","0.1%","0","-","0","0.0%","7","0.1%","29","0.3%","3","0.4%","20","0.4%","60","0.3%","13","0.4%","18","0.3%","2","0.1%","11","0.9%","18","0.2%","58","0.5%","5","0.2%","77","0.4%","24","0.5%","10","0.5%","10","0.6%","7","0.6%","20","0.2%","3","0.3%","31","0.3%","0","0.0%","2","0.1%","9","0.4%","24","0.5%","19","0.3%","4","0.1%","25","0.4%","6","0.2%","16","0.3%","17","0.3%","0","0.0%","18","0.1%","2","0.1%","3","0.2%","4","0.1%","4","0.2%","1","0.1%","4","0.5%","3","0.4%","14","0.2%","22","0.4%","7","0.4%","19","0.4%","5","0.8%","5","0.3%","2","0.0%","59","0.6%","30","0.8%"
"For seasonal, recreational, or occasional use","0","-","57","0.7%","132","0.2%","188","2.6%","370","1.1%","144","2.0%","50","1.8%","285","1.3%","689","2.7%","30","0.4%","232","3.1%","512","9.1%","181","1.8%","256","0.7%","130","3.5%","184","1.9%","95","0.6%","345","18.8%","339","0.6%","199","0.9%","83","0.6%","111","3.0%","327","3.1%","147","2.2%","140","1.8%","59","0.7%","58","0.6%","136","0.5%","31","0.9%","27","0.6%","16","0.7%","78","0.4%","40","0.7%","106","0.6%","145","1.2%","125","0.9%","62","1.4%","102","0.2%","40","4.7%","80","0.3%","25","1.0%","62","0.2%","61","0.5%","26","0.3%","58","0.6%","94","0.9%","156","0.9%","72","0.7%","75","1.3%","183","0.7%","58","0.5%","71","0.6%","38","0.7%","49","3.1%","116","7.2%","80","9.3%","119","18.6%","66","9.5%","199","19.9%","328","19.2%","49","2.1%","255","15.1%","259","6.5%","246","19.6%","180","6.1%","450","3.8%","138","14.8%","37","2.3%","61","1.2%","123","10.6%","620","24.6%","329","19.1%","44","1.3%","368","2.2%","156","19.7%","394","19.2%","65","0.7%","338","6.3%","126","2.7%","0","-","79","4.4%","512","8.1%","50","0.8%","65","3.1%","20","0.7%","585","13.1%","211","3.7%","133","4.0%","125","3.5%","54","2.1%","44","2.3%","140","0.6%","1,072","18.3%","77","1.9%","851","21.4%","0","-","33","0.4%","35","1.3%","14","0.7%","552","3.9%","85","0.8%","19","0.3%","230","1.9%","473","4.9%","110","0.4%","782","9.7%","55","0.2%","71","2.3%","519","2.2%","30","0.2%","200","0.3%","34","0.6%","62","0.6%","37","0.7%","102","2.0%","37","1.0%","30","0.4%","277","3.0%","111","0.6%","123","0.3%","100","0.4%","63","1.0%","37","1.1%","0","-","18","1.6%","67","1.0%","950","10.5%","15","1.9%","126","2.5%","692","3.8%","265","8.4%","78","1.3%","14","0.8%","127","10.4%","125","1.7%","182","1.5%","124","5.6%","165","0.9%","1,524","30.6%","40","2.0%","66","3.8%","3","0.2%","711","7.5%","54","4.8%","282","3.2%","32","2.4%","27","1.3%","100","4.4%","168","3.2%","78","1.1%","96","2.7%","63","0.9%","37","1.0%","143","2.7%","34","0.6%","32","8.5%","87","0.6%","26","1.0%","66","3.4%","15","0.4%","24","1.2%","6","0.6%","53","6.6%","3","0.4%","181","2.3%","60","1.0%","29","1.7%","37","0.9%","15","2.3%","10","0.7%","137","3.3%","48","0.5%","281","7.7%"
"All other vacants","0","-","81","1.0%","1,276","2.2%","77","1.1%","334","1.0%","110","1.5%","38","1.4%","296","1.3%","605","2.4%","97","1.4%","94","1.3%","77","1.4%","172","1.7%","459","1.2%","83","2.3%","92","1.0%","322","1.9%","26","1.4%","669","1.2%","289","1.3%","171","1.3%","52","1.4%","155","1.5%","59","0.9%","86","1.1%","115","1.3%","119","1.2%","425","1.6%","59","1.6%","90","2.1%","36","1.6%","295","1.4%","156","2.9%","289","1.6%","129","1.1%","130","0.9%","40","0.9%","1,576","3.0%","20","2.4%","333","1.3%","36","1.5%","867","2.8%","138","1.0%","105","1.3%","79","0.8%","97","1.0%","184","1.0%","120","1.1%","102","1.7%","209","0.8%","139","1.2%","153","1.3%","77","1.3%","29","1.9%","50","3.1%","26","3.0%","26","4.1%","23","3.3%","32","3.2%","45","2.6%","53","2.3%","55","3.3%","110","2.8%","22","1.8%","35","1.2%","195","1.6%","42","4.5%","61","3.9%","106","2.1%","23","2.0%","81","3.2%","67","3.9%","72","2.2%","538","3.2%","17","2.2%","46","2.2%","163","1.8%","167","3.1%","109","2.4%","0","-","36","2.0%","89","1.4%","88","1.4%","46","2.2%","40","1.4%","96","2.1%","78","1.4%","67","2.0%","64","1.8%","35","1.3%","43","2.3%","474","2.2%","72","1.2%","74","1.8%","61","1.5%","0","-","195","2.4%","27","1.0%","36","1.8%","226","1.6%","103","1.0%","118","2.0%","151","1.2%","133","1.4%","314","1.2%","96","1.2%","696","2.7%","49","1.6%","253","1.1%","224","1.7%","1,344","2.3%","68","1.2%","102","1.0%","69","1.3%","73","1.5%","58","1.5%","106","1.5%","135","1.5%","277","1.5%","1,180","2.4%","396","1.7%","70","1.1%","40","1.2%","0","-","19","1.7%","95","1.5%","110","1.2%","21","2.7%","114","2.3%","211","1.2%","56","1.8%","94","1.5%","38","2.2%","17","1.4%","141","1.9%","426","3.5%","52","2.3%","651","3.5%","51","1.0%","46","2.2%","12","0.7%","40","3.2%","253","2.7%","21","1.9%","168","1.9%","16","1.2%","29","1.4%","42","1.8%","100","1.9%","80","1.1%","34","0.9%","152","2.2%","65","1.8%","163","3.1%","74","1.3%","1","0.3%","298","2.0%","64","2.4%","56","2.9%","73","2.2%","36","1.8%","32","3.4%","32","4.0%","24","3.0%","232","2.9%","169","2.7%","55","3.3%","110","2.6%","9","1.4%","45","3.0%","87","2.1%","243","2.5%","71","1.9%"
"VACANCY RATES","","","","","","","","","","","","","","","","","","","","","","","","","","","","","","","","","","","","","","","","","","","","","","","","","","","","","","","","","","","","","","","","","","","","","","","","","","","","","","","","","","","","","","","","","","","","","","","","","","","","","","","","","","","","","","","","","","","","","","","","","","","","","","","","","","","","","","","","","","","","","","","","","","","","","","","","","","","","","","","","","","","","","","","","","","","","","","","","","","","","","","","","","","","","","","","","","","","","","","","","","","","","","","","","","","","","","","","","","","","","","","","","","","","","","","","","","","","","","","","","","","","","","","","","","","","","","","","","","","","","","","","","","","","","","","","","","","","","","","","","","","","","","","","","","","","","","","","","","","","","","","","","","","","","","","","","","","","","","","","","","","","","","","","","","","","","","","","","","","","","","","","","","",""
"Homeowner vacancy rate (percent) [4]","0.0","(X)","1.1","(X)","1.8","(X)","1.1","(X)","1.2","(X)","1.6","(X)","1.4","(X)","1.4","(X)","2.0","(X)","1.1","(X)","1.7","(X)","1.3","(X)","1.3","(X)","1.1","(X)","1.8","(X)","1.6","(X)","0.8","(X)","2.0","(X)","1.4","(X)","1.5","(X)","0.8","(X)","1.7","(X)","1.9","(X)","1.2","(X)","1.5","(X)","0.8","(X)","1.8","(X)","1.5","(X)","1.1","(X)","1.1","(X)","1.2","(X)","1.1","(X)","1.4","(X)","1.2","(X)","1.1","(X)","1.0","(X)","1.9","(X)","2.3","(X)","1.3","(X)","1.3","(X)","1.2","(X)","1.8","(X)","1.0","(X)","0.8","(X)","0.7","(X)","1.5","(X)","0.9","(X)","1.4","(X)","1.3","(X)","1.2","(X)","1.1","(X)","1.2","(X)","0.7","(X)","1.6","(X)","2.0","(X)","2.5","(X)","2.1","(X)","1.2","(X)","2.1","(X)","2.7","(X)","0.9","(X)","2.7","(X)","1.6","(X)","0.4","(X)","0.8","(X)","1.0","(X)","2.0","(X)","1.5","(X)","1.2","(X)","1.6","(X)","2.2","(X)","2.9","(X)","1.6","(X)","1.8","(X)","1.8","(X)","1.4","(X)","1.0","(X)","2.4","(X)","1.1","(X)","0.0","(X)","2.1","(X)","0.9","(X)","0.8","(X)","0.7","(X)","1.8","(X)","1.6","(X)","1.5","(X)","1.8","(X)","0.6","(X)","1.5","(X)","0.7","(X)","1.2","(X)","1.2","(X)","1.3","(X)","1.8","(X)","0.0","(X)","1.5","(X)","0.9","(X)","1.1","(X)","0.7","(X)","0.7","(X)","1.3","(X)","1.3","(X)","1.4","(X)","1.7","(X)","1.3","(X)","1.5","(X)","1.7","(X)","0.8","(X)","2.2","(X)","1.6","(X)","1.2","(X)","0.9","(X)","0.9","(X)","0.6","(X)","0.7","(X)","1.5","(X)","2.1","(X)","0.9","(X)","1.8","(X)","1.1","(X)","1.1","(X)","1.4","(X)","0.0","(X)","1.4","(X)","1.6","(X)","1.4","(X)","0.6","(X)","1.2","(X)","1.2","(X)","0.8","(X)","1.6","(X)","1.3","(X)","2.2","(X)","1.2","(X)","2.3","(X)","0.4","(X)","2.5","(X)","1.4","(X)","1.1","(X)","0.9","(X)","2.1","(X)","1.4","(X)","1.1","(X)","1.2","(X)","0.2","(X)","1.8","(X)","1.3","(X)","1.1","(X)","1.3","(X)","1.3","(X)","2.2","(X)","1.1","(X)","0.9","(X)","1.1","(X)","0.9","(X)","1.1","(X)","1.5","(X)","1.4","(X)","1.0","(X)","1.3","(X)","0.5","(X)","2.1","(X)","1.5","(X)","1.4","(X)","1.0","(X)","1.4","(X)","1.3","(X)","1.4","(X)","0.5","(X)","1.1","(X)","1.8","(X)","1.7","(X)"
"Rental vacancy rate (percent) [5]","0.0","(X)","4.8","(X)","6.3","(X)","5.6","(X)","4.8","(X)","6.3","(X)","8.3","(X)","5.3","(X)","6.2","(X)","1.9","(X)","6.8","(X)","5.6","(X)","5.1","(X)","5.7","(X)","5.4","(X)","4.6","(X)","5.4","(X)","2.3","(X)","6.8","(X)","7.5","(X)","9.1","(X)","4.9","(X)","7.6","(X)","6.0","(X)","7.0","(X)","3.5","(X)","8.1","(X)","5.6","(X)","4.4","(X)","2.2","(X)","5.5","(X)","6.4","(X)","5.3","(X)","5.6","(X)","6.5","(X)","7.3","(X)","5.2","(X)","9.1","(X)","2.8","(X)","5.2","(X)","1.1","(X)","6.0","(X)","4.0","(X)","4.7","(X)","9.1","(X)","5.8","(X)","4.6","(X)","6.2","(X)","6.3","(X)","7.3","(X)","3.1","(X)","5.9","(X)","6.6","(X)","1.7","(X)","4.0","(X)","4.5","(X)","4.8","(X)","14.8","(X)","5.8","(X)","11.3","(X)","2.8","(X)","5.9","(X)","7.0","(X)","12.2","(X)","8.7","(X)","5.3","(X)","9.1","(X)","9.9","(X)","5.1","(X)","9.4","(X)","9.9","(X)","9.4","(X)","3.3","(X)","5.8","(X)","11.9","(X)","10.3","(X)","3.9","(X)","6.4","(X)","5.3","(X)","0.0","(X)","3.5","(X)","6.5","(X)","3.2","(X)","3.9","(X)","1.8","(X)","6.1","(X)","7.2","(X)","4.2","(X)","7.4","(X)","8.0","(X)","4.8","(X)","7.0","(X)","6.7","(X)","6.6","(X)","4.6","(X)","0.0","(X)","5.2","(X)","5.1","(X)","7.6","(X)","4.1","(X)","6.3","(X)","5.5","(X)","6.2","(X)","7.9","(X)","10.8","(X)","7.5","(X)","6.5","(X)","3.1","(X)","6.3","(X)","6.9","(X)","7.1","(X)","13.8","(X)","7.8","(X)","5.8","(X)","6.6","(X)","3.5","(X)","5.1","(X)","5.5","(X)","4.8","(X)","7.0","(X)","5.4","(X)","5.1","(X)","17.2","(X)","0.0","(X)","28.4","(X)","5.6","(X)","5.2","(X)","3.7","(X)","6.9","(X)","9.1","(X)","5.2","(X)","4.3","(X)","1.1","(X)","4.5","(X)","7.3","(X)","7.8","(X)","5.1","(X)","7.6","(X)","8.7","(X)","3.9","(X)","8.1","(X)","6.9","(X)","6.7","(X)","3.1","(X)","5.4","(X)","0.0","(X)","3.4","(X)","7.6","(X)","4.8","(X)","4.9","(X)","4.2","(X)","9.5","(X)","8.0","(X)","6.2","(X)","10.9","(X)","3.6","(X)","4.2","(X)","9.7","(X)","8.5","(X)","3.9","(X)","3.9","(X)","6.6","(X)","4.2","(X)","7.6","(X)","5.3","(X)","4.1","(X)","4.0","(X)","4.1","(X)","0.0","(X)","3.0","(X)","6.3","(X)","5.3","(X)","5.8","(X)"
"HOUSING TENURE","","","","","","","","","","","","","","","","","","","","","","","","","","","","","","","","","","","","","","","","","","","","","","","","","","","","","","","","","","","","","","","","","","","","","","","","","","","","","","","","","","","","","","","","","","","","","","","","","","","","","","","","","","","","","","","","","","","","","","","","","","","","","","","","","","","","","","","","","","","","","","","","","","","","","","","","","","","","","","","","","","","","","","","","","","","","","","","","","","","","","","","","","","","","","","","","","","","","","","","","","","","","","","","","","","","","","","","","","","","","","","","","","","","","","","","","","","","","","","","","","","","","","","","","","","","","","","","","","","","","","","","","","","","","","","","","","","","","","","","","","","","","","","","","","","","","","","","","","","","","","","","","","","","","","","","","","","","","","","","","","","","","","","","","","","","","","","","","","","","","","","","","","",""
"Occupied housing units","0","-","7,653","100.0%","54,261","100.0%","6,695","100.0%","31,762","100.0%","6,814","100.0%","2,605","100.0%","20,820","100.0%","23,316","100.0%","6,690","100.0%","6,923","100.0%","4,948","100.0%","9,766","100.0%","36,078","100.0%","3,356","100.0%","8,968","100.0%","16,356","100.0%","1,425","100.0%","53,241","100.0%","20,435","100.0%","12,622","100.0%","3,420","100.0%","9,720","100.0%","6,210","100.0%","7,260","100.0%","8,264","100.0%","9,125","100.0%","25,721","100.0%","3,484","100.0%","4,194","100.0%","2,075","100.0%","20,162","100.0%","4,996","100.0%","16,858","100.0%","11,045","100.0%","13,799","100.0%","4,233","100.0%","47,112","100.0%","768","100.0%","25,108","100.0%","2,294","100.0%","29,054","100.0%","12,771","100.0%","7,710","100.0%","8,789","100.0%","9,583","100.0%","17,440","100.0%","10,350","100.0%","5,540","100.0%","25,825","100.0%","11,396","100.0%","11,511","100.0%","5,554","100.0%","1,457","100.0%","1,398","100.0%","728","100.0%","480","100.0%","584","100.0%","732","100.0%","1,285","100.0%","2,179","100.0%","1,285","100.0%","3,467","100.0%","933","100.0%","2,681","100.0%","10,994","100.0%","715","100.0%","1,399","100.0%","4,856","100.0%","979","100.0%","1,717","100.0%","1,238","100.0%","3,145","100.0%","15,490","100.0%","580","100.0%","1,526","100.0%","8,742","100.0%","4,661","100.0%","4,251","100.0%","0","-","1,632","100.0%","5,547","100.0%","5,923","100.0%","1,966","100.0%","2,711","100.0%","3,690","100.0%","5,182","100.0%","3,037","100.0%","3,289","100.0%","2,446","100.0%","1,757","100.0%","20,081","100.0%","4,590","100.0%","3,864","100.0%","2,970","100.0%","0","-","7,570","100.0%","2,485","100.0%","1,948","100.0%","13,069","100.0%","10,041","100.0%","5,408","100.0%","11,635","100.0%","8,813","100.0%","23,988","100.0%","6,987","100.0%","24,346","100.0%","2,859","100.0%","22,338","100.0%","12,432","100.0%","52,263","100.0%","5,323","100.0%","9,546","100.0%","5,282","100.0%","4,774","100.0%","3,627","100.0%","6,779","100.0%","8,587","100.0%","18,104","100.0%","44,425","100.0%","21,409","100.0%","6,141","100.0%","3,258","100.0%","0","-","1,008","100.0%","6,108","100.0%","7,777","100.0%","739","100.0%","4,623","100.0%","16,178","100.0%","2,768","100.0%","5,820","100.0%","1,651","100.0%","1,038","100.0%","6,928","100.0%","10,724","100.0%","2,018","100.0%","16,816","100.0%","3,278","100.0%","1,920","100.0%","1,599","100.0%","1,171","100.0%","8,163","100.0%","1,040","100.0%","8,205","100.0%","1,271","100.0%","1,947","100.0%","2,103","100.0%","4,879","100.0%","6,696","100.0%","3,425","100.0%","6,251","100.0%","3,438","100.0%","4,796","100.0%","5,381","100.0%","339","100.0%","13,918","100.0%","2,450","100.0%","1,738","100.0%","3,193","100.0%","1,947","100.0%","892","100.0%","699","100.0%","743","100.0%","7,244","100.0%","5,887","100.0%","1,562","100.0%","4,002","100.0%","613","100.0%","1,404","100.0%","3,819","100.0%","8,924","100.0%","3,207","100.0%"
"Owner-occupied housing units","0","-","5,657","73.9%","20,080","37.0%","5,438","81.2%","17,057","53.7%","5,773","84.7%","2,402","92.2%","16,779","80.6%","15,424","66.2%","6,121","91.5%","5,480","79.2%","4,553","92.0%","8,654","88.6%","19,998","55.4%","2,857","85.1%","7,382","82.3%","12,559","76.8%","1,300","91.2%","25,286","47.5%","15,713","76.9%","11,135","88.2%","3,168","92.6%","8,121","83.5%","5,283","85.1%","6,047","83.3%","6,769","81.9%","6,353","69.6%","15,856","61.6%","3,246","93.2%","3,404","81.2%","1,737","83.7%","11,425","56.7%","3,267","65.4%","12,328","73.1%","7,964","72.1%","10,927","79.2%","3,781","89.3%","10,578","22.5%","699","91.0%","13,325","53.1%","2,122","92.5%","11,394","39.2%","9,878","77.3%","5,283","68.5%","5,608","63.8%","7,422","77.4%","14,182","81.3%","8,490","82.0%","4,566","82.4%","17,665","68.4%","8,703","76.4%","9,142","79.4%","4,117","74.1%","1,289","88.5%","1,159","82.9%","645","88.6%","381","79.4%","509","87.2%","592","80.9%","1,160","90.3%","2,011","92.3%","931","72.5%","2,643","76.2%","744","79.7%","2,294","85.6%","8,358","76.0%","537","75.1%","866","61.9%","3,787","78.0%","840","85.8%","1,233","71.8%","995","80.4%","2,325","73.9%","9,648","62.3%","532","91.7%","1,160","76.0%","6,856","78.4%","2,809","60.3%","3,202","75.3%","0","-","1,216","74.5%","4,392","79.2%","4,622","78.0%","1,473","74.9%","2,491","91.9%","3,114","84.4%","4,306","83.1%","2,345","77.2%","2,919","88.8%","2,312","94.5%","1,502","85.5%","10,422","51.9%","3,661","79.8%","3,093","80.0%","2,249","75.7%","0","-","4,222","55.8%","2,003","80.6%","1,815","93.2%","8,868","67.9%","8,657","86.2%","3,065","56.7%","8,181","70.3%","7,431","84.3%","14,779","61.6%","6,013","86.1%","13,706","56.3%","2,553","89.3%","16,591","74.3%","8,014","64.5%","13,350","25.5%","4,534","85.2%","7,689","80.5%","4,625","87.6%","4,394","92.0%","3,354","92.5%","4,826","71.2%","7,278","84.8%","12,761","70.5%","18,265","41.1%","11,377","53.1%","5,273","85.9%","2,828","86.8%","0","-","821","81.4%","4,746","77.7%","5,933","76.3%","639","86.5%","3,320","71.8%","8,106","50.1%","2,429","87.8%","4,828","83.0%","1,466","88.8%","890","85.7%","5,413","78.1%","3,805","35.5%","1,784","88.4%","8,050","47.9%","2,775","84.7%","1,625","84.6%","1,382","86.4%","768","65.6%","5,761","70.6%","888","85.4%","6,690","81.5%","1,116","87.8%","1,688","86.7%","1,920","91.3%","4,229","86.7%","4,509","67.3%","3,068","89.6%","3,505","56.1%","2,966","86.3%","3,551","74.0%","4,872","90.5%","313","92.3%","7,156","51.4%","1,662","67.8%","1,308","75.3%","2,376","74.4%","1,698","87.2%","729","81.7%","563","80.5%","658","88.6%","4,896","67.6%","4,066","69.1%","1,227","78.6%","2,323","58.0%","540","88.1%","1,147","81.7%","3,010","78.8%","4,027","45.1%","2,725","85.0%"
"Renter-occupied housing units","0","-","1,996","26.1%","34,181","63.0%","1,257","18.8%","14,705","46.3%","1,041","15.3%","203","7.8%","4,041","19.4%","7,892","33.8%","569","8.5%","1,443","20.8%","395","8.0%","1,112","11.4%","16,080","44.6%","499","14.9%","1,586","17.7%","3,797","23.2%","125","8.8%","27,955","52.5%","4,722","23.1%","1,487","11.8%","252","7.4%","1,599","16.5%","927","14.9%","1,213","16.7%","1,495","18.1%","2,772","30.4%","9,865","38.4%","238","6.8%","790","18.8%","338","16.3%","8,737","43.3%","1,729","34.6%","4,530","26.9%","3,081","27.9%","2,872","20.8%","452","10.7%","36,534","77.5%","69","9.0%","11,783","46.9%","172","7.5%","17,660","60.8%","2,893","22.7%","2,427","31.5%","3,181","36.2%","2,161","22.6%","3,258","18.7%","1,860","18.0%","974","17.6%","8,160","31.6%","2,693","23.6%","2,369","20.6%","1,437","25.9%","168","11.5%","239","17.1%","83","11.4%","99","20.6%","75","12.8%","140","19.1%","125","9.7%","168","7.7%","354","27.5%","824","23.8%","189","20.3%","387","14.4%","2,636","24.0%","178","24.9%","533","38.1%","1,069","22.0%","139","14.2%","484","28.2%","243","19.6%","820","26.1%","5,842","37.7%","48","8.3%","366","24.0%","1,886","21.6%","1,852","39.7%","1,049","24.7%","0","-","416","25.5%","1,155","20.8%","1,301","22.0%","493","25.1%","220","8.1%","576","15.6%","876","16.9%","692","22.8%","370","11.2%","134","5.5%","255","14.5%","9,659","48.1%","929","20.2%","771","20.0%","721","24.3%","0","-","3,348","44.2%","482","19.4%","133","6.8%","4,201","32.1%","1,384","13.8%","2,343","43.3%","3,454","29.7%","1,382","15.7%","9,209","38.4%","974","13.9%","10,640","43.7%","306","10.7%","5,747","25.7%","4,418","35.5%","38,913","74.5%","789","14.8%","1,857","19.5%","657","12.4%","380","8.0%","273","7.5%","1,953","28.8%","1,309","15.2%","5,343","29.5%","26,160","58.9%","10,032","46.9%","868","14.1%","430","13.2%","0","-","187","18.6%","1,362","22.3%","1,844","23.7%","100","13.5%","1,303","28.2%","8,072","49.9%","339","12.2%","992","17.0%","185","11.2%","148","14.3%","1,515","21.9%","6,919","64.5%","234","11.6%","8,766","52.1%","503","15.3%","295","15.4%","217","13.6%","403","34.4%","2,402","29.4%","152","14.6%","1,515","18.5%","155","12.2%","259","13.3%","183","8.7%","650","13.3%","2,187","32.7%","357","10.4%","2,746","43.9%","472","13.7%","1,245","26.0%","509","9.5%","26","7.7%","6,762","48.6%","788","32.2%","430","24.7%","817","25.6%","249","12.8%","163","18.3%","136","19.5%","85","11.4%","2,348","32.4%","1,821","30.9%","335","21.4%","1,679","42.0%","73","11.9%","257","18.3%","809","21.2%","4,897","54.9%","482","15.0%"
