"Label (Grouping)","Carson Sink CCD, Churchill County, Nevada!!Count","Carson Sink CCD, Churchill County, Nevada!!Percent","Dixie Valley CCD, Churchill County, Nevada!!Count","Dixie Valley CCD, Churchill County, Nevada!!Percent","Fallon CCD, Churchill County, Nevada!!Count","Fallon CCD, Churchill County, Nevada!!Percent","Clark CCD, Clark County, Nevada!!Count","Clark CCD, Clark County, Nevada!!Percent","Las Vegas CCD, Clark County, Nevada!!Count","Las Vegas CCD, Clark County, Nevada!!Percent","Gardnerville-Minden CCD, Douglas County, Nevada!!Count","Gardnerville-Minden CCD, Douglas County, Nevada!!Percent","Genoa-Jacks Valley CCD, Douglas County, Nevada!!Count","Genoa-Jacks Valley CCD, Douglas County, Nevada!!Percent","Pine Nut CCD, Douglas County, Nevada!!Count","Pine Nut CCD, Douglas County, Nevada!!Percent","Topaz Lake CCD, Douglas County, Nevada!!Count","Topaz Lake CCD, Douglas County, Nevada!!Percent","Zephyr Cove CCD, Douglas County, Nevada!!Count","Zephyr Cove CCD, Douglas County, Nevada!!Percent","Carlin CCD, Elko County, Nevada!!Count","Carlin CCD, Elko County, Nevada!!Percent","Elko CCD, Elko County, Nevada!!Count","Elko CCD, Elko County, Nevada!!Percent","Jackpot CCD, Elko County, Nevada!!Count","Jackpot CCD, Elko County, Nevada!!Percent","Jarbidge CCD, Elko County, Nevada!!Count","Jarbidge CCD, Elko County, Nevada!!Percent","Montello CCD, Elko County, Nevada!!Count","Montello CCD, Elko County, Nevada!!Percent","Mountain City CCD, Elko County, Nevada!!Count","Mountain City CCD, Elko County, Nevada!!Percent","Wells CCD, Elko County, Nevada!!Count","Wells CCD, Elko County, Nevada!!Percent","West Wendover CCD, Elko County, Nevada!!Count","West Wendover CCD, Elko County, Nevada!!Percent","Goldfield CCD, Esmeralda County, Nevada!!Count","Goldfield CCD, Esmeralda County, Nevada!!Percent","Silver Peak CCD, Esmeralda County, Nevada!!Count","Silver Peak CCD, Esmeralda County, Nevada!!Percent","Beowawe CCD, Eureka County, Nevada!!Count","Beowawe CCD, Eureka County, Nevada!!Percent","Eureka CCD, Eureka County, Nevada!!Count","Eureka CCD, Eureka County, Nevada!!Percent","Golconda CCD, Humboldt County, Nevada!!Count","Golconda CCD, Humboldt County, Nevada!!Percent","McDermitt CCD, Humboldt County, Nevada!!Count","McDermitt CCD, Humboldt County, Nevada!!Percent","Summit Lake CCD, Humboldt County, Nevada!!Count","Summit Lake CCD, Humboldt County, Nevada!!Percent","Winnemucca CCD, Humboldt County, Nevada!!Count","Winnemucca CCD, Humboldt County, Nevada!!Percent","Austin CCD, Lander County, Nevada!!Count","Austin CCD, Lander County, Nevada!!Percent","Battle Mountain CCD, Lander County, Nevada!!Count","Battle Mountain CCD, Lander County, Nevada!!Percent","Alamo CCD, Lincoln County, Nevada!!Count","Alamo CCD, Lincoln County, Nevada!!Percent","Caliente CCD, Lincoln County, Nevada!!Count","Caliente CCD, Lincoln County, Nevada!!Percent","Pioche CCD, Lincoln County, Nevada!!Count","Pioche CCD, Lincoln County, Nevada!!Percent","Dayton CCD, Lyon County, Nevada!!Count","Dayton CCD, Lyon County, Nevada!!Percent","Fernley CCD, Lyon County, Nevada!!Count","Fernley CCD, Lyon County, Nevada!!Percent","Silver Springs CCD, Lyon County, Nevada!!Count","Silver Springs CCD, Lyon County, Nevada!!Percent","Smith Valley CCD, Lyon County, Nevada!!Count","Smith Valley CCD, Lyon County, Nevada!!Percent","Yerington CCD, Lyon County, Nevada!!Count","Yerington CCD, Lyon County, Nevada!!Percent","Hawthorne CCD, Mineral County, Nevada!!Count","Hawthorne CCD, Mineral County, Nevada!!Percent","Mina CCD, Mineral County, Nevada!!Count","Mina CCD, Mineral County, Nevada!!Percent","Walker River CCD, Mineral County, Nevada!!Count","Walker River CCD, Mineral County, Nevada!!Percent","Amargosa Valley CCD, Nye County, Nevada!!Count","Amargosa Valley CCD, Nye County, Nevada!!Percent","Beatty CCD, Nye County, Nevada!!Count","Beatty CCD, Nye County, Nevada!!Percent","Duckwater CCD, Nye County, Nevada!!Count","Duckwater CCD, Nye County, Nevada!!Percent","Gabbs CCD, Nye County, Nevada!!Count","Gabbs CCD, Nye County, Nevada!!Percent","Pahrump CCD, Nye County, Nevada!!Count","Pahrump CCD, Nye County, Nevada!!Percent","Ralston Valley CCD, Nye County, Nevada!!Count","Ralston Valley CCD, Nye County, Nevada!!Percent","Round Mountain CCD, Nye County, Nevada!!Count","Round Mountain CCD, Nye County, Nevada!!Percent","Tonopah CCD, Nye County, Nevada!!Count","Tonopah CCD, Nye County, Nevada!!Percent","Yucca Flat CCD, Nye County, Nevada!!Count","Yucca Flat CCD, Nye County, Nevada!!Percent","Imlay CCD, Pershing County, Nevada!!Count","Imlay CCD, Pershing County, Nevada!!Percent","Lovelock CCD, Pershing County, Nevada!!Count","Lovelock CCD, Pershing County, Nevada!!Percent","Clark CCD, Storey County, Nevada!!Count","Clark CCD, Storey County, Nevada!!Percent","Virginia City CCD, Storey County, Nevada!!Count","Virginia City CCD, Storey County, Nevada!!Percent","High Desert CCD, Washoe County, Nevada!!Count","High Desert CCD, Washoe County, Nevada!!Percent","Incline Village CCD, Washoe County, Nevada!!Count","Incline Village CCD, Washoe County, Nevada!!Percent","North Valleys CCD, Washoe County, Nevada!!Count","North Valleys CCD, Washoe County, Nevada!!Percent","Pyramid Lake CCD, Washoe County, Nevada!!Count","Pyramid Lake CCD, Washoe County, Nevada!!Percent","Reno North CCD, Washoe County, Nevada!!Count","Reno North CCD, Washoe County, Nevada!!Percent","Reno Southeast CCD, Washoe County, Nevada!!Count","Reno Southeast CCD, Washoe County, Nevada!!Percent","Reno Southwest CCD, Washoe County, Nevada!!Count","Reno Southwest CCD, Washoe County, Nevada!!Percent","Sparks CCD, Washoe County, Nevada!!Count","Sparks CCD, Washoe County, Nevada!!Percent","Sun Valley CCD, Washoe County, Nevada!!Count","Sun Valley CCD, Washoe County, Nevada!!Percent","Verdi CCD, Washoe County, Nevada!!Count","Verdi CCD, Washoe County, Nevada!!Percent","Warm Springs-Truckee Canyon CCD, Washoe County, Nevada!!Count","Warm Springs-Truckee Canyon CCD, Washoe County, Nevada!!Percent","Washoe Valley CCD, Washoe County, Nevada!!Count","Washoe Valley CCD, Washoe County, Nevada!!Percent","Baker CCD, White Pine County, Nevada!!Count","Baker CCD, White Pine County, Nevada!!Percent","Cherry Creek CCD, White Pine County, Nevada!!Count","Cherry Creek CCD, White Pine County, Nevada!!Percent","Ely CCD, White Pine County, Nevada!!Count","Ely CCD, White Pine County, Nevada!!Percent","Lund CCD, White Pine County, Nevada!!Count","Lund CCD, White Pine County, Nevada!!Percent","McGill CCD, White Pine County, Nevada!!Count","McGill CCD, White Pine County, Nevada!!Percent","Ruth CCD, White Pine County, Nevada!!Count","Ruth CCD, White Pine County, Nevada!!Percent","Carson City CCD, Carson City, Nevada!!Count","Carson City CCD, Carson City, Nevada!!Percent"
"SEX AND AGE","","","","","","","","","","","","","","","","","","","","","","","","","","","","","","","","","","","","","","","","","","","","","","","","","","","","","","","","","","","","","","","","","","","","","","","","","","","","","","","","","","","","","","","","","","","","","","","","","","","","","","","","","","","","","","","","","","","","","","","","","","","","","","","","","","","","","","","","","","","","","",""
"Total population","25","100.0%","215","100.0%","25,276","100.0%","250,810","100.0%","2,014,651","100.0%","31,458","100.0%","8,994","100.0%","949","100.0%","2,412","100.0%","5,675","100.0%","2,095","100.0%","42,368","100.0%","928","100.0%","82","100.0%","335","100.0%","1,282","100.0%","2,055","100.0%","4,557","100.0%","287","100.0%","442","100.0%","786","100.0%","1,069","100.0%","1,527","100.0%","877","100.0%","275","100.0%","14,606","100.0%","625","100.0%","5,109","100.0%","1,066","100.0%","993","100.0%","2,440","100.0%","17,980","100.0%","23,048","100.0%","8,145","100.0%","1,831","100.0%","8,231","100.0%","3,534","100.0%","207","100.0%","813","100.0%","1,170","100.0%","908","100.0%","248","100.0%","379","100.0%","44,841","100.0%","44","100.0%","1,711","100.0%","2,290","100.0%","0","-","1,766","100.0%","4,884","100.0%","1,147","100.0%","2,957","100.0%","392","100.0%","9,817","100.0%","59,625","100.0%","1,935","100.0%","90,481","100.0%","85,388","100.0%","63,932","100.0%","61,735","100.0%","23,108","100.0%","10,386","100.0%","65,296","100.0%","14,397","100.0%","244","100.0%","55","100.0%","5,876","100.0%","398","100.0%","1,139","100.0%","1,368","100.0%","58,639","100.0%"
"Under 5 years","0","0.0%","17","7.9%","1,523","6.0%","13,489","5.4%","115,425","5.7%","1,208","3.8%","332","3.7%","24","2.5%","61","2.5%","181","3.2%","149","7.1%","3,112","7.3%","59","6.4%","8","9.8%","14","4.2%","97","7.6%","112","5.5%","405","8.9%","12","4.2%","14","3.2%","29","3.7%","55","5.1%","78","5.1%","56","6.4%","12","4.4%","963","6.6%","26","4.2%","356","7.0%","65","6.1%","55","5.5%","144","5.9%","923","5.1%","1,484","6.4%","343","4.2%","50","2.7%","420","5.1%","187","5.3%","3","1.4%","75","9.2%","74","6.3%","45","5.0%","14","5.6%","40","10.6%","1,782","4.0%","8","18.2%","116","6.8%","105","4.6%","0","-","82","4.6%","234","4.8%","45","3.9%","83","2.8%","23","5.9%","334","3.4%","3,834","6.4%","159","8.2%","4,542","5.0%","5,076","5.9%","2,802","4.4%","3,611","5.8%","1,579","6.8%","391","3.8%","3,536","5.4%","595","4.1%","15","6.1%","1","1.8%","380","6.5%","26","6.5%","68","6.0%","24","1.8%","2,842","4.8%"
"5 to 9 years","1","4.0%","15","7.0%","1,643","6.5%","15,979","6.4%","127,215","6.3%","1,566","5.0%","397","4.4%","31","3.3%","95","3.9%","159","2.8%","134","6.4%","3,438","8.1%","63","6.8%","4","4.9%","20","6.0%","96","7.5%","133","6.5%","417","9.2%","12","4.2%","24","5.4%","41","5.2%","78","7.3%","115","7.5%","55","6.3%","20","7.3%","1,154","7.9%","38","6.1%","376","7.4%","82","7.7%","37","3.7%","154","6.3%","987","5.5%","1,654","7.2%","386","4.7%","70","3.8%","467","5.7%","201","5.7%","6","2.9%","84","10.3%","76","6.5%","53","5.8%","17","6.9%","31","8.2%","1,836","4.1%","3","6.8%","109","6.4%","135","5.9%","0","-","116","6.6%","236","4.8%","42","3.7%","112","3.8%","17","4.3%","338","3.4%","4,058","6.8%","165","8.5%","4,482","5.0%","5,314","6.2%","3,235","5.1%","3,780","6.1%","1,689","7.3%","524","5.0%","4,290","6.6%","764","5.3%","8","3.3%","4","7.3%","388","6.6%","17","4.3%","72","6.3%","36","2.6%","3,035","5.2%"
"10 to 14 years","4","16.0%","11","5.1%","1,593","6.3%","16,510","6.6%","136,561","6.8%","1,800","5.7%","444","4.9%","46","4.8%","99","4.1%","193","3.4%","127","6.1%","3,617","8.5%","54","5.8%","7","8.5%","24","7.2%","133","10.4%","156","7.6%","481","10.6%","20","7.0%","23","5.2%","61","7.8%","90","8.4%","112","7.3%","63","7.2%","30","10.9%","1,136","7.8%","27","4.3%","382","7.5%","92","8.6%","72","7.3%","149","6.1%","1,133","6.3%","1,750","7.6%","455","5.6%","95","5.2%","509","6.2%","182","5.1%","1","0.5%","52","6.4%","96","8.2%","45","5.0%","19","7.7%","27","7.1%","2,014","4.5%","2","4.5%","103","6.0%","155","6.8%","0","-","124","7.0%","225","4.6%","59","5.1%","165","5.6%","29","7.4%","486","5.0%","4,266","7.2%","152","7.9%","4,708","5.2%","5,322","6.2%","3,280","5.1%","3,879","6.3%","1,885","8.2%","570","5.5%","4,510","6.9%","840","5.8%","11","4.5%","1","1.8%","422","7.2%","31","7.8%","68","6.0%","22","1.6%","3,374","5.8%"
"15 to 19 years","0","0.0%","19","8.8%","1,459","5.8%","13,814","5.5%","129,925","6.4%","1,711","5.4%","444","4.9%","37","3.9%","99","4.1%","190","3.3%","108","5.2%","2,947","7.0%","71","7.7%","0","0.0%","13","3.9%","89","6.9%","130","6.3%","395","8.7%","14","4.9%","23","5.2%","32","4.1%","46","4.3%","96","6.3%","52","5.9%","19","6.9%","993","6.8%","36","5.8%","322","6.3%","96","9.0%","115","11.6%","127","5.2%","988","5.5%","1,541","6.7%","468","5.7%","98","5.4%","507","6.2%","141","4.0%","4","1.9%","47","5.8%","91","7.8%","49","5.4%","26","10.5%","22","5.8%","2,028","4.5%","0","0.0%","93","5.4%","112","4.9%","0","-","103","5.8%","208","4.3%","59","5.1%","119","4.0%","34","8.7%","513","5.2%","3,685","6.2%","139","7.2%","7,702","8.5%","4,982","5.8%","3,259","5.1%","3,894","6.3%","1,781","7.7%","446","4.3%","4,231","6.5%","877","6.1%","9","3.7%","3","5.5%","339","5.8%","36","9.0%","61","5.4%","38","2.8%","3,184","5.4%"
"20 to 24 years","1","4.0%","7","3.3%","1,366","5.4%","11,060","4.4%","129,969","6.5%","1,082","3.4%","319","3.5%","18","1.9%","65","2.7%","160","2.8%","137","6.5%","2,523","6.0%","56","6.0%","6","7.3%","14","4.2%","77","6.0%","115","5.6%","312","6.8%","8","2.8%","11","2.5%","28","3.6%","27","2.5%","74","4.8%","28","3.2%","10","3.6%","801","5.5%","21","3.4%","238","4.7%","39","3.7%","35","3.5%","122","5.0%","828","4.6%","1,215","5.3%","321","3.9%","27","1.5%","340","4.1%","154","4.4%","3","1.4%","38","4.7%","58","5.0%","36","4.0%","13","5.2%","16","4.2%","1,805","4.0%","4","9.1%","101","5.9%","115","5.0%","0","-","80","4.5%","227","4.6%","61","5.3%","90","3.0%","13","3.3%","538","5.5%","4,011","6.7%","106","5.5%","11,454","12.7%","5,672","6.6%","3,319","5.2%","4,817","7.8%","1,715","7.4%","293","2.8%","3,399","5.2%","516","3.6%","9","3.7%","0","0.0%","297","5.1%","16","4.0%","57","5.0%","103","7.5%","3,145","5.4%"
"25 to 29 years","2","8.0%","13","6.0%","1,642","6.5%","13,093","5.2%","147,840","7.3%","1,145","3.6%","353","3.9%","24","2.5%","57","2.4%","291","5.1%","158","7.5%","3,066","7.2%","63","6.8%","8","9.8%","13","3.9%","69","5.4%","103","5.0%","304","6.7%","13","4.5%","22","5.0%","32","4.1%","64","6.0%","66","4.3%","39","4.4%","8","2.9%","1,022","7.0%","38","6.1%","330","6.5%","37","3.5%","48","4.8%","137","5.6%","978","5.4%","1,562","6.8%","404","5.0%","54","2.9%","395","4.8%","185","5.2%","7","3.4%","51","6.3%","45","3.8%","47","5.2%","11","4.4%","24","6.3%","1,879","4.2%","1","2.3%","108","6.3%","164","7.2%","0","-","89","5.0%","354","7.2%","80","7.0%","99","3.3%","15","3.8%","450","4.6%","4,563","7.7%","102","5.3%","8,282","9.2%","6,610","7.7%","3,811","6.0%","5,230","8.5%","1,675","7.2%","238","2.3%","3,388","5.2%","447","3.1%","17","7.0%","7","12.7%","381","6.5%","19","4.8%","59","5.2%","181","13.2%","3,630","6.2%"
"30 to 34 years","0","0.0%","15","7.0%","1,760","7.0%","16,467","6.6%","148,196","7.4%","1,520","4.8%","419","4.7%","26","2.7%","91","3.8%","357","6.3%","148","7.1%","3,216","7.6%","53","5.7%","8","9.8%","11","3.3%","88","6.9%","137","6.7%","305","6.7%","6","2.1%","21","4.8%","53","6.7%","72","6.7%","80","5.2%","50","5.7%","19","6.9%","1,068","7.3%","29","4.6%","374","7.3%","48","4.5%","43","4.3%","165","6.8%","1,085","6.0%","1,695","7.4%","426","5.2%","65","3.5%","452","5.5%","199","5.6%","9","4.3%","68","8.4%","72","6.2%","36","4.0%","9","3.6%","15","4.0%","1,935","4.3%","7","15.9%","138","8.1%","177","7.7%","0","-","91","5.2%","422","8.6%","74","6.5%","110","3.7%","16","4.1%","494","5.0%","4,752","8.0%","129","6.7%","6,805","7.5%","6,694","7.8%","3,666","5.7%","4,696","7.6%","1,497","6.5%","406","3.9%","4,232","6.5%","609","4.2%","12","4.9%","10","18.2%","393","6.7%","19","4.8%","52","4.6%","186","13.6%","3,794","6.5%"
"35 to 39 years","1","4.0%","3","1.4%","1,470","5.8%","19,418","7.7%","142,964","7.1%","1,627","5.2%","395","4.4%","41","4.3%","96","4.0%","349","6.1%","144","6.9%","2,997","7.1%","54","5.8%","6","7.3%","12","3.6%","91","7.1%","131","6.4%","297","6.5%","13","4.5%","25","5.7%","41","5.2%","60","5.6%","81","5.3%","54","6.2%","16","5.8%","1,028","7.0%","18","2.9%","350","6.9%","63","5.9%","44","4.4%","125","5.1%","1,010","5.6%","1,550","6.7%","393","4.8%","83","4.5%","425","5.2%","206","5.8%","10","4.8%","42","5.2%","70","6.0%","26","2.9%","23","9.3%","31","8.2%","2,005","4.5%","2","4.5%","110","6.4%","160","7.0%","0","-","84","4.8%","433","8.9%","49","4.3%","125","4.2%","19","4.8%","499","5.1%","4,232","7.1%","148","7.6%","5,663","6.3%","6,286","7.4%","3,855","6.0%","3,977","6.4%","1,452","6.3%","566","5.4%","4,460","6.8%","703","4.9%","16","6.6%","5","9.1%","349","5.9%","32","8.0%","65","5.7%","165","12.1%","3,707","6.3%"
"40 to 44 years","4","16.0%","14","6.5%","1,311","5.2%","18,055","7.2%","133,260","6.6%","1,509","4.8%","389","4.3%","32","3.4%","72","3.0%","332","5.9%","130","6.2%","2,571","6.1%","56","6.0%","2","2.4%","10","3.0%","49","3.8%","100","4.9%","285","6.3%","11","3.8%","26","5.9%","48","6.1%","76","7.1%","87","5.7%","36","4.1%","27","9.8%","852","5.8%","36","5.8%","262","5.1%","60","5.6%","53","5.3%","137","5.6%","880","4.9%","1,388","6.0%","372","4.6%","72","3.9%","434","5.3%","190","5.4%","8","3.9%","47","5.8%","78","6.7%","44","4.8%","10","4.0%","21","5.5%","2,030","4.5%","6","13.6%","95","5.6%","125","5.5%","0","-","91","5.2%","368","7.5%","43","3.7%","163","5.5%","18","4.6%","484","4.9%","3,641","6.1%","99","5.1%","4,742","5.2%","5,765","6.8%","3,508","5.5%","3,408","5.5%","1,309","5.7%","562","5.4%","4,021","6.2%","779","5.4%","13","5.3%","0","0.0%","320","5.4%","9","2.3%","73","6.4%","152","11.1%","3,284","5.6%"
"45 to 49 years","2","8.0%","3","1.4%","1,268","5.0%","17,268","6.9%","132,574","6.6%","1,630","5.2%","401","4.5%","38","4.0%","107","4.4%","310","5.5%","114","5.4%","2,452","5.8%","52","5.6%","3","3.7%","18","5.4%","52","4.1%","100","4.9%","295","6.5%","11","3.8%","28","6.3%","51","6.5%","57","5.3%","91","6.0%","59","6.7%","23","8.4%","834","5.7%","44","7.0%","290","5.7%","74","6.9%","49","4.9%","123","5.0%","976","5.4%","1,274","5.5%","467","5.7%","63","3.4%","394","4.8%","155","4.4%","7","3.4%","33","4.1%","40","3.4%","49","5.4%","14","5.6%","20","5.3%","2,171","4.8%","2","4.5%","110","6.4%","139","6.1%","0","-","87","4.9%","367","7.5%","61","5.3%","166","5.6%","20","5.1%","484","4.9%","3,394","5.7%","80","4.1%","4,516","5.0%","5,180","6.1%","3,592","5.6%","3,358","5.4%","1,397","6.0%","545","5.2%","4,405","6.7%","803","5.6%","10","4.1%","2","3.6%","315","5.4%","21","5.3%","55","4.8%","115","8.4%","3,331","5.7%"
"50 to 54 years","0","0.0%","9","4.2%","1,469","5.8%","15,324","6.1%","131,139","6.5%","1,782","5.7%","535","5.9%","69","7.3%","158","6.6%","386","6.8%","142","6.8%","2,549","6.0%","55","5.9%","4","4.9%","29","8.7%","87","6.8%","114","5.5%","258","5.7%","12","4.2%","27","6.1%","52","6.6%","44","4.1%","121","7.9%","51","5.8%","3","1.1%","846","5.8%","35","5.6%","344","6.7%","59","5.5%","43","4.3%","129","5.3%","1,106","6.2%","1,303","5.7%","598","7.3%","82","4.5%","465","5.6%","198","5.6%","12","5.8%","41","5.0%","64","5.5%","53","5.8%","18","7.3%","20","5.3%","2,767","6.2%","0","0.0%","98","5.7%","135","5.9%","0","-","134","7.6%","382","7.8%","64","5.6%","221","7.5%","24","6.1%","658","6.7%","3,693","6.2%","74","3.8%","4,758","5.3%","5,255","6.2%","4,092","6.4%","3,678","6.0%","1,453","6.3%","601","5.8%","4,427","6.8%","969","6.7%","10","4.1%","3","5.5%","356","6.1%","17","4.3%","43","3.8%","86","6.3%","3,707","6.3%"
"55 to 59 years","1","4.0%","15","7.0%","1,802","7.1%","14,822","5.9%","127,964","6.4%","2,475","7.9%","745","8.3%","100","10.5%","252","10.4%","530","9.3%","184","8.8%","2,681","6.3%","83","8.9%","5","6.1%","28","8.4%","73","5.7%","145","7.1%","263","5.8%","20","7.0%","50","11.3%","92","11.7%","78","7.3%","117","7.7%","60","6.8%","20","7.3%","970","6.6%","64","10.2%","389","7.6%","54","5.1%","68","6.8%","166","6.8%","1,339","7.4%","1,469","6.4%","730","9.0%","174","9.5%","589","7.2%","256","7.2%","25","12.1%","50","6.2%","73","6.2%","93","10.2%","9","3.6%","16","4.2%","3,601","8.0%","3","6.8%","132","7.7%","174","7.6%","0","-","153","8.7%","396","8.1%","66","5.8%","276","9.3%","38","9.7%","939","9.6%","3,991","6.7%","165","8.5%","5,071","5.6%","5,143","6.0%","4,715","7.4%","3,914","6.3%","1,495","6.5%","748","7.2%","4,498","6.9%","1,280","8.9%","14","5.7%","6","10.9%","433","7.4%","24","6.0%","70","6.1%","74","5.4%","4,298","7.3%"
"60 to 64 years","1","4.0%","9","4.2%","1,804","7.1%","15,276","6.1%","116,116","5.8%","2,918","9.3%","928","10.3%","103","10.9%","300","12.4%","651","11.5%","156","7.4%","2,477","5.8%","78","8.4%","6","7.3%","43","12.8%","94","7.3%","187","9.1%","185","4.1%","40","13.9%","35","7.9%","67","8.5%","74","6.9%","129","8.4%","70","8.0%","25","9.1%","948","6.5%","47","7.5%","359","7.0%","74","6.9%","69","6.9%","179","7.3%","1,448","8.1%","1,403","6.1%","776","9.5%","208","11.4%","668","8.1%","335","9.5%","25","12.1%","62","7.6%","75","6.4%","85","9.4%","15","6.0%","25","6.6%","4,195","9.4%","2","4.5%","151","8.8%","202","8.8%","0","-","177","10.0%","336","6.9%","117","10.2%","348","11.8%","34","8.7%","966","9.8%","3,624","6.1%","126","6.5%","5,036","5.6%","5,068","5.9%","4,811","7.5%","3,744","6.1%","1,317","5.7%","1,052","10.1%","4,343","6.7%","1,430","9.9%","20","8.2%","3","5.5%","418","7.1%","23","5.8%","113","9.9%","70","5.1%","4,367","7.4%"
"65 to 69 years","2","8.0%","18","8.4%","1,591","6.3%","15,851","6.3%","100,428","5.0%","2,892","9.2%","977","10.9%","118","12.4%","296","12.3%","622","11.0%","112","5.3%","1,803","4.3%","58","6.3%","8","9.8%","32","9.6%","69","5.4%","154","7.5%","145","3.2%","24","8.4%","32","7.2%","67","8.5%","79","7.4%","135","8.8%","84","9.6%","20","7.3%","739","5.1%","49","7.8%","303","5.9%","87","8.2%","80","8.1%","171","7.0%","1,498","8.3%","1,281","5.6%","683","8.4%","244","13.3%","629","7.6%","278","7.9%","23","11.1%","39","4.8%","71","6.1%","88","9.7%","22","8.9%","35","9.2%","4,533","10.1%","0","0.0%","105","6.1%","151","6.6%","0","-","116","6.6%","248","5.1%","97","8.5%","334","11.3%","37","9.4%","928","9.5%","3,011","5.0%","98","5.1%","4,464","4.9%","4,458","5.2%","4,912","7.7%","3,128","5.1%","1,077","4.7%","1,161","11.2%","3,904","6.0%","1,374","9.5%","20","8.2%","2","3.6%","387","6.6%","43","10.8%","86","7.6%","36","2.6%","4,074","6.9%"
"70 to 74 years","4","16.0%","16","7.4%","1,462","5.8%","15,676","6.3%","83,089","4.1%","2,637","8.4%","800","8.9%","97","10.2%","225","9.3%","502","8.8%","47","2.2%","1,301","3.1%","24","2.6%","4","4.9%","30","9.0%","42","3.3%","90","4.4%","122","2.7%","39","13.6%","32","7.2%","46","5.9%","79","7.4%","71","4.6%","61","7.0%","7","2.5%","530","3.6%","44","7.0%","177","3.5%","49","4.6%","51","5.1%","191","7.8%","1,341","7.5%","1,144","5.0%","626","7.7%","202","11.0%","574","7.0%","269","7.6%","18","8.7%","26","3.2%","86","7.4%","83","9.1%","8","3.2%","14","3.7%","4,261","9.5%","1","2.3%","72","4.2%","105","4.6%","0","-","109","6.2%","174","3.6%","108","9.4%","281","9.5%","29","7.4%","778","7.9%","2,293","3.8%","72","3.7%","3,497","3.9%","3,678","4.3%","4,428","6.9%","2,675","4.3%","791","3.4%","1,105","10.6%","3,423","5.2%","1,157","8.0%","27","11.1%","2","3.6%","252","4.3%","28","7.0%","77","6.8%","26","1.9%","3,471","5.9%"
"75 to 79 years","1","4.0%","8","3.7%","1,025","4.1%","10,377","4.1%","54,340","2.7%","1,893","6.0%","560","6.2%","85","9.0%","153","6.3%","261","4.6%","49","2.3%","816","1.9%","22","2.4%","2","2.4%","7","2.1%","37","2.9%","88","4.3%","51","1.1%","9","3.1%","24","5.4%","27","3.4%","46","4.3%","40","2.6%","26","3.0%","5","1.8%","355","2.4%","50","8.0%","141","2.8%","34","3.2%","56","5.6%","103","4.2%","790","4.4%","747","3.2%","381","4.7%","135","7.4%","410","5.0%","168","4.8%","18","8.7%","28","3.4%","54","4.6%","45","5.0%","6","2.4%","10","2.6%","3,134","7.0%","1","2.3%","35","2.0%","68","3.0%","0","-","77","4.4%","163","3.3%","60","5.2%","150","5.1%","10","2.6%","525","5.3%","1,373","2.3%","57","2.9%","2,167","2.4%","2,324","2.7%","3,065","4.8%","1,731","2.8%","496","2.1%","680","6.5%","2,151","3.3%","709","4.9%","16","6.6%","4","7.3%","199","3.4%","18","4.5%","54","4.7%","21","1.5%","2,443","4.2%"
"80 to 84 years","1","4.0%","9","4.2%","606","2.4%","5,217","2.1%","32,203","1.6%","1,098","3.5%","292","3.2%","39","4.1%","112","4.6%","122","2.1%","26","1.2%","472","1.1%","19","2.0%","0","0.0%","9","2.7%","25","2.0%","34","1.7%","20","0.4%","12","4.2%","20","4.5%","9","1.1%","17","1.6%","20","1.3%","18","2.1%","8","2.9%","210","1.4%","14","2.2%","68","1.3%","34","3.2%","37","3.7%","83","3.4%","395","2.2%","379","1.6%","196","2.4%","60","3.3%","300","3.6%","134","3.8%","15","7.2%","18","2.2%","27","2.3%","16","1.8%","5","2.0%","5","1.3%","1,744","3.9%","0","0.0%","21","1.2%","40","1.7%","0","-","28","1.6%","78","1.6%","38","3.3%","75","2.5%","5","1.3%","272","2.8%","693","1.2%","33","1.7%","1,390","1.5%","1,350","1.6%","1,885","2.9%","1,140","1.8%","284","1.2%","320","3.1%","1,145","1.8%","313","2.2%","5","2.0%","1","1.8%","124","2.1%","13","3.3%","36","3.2%","22","1.6%","1,507","2.6%"
"85 years and over","0","0.0%","14","6.5%","482","1.9%","3,114","1.2%","25,443","1.3%","965","3.1%","264","2.9%","21","2.2%","74","3.1%","79","1.4%","30","1.4%","330","0.8%","8","0.9%","1","1.2%","8","2.4%","14","1.1%","26","1.3%","17","0.4%","11","3.8%","5","1.1%","10","1.3%","27","2.5%","14","0.9%","15","1.7%","3","1.1%","157","1.1%","9","1.4%","48","0.9%","19","1.8%","38","3.8%","35","1.4%","275","1.5%","209","0.9%","120","1.5%","49","2.7%","253","3.1%","96","2.7%","13","6.3%","12","1.5%","20","1.7%","15","1.7%","9","3.6%","7","1.8%","1,121","2.5%","2","4.5%","14","0.8%","28","1.2%","0","-","25","1.4%","33","0.7%","24","2.1%","40","1.4%","11","2.8%","131","1.3%","511","0.9%","31","1.6%","1,202","1.3%","1,211","1.4%","1,697","2.7%","1,075","1.7%","216","0.9%","178","1.7%","933","1.4%","232","1.6%","12","4.9%","1","1.8%","123","2.1%","6","1.5%","30","2.6%","11","0.8%","1,446","2.5%"
"Selected Age Categories","","","","","","","","","","","","","","","","","","","","","","","","","","","","","","","","","","","","","","","","","","","","","","","","","","","","","","","","","","","","","","","","","","","","","","","","","","","","","","","","","","","","","","","","","","","","","","","","","","","","","","","","","","","","","","","","","","","","","","","","","","","","","","","","","","","","","","","","","","","","","",""
"16 years and over","20","80.0%","162","75.3%","20,226","80.0%","201,737","80.4%","1,608,499","79.8%","26,505","84.3%","7,718","85.8%","846","89.1%","2,138","88.6%","5,096","89.8%","1,663","79.4%","31,560","74.5%","737","79.4%","63","76.8%","270","80.6%","941","73.4%","1,624","79.0%","3,152","69.2%","238","82.9%","375","84.8%","642","81.7%","835","78.1%","1,200","78.6%","690","78.7%","204","74.2%","11,133","76.2%","529","84.6%","3,919","76.7%","812","76.2%","800","80.6%","1,963","80.5%","14,707","81.8%","17,815","77.3%","6,859","84.2%","1,598","87.3%","6,727","81.7%","2,929","82.9%","197","95.2%","587","72.2%","898","76.8%","755","83.1%","191","77.0%","278","73.4%","38,736","86.4%","31","70.5%","1,365","79.8%","1,869","81.6%","0","-","1,418","80.3%","4,144","84.8%","991","86.4%","2,556","86.4%","313","79.8%","8,554","87.1%","46,704","78.3%","1,423","73.5%","75,881","83.9%","68,644","80.4%","53,900","84.3%","49,695","80.5%","17,612","76.2%","8,791","84.6%","52,063","79.7%","11,994","83.3%","208","85.2%","49","89.1%","4,607","78.4%","319","80.2%","915","80.3%","1,273","93.1%","48,709","83.1%"
"18 years and over","20","80.0%","157","73.0%","19,604","77.6%","195,874","78.1%","1,555,366","77.2%","25,750","81.9%","7,536","83.8%","824","86.8%","2,091","86.7%","5,024","88.5%","1,619","77.3%","30,294","71.5%","704","75.9%","63","76.8%","265","79.1%","904","70.5%","1,575","76.6%","2,984","65.5%","232","80.8%","364","82.4%","632","80.4%","817","76.4%","1,158","75.8%","664","75.7%","201","73.1%","10,733","73.5%","520","83.2%","3,760","73.6%","763","71.6%","733","73.8%","1,918","78.6%","14,278","79.4%","17,157","74.4%","6,643","81.6%","1,550","84.7%","6,490","78.8%","2,871","81.2%","194","93.7%","566","69.6%","863","73.8%","729","80.3%","176","71.0%","263","69.4%","37,899","84.5%","31","70.5%","1,321","77.2%","1,822","79.6%","0","-","1,366","77.3%","4,049","82.9%","975","85.0%","2,510","84.9%","299","76.3%","8,342","85.0%","45,184","75.8%","1,370","70.8%","74,015","81.8%","66,598","78.0%","52,510","82.1%","48,183","78.0%","16,898","73.1%","8,583","82.6%","50,265","77.0%","11,600","80.6%","204","83.6%","46","83.6%","4,468","76.0%","299","75.1%","896","78.7%","1,264","92.4%","47,400","80.8%"
"21 years and over","20","80.0%","152","70.7%","18,770","74.3%","188,672","75.2%","1,480,131","73.5%","24,930","79.2%","7,313","81.3%","806","84.9%","2,036","84.4%","4,921","86.7%","1,553","74.1%","28,817","68.0%","665","71.7%","60","73.2%","263","78.5%","858","66.9%","1,498","72.9%","2,784","61.1%","226","78.7%","357","80.8%","619","78.8%","798","74.6%","1,116","73.1%","639","72.9%","192","69.8%","10,198","69.8%","492","78.7%","3,624","70.9%","726","68.1%","708","71.3%","1,835","75.2%","13,763","76.5%","16,370","71.0%","6,439","79.1%","1,511","82.5%","6,266","76.1%","2,796","79.1%","192","92.8%","544","66.9%","822","70.3%","703","77.4%","171","69.0%","255","67.3%","36,793","82.1%","30","68.2%","1,261","73.7%","1,767","77.2%","0","-","1,325","75.0%","3,931","80.5%","929","81.0%","2,454","83.0%","287","73.2%","8,048","82.0%","43,102","72.3%","1,303","67.3%","66,571","73.6%","63,641","74.5%","50,770","79.4%","45,613","73.9%","15,839","68.5%","8,391","80.8%","47,921","73.4%","11,184","77.7%","200","82.0%","46","83.6%","4,275","72.8%","284","71.4%","852","74.8%","1,230","89.9%","45,628","77.8%"
"62 years and over","8","32.0%","70","32.6%","6,218","24.6%","59,486","23.7%","363,375","18.0%","11,255","35.8%","3,491","38.8%","428","45.1%","1,043","43.2%","1,992","35.1%","333","15.9%","6,154","14.5%","185","19.9%","20","24.4%","107","31.9%","246","19.2%","503","24.5%","467","10.2%","117","40.8%","127","28.7%","192","24.4%","300","28.1%","353","23.1%","254","29.0%","58","21.1%","2,528","17.3%","188","30.1%","935","18.3%","272","25.5%","309","31.1%","671","27.5%","5,201","28.9%","4,559","19.8%","2,470","30.3%","821","44.8%","2,560","31.1%","1,135","32.1%","104","50.2%","164","20.2%","304","26.0%","295","32.5%","58","23.4%","91","24.0%","17,377","38.8%","6","13.6%","335","19.6%","512","22.4%","0","-","463","26.2%","894","18.3%","392","34.2%","1,081","36.6%","111","28.3%","3,217","32.8%","10,031","16.8%","363","18.8%","15,676","17.3%","16,017","18.8%","18,904","29.6%","11,909","19.3%","3,620","15.7%","4,100","39.5%","14,114","21.6%","4,648","32.3%","89","36.5%","13","23.6%","1,307","22.2%","119","29.9%","352","30.9%","160","11.7%","15,448","26.3%"
"65 years and over","8","32.0%","65","30.2%","5,166","20.4%","50,235","20.0%","295,503","14.7%","9,485","30.2%","2,893","32.2%","360","37.9%","860","35.7%","1,586","27.9%","264","12.6%","4,722","11.1%","131","14.1%","15","18.3%","86","25.7%","187","14.6%","392","19.1%","355","7.8%","95","33.1%","113","25.6%","159","20.2%","248","23.2%","280","18.3%","204","23.3%","43","15.6%","1,991","13.6%","166","26.6%","737","14.4%","223","20.9%","262","26.4%","583","23.9%","4,299","23.9%","3,760","16.3%","2,006","24.6%","690","37.7%","2,166","26.3%","945","26.7%","87","42.0%","123","15.1%","258","22.1%","247","27.2%","50","20.2%","71","18.7%","14,793","33.0%","4","9.1%","247","14.4%","392","17.1%","0","-","355","20.1%","696","14.3%","327","28.5%","880","29.8%","92","23.5%","2,634","26.8%","7,881","13.2%","291","15.0%","12,720","14.1%","13,021","15.2%","15,987","25.0%","9,749","15.8%","2,864","12.4%","3,444","33.2%","11,556","17.7%","3,785","26.3%","80","32.8%","10","18.2%","1,085","18.5%","108","27.1%","283","24.8%","116","8.5%","12,941","22.1%"
"Male population","15","100.0%","98","100.0%","12,667","100.0%","126,830","100.0%","999,614","100.0%","15,460","100.0%","4,505","100.0%","471","100.0%","1,255","100.0%","3,087","100.0%","1,152","100.0%","21,764","100.0%","480","100.0%","52","100.0%","174","100.0%","631","100.0%","1,111","100.0%","2,294","100.0%","153","100.0%","235","100.0%","441","100.0%","579","100.0%","803","100.0%","442","100.0%","147","100.0%","7,534","100.0%","346","100.0%","2,574","100.0%","552","100.0%","503","100.0%","1,356","100.0%","9,090","100.0%","11,725","100.0%","4,246","100.0%","911","100.0%","4,097","100.0%","1,794","100.0%","113","100.0%","377","100.0%","629","100.0%","482","100.0%","114","100.0%","190","100.0%","22,942","100.0%","23","100.0%","904","100.0%","1,248","100.0%","0","-","944","100.0%","3,341","100.0%","539","100.0%","1,500","100.0%","214","100.0%","5,105","100.0%","30,596","100.0%","907","100.0%","46,655","100.0%","43,239","100.0%","31,455","100.0%","31,069","100.0%","11,690","100.0%","5,202","100.0%","32,548","100.0%","7,205","100.0%","130","100.0%","37","100.0%","3,084","100.0%","217","100.0%","583","100.0%","1,151","100.0%","30,113","100.0%"
"Male population Under 5 years","0","0.0%","10","10.2%","735","5.8%","7,011","5.5%","58,946","5.9%","614","4.0%","172","3.8%","11","2.3%","35","2.8%","101","3.3%","83","7.2%","1,648","7.6%","31","6.5%","7","13.5%","6","3.4%","46","7.3%","60","5.4%","196","8.5%","5","3.3%","8","3.4%","11","2.5%","37","6.4%","35","4.4%","29","6.6%","7","4.8%","498","6.6%","14","4.0%","172","6.7%","33","6.0%","28","5.6%","73","5.4%","506","5.6%","745","6.4%","181","4.3%","14","1.5%","217","5.3%","101","5.6%","2","1.8%","44","11.7%","42","6.7%","21","4.4%","3","2.6%","16","8.4%","935","4.1%","5","21.7%","61","6.7%","55","4.4%","0","-","50","5.3%","117","3.5%","18","3.3%","39","2.6%","7","3.3%","176","3.4%","1,987","6.5%","76","8.4%","2,470","5.3%","2,568","5.9%","1,393","4.4%","1,861","6.0%","825","7.1%","207","4.0%","1,800","5.5%","324","4.5%","8","6.2%","1","2.7%","199","6.5%","19","8.8%","36","6.2%","9","0.8%","1,437","4.8%"
"Male population 5 to 9 years","1","6.7%","6","6.1%","833","6.6%","8,174","6.4%","65,220","6.5%","832","5.4%","227","5.0%","13","2.8%","53","4.2%","68","2.2%","63","5.5%","1,781","8.2%","31","6.5%","3","5.8%","12","6.9%","45","7.1%","66","5.9%","214","9.3%","4","2.6%","13","5.5%","20","4.5%","36","6.2%","62","7.7%","25","5.7%","8","5.4%","593","7.9%","31","9.0%","189","7.3%","41","7.4%","24","4.8%","70","5.2%","542","6.0%","830","7.1%","206","4.9%","34","3.7%","229","5.6%","106","5.9%","3","2.7%","33","8.8%","40","6.4%","14","2.9%","12","10.5%","14","7.4%","951","4.1%","3","13.0%","46","5.1%","53","4.2%","0","-","61","6.5%","125","3.7%","23","4.3%","58","3.9%","14","6.5%","185","3.6%","2,076","6.8%","89","9.8%","2,374","5.1%","2,769","6.4%","1,640","5.2%","1,937","6.2%","883","7.6%","292","5.6%","2,235","6.9%","390","5.4%","8","6.2%","2","5.4%","187","6.1%","13","6.0%","38","6.5%","20","1.7%","1,509","5.0%"
"Male population 10 to 14 years","1","6.7%","3","3.1%","843","6.7%","8,479","6.7%","69,896","7.0%","986","6.4%","224","5.0%","20","4.2%","44","3.5%","100","3.2%","68","5.9%","1,783","8.2%","35","7.3%","4","7.7%","15","8.6%","73","11.6%","83","7.5%","242","10.5%","9","5.9%","11","4.7%","42","9.5%","51","8.8%","56","7.0%","29","6.6%","15","10.2%","562","7.5%","11","3.2%","172","6.7%","42","7.6%","49","9.7%","82","6.0%","591","6.5%","912","7.8%","228","5.4%","45","4.9%","262","6.4%","100","5.6%","1","0.9%","27","7.2%","51","8.1%","27","5.6%","8","7.0%","6","3.2%","1,038","4.5%","0","0.0%","44","4.9%","85","6.8%","0","-","69","7.3%","112","3.4%","25","4.6%","78","5.2%","17","7.9%","231","4.5%","2,206","7.2%","66","7.3%","2,409","5.2%","2,735","6.3%","1,696","5.4%","1,948","6.3%","984","8.4%","278","5.3%","2,332","7.2%","436","6.1%","5","3.8%","1","2.7%","211","6.8%","5","2.3%","32","5.5%","16","1.4%","1,720","5.7%"
"Male population 15 to 19 years","0","0.0%","6","6.1%","718","5.7%","7,128","5.6%","66,794","6.7%","891","5.8%","234","5.2%","15","3.2%","44","3.5%","106","3.4%","57","4.9%","1,555","7.1%","43","9.0%","0","0.0%","9","5.2%","37","5.9%","70","6.3%","211","9.2%","7","4.6%","11","4.7%","16","3.6%","32","5.5%","57","7.1%","26","5.9%","16","10.9%","549","7.3%","15","4.3%","171","6.6%","62","11.2%","61","12.1%","61","4.5%","520","5.7%","776","6.6%","257","6.1%","57","6.3%","224","5.5%","77","4.3%","1","0.9%","19","5.0%","49","7.8%","26","5.4%","10","8.8%","9","4.7%","1,084","4.7%","0","0.0%","52","5.8%","68","5.4%","0","-","59","6.3%","123","3.7%","33","6.1%","46","3.1%","15","7.0%","280","5.5%","1,940","6.3%","74","8.2%","3,828","8.2%","2,542","5.9%","1,754","5.6%","2,070","6.7%","891","7.6%","253","4.9%","2,239","6.9%","449","6.2%","5","3.8%","3","8.1%","179","5.8%","19","8.8%","36","6.2%","24","2.1%","1,637","5.4%"
"Male population 20 to 24 years","1","6.7%","2","2.0%","690","5.4%","5,932","4.7%","65,855","6.6%","553","3.6%","176","3.9%","11","2.3%","44","3.5%","79","2.6%","79","6.9%","1,253","5.8%","28","5.8%","4","7.7%","7","4.0%","45","7.1%","75","6.8%","151","6.6%","5","3.3%","6","2.6%","11","2.5%","8","1.4%","39","4.9%","17","3.8%","7","4.8%","388","5.1%","11","3.2%","118","4.6%","19","3.4%","18","3.6%","75","5.5%","425","4.7%","633","5.4%","182","4.3%","13","1.4%","165","4.0%","78","4.3%","2","1.8%","17","4.5%","31","4.9%","19","3.9%","5","4.4%","7","3.7%","947","4.1%","2","8.7%","50","5.5%","65","5.2%","0","-","45","4.8%","163","4.9%","33","6.1%","44","2.9%","6","2.8%","316","6.2%","2,100","6.9%","58","6.4%","5,952","12.8%","2,819","6.5%","1,624","5.2%","2,547","8.2%","873","7.5%","163","3.1%","1,799","5.5%","282","3.9%","1","0.8%","0","0.0%","163","5.3%","11","5.1%","32","5.5%","98","8.5%","1,686","5.6%"
"Male population 25 to 29 years","2","13.3%","7","7.1%","868","6.9%","6,832","5.4%","73,812","7.4%","573","3.7%","182","4.0%","11","2.3%","34","2.7%","161","5.2%","90","7.8%","1,595","7.3%","27","5.6%","7","13.5%","8","4.6%","32","5.1%","52","4.7%","137","6.0%","7","4.6%","10","4.3%","23","5.2%","28","4.8%","33","4.1%","15","3.4%","7","4.8%","544","7.2%","23","6.6%","172","6.7%","13","2.4%","25","5.0%","88","6.5%","474","5.2%","801","6.8%","208","4.9%","29","3.2%","202","4.9%","93","5.2%","1","0.9%","25","6.6%","26","4.1%","17","3.5%","6","5.3%","13","6.8%","1,025","4.5%","1","4.3%","53","5.9%","96","7.7%","0","-","49","5.2%","271","8.1%","38","7.1%","58","3.9%","7","3.3%","240","4.7%","2,392","7.8%","49","5.4%","4,370","9.4%","3,424","7.9%","1,945","6.2%","2,757","8.9%","835","7.1%","126","2.4%","1,735","5.3%","212","2.9%","8","6.2%","5","13.5%","222","7.2%","7","3.2%","34","5.8%","175","15.2%","1,980","6.6%"
"Male population 30 to 34 years","0","0.0%","8","8.2%","907","7.2%","8,290","6.5%","73,988","7.4%","754","4.9%","214","4.8%","14","3.0%","45","3.6%","177","5.7%","97","8.4%","1,672","7.7%","34","7.1%","6","11.5%","8","4.6%","42","6.7%","75","6.8%","150","6.5%","1","0.7%","12","5.1%","31","7.0%","31","5.4%","36","4.5%","26","5.9%","8","5.4%","559","7.4%","17","4.9%","186","7.2%","24","4.3%","19","3.8%","101","7.4%","563","6.2%","871","7.4%","230","5.4%","30","3.3%","248","6.1%","91","5.1%","4","3.5%","32","8.5%","39","6.2%","23","4.8%","3","2.6%","5","2.6%","1,025","4.5%","4","17.4%","68","7.5%","99","7.9%","0","-","56","5.9%","312","9.3%","40","7.4%","55","3.7%","6","2.8%","247","4.8%","2,498","8.2%","68","7.5%","3,662","7.8%","3,460","8.0%","1,828","5.8%","2,449","7.9%","797","6.8%","184","3.5%","2,070","6.4%","281","3.9%","7","5.4%","7","18.9%","217","7.0%","8","3.7%","32","5.5%","183","15.9%","2,092","6.9%"
"Male population 35 to 39 years","1","6.7%","2","2.0%","738","5.8%","9,902","7.8%","71,113","7.1%","844","5.5%","194","4.3%","21","4.5%","51","4.1%","181","5.9%","82","7.1%","1,593","7.3%","23","4.8%","3","5.8%","8","4.6%","47","7.4%","79","7.1%","147","6.4%","8","5.2%","12","5.1%","27","6.1%","26","4.5%","40","5.0%","22","5.0%","12","8.2%","568","7.5%","9","2.6%","162","6.3%","36","6.5%","20","4.0%","86","6.3%","509","5.6%","823","7.0%","213","5.0%","32","3.5%","236","5.8%","114","6.4%","8","7.1%","17","4.5%","37","5.9%","14","2.9%","12","10.5%","20","10.5%","1,087","4.7%","2","8.7%","61","6.7%","97","7.8%","0","-","39","4.1%","352","10.5%","24","4.5%","64","4.3%","16","7.5%","245","4.8%","2,161","7.1%","66","7.3%","3,055","6.5%","3,230","7.5%","1,886","6.0%","2,115","6.8%","722","6.2%","288","5.5%","2,160","6.6%","329","4.6%","11","8.5%","1","2.7%","181","5.9%","20","9.2%","32","5.5%","152","13.2%","2,081","6.9%"
"Male population 40 to 44 years","2","13.3%","8","8.2%","673","5.3%","9,294","7.3%","66,209","6.6%","730","4.7%","176","3.9%","14","3.0%","37","2.9%","197","6.4%","77","6.7%","1,301","6.0%","23","4.8%","2","3.8%","5","2.9%","30","4.8%","55","5.0%","126","5.5%","6","3.9%","17","7.2%","21","4.8%","54","9.3%","42","5.2%","27","6.1%","17","11.6%","421","5.6%","24","6.9%","138","5.4%","30","5.4%","30","6.0%","77","5.7%","433","4.8%","710","6.1%","192","4.5%","31","3.4%","211","5.2%","94","5.2%","2","1.8%","26","6.9%","40","6.4%","24","5.0%","6","5.3%","15","7.9%","1,067","4.7%","0","0.0%","57","6.3%","68","5.4%","0","-","46","4.9%","291","8.7%","21","3.9%","82","5.5%","6","2.8%","251","4.9%","1,859","6.1%","48","5.3%","2,357","5.1%","2,976","6.9%","1,707","5.4%","1,712","5.5%","665","5.7%","277","5.3%","2,021","6.2%","384","5.3%","9","6.9%","0","0.0%","183","5.9%","7","3.2%","36","6.2%","134","11.6%","1,820","6.0%"
"Male population 45 to 49 years","1","6.7%","2","2.0%","658","5.2%","8,880","7.0%","65,431","6.5%","803","5.2%","179","4.0%","20","4.2%","51","4.1%","183","5.9%","58","5.0%","1,223","5.6%","26","5.4%","1","1.9%","5","2.9%","28","4.4%","54","4.9%","165","7.2%","8","5.2%","14","6.0%","33","7.5%","31","5.4%","41","5.1%","30","6.8%","12","8.2%","427","5.7%","27","7.8%","150","5.8%","40","7.2%","24","4.8%","79","5.8%","460","5.1%","662","5.6%","221","5.2%","33","3.6%","213","5.2%","68","3.8%","2","1.8%","15","4.0%","24","3.8%","23","4.8%","9","7.9%","8","4.2%","1,110","4.8%","1","4.3%","60","6.6%","78","6.3%","0","-","36","3.8%","288","8.6%","30","5.6%","82","5.5%","12","5.6%","247","4.8%","1,738","5.7%","35","3.9%","2,354","5.0%","2,680","6.2%","1,752","5.6%","1,684","5.4%","703","6.0%","278","5.3%","2,156","6.6%","395","5.5%","2","1.5%","1","2.7%","172","5.6%","10","4.6%","31","5.3%","92","8.0%","1,704","5.7%"
"Male population 50 to 54 years","0","0.0%","2","2.0%","719","5.7%","7,959","6.3%","65,696","6.6%","854","5.5%","260","5.8%","38","8.1%","85","6.8%","214","6.9%","79","6.9%","1,300","6.0%","23","4.8%","3","5.8%","12","6.9%","33","5.2%","62","5.6%","128","5.6%","4","2.6%","17","7.2%","22","5.0%","29","5.0%","64","8.0%","24","5.4%","1","0.7%","458","6.1%","21","6.1%","178","6.9%","32","5.8%","22","4.4%","62","4.6%","573","6.3%","660","5.6%","324","7.6%","35","3.8%","242","5.9%","98","5.5%","7","6.2%","21","5.6%","25","4.0%","37","7.7%","10","8.8%","16","8.4%","1,385","6.0%","0","0.0%","54","6.0%","79","6.3%","0","-","70","7.4%","283","8.5%","28","5.2%","94","6.3%","14","6.5%","331","6.5%","1,891","6.2%","33","3.6%","2,482","5.3%","2,750","6.4%","1,998","6.4%","1,889","6.1%","738","6.3%","310","6.0%","2,154","6.6%","459","6.4%","6","4.6%","2","5.4%","180","5.8%","8","3.7%","20","3.4%","70","6.1%","1,967","6.5%"
"Male population 55 to 59 years","1","6.7%","8","8.2%","902","7.1%","7,392","5.8%","63,525","6.4%","1,132","7.3%","360","8.0%","43","9.1%","121","9.6%","266","8.6%","92","8.0%","1,406","6.5%","41","8.5%","4","7.7%","15","8.6%","37","5.9%","80","7.2%","138","6.0%","9","5.9%","31","13.2%","56","12.7%","36","6.2%","64","8.0%","28","6.3%","8","5.4%","509","6.8%","33","9.5%","191","7.4%","29","5.3%","32","6.4%","96","7.1%","662","7.3%","747","6.4%","368","8.7%","90","9.9%","287","7.0%","133","7.4%","19","16.8%","25","6.6%","35","5.6%","52","10.8%","2","1.8%","9","4.7%","1,785","7.8%","3","13.0%","68","7.5%","92","7.4%","0","-","84","8.9%","301","9.0%","16","3.0%","147","9.8%","27","12.6%","457","9.0%","2,017","6.6%","71","7.8%","2,544","5.5%","2,635","6.1%","2,318","7.4%","1,940","6.2%","771","6.6%","333","6.4%","2,247","6.9%","628","8.7%","4","3.1%","6","16.2%","225","7.3%","14","6.5%","25","4.3%","62","5.4%","2,229","7.4%"
"Male population 60 to 64 years","1","6.7%","4","4.1%","874","6.9%","7,234","5.7%","56,416","5.6%","1,373","8.9%","454","10.1%","53","11.3%","155","12.4%","347","11.2%","95","8.2%","1,313","6.0%","38","7.9%","2","3.8%","24","13.8%","49","7.8%","106","9.5%","101","4.4%","28","18.3%","14","6.0%","38","8.6%","41","7.1%","72","9.0%","37","8.4%","12","8.2%","491","6.5%","19","5.5%","188","7.3%","32","5.8%","29","5.8%","95","7.0%","703","7.7%","726","6.2%","400","9.4%","112","12.3%","322","7.9%","172","9.6%","14","12.4%","26","6.9%","42","6.7%","42","8.7%","8","7.0%","19","10.0%","2,045","8.9%","2","8.7%","88","9.7%","103","8.3%","0","-","95","10.1%","210","6.3%","56","10.4%","185","12.3%","18","8.4%","500","9.8%","1,849","6.0%","53","5.8%","2,622","5.6%","2,492","5.8%","2,360","7.5%","1,847","5.9%","637","5.4%","512","9.8%","2,111","6.5%","677","9.4%","12","9.2%","0","0.0%","222","7.2%","17","7.8%","59","10.1%","44","3.8%","2,184","7.3%"
"Male population 65 to 69 years","1","6.7%","10","10.2%","760","6.0%","7,494","5.9%","47,658","4.8%","1,360","8.8%","480","10.7%","58","12.3%","151","12.0%","348","11.3%","63","5.5%","928","4.3%","37","7.7%","4","7.7%","13","7.5%","31","4.9%","78","7.0%","80","3.5%","15","9.8%","16","6.8%","37","8.4%","41","7.1%","79","9.8%","36","8.1%","10","6.8%","371","4.9%","30","8.7%","167","6.5%","43","7.8%","42","8.3%","89","6.6%","718","7.9%","590","5.0%","335","7.9%","111","12.2%","312","7.6%","143","8.0%","17","15.0%","16","4.2%","34","5.4%","54","11.2%","13","11.4%","18","9.5%","2,224","9.7%","0","0.0%","55","6.1%","92","7.4%","0","-","50","5.3%","150","4.5%","44","8.2%","171","11.4%","24","11.2%","494","9.7%","1,490","4.9%","42","4.6%","2,297","4.9%","2,157","5.0%","2,296","7.3%","1,459","4.7%","567","4.9%","512","9.8%","1,864","5.7%","685","9.5%","10","7.7%","2","5.4%","210","6.8%","21","9.7%","44","7.5%","24","2.1%","2,010","6.7%"
"Male population 70 to 74 years","3","20.0%","8","8.2%","744","5.9%","7,510","5.9%","39,208","3.9%","1,289","8.3%","407","9.0%","46","9.8%","125","10.0%","284","9.2%","25","2.2%","650","3.0%","12","2.5%","1","1.9%","12","6.9%","20","3.2%","45","4.1%","60","2.6%","25","16.3%","14","6.0%","33","7.5%","41","7.1%","36","4.5%","35","7.9%","5","3.4%","286","3.8%","20","5.8%","90","3.5%","33","6.0%","17","3.4%","109","8.0%","690","7.6%","569","4.9%","327","7.7%","103","11.3%","303","7.4%","132","7.4%","7","6.2%","9","2.4%","44","7.0%","45","9.3%","3","2.6%","7","3.7%","2,172","9.5%","0","0.0%","44","4.9%","52","4.2%","0","-","64","6.8%","91","2.7%","53","9.8%","157","10.5%","17","7.9%","373","7.3%","1,156","3.8%","32","3.5%","1,692","3.6%","1,741","4.0%","2,182","6.9%","1,250","4.0%","377","3.2%","580","11.1%","1,690","5.2%","616","8.5%","16","12.3%","2","5.4%","131","4.2%","17","7.8%","38","6.5%","16","1.4%","1,698","5.6%"
"Male population 75 to 79 years","0","0.0%","4","4.1%","517","4.1%","5,068","4.0%","25,077","2.5%","897","5.8%","283","6.3%","45","9.6%","83","6.6%","158","5.1%","19","1.6%","403","1.9%","12","2.5%","0","0.0%","7","4.0%","17","2.7%","42","3.8%","30","1.3%","4","2.6%","13","5.5%","15","3.4%","34","5.9%","26","3.2%","15","3.4%","0","0.0%","160","2.1%","31","9.0%","79","3.1%","17","3.1%","24","4.8%","47","3.5%","401","4.4%","376","3.2%","214","5.0%","87","9.5%","194","4.7%","91","5.1%","10","8.8%","13","3.4%","37","5.9%","30","6.2%","0","0.0%","4","2.1%","1,621","7.1%","0","0.0%","14","1.5%","40","3.2%","0","-","35","3.7%","101","3.0%","27","5.0%","81","5.4%","5","2.3%","304","6.0%","682","2.2%","22","2.4%","1,075","2.3%","1,155","2.7%","1,509","4.8%","768","2.5%","217","1.9%","362","7.0%","1,051","3.2%","370","5.1%","13","10.0%","4","10.8%","93","3.0%","11","5.1%","23","3.9%","10","0.9%","1,152","3.8%"
"Male population 80 to 84 years","0","0.0%","3","3.1%","298","2.4%","2,747","2.2%","14,668","1.5%","553","3.6%","156","3.5%","25","5.3%","59","4.7%","76","2.5%","12","1.0%","223","1.0%","10","2.1%","0","0.0%","4","2.3%","9","1.4%","13","1.2%","8","0.3%","5","3.3%","14","6.0%","5","1.1%","9","1.6%","13","1.6%","13","2.9%","2","1.4%","94","1.2%","5","1.4%","38","1.5%","16","2.9%","15","3.0%","42","3.1%","206","2.3%","195","1.7%","101","2.4%","30","3.3%","145","3.5%","64","3.6%","8","7.1%","7","1.9%","23","3.7%","9","1.9%","2","1.8%","0","0.0%","932","4.1%","0","0.0%","19","2.1%","17","1.4%","0","-","20","2.1%","35","1.0%","17","3.2%","41","2.7%","1","0.5%","148","2.9%","339","1.1%","18","2.0%","664","1.4%","634","1.5%","910","2.9%","466","1.5%","114","1.0%","168","3.2%","525","1.6%","169","2.3%","2","1.5%","0","0.0%","57","1.8%","4","1.8%","22","3.8%","16","1.4%","669","2.2%"
"Male population 85 years and over","0","0.0%","5","5.1%","190","1.5%","1,504","1.2%","10,102","1.0%","422","2.7%","127","2.8%","13","2.8%","38","3.0%","41","1.3%","13","1.1%","137","0.6%","6","1.3%","1","1.9%","4","2.3%","10","1.6%","16","1.4%","10","0.4%","3","2.0%","2","0.9%","0","0.0%","14","2.4%","8","1.0%","8","1.8%","0","0.0%","56","0.7%","5","1.4%","13","0.5%","10","1.8%","24","4.8%","24","1.8%","114","1.3%","99","0.8%","59","1.4%","25","2.7%","85","2.1%","39","2.2%","5","4.4%","5","1.3%","10","1.6%","5","1.0%","2","1.8%","4","2.1%","509","2.2%","0","0.0%","10","1.1%","9","0.7%","0","-","16","1.7%","16","0.5%","13","2.4%","18","1.2%","2","0.9%","80","1.6%","215","0.7%","7","0.8%","448","1.0%","472","1.1%","657","2.1%","370","1.2%","91","0.8%","79","1.5%","359","1.1%","119","1.7%","3","2.3%","0","0.0%","52","1.7%","6","2.8%","13","2.2%","6","0.5%","538","1.8%"
"Selected Age Categories","","","","","","","","","","","","","","","","","","","","","","","","","","","","","","","","","","","","","","","","","","","","","","","","","","","","","","","","","","","","","","","","","","","","","","","","","","","","","","","","","","","","","","","","","","","","","","","","","","","","","","","","","","","","","","","","","","","","","","","","","","","","","","","","","","","","","","","","","","","","","",""
"16 years and over","13","86.7%","74","75.5%","10,120","79.9%","101,599","80.1%","791,708","79.2%","12,836","83.0%","3,820","84.8%","427","90.7%","1,112","88.6%","2,793","90.5%","925","80.3%","16,219","74.5%","376","78.3%","38","73.1%","136","78.2%","464","73.5%","888","79.9%","1,589","69.3%","132","86.3%","198","84.3%","362","82.1%","446","77.0%","635","79.1%","353","79.9%","109","74.1%","5,773","76.6%","288","83.2%","1,995","77.5%","422","76.4%","387","76.9%","1,113","82.1%","7,342","80.8%","9,053","77.2%","3,571","84.1%","808","88.7%","3,350","81.8%","1,465","81.7%","107","94.7%","268","71.1%","480","76.3%","416","86.3%","85","74.6%","152","80.0%","19,772","86.2%","15","65.2%","746","82.5%","1,035","82.9%","0","-","755","80.0%","2,956","88.5%","465","86.3%","1,309","87.3%","174","81.3%","4,463","87.4%","23,936","78.2%","656","72.3%","38,953","83.5%","34,671","80.2%","26,344","83.8%","24,929","80.2%","8,833","75.6%","4,364","83.9%","25,733","79.1%","5,958","82.7%","108","83.1%","33","89.2%","2,451","79.5%","175","80.6%","469","80.4%","1,097","95.3%","25,091","83.3%"
"18 years and over","13","86.7%","73","74.5%","9,796","77.3%","98,555","77.7%","764,339","76.5%","12,429","80.4%","3,721","82.6%","417","88.5%","1,093","87.1%","2,745","88.9%","908","78.8%","15,579","71.6%","352","73.3%","38","73.1%","133","76.4%","445","70.5%","862","77.6%","1,499","65.3%","130","85.0%","193","82.1%","357","81.0%","435","75.1%","613","76.3%","341","77.1%","106","72.1%","5,541","73.5%","286","82.7%","1,912","74.3%","393","71.2%","349","69.4%","1,095","80.8%","7,112","78.2%","8,711","74.3%","3,452","81.3%","779","85.5%","3,243","79.2%","1,438","80.2%","107","94.7%","257","68.2%","459","73.0%","403","83.6%","81","71.1%","146","76.8%","19,343","84.3%","15","65.2%","717","79.3%","1,014","81.3%","0","-","721","76.4%","2,907","87.0%","461","85.5%","1,291","86.1%","165","77.1%","4,350","85.2%","23,118","75.6%","632","69.7%","38,031","81.5%","33,625","77.8%","25,609","81.4%","24,100","77.6%","8,483","72.6%","4,245","81.6%","24,788","76.2%","5,742","79.7%","106","81.5%","30","81.1%","2,372","76.9%","164","75.6%","456","78.2%","1,094","95.0%","24,406","81.0%"
"21 years and over","13","86.7%","73","74.5%","9,387","74.1%","94,814","74.8%","725,523","72.6%","12,029","77.8%","3,613","80.2%","408","86.6%","1,061","84.5%","2,697","87.4%","869","75.4%","14,785","67.9%","329","68.5%","37","71.2%","131","75.3%","423","67.0%","819","73.7%","1,390","60.6%","125","81.7%","192","81.7%","351","79.6%","423","73.1%","587","73.1%","325","73.5%","101","68.7%","5,257","69.8%","271","78.3%","1,843","71.6%","370","67.0%","336","66.8%","1,043","76.9%","6,824","75.1%","8,340","71.1%","3,344","78.8%","761","83.5%","3,134","76.5%","1,399","78.0%","106","93.8%","249","66.0%","440","70.0%","386","80.1%","81","71.1%","144","75.8%","18,748","81.7%","14","60.9%","690","76.3%","982","78.7%","0","-","695","73.6%","2,830","84.7%","433","80.3%","1,266","84.4%","160","74.8%","4,180","81.9%","22,020","72.0%","593","65.4%","34,296","73.5%","32,067","74.2%","24,667","78.4%","22,723","73.1%","7,930","67.8%","4,143","79.6%","23,508","72.2%","5,529","76.7%","104","80.0%","30","81.1%","2,271","73.6%","160","73.7%","432","74.1%","1,064","92.4%","23,489","78.0%"
"62 years and over","4","26.7%","34","34.7%","3,024","23.9%","28,668","22.6%","169,388","16.9%","5,377","34.8%","1,743","38.7%","219","46.5%","549","43.7%","1,124","36.4%","173","15.0%","3,105","14.3%","105","21.9%","8","15.4%","52","29.9%","119","18.9%","247","22.2%","249","10.9%","68","44.4%","61","26.0%","108","24.5%","166","28.7%","199","24.8%","132","29.9%","26","17.7%","1,256","16.7%","99","28.6%","502","19.5%","138","25.0%","141","28.0%","366","27.0%","2,566","28.2%","2,249","19.2%","1,272","30.0%","421","46.2%","1,223","29.9%","569","31.7%","57","50.4%","66","17.5%","171","27.2%","166","34.4%","25","21.9%","51","26.8%","8,734","38.1%","2","8.7%","191","21.1%","273","21.9%","0","-","247","26.2%","515","15.4%","179","33.2%","578","38.5%","59","27.6%","1,711","33.5%","4,991","16.3%","150","16.5%","7,734","16.6%","7,615","17.6%","8,998","28.6%","5,400","17.4%","1,733","14.8%","2,024","38.9%","6,717","20.6%","2,348","32.6%","50","38.5%","8","21.6%","659","21.4%","68","31.3%","180","30.9%","102","8.9%","7,307","24.3%"
"65 years and over","4","26.7%","30","30.6%","2,509","19.8%","24,323","19.2%","136,713","13.7%","4,521","29.2%","1,453","32.3%","187","39.7%","456","36.3%","907","29.4%","132","11.5%","2,341","10.8%","77","16.0%","6","11.5%","40","23.0%","87","13.8%","194","17.5%","188","8.2%","52","34.0%","59","25.1%","90","20.4%","139","24.0%","162","20.2%","107","24.2%","17","11.6%","967","12.8%","91","26.3%","387","15.0%","119","21.6%","122","24.3%","311","22.9%","2,129","23.4%","1,829","15.6%","1,036","24.4%","356","39.1%","1,039","25.4%","469","26.1%","47","41.6%","50","13.3%","148","23.5%","143","29.7%","20","17.5%","33","17.4%","7,458","32.5%","0","0.0%","142","15.7%","210","16.8%","0","-","185","19.6%","393","11.8%","154","28.6%","468","31.2%","49","22.9%","1,399","27.4%","3,882","12.7%","121","13.3%","6,176","13.2%","6,159","14.2%","7,554","24.0%","4,313","13.9%","1,366","11.7%","1,701","32.7%","5,489","16.9%","1,959","27.2%","44","33.8%","8","21.6%","543","17.6%","59","27.2%","140","24.0%","72","6.3%","6,067","20.1%"
"Female population","10","100.0%","117","100.0%","12,609","100.0%","123,980","100.0%","1,015,037","100.0%","15,998","100.0%","4,489","100.0%","478","100.0%","1,157","100.0%","2,588","100.0%","943","100.0%","20,604","100.0%","448","100.0%","30","100.0%","161","100.0%","651","100.0%","944","100.0%","2,263","100.0%","134","100.0%","207","100.0%","345","100.0%","490","100.0%","724","100.0%","435","100.0%","128","100.0%","7,072","100.0%","279","100.0%","2,535","100.0%","514","100.0%","490","100.0%","1,084","100.0%","8,890","100.0%","11,323","100.0%","3,899","100.0%","920","100.0%","4,134","100.0%","1,740","100.0%","94","100.0%","436","100.0%","541","100.0%","426","100.0%","134","100.0%","189","100.0%","21,899","100.0%","21","100.0%","807","100.0%","1,042","100.0%","0","-","822","100.0%","1,543","100.0%","608","100.0%","1,457","100.0%","178","100.0%","4,712","100.0%","29,029","100.0%","1,028","100.0%","43,826","100.0%","42,149","100.0%","32,477","100.0%","30,666","100.0%","11,418","100.0%","5,184","100.0%","32,748","100.0%","7,192","100.0%","114","100.0%","18","100.0%","2,792","100.0%","181","100.0%","556","100.0%","217","100.0%","28,526","100.0%"
"Female population Under 5 years","0","0.0%","7","6.0%","788","6.2%","6,478","5.2%","56,479","5.6%","594","3.7%","160","3.6%","13","2.7%","26","2.2%","80","3.1%","66","7.0%","1,464","7.1%","28","6.3%","1","3.3%","8","5.0%","51","7.8%","52","5.5%","209","9.2%","7","5.2%","6","2.9%","18","5.2%","18","3.7%","43","5.9%","27","6.2%","5","3.9%","465","6.6%","12","4.3%","184","7.3%","32","6.2%","27","5.5%","71","6.5%","417","4.7%","739","6.5%","162","4.2%","36","3.9%","203","4.9%","86","4.9%","1","1.1%","31","7.1%","32","5.9%","24","5.6%","11","8.2%","24","12.7%","847","3.9%","3","14.3%","55","6.8%","50","4.8%","0","-","32","3.9%","117","7.6%","27","4.4%","44","3.0%","16","9.0%","158","3.4%","1,847","6.4%","83","8.1%","2,072","4.7%","2,508","6.0%","1,409","4.3%","1,750","5.7%","754","6.6%","184","3.5%","1,736","5.3%","271","3.8%","7","6.1%","0","0.0%","181","6.5%","7","3.9%","32","5.8%","15","6.9%","1,405","4.9%"
"Female population 5 to 9 years","0","0.0%","9","7.7%","810","6.4%","7,805","6.3%","61,995","6.1%","734","4.6%","170","3.8%","18","3.8%","42","3.6%","91","3.5%","71","7.5%","1,657","8.0%","32","7.1%","1","3.3%","8","5.0%","51","7.8%","67","7.1%","203","9.0%","8","6.0%","11","5.3%","21","6.1%","42","8.6%","53","7.3%","30","6.9%","12","9.4%","561","7.9%","7","2.5%","187","7.4%","41","8.0%","13","2.7%","84","7.7%","445","5.0%","824","7.3%","180","4.6%","36","3.9%","238","5.8%","95","5.5%","3","3.2%","51","11.7%","36","6.7%","39","9.2%","5","3.7%","17","9.0%","885","4.0%","0","0.0%","63","7.8%","82","7.9%","0","-","55","6.7%","111","7.2%","19","3.1%","54","3.7%","3","1.7%","153","3.2%","1,982","6.8%","76","7.4%","2,108","4.8%","2,545","6.0%","1,595","4.9%","1,843","6.0%","806","7.1%","232","4.5%","2,055","6.3%","374","5.2%","0","0.0%","2","11.1%","201","7.2%","4","2.2%","34","6.1%","16","7.4%","1,526","5.3%"
"Female population 10 to 14 years","3","30.0%","8","6.8%","750","5.9%","8,031","6.5%","66,665","6.6%","814","5.1%","220","4.9%","26","5.4%","55","4.8%","93","3.6%","59","6.3%","1,834","8.9%","19","4.2%","3","10.0%","9","5.6%","60","9.2%","73","7.7%","239","10.6%","11","8.2%","12","5.8%","19","5.5%","39","8.0%","56","7.7%","34","7.8%","15","11.7%","574","8.1%","16","5.7%","210","8.3%","50","9.7%","23","4.7%","67","6.2%","542","6.1%","838","7.4%","227","5.8%","50","5.4%","247","6.0%","82","4.7%","0","0.0%","25","5.7%","45","8.3%","18","4.2%","11","8.2%","21","11.1%","976","4.5%","2","9.5%","59","7.3%","70","6.7%","0","-","55","6.7%","113","7.3%","34","5.6%","87","6.0%","12","6.7%","255","5.4%","2,060","7.1%","86","8.4%","2,299","5.2%","2,587","6.1%","1,584","4.9%","1,931","6.3%","901","7.9%","292","5.6%","2,178","6.7%","404","5.6%","6","5.3%","0","0.0%","211","7.6%","26","14.4%","36","6.5%","6","2.8%","1,654","5.8%"
"Female population 15 to 19 years","0","0.0%","13","11.1%","741","5.9%","6,686","5.4%","63,131","6.2%","820","5.1%","210","4.7%","22","4.6%","55","4.8%","84","3.2%","51","5.4%","1,392","6.8%","28","6.3%","0","0.0%","4","2.5%","52","8.0%","60","6.4%","184","8.1%","7","5.2%","12","5.8%","16","4.6%","14","2.9%","39","5.4%","26","6.0%","3","2.3%","444","6.3%","21","7.5%","151","6.0%","34","6.6%","54","11.0%","66","6.1%","468","5.3%","765","6.8%","211","5.4%","41","4.5%","283","6.8%","64","3.7%","3","3.2%","28","6.4%","42","7.8%","23","5.4%","16","11.9%","13","6.9%","944","4.3%","0","0.0%","41","5.1%","44","4.2%","0","-","44","5.4%","85","5.5%","26","4.3%","73","5.0%","19","10.7%","233","4.9%","1,745","6.0%","65","6.3%","3,874","8.8%","2,440","5.8%","1,505","4.6%","1,824","5.9%","890","7.8%","193","3.7%","1,992","6.1%","428","6.0%","4","3.5%","0","0.0%","160","5.7%","17","9.4%","25","4.5%","14","6.5%","1,547","5.4%"
"Female population 20 to 24 years","0","0.0%","5","4.3%","676","5.4%","5,128","4.1%","64,114","6.3%","529","3.3%","143","3.2%","7","1.5%","21","1.8%","81","3.1%","58","6.2%","1,270","6.2%","28","6.3%","2","6.7%","7","4.3%","32","4.9%","40","4.2%","161","7.1%","3","2.2%","5","2.4%","17","4.9%","19","3.9%","35","4.8%","11","2.5%","3","2.3%","413","5.8%","10","3.6%","120","4.7%","20","3.9%","17","3.5%","47","4.3%","403","4.5%","582","5.1%","139","3.6%","14","1.5%","175","4.2%","76","4.4%","1","1.1%","21","4.8%","27","5.0%","17","4.0%","8","6.0%","9","4.8%","858","3.9%","2","9.5%","51","6.3%","50","4.8%","0","-","35","4.3%","64","4.1%","28","4.6%","46","3.2%","7","3.9%","222","4.7%","1,911","6.6%","48","4.7%","5,502","12.6%","2,853","6.8%","1,695","5.2%","2,270","7.4%","842","7.4%","130","2.5%","1,600","4.9%","234","3.3%","8","7.0%","0","0.0%","134","4.8%","5","2.8%","25","4.5%","5","2.3%","1,459","5.1%"
"Female population 25 to 29 years","0","0.0%","6","5.1%","774","6.1%","6,261","5.1%","74,028","7.3%","572","3.6%","171","3.8%","13","2.7%","23","2.0%","130","5.0%","68","7.2%","1,471","7.1%","36","8.0%","1","3.3%","5","3.1%","37","5.7%","51","5.4%","167","7.4%","6","4.5%","12","5.8%","9","2.6%","36","7.3%","33","4.6%","24","5.5%","1","0.8%","478","6.8%","15","5.4%","158","6.2%","24","4.7%","23","4.7%","49","4.5%","504","5.7%","761","6.7%","196","5.0%","25","2.7%","193","4.7%","92","5.3%","6","6.4%","26","6.0%","19","3.5%","30","7.0%","5","3.7%","11","5.8%","854","3.9%","0","0.0%","55","6.8%","68","6.5%","0","-","40","4.9%","83","5.4%","42","6.9%","41","2.8%","8","4.5%","210","4.5%","2,171","7.5%","53","5.2%","3,912","8.9%","3,186","7.6%","1,866","5.7%","2,473","8.1%","840","7.4%","112","2.2%","1,653","5.0%","235","3.3%","9","7.9%","2","11.1%","159","5.7%","12","6.6%","25","4.5%","6","2.8%","1,650","5.8%"
"Female population 30 to 34 years","0","0.0%","7","6.0%","853","6.8%","8,177","6.6%","74,208","7.3%","766","4.8%","205","4.6%","12","2.5%","46","4.0%","180","7.0%","51","5.4%","1,544","7.5%","19","4.2%","2","6.7%","3","1.9%","46","7.1%","62","6.6%","155","6.8%","5","3.7%","9","4.3%","22","6.4%","41","8.4%","44","6.1%","24","5.5%","11","8.6%","509","7.2%","12","4.3%","188","7.4%","24","4.7%","24","4.9%","64","5.9%","522","5.9%","824","7.3%","196","5.0%","35","3.8%","204","4.9%","108","6.2%","5","5.3%","36","8.3%","33","6.1%","13","3.1%","6","4.5%","10","5.3%","910","4.2%","3","14.3%","70","8.7%","78","7.5%","0","-","35","4.3%","110","7.1%","34","5.6%","55","3.8%","10","5.6%","247","5.2%","2,254","7.8%","61","5.9%","3,143","7.2%","3,234","7.7%","1,838","5.7%","2,247","7.3%","700","6.1%","222","4.3%","2,162","6.6%","328","4.6%","5","4.4%","3","16.7%","176","6.3%","11","6.1%","20","3.6%","3","1.4%","1,702","6.0%"
"Female population 35 to 39 years","0","0.0%","1","0.9%","732","5.8%","9,516","7.7%","71,851","7.1%","783","4.9%","201","4.5%","20","4.2%","45","3.9%","168","6.5%","62","6.6%","1,404","6.8%","31","6.9%","3","10.0%","4","2.5%","44","6.8%","52","5.5%","150","6.6%","5","3.7%","13","6.3%","14","4.1%","34","6.9%","41","5.7%","32","7.4%","4","3.1%","460","6.5%","9","3.2%","188","7.4%","27","5.3%","24","4.9%","39","3.6%","501","5.6%","727","6.4%","180","4.6%","51","5.5%","189","4.6%","92","5.3%","2","2.1%","25","5.7%","33","6.1%","12","2.8%","11","8.2%","11","5.8%","918","4.2%","0","0.0%","49","6.1%","63","6.0%","0","-","45","5.5%","81","5.2%","25","4.1%","61","4.2%","3","1.7%","254","5.4%","2,071","7.1%","82","8.0%","2,608","6.0%","3,056","7.3%","1,969","6.1%","1,862","6.1%","730","6.4%","278","5.4%","2,300","7.0%","374","5.2%","5","4.4%","4","22.2%","168","6.0%","12","6.6%","33","5.9%","13","6.0%","1,626","5.7%"
"Female population 40 to 44 years","2","20.0%","6","5.1%","638","5.1%","8,761","7.1%","67,051","6.6%","779","4.9%","213","4.7%","18","3.8%","35","3.0%","135","5.2%","53","5.6%","1,270","6.2%","33","7.4%","0","0.0%","5","3.1%","19","2.9%","45","4.8%","159","7.0%","5","3.7%","9","4.3%","27","7.8%","22","4.5%","45","6.2%","9","2.1%","10","7.8%","431","6.1%","12","4.3%","124","4.9%","30","5.8%","23","4.7%","60","5.5%","447","5.0%","678","6.0%","180","4.6%","41","4.5%","223","5.4%","96","5.5%","6","6.4%","21","4.8%","38","7.0%","20","4.7%","4","3.0%","6","3.2%","963","4.4%","6","28.6%","38","4.7%","57","5.5%","0","-","45","5.5%","77","5.0%","22","3.6%","81","5.6%","12","6.7%","233","4.9%","1,782","6.1%","51","5.0%","2,385","5.4%","2,789","6.6%","1,801","5.5%","1,696","5.5%","644","5.6%","285","5.5%","2,000","6.1%","395","5.5%","4","3.5%","0","0.0%","137","4.9%","2","1.1%","37","6.7%","18","8.3%","1,464","5.1%"
"Female population 45 to 49 years","1","10.0%","1","0.9%","610","4.8%","8,388","6.8%","67,143","6.6%","827","5.2%","222","4.9%","18","3.8%","56","4.8%","127","4.9%","56","5.9%","1,229","6.0%","26","5.8%","2","6.7%","13","8.1%","24","3.7%","46","4.9%","130","5.7%","3","2.2%","14","6.8%","18","5.2%","26","5.3%","50","6.9%","29","6.7%","11","8.6%","407","5.8%","17","6.1%","140","5.5%","34","6.6%","25","5.1%","44","4.1%","516","5.8%","612","5.4%","246","6.3%","30","3.3%","181","4.4%","87","5.0%","5","5.3%","18","4.1%","16","3.0%","26","6.1%","5","3.7%","12","6.3%","1,061","4.8%","1","4.8%","50","6.2%","61","5.9%","0","-","51","6.2%","79","5.1%","31","5.1%","84","5.8%","8","4.5%","237","5.0%","1,656","5.7%","45","4.4%","2,162","4.9%","2,500","5.9%","1,840","5.7%","1,674","5.5%","694","6.1%","267","5.2%","2,249","6.9%","408","5.7%","8","7.0%","1","5.6%","143","5.1%","11","6.1%","24","4.3%","23","10.6%","1,627","5.7%"
"Female population 50 to 54 years","0","0.0%","7","6.0%","750","5.9%","7,365","5.9%","65,443","6.4%","928","5.8%","275","6.1%","31","6.5%","73","6.3%","172","6.6%","63","6.7%","1,249","6.1%","32","7.1%","1","3.3%","17","10.6%","54","8.3%","52","5.5%","130","5.7%","8","6.0%","10","4.8%","30","8.7%","15","3.1%","57","7.9%","27","6.2%","2","1.6%","388","5.5%","14","5.0%","166","6.5%","27","5.3%","21","4.3%","67","6.2%","533","6.0%","643","5.7%","274","7.0%","47","5.1%","223","5.4%","100","5.7%","5","5.3%","20","4.6%","39","7.2%","16","3.8%","8","6.0%","4","2.1%","1,382","6.3%","0","0.0%","44","5.5%","56","5.4%","0","-","64","7.8%","99","6.4%","36","5.9%","127","8.7%","10","5.6%","327","6.9%","1,802","6.2%","41","4.0%","2,276","5.2%","2,505","5.9%","2,094","6.4%","1,789","5.8%","715","6.3%","291","5.6%","2,273","6.9%","510","7.1%","4","3.5%","1","5.6%","176","6.3%","9","5.0%","23","4.1%","16","7.4%","1,740","6.1%"
"Female population 55 to 59 years","0","0.0%","7","6.0%","900","7.1%","7,430","6.0%","64,439","6.3%","1,343","8.4%","385","8.6%","57","11.9%","131","11.3%","264","10.2%","92","9.8%","1,275","6.2%","42","9.4%","1","3.3%","13","8.1%","36","5.5%","65","6.9%","125","5.5%","11","8.2%","19","9.2%","36","10.4%","42","8.6%","53","7.3%","32","7.4%","12","9.4%","461","6.5%","31","11.1%","198","7.8%","25","4.9%","36","7.3%","70","6.5%","677","7.6%","722","6.4%","362","9.3%","84","9.1%","302","7.3%","123","7.1%","6","6.4%","25","5.7%","38","7.0%","41","9.6%","7","5.2%","7","3.7%","1,816","8.3%","0","0.0%","64","7.9%","82","7.9%","0","-","69","8.4%","95","6.2%","50","8.2%","129","8.9%","11","6.2%","482","10.2%","1,974","6.8%","94","9.1%","2,527","5.8%","2,508","6.0%","2,397","7.4%","1,974","6.4%","724","6.3%","415","8.0%","2,251","6.9%","652","9.1%","10","8.8%","0","0.0%","208","7.4%","10","5.5%","45","8.1%","12","5.5%","2,069","7.3%"
"Female population 60 to 64 years","0","0.0%","5","4.3%","930","7.4%","8,042","6.5%","59,700","5.9%","1,545","9.7%","474","10.6%","50","10.5%","145","12.5%","304","11.7%","61","6.5%","1,164","5.6%","40","8.9%","4","13.3%","19","11.8%","45","6.9%","81","8.6%","84","3.7%","12","9.0%","21","10.1%","29","8.4%","33","6.7%","57","7.9%","33","7.6%","13","10.2%","457","6.5%","28","10.0%","171","6.7%","42","8.2%","40","8.2%","84","7.7%","745","8.4%","677","6.0%","376","9.6%","96","10.4%","346","8.4%","163","9.4%","11","11.7%","36","8.3%","33","6.1%","43","10.1%","7","5.2%","6","3.2%","2,150","9.8%","0","0.0%","63","7.8%","99","9.5%","0","-","82","10.0%","126","8.2%","61","10.0%","163","11.2%","16","9.0%","466","9.9%","1,775","6.1%","73","7.1%","2,414","5.5%","2,576","6.1%","2,451","7.5%","1,897","6.2%","680","6.0%","540","10.4%","2,232","6.8%","753","10.5%","8","7.0%","3","16.7%","196","7.0%","6","3.3%","54","9.7%","26","12.0%","2,183","7.7%"
"Female population 65 to 69 years","1","10.0%","8","6.8%","831","6.6%","8,357","6.7%","52,770","5.2%","1,532","9.6%","497","11.1%","60","12.6%","145","12.5%","274","10.6%","49","5.2%","875","4.2%","21","4.7%","4","13.3%","19","11.8%","38","5.8%","76","8.1%","65","2.9%","9","6.7%","16","7.7%","30","8.7%","38","7.8%","56","7.7%","48","11.0%","10","7.8%","368","5.2%","19","6.8%","136","5.4%","44","8.6%","38","7.8%","82","7.6%","780","8.8%","691","6.1%","348","8.9%","133","14.5%","317","7.7%","135","7.8%","6","6.4%","23","5.3%","37","6.8%","34","8.0%","9","6.7%","17","9.0%","2,309","10.5%","0","0.0%","50","6.2%","59","5.7%","0","-","66","8.0%","98","6.4%","53","8.7%","163","11.2%","13","7.3%","434","9.2%","1,521","5.2%","56","5.4%","2,167","4.9%","2,301","5.5%","2,616","8.1%","1,669","5.4%","510","4.5%","649","12.5%","2,040","6.2%","689","9.6%","10","8.8%","0","0.0%","177","6.3%","22","12.2%","42","7.6%","12","5.5%","2,064","7.2%"
"Female population 70 to 74 years","1","10.0%","8","6.8%","718","5.7%","8,166","6.6%","43,881","4.3%","1,348","8.4%","393","8.8%","51","10.7%","100","8.6%","218","8.4%","22","2.3%","651","3.2%","12","2.7%","3","10.0%","18","11.2%","22","3.4%","45","4.8%","62","2.7%","14","10.4%","18","8.7%","13","3.8%","38","7.8%","35","4.8%","26","6.0%","2","1.6%","244","3.5%","24","8.6%","87","3.4%","16","3.1%","34","6.9%","82","7.6%","651","7.3%","575","5.1%","299","7.7%","99","10.8%","271","6.6%","137","7.9%","11","11.7%","17","3.9%","42","7.8%","38","8.9%","5","3.7%","7","3.7%","2,089","9.5%","1","4.8%","28","3.5%","53","5.1%","0","-","45","5.5%","83","5.4%","55","9.0%","124","8.5%","12","6.7%","405","8.6%","1,137","3.9%","40","3.9%","1,805","4.1%","1,937","4.6%","2,246","6.9%","1,425","4.6%","414","3.6%","525","10.1%","1,733","5.3%","541","7.5%","11","9.6%","0","0.0%","121","4.3%","11","6.1%","39","7.0%","10","4.6%","1,773","6.2%"
"Female population 75 to 79 years","1","10.0%","4","3.4%","508","4.0%","5,309","4.3%","29,263","2.9%","996","6.2%","277","6.2%","40","8.4%","70","6.1%","103","4.0%","30","3.2%","413","2.0%","10","2.2%","2","6.7%","0","0.0%","20","3.1%","46","4.9%","21","0.9%","5","3.7%","11","5.3%","12","3.5%","12","2.4%","14","1.9%","11","2.5%","5","3.9%","195","2.8%","19","6.8%","62","2.4%","17","3.3%","32","6.5%","56","5.2%","389","4.4%","371","3.3%","167","4.3%","48","5.2%","216","5.2%","77","4.4%","8","8.5%","15","3.4%","17","3.1%","15","3.5%","6","4.5%","6","3.2%","1,513","6.9%","1","4.8%","21","2.6%","28","2.7%","0","-","42","5.1%","62","4.0%","33","5.4%","69","4.7%","5","2.8%","221","4.7%","691","2.4%","35","3.4%","1,092","2.5%","1,169","2.8%","1,556","4.8%","963","3.1%","279","2.4%","318","6.1%","1,100","3.4%","339","4.7%","3","2.6%","0","0.0%","106","3.8%","7","3.9%","31","5.6%","11","5.1%","1,291","4.5%"
"Female population 80 to 84 years","1","10.0%","6","5.1%","308","2.4%","2,470","2.0%","17,535","1.7%","545","3.4%","136","3.0%","14","2.9%","53","4.6%","46","1.8%","14","1.5%","249","1.2%","9","2.0%","0","0.0%","5","3.1%","16","2.5%","21","2.2%","12","0.5%","7","5.2%","6","2.9%","4","1.2%","8","1.6%","7","1.0%","5","1.1%","6","4.7%","116","1.6%","9","3.2%","30","1.2%","18","3.5%","22","4.5%","41","3.8%","189","2.1%","184","1.6%","95","2.4%","30","3.3%","155","3.7%","70","4.0%","7","7.4%","11","2.5%","4","0.7%","7","1.6%","3","2.2%","5","2.6%","812","3.7%","0","0.0%","2","0.2%","23","2.2%","0","-","8","1.0%","43","2.8%","21","3.5%","34","2.3%","4","2.2%","124","2.6%","354","1.2%","15","1.5%","726","1.7%","716","1.7%","975","3.0%","674","2.2%","170","1.5%","152","2.9%","620","1.9%","144","2.0%","3","2.6%","1","5.6%","67","2.4%","9","5.0%","14","2.5%","6","2.8%","838","2.9%"
"Female population 85 years and over","0","0.0%","9","7.7%","292","2.3%","1,610","1.3%","15,341","1.5%","543","3.4%","137","3.1%","8","1.7%","36","3.1%","38","1.5%","17","1.8%","193","0.9%","2","0.4%","0","0.0%","4","2.5%","4","0.6%","10","1.1%","7","0.3%","8","6.0%","3","1.4%","10","2.9%","13","2.7%","6","0.8%","7","1.6%","3","2.3%","101","1.4%","4","1.4%","35","1.4%","9","1.8%","14","2.9%","11","1.0%","161","1.8%","110","1.0%","61","1.6%","24","2.6%","168","4.1%","57","3.3%","8","8.5%","7","1.6%","10","1.8%","10","2.3%","7","5.2%","3","1.6%","612","2.8%","2","9.5%","4","0.5%","19","1.8%","0","-","9","1.1%","17","1.1%","11","1.8%","22","1.5%","9","5.1%","51","1.1%","296","1.0%","24","2.3%","754","1.7%","739","1.8%","1,040","3.2%","705","2.3%","125","1.1%","99","1.9%","574","1.8%","113","1.6%","9","7.9%","1","5.6%","71","2.5%","0","0.0%","17","3.1%","5","2.3%","908","3.2%"
"Selected Age Categories","","","","","","","","","","","","","","","","","","","","","","","","","","","","","","","","","","","","","","","","","","","","","","","","","","","","","","","","","","","","","","","","","","","","","","","","","","","","","","","","","","","","","","","","","","","","","","","","","","","","","","","","","","","","","","","","","","","","","","","","","","","","","","","","","","","","","","","","","","","","","",""
"16 years and over","7","70.0%","88","75.2%","10,106","80.1%","100,138","80.8%","816,791","80.5%","13,669","85.4%","3,898","86.8%","419","87.7%","1,026","88.7%","2,303","89.0%","738","78.3%","15,341","74.5%","361","80.6%","25","83.3%","134","83.2%","477","73.3%","736","78.0%","1,563","69.1%","106","79.1%","177","85.5%","280","81.2%","389","79.4%","565","78.0%","337","77.5%","95","74.2%","5,360","75.8%","241","86.4%","1,924","75.9%","390","75.9%","413","84.3%","850","78.4%","7,365","82.8%","8,762","77.4%","3,288","84.3%","790","85.9%","3,377","81.7%","1,464","84.1%","90","95.7%","319","73.2%","418","77.3%","339","79.6%","106","79.1%","126","66.7%","18,964","86.6%","16","76.2%","619","76.7%","834","80.0%","0","-","663","80.7%","1,188","77.0%","526","86.5%","1,247","85.6%","139","78.1%","4,091","86.8%","22,768","78.4%","767","74.6%","36,928","84.3%","33,973","80.6%","27,556","84.8%","24,766","80.8%","8,779","76.9%","4,427","85.4%","26,330","80.4%","6,036","83.9%","100","87.7%","16","88.9%","2,156","77.2%","144","79.6%","446","80.2%","176","81.1%","23,618","82.8%"
"18 years and over","7","70.0%","84","71.8%","9,808","77.8%","97,319","78.5%","791,027","77.9%","13,321","83.3%","3,815","85.0%","407","85.1%","998","86.3%","2,279","88.1%","711","75.4%","14,715","71.4%","352","78.6%","25","83.3%","132","82.0%","459","70.5%","713","75.5%","1,485","65.6%","102","76.1%","171","82.6%","275","79.7%","382","78.0%","545","75.3%","323","74.3%","95","74.2%","5,192","73.4%","234","83.9%","1,848","72.9%","370","72.0%","384","78.4%","823","75.9%","7,166","80.6%","8,446","74.6%","3,191","81.8%","771","83.8%","3,247","78.5%","1,433","82.4%","87","92.6%","309","70.9%","404","74.7%","326","76.5%","95","70.9%","117","61.9%","18,556","84.7%","16","76.2%","604","74.8%","808","77.5%","0","-","645","78.5%","1,142","74.0%","514","84.5%","1,219","83.7%","134","75.3%","3,992","84.7%","22,066","76.0%","738","71.8%","35,984","82.1%","32,973","78.2%","26,901","82.8%","24,083","78.5%","8,415","73.7%","4,338","83.7%","25,477","77.8%","5,858","81.5%","98","86.0%","16","88.9%","2,096","75.1%","135","74.6%","440","79.1%","170","78.3%","22,994","80.6%"
"21 years and over","7","70.0%","79","67.5%","9,383","74.4%","93,858","75.7%","754,608","74.3%","12,901","80.6%","3,700","82.4%","398","83.3%","975","84.3%","2,224","85.9%","684","72.5%","14,032","68.1%","336","75.0%","23","76.7%","132","82.0%","435","66.8%","679","71.9%","1,394","61.6%","101","75.4%","165","79.7%","268","77.7%","375","76.5%","529","73.1%","314","72.2%","91","71.1%","4,941","69.9%","221","79.2%","1,781","70.3%","356","69.3%","372","75.9%","792","73.1%","6,939","78.1%","8,030","70.9%","3,095","79.4%","750","81.5%","3,132","75.8%","1,397","80.3%","86","91.5%","295","67.7%","382","70.6%","317","74.4%","90","67.2%","111","58.7%","18,045","82.4%","16","76.2%","571","70.8%","785","75.3%","0","-","630","76.6%","1,101","71.4%","496","81.6%","1,188","81.5%","127","71.3%","3,868","82.1%","21,082","72.6%","710","69.1%","32,275","73.6%","31,574","74.9%","26,103","80.4%","22,890","74.6%","7,909","69.3%","4,248","81.9%","24,413","74.5%","5,655","78.6%","96","84.2%","16","88.9%","2,004","71.8%","124","68.5%","420","75.5%","166","76.5%","22,139","77.6%"
"62 years and over","4","40.0%","36","30.8%","3,194","25.3%","30,818","24.9%","193,987","19.1%","5,878","36.7%","1,748","38.9%","209","43.7%","494","42.7%","868","33.5%","160","17.0%","3,049","14.8%","80","17.9%","12","40.0%","55","34.2%","127","19.5%","256","27.1%","218","9.6%","49","36.6%","66","31.9%","84","24.3%","134","27.3%","154","21.3%","122","28.0%","32","25.0%","1,272","18.0%","89","31.9%","433","17.1%","134","26.1%","168","34.3%","305","28.1%","2,635","29.6%","2,310","20.4%","1,198","30.7%","400","43.5%","1,337","32.3%","566","32.5%","47","50.0%","98","22.5%","133","24.6%","129","30.3%","33","24.6%","40","21.2%","8,643","39.5%","4","19.0%","144","17.8%","239","22.9%","0","-","216","26.3%","379","24.6%","213","35.0%","503","34.5%","52","29.2%","1,506","32.0%","5,040","17.4%","213","20.7%","7,942","18.1%","8,402","19.9%","9,906","30.5%","6,509","21.2%","1,887","16.5%","2,076","40.0%","7,397","22.6%","2,300","32.0%","39","34.2%","5","27.8%","648","23.2%","51","28.2%","172","30.9%","58","26.7%","8,141","28.5%"
"65 years and over","4","40.0%","35","29.9%","2,657","21.1%","25,912","20.9%","158,790","15.6%","4,964","31.0%","1,440","32.1%","173","36.2%","404","34.9%","679","26.2%","132","14.0%","2,381","11.6%","54","12.1%","9","30.0%","46","28.6%","100","15.4%","198","21.0%","167","7.4%","43","32.1%","54","26.1%","69","20.0%","109","22.2%","118","16.3%","97","22.3%","26","20.3%","1,024","14.5%","75","26.9%","350","13.8%","104","20.2%","140","28.6%","272","25.1%","2,170","24.4%","1,931","17.1%","970","24.9%","334","36.3%","1,127","27.3%","476","27.4%","40","42.6%","73","16.7%","110","20.3%","104","24.4%","30","22.4%","38","20.1%","7,335","33.5%","4","19.0%","105","13.0%","182","17.5%","0","-","170","20.7%","303","19.6%","173","28.5%","412","28.3%","43","24.2%","1,235","26.2%","3,999","13.8%","170","16.5%","6,544","14.9%","6,862","16.3%","8,433","26.0%","5,436","17.7%","1,498","13.1%","1,743","33.6%","6,067","18.5%","1,826","25.4%","36","31.6%","2","11.1%","542","19.4%","49","27.1%","143","25.7%","44","20.3%","6,874","24.1%"
"MEDIAN AGE BY SEX","","","","","","","","","","","","","","","","","","","","","","","","","","","","","","","","","","","","","","","","","","","","","","","","","","","","","","","","","","","","","","","","","","","","","","","","","","","","","","","","","","","","","","","","","","","","","","","","","","","","","","","","","","","","","","","","","","","","","","","","","","","","","","","","","","","","","","","","","","","","","",""
"Both sexes","43.8","(X)","41.5","(X)","40.7","(X)","41.4","(X)","37.5","(X)","52.6","(X)","55.6","(X)","59.6","(X)","59.1","(X)","54.2","(X)","38.2","(X)","33.8","(X)","38.9","(X)","35.0","(X)","52.8","(X)","34.6","(X)","40.4","(X)","29.3","(X)","57.9","(X)","50.4","(X)","48.6","(X)","42.4","(X)","43.8","(X)","45.3","(X)","40.5","(X)","35.7","(X)","50.0","(X)","37.6","(X)","40.7","(X)","44.7","(X)","43.7","(X)","46.0","(X)","36.9","(X)","50.2","(X)","59.6","(X)","47.1","(X)","49.2","(X)","62.1","(X)","34.4","(X)","40.1","(X)","51.4","(X)","38.3","(X)","38.1","(X)","55.2","(X)","32.6","(X)","39.3","(X)","40.8","(X)","-","(X)","47.1","(X)","41.4","(X)","50.0","(X)","55.5","(X)","48.5","(X)","52.3","(X)","35.6","(X)","35.6","(X)","32.8","(X)","37.3","(X)","46.8","(X)","36.0","(X)","34.1","(X)","55.4","(X)","40.7","(X)","51.4","(X)","51.0","(X)","35.8","(X)","39.8","(X)","41.5","(X)","44.7","(X)","37.6","(X)","43.9","(X)"
"Male","43.8","(X)","42.5","(X)","40.0","(X)","40.7","(X)","36.7","(X)","50.9","(X)","55.2","(X)","60.3","(X)","59.3","(X)","54.6","(X)","37.5","(X)","33.7","(X)","36.4","(X)","31.5","(X)","50.7","(X)","34.4","(X)","39.8","(X)","29.8","(X)","60.4","(X)","50.9","(X)","48.6","(X)","43.7","(X)","45.1","(X)","45.5","(X)","37.5","(X)","35.6","(X)","48.9","(X)","38.4","(X)","40.5","(X)","41.3","(X)","42.6","(X)","44.7","(X)","36.7","(X)","50.1","(X)","60.5","(X)","46.3","(X)","48.6","(X)","62.1","(X)","34.2","(X)","39.9","(X)","54.3","(X)","38.6","(X)","43.7","(X)","54.3","(X)","32.1","(X)","41.8","(X)","40.4","(X)","-","(X)","44.9","(X)","41.5","(X)","48.6","(X)","56.7","(X)","50.5","(X)","52.2","(X)","35.2","(X)","33.4","(X)","32.4","(X)","36.9","(X)","45.6","(X)","34.9","(X)","33.4","(X)","53.9","(X)","39.8","(X)","51.3","(X)","51.5","(X)","32.5","(X)","39.6","(X)","43.8","(X)","42.1","(X)","36.4","(X)","42.3","(X)"
"Female","45.0","(X)","40.5","(X)","41.5","(X)","42.1","(X)","38.2","(X)","54.3","(X)","55.9","(X)","59.2","(X)","59.0","(X)","53.6","(X)","38.9","(X)","33.8","(X)","40.3","(X)","50.5","(X)","53.9","(X)","34.7","(X)","41.5","(X)","29.0","(X)","54.0","(X)","50.1","(X)","48.8","(X)","40.5","(X)","41.5","(X)","45.1","(X)","45.5","(X)","35.8","(X)","54.3","(X)","36.6","(X)","41.0","(X)","49.1","(X)","44.6","(X)","47.2","(X)","37.1","(X)","50.4","(X)","58.9","(X)","48.2","(X)","49.6","(X)","62.0","(X)","35.0","(X)","40.3","(X)","48.2","(X)","37.8","(X)","29.8","(X)","56.0","(X)","40.2","(X)","36.0","(X)","41.4","(X)","-","(X)","48.2","(X)","40.4","(X)","51.4","(X)","53.9","(X)","44.8","(X)","52.3","(X)","36.2","(X)","36.9","(X)","33.3","(X)","37.8","(X)","47.8","(X)","37.6","(X)","34.8","(X)","56.3","(X)","41.8","(X)","51.4","(X)","51.0","(X)","37.0","(X)","40.2","(X)","38.5","(X)","46.7","(X)","47.9","(X)","45.7","(X)"
"RACE","","","","","","","","","","","","","","","","","","","","","","","","","","","","","","","","","","","","","","","","","","","","","","","","","","","","","","","","","","","","","","","","","","","","","","","","","","","","","","","","","","","","","","","","","","","","","","","","","","","","","","","","","","","","","","","","","","","","","","","","","","","","","","","","","","","","","","","","","","","","","",""
"Total population","25","100.0%","215","100.0%","25,276","100.0%","250,810","100.0%","2,014,651","100.0%","31,458","100.0%","8,994","100.0%","949","100.0%","2,412","100.0%","5,675","100.0%","2,095","100.0%","42,368","100.0%","928","100.0%","82","100.0%","335","100.0%","1,282","100.0%","2,055","100.0%","4,557","100.0%","287","100.0%","442","100.0%","786","100.0%","1,069","100.0%","1,527","100.0%","877","100.0%","275","100.0%","14,606","100.0%","625","100.0%","5,109","100.0%","1,066","100.0%","993","100.0%","2,440","100.0%","17,980","100.0%","23,048","100.0%","8,145","100.0%","1,831","100.0%","8,231","100.0%","3,534","100.0%","207","100.0%","813","100.0%","1,170","100.0%","908","100.0%","248","100.0%","379","100.0%","44,841","100.0%","44","100.0%","1,711","100.0%","2,290","100.0%","0","-","1,766","100.0%","4,884","100.0%","1,147","100.0%","2,957","100.0%","392","100.0%","9,817","100.0%","59,625","100.0%","1,935","100.0%","90,481","100.0%","85,388","100.0%","63,932","100.0%","61,735","100.0%","23,108","100.0%","10,386","100.0%","65,296","100.0%","14,397","100.0%","244","100.0%","55","100.0%","5,876","100.0%","398","100.0%","1,139","100.0%","1,368","100.0%","58,639","100.0%"
"One Race","21","84.0%","185","86.0%","22,417","88.7%","219,348","87.5%","1,714,018","85.1%","28,407","90.3%","8,191","91.1%","877","92.4%","2,225","92.2%","5,137","90.5%","1,916","91.5%","37,963","89.6%","746","80.4%","79","96.3%","300","89.6%","1,243","97.0%","1,804","87.8%","3,734","81.9%","263","91.6%","390","88.2%","691","87.9%","971","90.8%","1,340","87.8%","824","94.0%","241","87.6%","12,860","88.0%","561","89.8%","4,572","89.5%","1,017","95.4%","943","95.0%","2,343","96.0%","15,870","88.3%","19,943","86.5%","7,235","88.8%","1,649","90.1%","7,454","90.6%","3,247","91.9%","194","93.7%","752","92.5%","913","78.0%","827","91.1%","220","88.7%","345","91.0%","40,140","89.5%","38","86.4%","1,595","93.2%","2,082","90.9%","0","-","1,554","88.0%","4,505","92.2%","1,005","87.6%","2,694","91.1%","339","86.5%","8,669","88.3%","51,201","85.9%","1,802","93.1%","78,593","86.9%","73,739","86.4%","57,489","89.9%","52,587","85.2%","19,023","82.3%","9,534","91.8%","57,374","87.9%","12,954","90.0%","193","79.1%","48","87.3%","5,350","91.0%","375","94.2%","1,023","89.8%","1,326","96.9%","51,097","87.1%"
"One Race White","16","64.0%","150","69.8%","18,551","73.4%","142,447","56.8%","873,921","43.4%","25,648","81.5%","7,169","79.7%","834","87.9%","2,001","83.0%","4,655","82.0%","1,704","81.3%","31,356","74.0%","519","55.9%","67","81.7%","274","81.8%","274","21.4%","1,463","71.2%","1,778","39.0%","249","86.8%","299","67.6%","662","84.2%","915","85.6%","1,139","74.6%","472","53.8%","215","78.2%","10,237","70.1%","513","82.1%","3,769","73.8%","979","91.8%","854","86.0%","2,117","86.8%","13,736","76.4%","17,162","74.5%","6,648","81.6%","1,531","83.6%","5,736","69.7%","2,761","78.1%","172","83.1%","68","8.4%","615","52.6%","692","76.2%","76","30.6%","305","80.5%","34,118","76.1%","37","84.1%","1,436","83.9%","1,874","81.8%","0","-","1,389","78.7%","3,066","62.8%","886","77.2%","2,541","85.9%","281","71.7%","7,658","78.0%","37,185","62.4%","352","18.2%","55,631","61.5%","49,943","58.5%","49,392","77.3%","32,816","53.2%","10,906","47.2%","8,728","84.0%","46,873","71.8%","12,004","83.4%","145","59.4%","47","85.5%","4,559","77.6%","357","89.7%","942","82.7%","696","50.9%","39,852","68.0%"
"One Race Black or African American","1","4.0%","1","0.5%","458","1.8%","16,799","6.7%","269,885","13.4%","133","0.4%","73","0.8%","1","0.1%","8","0.3%","28","0.5%","65","3.1%","386","0.9%","6","0.6%","1","1.2%","4","1.2%","4","0.3%","40","1.9%","16","0.4%","4","1.4%","0","0.0%","1","0.1%","2","0.2%","4","0.3%","1","0.1%","0","0.0%","142","1.0%","0","0.0%","12","0.2%","4","0.4%","37","3.7%","130","5.3%","94","0.5%","323","1.4%","39","0.5%","6","0.3%","68","0.8%","160","4.5%","2","1.0%","3","0.4%","42","3.6%","13","1.4%","3","1.2%","0","0.0%","1,442","3.2%","1","2.3%","16","0.9%","56","2.4%","0","-","2","0.1%","320","6.6%","12","1.0%","12","0.4%","11","2.8%","31","0.3%","1,443","2.4%","9","0.5%","3,605","4.0%","2,374","2.8%","1,029","1.6%","1,941","3.1%","384","1.7%","59","0.6%","1,318","2.0%","91","0.6%","3","1.2%","0","0.0%","101","1.7%","1","0.3%","22","1.9%","315","23.0%","1,142","1.9%"
"One Race American Indian and Alaska Native","0","0.0%","11","5.1%","1,163","4.6%","1,851","0.7%","21,884","1.1%","787","2.5%","140","1.6%","5","0.5%","47","1.9%","35","0.6%","34","1.6%","1,627","3.8%","16","1.7%","6","7.3%","3","0.9%","937","73.1%","117","5.7%","109","2.4%","2","0.7%","28","6.3%","8","1.0%","14","1.3%","43","2.8%","298","34.0%","0","0.0%","356","2.4%","13","2.1%","255","5.0%","2","0.2%","16","1.6%","11","0.5%","262","1.5%","443","1.9%","146","1.8%","19","1.0%","498","6.1%","96","2.7%","13","6.3%","676","83.1%","21","1.8%","23","2.5%","124","50.0%","36","9.5%","529","1.2%","0","0.0%","49","2.9%","27","1.2%","0","-","21","1.2%","212","4.3%","10","0.9%","35","1.2%","10","2.6%","59","0.6%","998","1.7%","1,397","72.2%","1,445","1.6%","1,497","1.8%","459","0.7%","1,130","1.8%","575","2.5%","41","0.4%","1,313","2.0%","90","0.6%","32","13.1%","0","0.0%","309","5.3%","4","1.0%","23","2.0%","33","2.4%","1,459","2.5%"
"One Race Asian","0","0.0%","7","3.3%","673","2.7%","38,418","15.3%","199,245","9.9%","506","1.6%","215","2.4%","10","1.1%","32","1.3%","171","3.0%","16","0.8%","487","1.1%","12","1.3%","0","0.0%","6","1.8%","3","0.2%","4","0.2%","70","1.5%","2","0.7%","4","0.9%","2","0.3%","2","0.2%","7","0.5%","1","0.1%","1","0.4%","155","1.1%","2","0.3%","25","0.5%","5","0.5%","6","0.6%","10","0.4%","313","1.7%","516","2.2%","85","1.0%","11","0.6%","55","0.7%","63","1.8%","2","1.0%","0","0.0%","8","0.7%","8","0.9%","1","0.4%","1","0.3%","996","2.2%","0","0.0%","14","0.8%","32","1.4%","0","-","18","1.0%","95","1.9%","40","3.5%","27","0.9%","5","1.3%","237","2.4%","2,653","4.4%","6","0.3%","7,119","7.9%","6,647","7.8%","3,409","5.3%","3,760","6.1%","434","1.9%","513","4.9%","3,691","5.7%","325","2.3%","0","0.0%","0","0.0%","61","1.0%","0","0.0%","9","0.8%","36","2.6%","1,416","2.4%"
"One Race Native Hawaiian and Other Pacific Islander","0","0.0%","0","0.0%","93","0.4%","1,888","0.8%","18,684","0.9%","60","0.2%","22","0.2%","1","0.1%","1","0.0%","11","0.2%","3","0.1%","59","0.1%","2","0.2%","1","1.2%","1","0.3%","11","0.9%","5","0.2%","5","0.1%","0","0.0%","0","0.0%","3","0.4%","0","0.0%","0","0.0%","1","0.1%","0","0.0%","26","0.2%","2","0.3%","8","0.2%","8","0.8%","5","0.5%","11","0.5%","46","0.3%","121","0.5%","19","0.2%","1","0.1%","9","0.1%","8","0.2%","0","0.0%","0","0.0%","5","0.4%","2","0.2%","2","0.8%","0","0.0%","222","0.5%","0","0.0%","9","0.5%","5","0.2%","0","-","7","0.4%","7","0.1%","8","0.7%","4","0.1%","3","0.8%","17","0.2%","573","1.0%","5","0.3%","807","0.9%","528","0.6%","243","0.4%","768","1.2%","208","0.9%","10","0.1%","283","0.4%","21","0.1%","1","0.4%","0","0.0%","15","0.3%","0","0.0%","4","0.4%","4","0.3%","135","0.2%"
"One Race Some Other Race","4","16.0%","16","7.4%","1,479","5.9%","17,945","7.2%","330,399","16.4%","1,273","4.0%","572","6.4%","26","2.7%","136","5.6%","237","4.2%","94","4.5%","4,048","9.6%","191","20.6%","4","4.9%","12","3.6%","14","1.1%","175","8.5%","1,756","38.5%","6","2.1%","59","13.3%","15","1.9%","38","3.6%","147","9.6%","51","5.8%","25","9.1%","1,944","13.3%","31","5.0%","503","9.8%","19","1.8%","25","2.5%","64","2.6%","1,419","7.9%","1,378","6.0%","298","3.7%","81","4.4%","1,088","13.2%","159","4.5%","5","2.4%","5","0.6%","222","19.0%","89","9.8%","14","5.6%","3","0.8%","2,833","6.3%","0","0.0%","71","4.1%","88","3.8%","0","-","117","6.6%","805","16.5%","49","4.3%","75","2.5%","29","7.4%","667","6.8%","8,349","14.0%","33","1.7%","9,986","11.0%","12,750","14.9%","2,957","4.6%","12,172","19.7%","6,516","28.2%","183","1.8%","3,896","6.0%","423","2.9%","12","4.9%","1","1.8%","305","5.2%","13","3.3%","23","2.0%","242","17.7%","7,093","12.1%"
"Two or More Races","4","16.0%","30","14.0%","2,859","11.3%","31,462","12.5%","300,633","14.9%","3,051","9.7%","803","8.9%","72","7.6%","187","7.8%","538","9.5%","179","8.5%","4,405","10.4%","182","19.6%","3","3.7%","35","10.4%","39","3.0%","251","12.2%","823","18.1%","24","8.4%","52","11.8%","95","12.1%","98","9.2%","187","12.2%","53","6.0%","34","12.4%","1,746","12.0%","64","10.2%","537","10.5%","49","4.6%","50","5.0%","97","4.0%","2,110","11.7%","3,105","13.5%","910","11.2%","182","9.9%","777","9.4%","287","8.1%","13","6.3%","61","7.5%","257","22.0%","81","8.9%","28","11.3%","34","9.0%","4,701","10.5%","6","13.6%","116","6.8%","208","9.1%","0","-","212","12.0%","379","7.8%","142","12.4%","263","8.9%","53","13.5%","1,148","11.7%","8,424","14.1%","133","6.9%","11,888","13.1%","11,649","13.6%","6,443","10.1%","9,148","14.8%","4,085","17.7%","852","8.2%","7,922","12.1%","1,443","10.0%","51","20.9%","7","12.7%","526","9.0%","23","5.8%","116","10.2%","42","3.1%","7,542","12.9%"
"TOTAL RACES TALLIED [1]","","","","","","","","","","","","","","","","","","","","","","","","","","","","","","","","","","","","","","","","","","","","","","","","","","","","","","","","","","","","","","","","","","","","","","","","","","","","","","","","","","","","","","","","","","","","","","","","","","","","","","","","","","","","","","","","","","","","","","","","","","","","","","","","","","","","","","","","","","","","","",""
"Total races tallied","29","116.0%","251","116.7%","28,340","112.1%","285,467","113.8%","2,342,516","116.3%","34,719","110.4%","9,857","109.6%","1,026","108.1%","2,624","108.8%","6,245","110.0%","2,278","108.7%","46,971","110.9%","1,111","119.7%","85","103.7%","378","112.8%","1,327","103.5%","2,319","112.8%","5,413","118.8%","320","111.5%","504","114.0%","909","115.6%","1,184","110.8%","1,725","113.0%","935","106.6%","309","112.4%","16,442","112.6%","695","111.2%","5,719","111.9%","1,122","105.3%","1,054","106.1%","2,557","104.8%","20,222","112.5%","26,361","114.4%","9,146","112.3%","2,026","110.6%","9,066","110.1%","3,873","109.6%","224","108.2%","891","109.6%","1,433","122.5%","995","109.6%","290","116.9%","417","110.0%","49,865","111.2%","50","113.6%","1,839","107.5%","2,517","109.9%","0","-","1,990","112.7%","5,287","108.3%","1,310","114.2%","3,273","110.7%","454","115.8%","11,027","112.3%","68,598","115.0%","2,090","108.0%","103,308","114.2%","97,799","114.5%","70,918","110.9%","71,454","115.7%","27,387","118.5%","11,317","109.0%","73,754","113.0%","15,915","110.5%","303","124.2%","65","118.2%","6,465","110.0%","426","107.0%","1,266","111.2%","1,412","103.2%","66,699","113.7%"
"White alone or in combination with one or more other races","20","80.0%","179","83.3%","21,257","84.1%","170,916","68.1%","1,141,816","56.7%","28,605","90.9%","7,934","88.2%","901","94.9%","2,184","90.5%","5,180","91.3%","1,876","89.5%","35,587","84.0%","677","73.0%","70","85.4%","305","91.0%","297","23.2%","1,699","82.7%","2,568","56.4%","268","93.4%","346","78.3%","744","94.7%","1,004","93.9%","1,323","86.6%","522","59.5%","249","90.5%","11,914","81.6%","568","90.9%","4,272","83.6%","1,027","96.3%","902","90.8%","2,213","90.7%","15,797","87.9%","20,159","87.5%","7,522","92.4%","1,705","93.1%","6,476","78.7%","3,024","85.6%","181","87.4%","105","12.9%","865","73.9%","766","84.4%","103","41.5%","334","88.1%","38,544","86.0%","43","97.7%","1,548","90.5%","2,068","90.3%","0","-","1,588","89.9%","3,429","70.2%","1,021","89.0%","2,788","94.3%","330","84.2%","8,777","89.4%","45,189","75.8%","458","23.7%","66,857","73.9%","60,936","71.4%","55,511","86.8%","41,432","67.1%","14,828","64.2%","9,550","92.0%","54,425","83.4%","13,426","93.3%","194","79.5%","54","98.2%","5,062","86.1%","379","95.2%","1,056","92.7%","738","53.9%","47,123","80.4%"
"Black or African American alone or in combination with one or more other races","1","4.0%","7","3.3%","839","3.3%","21,897","8.7%","325,439","16.2%","327","1.0%","129","1.4%","5","0.5%","19","0.8%","65","1.1%","73","3.5%","662","1.6%","22","2.4%","1","1.2%","12","3.6%","9","0.7%","59","2.9%","49","1.1%","11","3.8%","3","0.7%","18","2.3%","14","1.3%","15","1.0%","4","0.5%","0","0.0%","239","1.6%","5","0.8%","44","0.9%","7","0.7%","39","3.9%","138","5.7%","277","1.5%","666","2.9%","136","1.7%","15","0.8%","132","1.6%","231","6.5%","4","1.9%","16","2.0%","47","4.0%","20","2.2%","7","2.8%","6","1.6%","2,024","4.5%","1","2.3%","28","1.6%","70","3.1%","0","-","22","1.2%","368","7.5%","29","2.5%","32","1.1%","16","4.1%","103","1.0%","2,353","3.9%","29","1.5%","5,134","5.7%","3,530","4.1%","1,746","2.7%","2,750","4.5%","654","2.8%","118","1.1%","2,106","3.2%","199","1.4%","10","4.1%","2","3.6%","140","2.4%","3","0.8%","31","2.7%","315","23.0%","1,676","2.9%"
"American Indian and Alaska Native alone or in combination with one or more other races","0","0.0%","24","11.2%","2,114","8.4%","5,666","2.3%","58,749","2.9%","1,585","5.0%","363","4.0%","29","3.1%","127","5.3%","153","2.7%","105","5.0%","2,816","6.6%","48","5.2%","8","9.8%","19","5.7%","960","74.9%","179","8.7%","178","3.9%","8","2.8%","55","12.4%","37","4.7%","43","4.0%","103","6.7%","322","36.7%","1","0.4%","742","5.1%","29","4.6%","385","7.5%","21","2.0%","44","4.4%","54","2.2%","857","4.8%","1,273","5.5%","553","6.8%","65","3.5%","777","9.4%","194","5.5%","20","9.7%","727","89.4%","53","4.5%","44","4.8%","147","59.3%","47","12.4%","1,672","3.7%","5","11.4%","100","5.8%","113","4.9%","0","-","106","6.0%","320","6.6%","41","3.6%","164","5.5%","26","6.6%","183","1.9%","2,636","4.4%","1,488","76.9%","3,547","3.9%","3,239","3.8%","1,579","2.5%","2,697","4.4%","1,174","5.1%","207","2.0%","2,696","4.1%","399","2.8%","36","14.8%","1","1.8%","464","7.9%","9","2.3%","62","5.4%","53","3.9%","3,049","5.2%"
"Asian alone or in combination with one or more other races","0","0.0%","8","3.7%","1,159","4.6%","47,872","19.1%","255,365","12.7%","953","3.0%","333","3.7%","20","2.1%","54","2.2%","278","4.9%","39","1.9%","881","2.1%","16","1.7%","0","0.0%","11","3.3%","10","0.8%","21","1.0%","134","2.9%","8","2.8%","10","2.3%","20","2.5%","18","1.7%","10","0.7%","9","1.0%","3","1.1%","279","1.9%","15","2.4%","86","1.7%","11","1.0%","13","1.3%","24","1.0%","501","2.8%","909","3.9%","188","2.3%","33","1.8%","121","1.5%","135","3.8%","7","3.4%","14","1.7%","18","1.5%","25","2.8%","5","2.0%","4","1.1%","1,634","3.6%","1","2.3%","29","1.7%","45","2.0%","0","-","40","2.3%","127","2.6%","76","6.6%","66","2.2%","15","3.8%","413","4.2%","3,856","6.5%","24","1.2%","9,541","10.5%","8,600","10.1%","4,865","7.6%","4,945","8.0%","733","3.2%","723","7.0%","5,184","7.9%","586","4.1%","3","1.2%","1","1.8%","112","1.9%","1","0.3%","15","1.3%","38","2.8%","2,300","3.9%"
"Native Hawaiian and Other Pacific Islander alone or in combination with one or more other races","0","0.0%","2","0.9%","206","0.8%","4,672","1.9%","38,843","1.9%","204","0.6%","63","0.7%","5","0.5%","11","0.5%","30","0.5%","14","0.7%","191","0.5%","4","0.4%","1","1.2%","4","1.2%","28","2.2%","17","0.8%","13","0.3%","3","1.0%","5","1.1%","16","2.0%","10","0.9%","5","0.3%","3","0.3%","0","0.0%","71","0.5%","9","1.4%","51","1.0%","18","1.7%","9","0.9%","18","0.7%","114","0.6%","259","1.1%","64","0.8%","11","0.6%","39","0.5%","29","0.8%","3","1.4%","15","1.8%","11","0.9%","9","1.0%","5","2.0%","4","1.1%","519","1.2%","0","0.0%","15","0.9%","13","0.6%","0","-","23","1.3%","20","0.4%","20","1.7%","26","0.9%","11","2.8%","39","0.4%","948","1.6%","9","0.5%","1,404","1.6%","1,019","1.2%","585","0.9%","1,117","1.8%","321","1.4%","56","0.5%","730","1.1%","64","0.4%","5","2.0%","1","1.8%","45","0.8%","1","0.3%","8","0.7%","6","0.4%","438","0.7%"
"Some Other Race alone or in combination with one or more other races","8","32.0%","31","14.4%","2,765","10.9%","34,444","13.7%","522,304","25.9%","3,045","9.7%","1,035","11.5%","66","7.0%","229","9.5%","539","9.5%","171","8.2%","6,834","16.1%","344","37.1%","5","6.1%","27","8.1%","23","1.8%","344","16.7%","2,471","54.2%","22","7.7%","85","19.2%","74","9.4%","95","8.9%","269","17.6%","75","8.6%","56","20.4%","3,197","21.9%","69","11.0%","881","17.2%","38","3.6%","47","4.7%","110","4.5%","2,676","14.9%","3,095","13.4%","683","8.4%","197","10.8%","1,521","18.5%","260","7.4%","9","4.3%","14","1.7%","439","37.5%","131","14.4%","23","9.3%","22","5.8%","5,472","12.2%","0","0.0%","119","7.0%","208","9.1%","0","-","211","11.9%","1,023","20.9%","123","10.7%","197","6.7%","56","14.3%","1,512","15.4%","13,616","22.8%","82","4.2%","16,825","18.6%","20,475","24.0%","6,632","10.4%","18,513","30.0%","9,677","41.9%","663","6.4%","8,613","13.2%","1,241","8.6%","55","22.5%","6","10.9%","642","10.9%","33","8.3%","94","8.3%","262","19.2%","12,113","20.7%"
"HISPANIC OR LATINO","","","","","","","","","","","","","","","","","","","","","","","","","","","","","","","","","","","","","","","","","","","","","","","","","","","","","","","","","","","","","","","","","","","","","","","","","","","","","","","","","","","","","","","","","","","","","","","","","","","","","","","","","","","","","","","","","","","","","","","","","","","","","","","","","","","","","","","","","","","","","",""
"Total population","25","100.0%","215","100.0%","25,276","100.0%","250,810","100.0%","2,014,651","100.0%","31,458","100.0%","8,994","100.0%","949","100.0%","2,412","100.0%","5,675","100.0%","2,095","100.0%","42,368","100.0%","928","100.0%","82","100.0%","335","100.0%","1,282","100.0%","2,055","100.0%","4,557","100.0%","287","100.0%","442","100.0%","786","100.0%","1,069","100.0%","1,527","100.0%","877","100.0%","275","100.0%","14,606","100.0%","625","100.0%","5,109","100.0%","1,066","100.0%","993","100.0%","2,440","100.0%","17,980","100.0%","23,048","100.0%","8,145","100.0%","1,831","100.0%","8,231","100.0%","3,534","100.0%","207","100.0%","813","100.0%","1,170","100.0%","908","100.0%","248","100.0%","379","100.0%","44,841","100.0%","44","100.0%","1,711","100.0%","2,290","100.0%","0","-","1,766","100.0%","4,884","100.0%","1,147","100.0%","2,957","100.0%","392","100.0%","9,817","100.0%","59,625","100.0%","1,935","100.0%","90,481","100.0%","85,388","100.0%","63,932","100.0%","61,735","100.0%","23,108","100.0%","10,386","100.0%","65,296","100.0%","14,397","100.0%","244","100.0%","55","100.0%","5,876","100.0%","398","100.0%","1,139","100.0%","1,368","100.0%","58,639","100.0%"
"Hispanic or Latino (of any race)","8","32.0%","37","17.2%","3,541","14.0%","45,412","18.1%","656,004","32.6%","3,783","12.0%","1,402","15.6%","60","6.3%","294","12.2%","602","10.6%","233","11.1%","9,342","22.0%","424","45.7%","8","9.8%","26","7.8%","60","4.7%","431","21.0%","3,068","67.3%","27","9.4%","112","25.3%","65","8.3%","113","10.6%","305","20.0%","85","9.7%","57","20.7%","4,064","27.8%","85","13.6%","1,171","22.9%","62","5.8%","74","7.5%","158","6.5%","3,265","18.2%","4,117","17.9%","770","9.5%","218","11.9%","1,969","23.9%","397","11.2%","14","6.8%","97","11.9%","497","42.5%","162","17.8%","29","11.7%","22","5.8%","6,786","15.1%","0","0.0%","169","9.9%","262","11.4%","0","-","258","14.6%","1,241","25.4%","166","14.5%","174","5.9%","70","17.9%","1,539","15.7%","17,418","29.2%","168","8.7%","22,238","24.6%","25,117","29.4%","8,038","12.6%","22,905","37.1%","11,633","50.3%","710","6.8%","11,090","17.0%","1,278","8.9%","55","22.5%","8","14.5%","964","16.4%","33","8.3%","130","11.4%","267","19.5%","14,870","25.4%"
"Not Hispanic or Latino","17","68.0%","178","82.8%","21,735","86.0%","205,398","81.9%","1,358,647","67.4%","27,675","88.0%","7,592","84.4%","889","93.7%","2,118","87.8%","5,073","89.4%","1,862","88.9%","33,026","78.0%","504","54.3%","74","90.2%","309","92.2%","1,222","95.3%","1,624","79.0%","1,489","32.7%","260","90.6%","330","74.7%","721","91.7%","956","89.4%","1,222","80.0%","792","90.3%","218","79.3%","10,542","72.2%","540","86.4%","3,938","77.1%","1,004","94.2%","919","92.5%","2,282","93.5%","14,715","81.8%","18,931","82.1%","7,375","90.5%","1,613","88.1%","6,262","76.1%","3,137","88.8%","193","93.2%","716","88.1%","673","57.5%","746","82.2%","219","88.3%","357","94.2%","38,055","84.9%","44","100.0%","1,542","90.1%","2,028","88.6%","0","-","1,508","85.4%","3,643","74.6%","981","85.5%","2,783","94.1%","322","82.1%","8,278","84.3%","42,207","70.8%","1,767","91.3%","68,243","75.4%","60,271","70.6%","55,894","87.4%","38,830","62.9%","11,475","49.7%","9,676","93.2%","54,206","83.0%","13,119","91.1%","189","77.5%","47","85.5%","4,912","83.6%","365","91.7%","1,009","88.6%","1,101","80.5%","43,769","74.6%"
"HISPANIC OR LATINO BY RACE","","","","","","","","","","","","","","","","","","","","","","","","","","","","","","","","","","","","","","","","","","","","","","","","","","","","","","","","","","","","","","","","","","","","","","","","","","","","","","","","","","","","","","","","","","","","","","","","","","","","","","","","","","","","","","","","","","","","","","","","","","","","","","","","","","","","","","","","","","","","","",""
"Total population","25","100.0%","215","100.0%","25,276","100.0%","250,810","100.0%","2,014,651","100.0%","31,458","100.0%","8,994","100.0%","949","100.0%","2,412","100.0%","5,675","100.0%","2,095","100.0%","42,368","100.0%","928","100.0%","82","100.0%","335","100.0%","1,282","100.0%","2,055","100.0%","4,557","100.0%","287","100.0%","442","100.0%","786","100.0%","1,069","100.0%","1,527","100.0%","877","100.0%","275","100.0%","14,606","100.0%","625","100.0%","5,109","100.0%","1,066","100.0%","993","100.0%","2,440","100.0%","17,980","100.0%","23,048","100.0%","8,145","100.0%","1,831","100.0%","8,231","100.0%","3,534","100.0%","207","100.0%","813","100.0%","1,170","100.0%","908","100.0%","248","100.0%","379","100.0%","44,841","100.0%","44","100.0%","1,711","100.0%","2,290","100.0%","0","-","1,766","100.0%","4,884","100.0%","1,147","100.0%","2,957","100.0%","392","100.0%","9,817","100.0%","59,625","100.0%","1,935","100.0%","90,481","100.0%","85,388","100.0%","63,932","100.0%","61,735","100.0%","23,108","100.0%","10,386","100.0%","65,296","100.0%","14,397","100.0%","244","100.0%","55","100.0%","5,876","100.0%","398","100.0%","1,139","100.0%","1,368","100.0%","58,639","100.0%"
"Hispanic or Latino","8","32.0%","37","17.2%","3,541","14.0%","45,412","18.1%","656,004","32.6%","3,783","12.0%","1,402","15.6%","60","6.3%","294","12.2%","602","10.6%","233","11.1%","9,342","22.0%","424","45.7%","8","9.8%","26","7.8%","60","4.7%","431","21.0%","3,068","67.3%","27","9.4%","112","25.3%","65","8.3%","113","10.6%","305","20.0%","85","9.7%","57","20.7%","4,064","27.8%","85","13.6%","1,171","22.9%","62","5.8%","74","7.5%","158","6.5%","3,265","18.2%","4,117","17.9%","770","9.5%","218","11.9%","1,969","23.9%","397","11.2%","14","6.8%","97","11.9%","497","42.5%","162","17.8%","29","11.7%","22","5.8%","6,786","15.1%","0","0.0%","169","9.9%","262","11.4%","0","-","258","14.6%","1,241","25.4%","166","14.5%","174","5.9%","70","17.9%","1,539","15.7%","17,418","29.2%","168","8.7%","22,238","24.6%","25,117","29.4%","8,038","12.6%","22,905","37.1%","11,633","50.3%","710","6.8%","11,090","17.0%","1,278","8.9%","55","22.5%","8","14.5%","964","16.4%","33","8.3%","130","11.4%","267","19.5%","14,870","25.4%"
"Hispanic or Latino White alone","0","0.0%","9","4.2%","838","3.3%","9,884","3.9%","113,682","5.6%","926","2.9%","344","3.8%","14","1.5%","61","2.5%","106","1.9%","78","3.7%","2,484","5.9%","74","8.0%","1","1.2%","5","1.5%","9","0.7%","65","3.2%","542","11.9%","7","2.4%","20","4.5%","6","0.8%","26","2.4%","57","3.7%","7","0.8%","1","0.4%","966","6.6%","21","3.4%","286","5.6%","29","2.7%","30","3.0%","53","2.2%","773","4.3%","1,081","4.7%","173","2.1%","33","1.8%","403","4.9%","131","3.7%","5","2.4%","7","0.9%","61","5.2%","34","3.7%","5","2.0%","4","1.1%","1,606","3.6%","0","0.0%","54","3.2%","76","3.3%","0","-","58","3.3%","200","4.1%","48","4.2%","41","1.4%","14","3.6%","146","1.5%","3,604","6.0%","21","1.1%","4,985","5.5%","4,482","5.2%","1,914","3.0%","3,821","6.2%","1,722","7.5%","169","1.6%","2,706","4.1%","323","2.2%","4","1.6%","3","5.5%","328","5.6%","4","1.0%","44","3.9%","9","0.7%","2,788","4.8%"
"Hispanic or Latino Black or African American alone","0","0.0%","0","0.0%","32","0.1%","660","0.3%","11,022","0.5%","14","0.0%","44","0.5%","0","0.0%","0","0.0%","2","0.0%","0","0.0%","24","0.1%","2","0.2%","0","0.0%","1","0.3%","0","0.0%","0","0.0%","1","0.0%","0","0.0%","0","0.0%","0","0.0%","1","0.1%","0","0.0%","0","0.0%","0","0.0%","10","0.1%","0","0.0%","5","0.1%","0","0.0%","0","0.0%","3","0.1%","5","0.0%","33","0.1%","0","0.0%","0","0.0%","4","0.0%","4","0.1%","0","0.0%","0","0.0%","0","0.0%","0","0.0%","0","0.0%","0","0.0%","77","0.2%","0","0.0%","0","0.0%","0","0.0%","0","-","0","0.0%","0","0.0%","0","0.0%","0","0.0%","5","1.3%","2","0.0%","125","0.2%","2","0.1%","212","0.2%","147","0.2%","45","0.1%","144","0.2%","25","0.1%","6","0.1%","45","0.1%","10","0.1%","0","0.0%","0","0.0%","2","0.0%","0","0.0%","1","0.1%","1","0.1%","63","0.1%"
"Hispanic or Latino American Indian and Alaska Native alone","0","0.0%","2","0.9%","166","0.7%","760","0.3%","14,488","0.7%","120","0.4%","52","0.6%","2","0.2%","12","0.5%","21","0.4%","1","0.0%","336","0.8%","7","0.8%","0","0.0%","0","0.0%","29","2.3%","37","1.8%","61","1.3%","0","0.0%","10","2.3%","1","0.1%","0","0.0%","13","0.9%","8","0.9%","0","0.0%","105","0.7%","4","0.6%","58","1.1%","0","0.0%","1","0.1%","2","0.1%","68","0.4%","105","0.5%","33","0.4%","6","0.3%","73","0.9%","9","0.3%","0","0.0%","65","8.0%","8","0.7%","8","0.9%","0","0.0%","2","0.5%","159","0.4%","0","0.0%","8","0.5%","4","0.2%","0","-","5","0.3%","30","0.6%","3","0.3%","4","0.1%","0","0.0%","31","0.3%","442","0.7%","62","3.2%","692","0.8%","553","0.6%","179","0.3%","613","1.0%","318","1.4%","10","0.1%","308","0.5%","16","0.1%","2","0.8%","0","0.0%","39","0.7%","0","0.0%","1","0.1%","1","0.1%","387","0.7%"
"Hispanic or Latino Asian alone","0","0.0%","0","0.0%","40","0.2%","783","0.3%","4,908","0.2%","21","0.1%","11","0.1%","0","0.0%","4","0.2%","0","0.0%","1","0.0%","30","0.1%","2","0.2%","0","0.0%","0","0.0%","1","0.1%","1","0.0%","8","0.2%","1","0.3%","1","0.2%","0","0.0%","0","0.0%","3","0.2%","0","0.0%","0","0.0%","9","0.1%","0","0.0%","0","0.0%","0","0.0%","0","0.0%","0","0.0%","16","0.1%","31","0.1%","4","0.0%","0","0.0%","5","0.1%","1","0.0%","0","0.0%","0","0.0%","1","0.1%","1","0.1%","0","0.0%","1","0.3%","29","0.1%","0","0.0%","0","0.0%","0","0.0%","0","-","2","0.1%","2","0.0%","0","0.0%","0","0.0%","1","0.3%","3","0.0%","87","0.1%","0","0.0%","188","0.2%","157","0.2%","79","0.1%","105","0.2%","25","0.1%","1","0.0%","86","0.1%","4","0.0%","0","0.0%","0","0.0%","1","0.0%","0","0.0%","0","0.0%","0","0.0%","58","0.1%"
"Hispanic or Latino Native Hawaiian and Other Pacific Islander alone","0","0.0%","0","0.0%","6","0.0%","139","0.1%","1,556","0.1%","13","0.0%","0","0.0%","1","0.1%","0","0.0%","0","0.0%","0","0.0%","2","0.0%","0","0.0%","0","0.0%","0","0.0%","0","0.0%","0","0.0%","0","0.0%","0","0.0%","0","0.0%","0","0.0%","0","0.0%","0","0.0%","0","0.0%","0","0.0%","1","0.0%","0","0.0%","0","0.0%","2","0.2%","3","0.3%","6","0.2%","2","0.0%","26","0.1%","0","0.0%","0","0.0%","0","0.0%","0","0.0%","0","0.0%","0","0.0%","1","0.1%","0","0.0%","0","0.0%","0","0.0%","27","0.1%","0","0.0%","0","0.0%","0","0.0%","0","-","2","0.1%","4","0.1%","1","0.1%","3","0.1%","0","0.0%","3","0.0%","26","0.0%","0","0.0%","38","0.0%","39","0.0%","16","0.0%","43","0.1%","5","0.0%","1","0.0%","40","0.1%","5","0.0%","1","0.4%","0","0.0%","4","0.1%","0","0.0%","0","0.0%","0","0.0%","25","0.0%"
"Hispanic or Latino Some Other Race alone","4","16.0%","13","6.0%","1,339","5.3%","16,673","6.6%","318,781","15.8%","1,134","3.6%","524","5.8%","11","1.2%","132","5.5%","203","3.6%","83","4.0%","3,848","9.1%","183","19.7%","4","4.9%","9","2.7%","12","0.9%","164","8.0%","1,744","38.3%","6","2.1%","59","13.3%","12","1.5%","30","2.8%","112","7.3%","48","5.5%","24","8.7%","1,784","12.2%","26","4.2%","489","9.6%","10","0.9%","25","2.5%","64","2.6%","1,338","7.4%","1,270","5.5%","254","3.1%","76","4.2%","1,074","13.0%","146","4.1%","2","1.0%","5","0.6%","208","17.8%","84","9.3%","14","5.6%","3","0.8%","2,577","5.7%","0","0.0%","65","3.8%","78","3.4%","0","-","110","6.2%","791","16.2%","46","4.0%","44","1.5%","27","6.9%","602","6.1%","8,017","13.4%","33","1.7%","9,501","10.5%","12,328","14.4%","2,586","4.0%","11,939","19.3%","6,420","27.8%","113","1.1%","3,591","5.5%","319","2.2%","12","4.9%","1","1.8%","288","4.9%","12","3.0%","21","1.8%","240","17.5%","6,801","11.6%"
"Hispanic or Latino Two or More Races","4","16.0%","13","6.0%","1,120","4.4%","16,513","6.6%","191,567","9.5%","1,555","4.9%","427","4.7%","32","3.4%","85","3.5%","270","4.8%","70","3.3%","2,618","6.2%","156","16.8%","3","3.7%","11","3.3%","9","0.7%","164","8.0%","712","15.6%","13","4.5%","22","5.0%","46","5.9%","56","5.2%","120","7.9%","22","2.5%","32","11.6%","1,189","8.1%","34","5.4%","333","6.5%","21","2.0%","15","1.5%","30","1.2%","1,063","5.9%","1,571","6.8%","306","3.8%","103","5.6%","410","5.0%","106","3.0%","7","3.4%","20","2.5%","218","18.6%","35","3.9%","10","4.0%","12","3.2%","2,311","5.2%","0","0.0%","42","2.5%","104","4.5%","0","-","81","4.6%","214","4.4%","68","5.9%","82","2.8%","23","5.9%","752","7.7%","5,117","8.6%","50","2.6%","6,622","7.3%","7,411","8.7%","3,219","5.0%","6,240","10.1%","3,118","13.5%","410","3.9%","4,314","6.6%","601","4.2%","36","14.8%","4","7.3%","302","5.1%","17","4.3%","63","5.5%","16","1.2%","4,748","8.1%"
"Not Hispanic or Latino","17","68.0%","178","82.8%","21,735","86.0%","205,398","81.9%","1,358,647","67.4%","27,675","88.0%","7,592","84.4%","889","93.7%","2,118","87.8%","5,073","89.4%","1,862","88.9%","33,026","78.0%","504","54.3%","74","90.2%","309","92.2%","1,222","95.3%","1,624","79.0%","1,489","32.7%","260","90.6%","330","74.7%","721","91.7%","956","89.4%","1,222","80.0%","792","90.3%","218","79.3%","10,542","72.2%","540","86.4%","3,938","77.1%","1,004","94.2%","919","92.5%","2,282","93.5%","14,715","81.8%","18,931","82.1%","7,375","90.5%","1,613","88.1%","6,262","76.1%","3,137","88.8%","193","93.2%","716","88.1%","673","57.5%","746","82.2%","219","88.3%","357","94.2%","38,055","84.9%","44","100.0%","1,542","90.1%","2,028","88.6%","0","-","1,508","85.4%","3,643","74.6%","981","85.5%","2,783","94.1%","322","82.1%","8,278","84.3%","42,207","70.8%","1,767","91.3%","68,243","75.4%","60,271","70.6%","55,894","87.4%","38,830","62.9%","11,475","49.7%","9,676","93.2%","54,206","83.0%","13,119","91.1%","189","77.5%","47","85.5%","4,912","83.6%","365","91.7%","1,009","88.6%","1,101","80.5%","43,769","74.6%"
"Not Hispanic or Latino White alone","16","64.0%","141","65.6%","17,713","70.1%","132,563","52.9%","760,239","37.7%","24,722","78.6%","6,825","75.9%","820","86.4%","1,940","80.4%","4,549","80.2%","1,626","77.6%","28,872","68.1%","445","48.0%","66","80.5%","269","80.3%","265","20.7%","1,398","68.0%","1,236","27.1%","242","84.3%","279","63.1%","656","83.5%","889","83.2%","1,082","70.9%","465","53.0%","214","77.8%","9,271","63.5%","492","78.7%","3,483","68.2%","950","89.1%","824","83.0%","2,064","84.6%","12,963","72.1%","16,081","69.8%","6,475","79.5%","1,498","81.8%","5,333","64.8%","2,630","74.4%","167","80.7%","61","7.5%","554","47.4%","658","72.5%","71","28.6%","301","79.4%","32,512","72.5%","37","84.1%","1,382","80.8%","1,798","78.5%","0","-","1,331","75.4%","2,866","58.7%","838","73.1%","2,500","84.5%","267","68.1%","7,512","76.5%","33,581","56.3%","331","17.1%","50,646","56.0%","45,461","53.2%","47,478","74.3%","28,995","47.0%","9,184","39.7%","8,559","82.4%","44,167","67.6%","11,681","81.1%","141","57.8%","44","80.0%","4,231","72.0%","353","88.7%","898","78.8%","687","50.2%","37,064","63.2%"
"Not Hispanic or Latino Black or African American alone","1","4.0%","1","0.5%","426","1.7%","16,139","6.4%","258,863","12.8%","119","0.4%","29","0.3%","1","0.1%","8","0.3%","26","0.5%","65","3.1%","362","0.9%","4","0.4%","1","1.2%","3","0.9%","4","0.3%","40","1.9%","15","0.3%","4","1.4%","0","0.0%","1","0.1%","1","0.1%","4","0.3%","1","0.1%","0","0.0%","132","0.9%","0","0.0%","7","0.1%","4","0.4%","37","3.7%","127","5.2%","89","0.5%","290","1.3%","39","0.5%","6","0.3%","64","0.8%","156","4.4%","2","1.0%","3","0.4%","42","3.6%","13","1.4%","3","1.2%","0","0.0%","1,365","3.0%","1","2.3%","16","0.9%","56","2.4%","0","-","2","0.1%","320","6.6%","12","1.0%","12","0.4%","6","1.5%","29","0.3%","1,318","2.2%","7","0.4%","3,393","3.7%","2,227","2.6%","984","1.5%","1,797","2.9%","359","1.6%","53","0.5%","1,273","1.9%","81","0.6%","3","1.2%","0","0.0%","99","1.7%","1","0.3%","21","1.8%","314","23.0%","1,079","1.8%"
"Not Hispanic or Latino American Indian and Alaska Native alone","0","0.0%","9","4.2%","997","3.9%","1,091","0.4%","7,396","0.4%","667","2.1%","88","1.0%","3","0.3%","35","1.5%","14","0.2%","33","1.6%","1,291","3.0%","9","1.0%","6","7.3%","3","0.9%","908","70.8%","80","3.9%","48","1.1%","2","0.7%","18","4.1%","7","0.9%","14","1.3%","30","2.0%","290","33.1%","0","0.0%","251","1.7%","9","1.4%","197","3.9%","2","0.2%","15","1.5%","9","0.4%","194","1.1%","338","1.5%","113","1.4%","13","0.7%","425","5.2%","87","2.5%","13","6.3%","611","75.2%","13","1.1%","15","1.7%","124","50.0%","34","9.0%","370","0.8%","0","0.0%","41","2.4%","23","1.0%","0","-","16","0.9%","182","3.7%","7","0.6%","31","1.0%","10","2.6%","28","0.3%","556","0.9%","1,335","69.0%","753","0.8%","944","1.1%","280","0.4%","517","0.8%","257","1.1%","31","0.3%","1,005","1.5%","74","0.5%","30","12.3%","0","0.0%","270","4.6%","4","1.0%","22","1.9%","32","2.3%","1,072","1.8%"
"Not Hispanic or Latino Asian alone","0","0.0%","7","3.3%","633","2.5%","37,635","15.0%","194,337","9.6%","485","1.5%","204","2.3%","10","1.1%","28","1.2%","171","3.0%","15","0.7%","457","1.1%","10","1.1%","0","0.0%","6","1.8%","2","0.2%","3","0.1%","62","1.4%","1","0.3%","3","0.7%","2","0.3%","2","0.2%","4","0.3%","1","0.1%","1","0.4%","146","1.0%","2","0.3%","25","0.5%","5","0.5%","6","0.6%","10","0.4%","297","1.7%","485","2.1%","81","1.0%","11","0.6%","50","0.6%","62","1.8%","2","1.0%","0","0.0%","7","0.6%","7","0.8%","1","0.4%","0","0.0%","967","2.2%","0","0.0%","14","0.8%","32","1.4%","0","-","16","0.9%","93","1.9%","40","3.5%","27","0.9%","4","1.0%","234","2.4%","2,566","4.3%","6","0.3%","6,931","7.7%","6,490","7.6%","3,330","5.2%","3,655","5.9%","409","1.8%","512","4.9%","3,605","5.5%","321","2.2%","0","0.0%","0","0.0%","60","1.0%","0","0.0%","9","0.8%","36","2.6%","1,358","2.3%"
"Not Hispanic or Latino Native Hawaiian and Other Pacific Islander alone","0","0.0%","0","0.0%","87","0.3%","1,749","0.7%","17,128","0.9%","47","0.1%","22","0.2%","0","0.0%","1","0.0%","11","0.2%","3","0.1%","57","0.1%","2","0.2%","1","1.2%","1","0.3%","11","0.9%","5","0.2%","5","0.1%","0","0.0%","0","0.0%","3","0.4%","0","0.0%","0","0.0%","1","0.1%","0","0.0%","25","0.2%","2","0.3%","8","0.2%","6","0.6%","2","0.2%","5","0.2%","44","0.2%","95","0.4%","19","0.2%","1","0.1%","9","0.1%","8","0.2%","0","0.0%","0","0.0%","4","0.3%","2","0.2%","2","0.8%","0","0.0%","195","0.4%","0","0.0%","9","0.5%","5","0.2%","0","-","5","0.3%","3","0.1%","7","0.6%","1","0.0%","3","0.8%","14","0.1%","547","0.9%","5","0.3%","769","0.8%","489","0.6%","227","0.4%","725","1.2%","203","0.9%","9","0.1%","243","0.4%","16","0.1%","0","0.0%","0","0.0%","11","0.2%","0","0.0%","4","0.4%","4","0.3%","110","0.2%"
"Not Hispanic or Latino Some Other Race alone","0","0.0%","3","1.4%","140","0.6%","1,272","0.5%","11,618","0.6%","139","0.4%","48","0.5%","15","1.6%","4","0.2%","34","0.6%","11","0.5%","200","0.5%","8","0.9%","0","0.0%","3","0.9%","2","0.2%","11","0.5%","12","0.3%","0","0.0%","0","0.0%","3","0.4%","8","0.7%","35","2.3%","3","0.3%","1","0.4%","160","1.1%","5","0.8%","14","0.3%","9","0.8%","0","0.0%","0","0.0%","81","0.5%","108","0.5%","44","0.5%","5","0.3%","14","0.2%","13","0.4%","3","1.4%","0","0.0%","14","1.2%","5","0.6%","0","0.0%","0","0.0%","256","0.6%","0","0.0%","6","0.4%","10","0.4%","0","-","7","0.4%","14","0.3%","3","0.3%","31","1.0%","2","0.5%","65","0.7%","332","0.6%","0","0.0%","485","0.5%","422","0.5%","371","0.6%","233","0.4%","96","0.4%","70","0.7%","305","0.5%","104","0.7%","0","0.0%","0","0.0%","17","0.3%","1","0.3%","2","0.2%","2","0.1%","292","0.5%"
"Not Hispanic or Latino Two or More Races","0","0.0%","17","7.9%","1,739","6.9%","14,949","6.0%","109,066","5.4%","1,496","4.8%","376","4.2%","40","4.2%","102","4.2%","268","4.7%","109","5.2%","1,787","4.2%","26","2.8%","0","0.0%","24","7.2%","30","2.3%","87","4.2%","111","2.4%","11","3.8%","30","6.8%","49","6.2%","42","3.9%","67","4.4%","31","3.5%","2","0.7%","557","3.8%","30","4.8%","204","4.0%","28","2.6%","35","3.5%","67","2.7%","1,047","5.8%","1,534","6.7%","604","7.4%","79","4.3%","367","4.5%","181","5.1%","6","2.9%","41","5.0%","39","3.3%","46","5.1%","18","7.3%","22","5.8%","2,390","5.3%","6","13.6%","74","4.3%","104","4.5%","0","-","131","7.4%","165","3.4%","74","6.5%","181","6.1%","30","7.7%","396","4.0%","3,307","5.5%","83","4.3%","5,266","5.8%","4,238","5.0%","3,224","5.0%","2,908","4.7%","967","4.2%","442","4.3%","3,608","5.5%","842","5.8%","15","6.1%","3","5.5%","224","3.8%","6","1.5%","53","4.7%","26","1.9%","2,794","4.8%"
"RELATIONSHIP","","","","","","","","","","","","","","","","","","","","","","","","","","","","","","","","","","","","","","","","","","","","","","","","","","","","","","","","","","","","","","","","","","","","","","","","","","","","","","","","","","","","","","","","","","","","","","","","","","","","","","","","","","","","","","","","","","","","","","","","","","","","","","","","","","","","","","","","","","","","","",""
"Total population","25","100.0%","215","100.0%","25,276","100.0%","250,810","100.0%","2,014,651","100.0%","31,458","100.0%","8,994","100.0%","949","100.0%","2,412","100.0%","5,675","100.0%","2,095","100.0%","42,368","100.0%","928","100.0%","82","100.0%","335","100.0%","1,282","100.0%","2,055","100.0%","4,557","100.0%","287","100.0%","442","100.0%","786","100.0%","1,069","100.0%","1,527","100.0%","877","100.0%","275","100.0%","14,606","100.0%","625","100.0%","5,109","100.0%","1,066","100.0%","993","100.0%","2,440","100.0%","17,980","100.0%","23,048","100.0%","8,145","100.0%","1,831","100.0%","8,231","100.0%","3,534","100.0%","207","100.0%","813","100.0%","1,170","100.0%","908","100.0%","248","100.0%","379","100.0%","44,841","100.0%","44","100.0%","1,711","100.0%","2,290","100.0%","0","-","1,766","100.0%","4,884","100.0%","1,147","100.0%","2,957","100.0%","392","100.0%","9,817","100.0%","59,625","100.0%","1,935","100.0%","90,481","100.0%","85,388","100.0%","63,932","100.0%","61,735","100.0%","23,108","100.0%","10,386","100.0%","65,296","100.0%","14,397","100.0%","244","100.0%","55","100.0%","5,876","100.0%","398","100.0%","1,139","100.0%","1,368","100.0%","58,639","100.0%"
"In households","25","100.0%","215","100.0%","24,827","98.2%","245,203","97.8%","2,000,308","99.3%","31,237","99.3%","8,981","99.9%","949","100.0%","2,412","100.0%","5,675","100.0%","1,963","93.7%","42,012","99.2%","928","100.0%","82","100.0%","335","100.0%","1,246","97.2%","1,924","93.6%","4,557","100.0%","286","99.7%","442","100.0%","786","100.0%","1,069","100.0%","1,527","100.0%","877","100.0%","275","100.0%","14,428","98.8%","611","97.8%","5,078","99.4%","1,066","100.0%","914","92.0%","2,204","90.3%","17,980","100.0%","23,048","100.0%","8,129","99.8%","1,831","100.0%","7,953","96.6%","3,463","98.0%","207","100.0%","813","100.0%","1,108","94.7%","908","100.0%","248","100.0%","379","100.0%","43,789","97.7%","44","100.0%","1,706","99.7%","2,105","91.9%","0","-","1,766","100.0%","3,151","64.5%","1,147","100.0%","2,957","100.0%","387","98.7%","9,689","98.7%","58,620","98.3%","1,921","99.3%","86,371","95.5%","84,365","98.8%","63,540","99.4%","61,349","99.4%","23,108","100.0%","10,386","100.0%","65,126","99.7%","14,388","99.9%","244","100.0%","55","100.0%","5,702","97.0%","398","100.0%","1,139","100.0%","466","34.1%","55,232","94.2%"
"Householder","11","44.0%","83","38.6%","9,923","39.3%","93,914","37.4%","751,982","37.3%","13,324","42.4%","3,812","42.4%","395","41.6%","1,106","45.9%","2,774","48.9%","813","38.8%","15,500","36.6%","400","43.1%","39","47.6%","161","48.1%","484","37.8%","748","36.4%","1,489","32.7%","149","51.9%","204","46.2%","368","46.8%","424","39.7%","582","38.1%","344","39.2%","102","37.1%","5,532","37.9%","295","47.2%","1,992","39.0%","401","37.6%","424","42.7%","896","36.7%","7,000","38.9%","8,275","35.9%","3,237","39.7%","813","44.4%","3,376","41.0%","1,659","46.9%","114","55.1%","322","39.6%","421","36.0%","455","50.1%","105","42.3%","138","36.4%","18,925","42.2%","20","45.5%","711","41.6%","987","43.1%","0","-","680","38.5%","1,252","25.6%","508","44.3%","1,297","43.9%","175","44.6%","4,334","44.1%","20,590","34.5%","692","35.8%","37,357","41.3%","34,724","40.7%","28,579","44.7%","24,110","39.1%","7,295","31.6%","4,479","43.1%","23,858","36.5%","5,695","39.6%","108","44.3%","21","38.2%","2,395","40.8%","160","40.2%","500","43.9%","195","14.3%","23,396","39.9%"
"Opposite-sex spouse","2","8.0%","31","14.4%","4,740","18.8%","50,764","20.2%","300,435","14.9%","7,142","22.7%","2,178","24.2%","289","30.5%","548","22.7%","1,295","22.8%","379","18.1%","8,195","19.3%","128","13.8%","12","14.6%","59","17.6%","129","10.1%","410","20.0%","701","15.4%","47","16.4%","79","17.9%","154","19.6%","261","24.4%","304","19.9%","197","22.5%","65","23.6%","2,807","19.2%","125","20.0%","1,066","20.9%","229","21.5%","157","15.8%","481","19.7%","3,784","21.0%","4,251","18.4%","1,516","18.6%","499","27.3%","1,465","17.8%","602","17.0%","43","20.8%","79","9.7%","191","16.3%","144","15.9%","28","11.3%","77","20.3%","8,644","19.3%","0","0.0%","371","21.7%","380","16.6%","0","-","358","20.3%","562","11.5%","220","19.2%","675","22.8%","61","15.6%","2,348","23.9%","10,189","17.1%","176","9.1%","11,236","12.4%","13,649","16.0%","12,982","20.3%","8,669","14.0%","3,277","14.2%","2,875","27.7%","14,308","21.9%","3,473","24.1%","51","20.9%","10","18.2%","1,042","17.7%","84","21.1%","200","17.6%","102","7.5%","9,701","16.5%"
"Same-sex spouse","0","0.0%","1","0.5%","23","0.1%","785","0.3%","6,054","0.3%","29","0.1%","16","0.2%","0","0.0%","3","0.1%","22","0.4%","3","0.1%","54","0.1%","2","0.2%","0","0.0%","0","0.0%","0","0.0%","0","0.0%","8","0.2%","1","0.3%","2","0.5%","2","0.3%","4","0.4%","1","0.1%","1","0.1%","0","0.0%","13","0.1%","2","0.3%","6","0.1%","3","0.3%","2","0.2%","1","0.0%","35","0.2%","41","0.2%","16","0.2%","2","0.1%","13","0.2%","7","0.2%","0","0.0%","0","0.0%","1","0.1%","0","0.0%","0","0.0%","0","0.0%","88","0.2%","0","0.0%","4","0.2%","0","0.0%","0","-","1","0.1%","7","0.1%","1","0.1%","5","0.2%","3","0.8%","14","0.1%","130","0.2%","5","0.3%","210","0.2%","235","0.3%","182","0.3%","143","0.2%","43","0.2%","26","0.3%","122","0.2%","26","0.2%","0","0.0%","0","0.0%","2","0.0%","0","0.0%","0","0.0%","0","0.0%","103","0.2%"
"Opposite-sex unmarried partner","0","0.0%","6","2.8%","726","2.9%","6,665","2.7%","61,992","3.1%","785","2.5%","228","2.5%","15","1.6%","88","3.6%","217","3.8%","68","3.2%","1,166","2.8%","39","4.2%","1","1.2%","5","1.5%","52","4.1%","46","2.2%","139","3.1%","8","2.8%","18","4.1%","9","1.1%","15","1.4%","52","3.4%","30","3.4%","2","0.7%","412","2.8%","15","2.4%","119","2.3%","11","1.0%","34","3.4%","51","2.1%","557","3.1%","810","3.5%","276","3.4%","41","2.2%","256","3.1%","135","3.8%","12","5.8%","29","3.6%","36","3.1%","28","3.1%","14","5.6%","6","1.6%","1,283","2.9%","3","6.8%","32","1.9%","81","3.5%","0","-","56","3.2%","87","1.8%","54","4.7%","100","3.4%","5","1.3%","253","2.6%","2,090","3.5%","76","3.9%","3,580","4.0%","3,199","3.7%","2,038","3.2%","2,373","3.8%","705","3.1%","234","2.3%","1,733","2.7%","346","2.4%","4","1.6%","3","5.5%","191","3.3%","9","2.3%","35","3.1%","12","0.9%","1,934","3.3%"
"Same-sex unmarried partner","0","0.0%","0","0.0%","29","0.1%","476","0.2%","4,229","0.2%","22","0.1%","6","0.1%","0","0.0%","1","0.0%","11","0.2%","2","0.1%","27","0.1%","0","0.0%","1","1.2%","0","0.0%","1","0.1%","1","0.0%","2","0.0%","1","0.3%","1","0.2%","0","0.0%","2","0.2%","0","0.0%","1","0.1%","0","0.0%","9","0.1%","0","0.0%","5","0.1%","1","0.1%","0","0.0%","1","0.0%","20","0.1%","33","0.1%","4","0.0%","0","0.0%","7","0.1%","4","0.1%","0","0.0%","1","0.1%","1","0.1%","4","0.4%","0","0.0%","1","0.3%","64","0.1%","0","0.0%","0","0.0%","2","0.1%","0","-","2","0.1%","1","0.0%","3","0.3%","6","0.2%","0","0.0%","9","0.1%","84","0.1%","1","0.1%","182","0.2%","204","0.2%","158","0.2%","139","0.2%","28","0.1%","14","0.1%","70","0.1%","21","0.1%","0","0.0%","0","0.0%","6","0.1%","0","0.0%","0","0.0%","1","0.1%","73","0.1%"
"Child [2]","3","12.0%","42","19.5%","6,679","26.4%","67,969","27.1%","583,320","29.0%","7,353","23.4%","1,921","21.4%","176","18.5%","401","16.6%","896","15.8%","520","24.8%","13,620","32.1%","273","29.4%","20","24.4%","73","21.8%","396","30.9%","581","28.3%","1,813","39.8%","45","15.7%","93","21.0%","171","21.8%","285","26.7%","428","28.0%","232","26.5%","82","29.8%","4,468","30.6%","112","17.9%","1,562","30.6%","346","32.5%","231","23.3%","636","26.1%","4,528","25.2%","6,789","29.5%","1,851","22.7%","317","17.3%","2,007","24.4%","779","22.0%","21","10.1%","259","31.9%","302","25.8%","179","19.7%","70","28.2%","123","32.5%","8,898","19.8%","14","31.8%","446","26.1%","515","22.5%","0","-","423","24.0%","910","18.6%","243","21.2%","584","19.7%","94","24.0%","1,918","19.5%","17,560","29.5%","601","31.1%","20,231","22.4%","22,676","26.6%","14,745","23.1%","16,909","27.4%","7,568","32.8%","2,260","21.8%","18,953","29.0%","3,552","24.7%","47","19.3%","16","29.1%","1,604","27.3%","119","29.9%","298","26.2%","119","8.7%","14,131","24.1%"
"Under 18 years","3","12.0%","34","15.8%","4,766","18.9%","49,300","19.7%","387,548","19.2%","4,965","15.8%","1,222","13.6%","101","10.6%","227","9.4%","562","9.9%","424","20.2%","10,798","25.5%","190","20.5%","17","20.7%","54","16.1%","289","22.5%","435","21.2%","1,442","31.6%","31","10.8%","61","13.8%","115","14.6%","216","20.2%","313","20.5%","172","19.6%","64","23.3%","3,430","23.5%","81","13.0%","1,192","23.3%","280","26.3%","178","17.9%","473","19.4%","3,068","17.1%","5,028","21.8%","1,116","13.7%","229","12.5%","1,401","17.0%","554","15.7%","9","4.3%","184","22.6%","210","17.9%","132","14.5%","56","22.6%","105","27.7%","5,257","11.7%","13","29.5%","343","20.0%","413","18.0%","0","-","306","17.3%","677","13.9%","139","12.1%","362","12.2%","68","17.3%","1,341","13.7%","12,440","20.9%","385","19.9%","14,187","15.7%","16,514","19.3%","10,458","16.4%","11,345","18.4%","4,988","21.6%","1,695","16.3%","13,347","20.4%","2,452","17.0%","27","11.1%","9","16.4%","1,204","20.5%","91","22.9%","200","17.6%","93","6.8%","9,468","16.1%"
"Grandchild","3","12.0%","9","4.2%","734","2.9%","4,113","1.6%","54,383","2.7%","687","2.2%","195","2.2%","25","2.6%","75","3.1%","59","1.0%","27","1.3%","894","2.1%","22","2.4%","4","4.9%","6","1.8%","69","5.4%","37","1.8%","100","2.2%","11","3.8%","7","1.6%","21","2.7%","22","2.1%","49","3.2%","37","4.2%","4","1.5%","291","2.0%","19","3.0%","114","2.2%","21","2.0%","16","1.6%","35","1.4%","522","2.9%","685","3.0%","367","4.5%","54","2.9%","222","2.7%","72","2.0%","2","1.0%","57","7.0%","27","2.3%","32","3.5%","7","2.8%","6","1.6%","1,497","3.3%","0","0.0%","40","2.3%","28","1.2%","0","-","77","4.4%","95","1.9%","16","1.4%","59","2.0%","14","3.6%","65","0.7%","1,516","2.5%","180","9.3%","1,592","1.8%","1,590","1.9%","704","1.1%","1,791","2.9%","1,006","4.4%","96","0.9%","1,258","1.9%","292","2.0%","9","3.7%","1","1.8%","144","2.5%","8","2.0%","36","3.2%","7","0.5%","1,329","2.3%"
"Grandchild Under 18 years","2","8.0%","9","4.2%","543","2.1%","3,385","1.3%","43,147","2.1%","508","1.6%","142","1.6%","16","1.7%","49","2.0%","49","0.9%","18","0.9%","734","1.7%","14","1.5%","2","2.4%","6","1.8%","61","4.8%","23","1.1%","81","1.8%","8","2.8%","4","0.9%","18","2.3%","17","1.6%","38","2.5%","34","3.9%","3","1.1%","224","1.5%","14","2.2%","88","1.7%","13","1.2%","12","1.2%","24","1.0%","417","2.3%","508","2.2%","278","3.4%","42","2.3%","155","1.9%","46","1.3%","0","0.0%","43","5.3%","20","1.7%","28","3.1%","6","2.4%","5","1.3%","1,127","2.5%","0","0.0%","38","2.2%","26","1.1%","0","-","62","3.5%","73","1.5%","10","0.9%","40","1.4%","13","3.3%","46","0.5%","1,214","2.0%","126","6.5%","1,264","1.4%","1,292","1.5%","539","0.8%","1,402","2.3%","828","3.6%","76","0.7%","985","1.5%","235","1.6%","8","3.3%","0","0.0%","125","2.1%","7","1.8%","33","2.9%","6","0.4%","1,032","1.8%"
"Other relatives","5","20.0%","22","10.2%","1,081","4.3%","13,482","5.4%","146,030","7.2%","1,109","3.5%","341","3.8%","28","3.0%","110","4.6%","139","2.4%","98","4.7%","1,430","3.4%","33","3.6%","3","3.7%","14","4.2%","86","6.7%","54","2.6%","201","4.4%","11","3.8%","18","4.1%","32","4.1%","26","2.4%","61","4.0%","17","1.9%","9","3.3%","497","3.4%","33","5.3%","121","2.4%","19","1.8%","26","2.6%","53","2.2%","941","5.2%","1,223","5.3%","470","5.8%","53","2.9%","317","3.9%","105","3.0%","6","2.9%","49","6.0%","61","5.2%","32","3.5%","13","5.2%","15","4.0%","2,404","5.4%","2","4.5%","48","2.8%","49","2.1%","0","-","101","5.7%","139","2.8%","50","4.4%","127","4.3%","19","4.8%","250","2.5%","3,676","6.2%","121","6.3%","4,144","4.6%","4,428","5.2%","1,835","2.9%","4,138","6.7%","1,947","8.4%","239","2.3%","2,936","4.5%","526","3.7%","12","4.9%","1","1.8%","151","2.6%","8","2.0%","37","3.2%","14","1.0%","2,559","4.4%"
"Nonrelatives","1","4.0%","21","9.8%","892","3.5%","7,035","2.8%","91,883","4.6%","786","2.5%","284","3.2%","21","2.2%","80","3.3%","262","4.6%","53","2.5%","1,126","2.7%","31","3.3%","2","2.4%","17","5.1%","29","2.3%","47","2.3%","104","2.3%","13","4.5%","20","4.5%","29","3.7%","30","2.8%","50","3.3%","18","2.1%","11","4.0%","399","2.7%","10","1.6%","93","1.8%","35","3.3%","24","2.4%","50","2.0%","593","3.3%","941","4.1%","392","4.8%","52","2.8%","290","3.5%","100","2.8%","9","4.3%","17","2.1%","68","5.8%","34","3.7%","11","4.4%","13","3.4%","1,986","4.4%","5","11.4%","54","3.2%","63","2.8%","0","-","68","3.9%","98","2.0%","52","4.5%","104","3.5%","16","4.1%","498","5.1%","2,785","4.7%","69","3.6%","7,839","8.7%","3,660","4.3%","2,317","3.6%","3,077","5.0%","1,239","5.4%","163","1.6%","1,888","2.9%","457","3.2%","13","5.3%","3","5.5%","167","2.8%","10","2.5%","33","2.9%","16","1.2%","2,006","3.4%"
"In group quarters","0","0.0%","0","0.0%","449","1.8%","5,607","2.2%","14,343","0.7%","221","0.7%","13","0.1%","0","0.0%","0","0.0%","0","0.0%","132","6.3%","356","0.8%","0","0.0%","0","0.0%","0","0.0%","36","2.8%","131","6.4%","0","0.0%","1","0.3%","0","0.0%","0","0.0%","0","0.0%","0","0.0%","0","0.0%","0","0.0%","178","1.2%","14","2.2%","31","0.6%","0","0.0%","79","8.0%","236","9.7%","0","0.0%","0","0.0%","16","0.2%","0","0.0%","278","3.4%","71","2.0%","0","0.0%","0","0.0%","62","5.3%","0","0.0%","0","0.0%","0","0.0%","1,052","2.3%","0","0.0%","5","0.3%","185","8.1%","0","-","0","0.0%","1,733","35.5%","0","0.0%","0","0.0%","5","1.3%","128","1.3%","1,005","1.7%","14","0.7%","4,110","4.5%","1,023","1.2%","392","0.6%","386","0.6%","0","0.0%","0","0.0%","170","0.3%","9","0.1%","0","0.0%","0","0.0%","174","3.0%","0","0.0%","0","0.0%","902","65.9%","3,407","5.8%"
"Institutionalized population:","0","0.0%","0","0.0%","215","0.9%","5,489","2.2%","9,736","0.5%","83","0.3%","13","0.1%","0","0.0%","0","0.0%","0","0.0%","132","6.3%","248","0.6%","0","0.0%","0","0.0%","0","0.0%","0","0.0%","120","5.8%","0","0.0%","1","0.3%","0","0.0%","0","0.0%","0","0.0%","0","0.0%","0","0.0%","0","0.0%","166","1.1%","0","0.0%","19","0.4%","0","0.0%","79","8.0%","236","9.7%","0","0.0%","0","0.0%","16","0.2%","0","0.0%","146","1.8%","50","1.4%","0","0.0%","0","0.0%","55","4.7%","0","0.0%","0","0.0%","0","0.0%","956","2.1%","0","0.0%","0","0.0%","185","8.1%","0","-","0","0.0%","1,733","35.5%","0","0.0%","0","0.0%","0","0.0%","15","0.2%","884","1.5%","0","0.0%","136","0.2%","389","0.5%","340","0.5%","250","0.4%","0","0.0%","0","0.0%","109","0.2%","0","0.0%","0","0.0%","0","0.0%","174","3.0%","0","0.0%","0","0.0%","902","65.9%","3,189","5.4%"
"Institutionalized population Male","0","0.0%","0","0.0%","111","0.4%","5,288","2.1%","5,977","0.3%","39","0.1%","6","0.1%","0","0.0%","0","0.0%","0","0.0%","128","6.1%","164","0.4%","0","0.0%","0","0.0%","0","0.0%","0","0.0%","120","5.8%","0","0.0%","1","0.3%","0","0.0%","0","0.0%","0","0.0%","0","0.0%","0","0.0%","0","0.0%","132","0.9%","0","0.0%","8","0.2%","0","0.0%","55","5.5%","228","9.3%","0","0.0%","0","0.0%","13","0.2%","0","0.0%","60","0.7%","29","0.8%","0","0.0%","0","0.0%","37","3.2%","0","0.0%","0","0.0%","0","0.0%","762","1.7%","0","0.0%","0","0.0%","136","5.9%","0","-","0","0.0%","1,727","35.4%","0","0.0%","0","0.0%","0","0.0%","5","0.1%","747","1.3%","0","0.0%","59","0.1%","247","0.3%","139","0.2%","141","0.2%","0","0.0%","0","0.0%","41","0.1%","0","0.0%","0","0.0%","0","0.0%","159","2.7%","0","0.0%","0","0.0%","902","65.9%","2,916","5.0%"
"Institutionalized population Female","0","0.0%","0","0.0%","104","0.4%","201","0.1%","3,759","0.2%","44","0.1%","7","0.1%","0","0.0%","0","0.0%","0","0.0%","4","0.2%","84","0.2%","0","0.0%","0","0.0%","0","0.0%","0","0.0%","0","0.0%","0","0.0%","0","0.0%","0","0.0%","0","0.0%","0","0.0%","0","0.0%","0","0.0%","0","0.0%","34","0.2%","0","0.0%","11","0.2%","0","0.0%","24","2.4%","8","0.3%","0","0.0%","0","0.0%","3","0.0%","0","0.0%","86","1.0%","21","0.6%","0","0.0%","0","0.0%","18","1.5%","0","0.0%","0","0.0%","0","0.0%","194","0.4%","0","0.0%","0","0.0%","49","2.1%","0","-","0","0.0%","6","0.1%","0","0.0%","0","0.0%","0","0.0%","10","0.1%","137","0.2%","0","0.0%","77","0.1%","142","0.2%","201","0.3%","109","0.2%","0","0.0%","0","0.0%","68","0.1%","0","0.0%","0","0.0%","0","0.0%","15","0.3%","0","0.0%","0","0.0%","0","0.0%","273","0.5%"
"Noninstitutionalized population:","0","0.0%","0","0.0%","234","0.9%","118","0.0%","4,607","0.2%","138","0.4%","0","0.0%","0","0.0%","0","0.0%","0","0.0%","0","0.0%","108","0.3%","0","0.0%","0","0.0%","0","0.0%","36","2.8%","11","0.5%","0","0.0%","0","0.0%","0","0.0%","0","0.0%","0","0.0%","0","0.0%","0","0.0%","0","0.0%","12","0.1%","14","2.2%","12","0.2%","0","0.0%","0","0.0%","0","0.0%","0","0.0%","0","0.0%","0","0.0%","0","0.0%","132","1.6%","21","0.6%","0","0.0%","0","0.0%","7","0.6%","0","0.0%","0","0.0%","0","0.0%","96","0.2%","0","0.0%","5","0.3%","0","0.0%","0","-","0","0.0%","0","0.0%","0","0.0%","0","0.0%","5","1.3%","113","1.2%","121","0.2%","14","0.7%","3,974","4.4%","634","0.7%","52","0.1%","136","0.2%","0","0.0%","0","0.0%","61","0.1%","9","0.1%","0","0.0%","0","0.0%","0","0.0%","0","0.0%","0","0.0%","0","0.0%","218","0.4%"
"Noninstitutionalized population Male","0","0.0%","0","0.0%","176","0.7%","73","0.0%","2,749","0.1%","30","0.1%","0","0.0%","0","0.0%","0","0.0%","0","0.0%","0","0.0%","63","0.1%","0","0.0%","0","0.0%","0","0.0%","29","2.3%","8","0.4%","0","0.0%","0","0.0%","0","0.0%","0","0.0%","0","0.0%","0","0.0%","0","0.0%","0","0.0%","6","0.0%","12","1.9%","6","0.1%","0","0.0%","0","0.0%","0","0.0%","0","0.0%","0","0.0%","0","0.0%","0","0.0%","103","1.3%","13","0.4%","0","0.0%","0","0.0%","2","0.2%","0","0.0%","0","0.0%","0","0.0%","56","0.1%","0","0.0%","3","0.2%","0","0.0%","0","-","0","0.0%","0","0.0%","0","0.0%","0","0.0%","3","0.8%","67","0.7%","55","0.1%","6","0.3%","2,042","2.3%","486","0.6%","37","0.1%","82","0.1%","0","0.0%","0","0.0%","37","0.1%","6","0.0%","0","0.0%","0","0.0%","0","0.0%","0","0.0%","0","0.0%","0","0.0%","87","0.1%"
"Noninstitutionalized population Female","0","0.0%","0","0.0%","58","0.2%","45","0.0%","1,858","0.1%","108","0.3%","0","0.0%","0","0.0%","0","0.0%","0","0.0%","0","0.0%","45","0.1%","0","0.0%","0","0.0%","0","0.0%","7","0.5%","3","0.1%","0","0.0%","0","0.0%","0","0.0%","0","0.0%","0","0.0%","0","0.0%","0","0.0%","0","0.0%","6","0.0%","2","0.3%","6","0.1%","0","0.0%","0","0.0%","0","0.0%","0","0.0%","0","0.0%","0","0.0%","0","0.0%","29","0.4%","8","0.2%","0","0.0%","0","0.0%","5","0.4%","0","0.0%","0","0.0%","0","0.0%","40","0.1%","0","0.0%","2","0.1%","0","0.0%","0","-","0","0.0%","0","0.0%","0","0.0%","0","0.0%","2","0.5%","46","0.5%","66","0.1%","8","0.4%","1,932","2.1%","148","0.2%","15","0.0%","54","0.1%","0","0.0%","0","0.0%","24","0.0%","3","0.0%","0","0.0%","0","0.0%","0","0.0%","0","0.0%","0","0.0%","0","0.0%","131","0.2%"
"HOUSEHOLDS BY TYPE","","","","","","","","","","","","","","","","","","","","","","","","","","","","","","","","","","","","","","","","","","","","","","","","","","","","","","","","","","","","","","","","","","","","","","","","","","","","","","","","","","","","","","","","","","","","","","","","","","","","","","","","","","","","","","","","","","","","","","","","","","","","","","","","","","","","","","","","","","","","","",""
"Total households","7","100.0%","63","100.0%","9,947","100.0%","93,905","100.0%","751,983","100.0%","13,264","100.0%","3,790","100.0%","412","100.0%","1,138","100.0%","2,796","100.0%","812","100.0%","15,487","100.0%","393","100.0%","43","100.0%","164","100.0%","480","100.0%","760","100.0%","1,492","100.0%","157","100.0%","208","100.0%","357","100.0%","445","100.0%","562","100.0%","347","100.0%","123","100.0%","5,543","100.0%","281","100.0%","2,011","100.0%","404","100.0%","421","100.0%","894","100.0%","7,011","100.0%","8,265","100.0%","3,233","100.0%","795","100.0%","3,400","100.0%","1,647","100.0%","126","100.0%","329","100.0%","438","100.0%","447","100.0%","95","100.0%","157","100.0%","18,919","100.0%","15","100.0%","708","100.0%","984","100.0%","0","-","679","100.0%","1,250","100.0%","489","100.0%","1,318","100.0%","165","100.0%","4,335","100.0%","20,587","100.0%","689","100.0%","37,359","100.0%","34,675","100.0%","28,633","100.0%","24,103","100.0%","7,313","100.0%","4,477","100.0%","23,857","100.0%","5,692","100.0%","98","100.0%","30","100.0%","2,375","100.0%","156","100.0%","490","100.0%","202","100.0%","23,419","100.0%"
"Married couple household","2","28.6%","30","47.6%","4,776","48.0%","51,595","54.9%","306,463","40.8%","7,175","54.1%","2,210","58.3%","287","69.7%","554","48.7%","1,298","46.4%","385","47.4%","8,252","53.3%","128","32.6%","16","37.2%","58","35.4%","135","28.1%","396","52.1%","715","47.9%","46","29.3%","85","40.9%","167","46.8%","255","57.3%","310","55.2%","188","54.2%","72","58.5%","2,821","50.9%","119","42.3%","1,068","53.1%","231","57.2%","162","38.5%","480","53.7%","3,817","54.4%","4,283","51.8%","1,534","47.4%","496","62.4%","1,483","43.6%","609","37.0%","45","35.7%","81","24.6%","207","47.3%","140","31.3%","34","35.8%","82","52.2%","8,712","46.0%","7","46.7%","366","51.7%","382","38.8%","0","-","380","56.0%","547","43.8%","206","42.1%","697","52.9%","64","38.8%","2,365","54.6%","10,314","50.1%","173","25.1%","11,468","30.7%","13,876","40.0%","13,174","46.0%","8,819","36.6%","3,315","45.3%","2,886","64.5%","14,432","60.5%","3,497","61.4%","48","49.0%","14","46.7%","1,047","44.1%","95","60.9%","196","40.0%","93","46.0%","9,794","41.8%"
"Married couple household With own children under 18 [3]","2","28.6%","12","19.0%","1,603","16.1%","18,745","20.0%","119,851","15.9%","1,776","13.4%","441","11.6%","48","11.7%","96","8.4%","213","7.6%","145","17.9%","3,730","24.1%","62","15.8%","7","16.3%","12","7.3%","39","8.1%","135","17.8%","387","25.9%","13","8.3%","21","10.1%","52","14.6%","77","17.3%","90","16.0%","54","15.6%","23","18.7%","1,208","21.8%","33","11.7%","425","21.1%","91","22.5%","53","12.6%","152","17.0%","1,097","15.6%","1,743","21.1%","346","10.7%","105","13.2%","438","12.9%","167","10.1%","6","4.8%","29","8.8%","74","16.9%","35","7.8%","16","16.8%","28","17.8%","1,583","8.4%","5","33.3%","126","17.8%","136","13.8%","0","-","119","17.5%","200","16.0%","60","12.3%","152","11.5%","16","9.7%","537","12.4%","4,228","20.5%","54","7.8%","4,381","11.7%","5,620","16.2%","4,139","14.5%","3,348","13.9%","1,502","20.5%","776","17.3%","5,455","22.9%","993","17.4%","13","13.3%","6","20.0%","374","15.7%","33","21.2%","60","12.2%","38","18.8%","3,181","13.6%"
"Cohabiting couple household","0","0.0%","4","6.3%","764","7.7%","7,147","7.6%","66,218","8.8%","810","6.1%","223","5.9%","22","5.3%","91","8.0%","227","8.1%","70","8.6%","1,186","7.7%","40","10.2%","1","2.3%","6","3.7%","50","10.4%","54","7.1%","140","9.4%","19","12.1%","13","6.3%","12","3.4%","9","2.0%","52","9.3%","25","7.2%","3","2.4%","431","7.8%","15","5.3%","133","6.6%","13","3.2%","30","7.1%","49","5.5%","569","8.1%","838","10.1%","285","8.8%","40","5.0%","273","8.0%","143","8.7%","10","7.9%","25","7.6%","35","8.0%","27","6.0%","4","4.2%","2","1.3%","1,344","7.1%","1","6.7%","48","6.8%","86","8.7%","0","-","47","6.9%","98","7.8%","53","10.8%","108","8.2%","12","7.3%","275","6.3%","2,170","10.5%","73","10.6%","3,778","10.1%","3,385","9.8%","2,211","7.7%","2,515","10.4%","733","10.0%","240","5.4%","1,821","7.6%","343","6.0%","7","7.1%","1","3.3%","186","7.8%","10","6.4%","33","6.7%","10","5.0%","2,010","8.6%"
"Cohabiting couple household With own children under 18 [3]","0","0.0%","2","3.2%","286","2.9%","2,277","2.4%","23,266","3.1%","253","1.9%","49","1.3%","5","1.2%","22","1.9%","36","1.3%","26","3.2%","483","3.1%","20","5.1%","1","2.3%","0","0.0%","25","5.2%","24","3.2%","83","5.6%","12","7.6%","7","3.4%","6","1.7%","0","0.0%","21","3.7%","9","2.6%","1","0.8%","176","3.2%","5","1.8%","54","2.7%","3","0.7%","9","2.1%","16","1.8%","203","2.9%","330","4.0%","81","2.5%","9","1.1%","109","3.2%","47","2.9%","2","1.6%","13","4.0%","11","2.5%","10","2.2%","1","1.1%","2","1.3%","368","1.9%","0","0.0%","19","2.7%","24","2.4%","0","-","15","2.2%","40","3.2%","13","2.7%","24","1.8%","2","1.2%","51","1.2%","780","3.8%","34","4.9%","908","2.4%","923","2.7%","424","1.5%","864","3.6%","291","4.0%","56","1.3%","606","2.5%","64","1.1%","4","4.1%","0","0.0%","65","2.7%","2","1.3%","4","0.8%","5","2.5%","697","3.0%"
"Male householder, no spouse or partner present:","2","28.6%","11","17.5%","2,071","20.8%","15,488","16.5%","168,564","22.4%","2,179","16.4%","567","15.0%","45","10.9%","269","23.6%","783","28.0%","210","25.9%","3,213","20.7%","124","31.6%","17","39.5%","51","31.1%","109","22.7%","156","20.5%","292","19.6%","52","33.1%","71","34.1%","134","37.5%","108","24.3%","118","21.0%","60","17.3%","32","26.0%","1,186","21.4%","84","29.9%","438","21.8%","82","20.3%","99","23.5%","194","21.7%","1,285","18.3%","1,624","19.6%","747","23.1%","123","15.5%","766","22.5%","430","26.1%","44","34.9%","89","27.1%","109","24.9%","174","38.9%","22","23.2%","42","26.8%","4,309","22.8%","4","26.7%","202","28.5%","295","30.0%","0","-","134","19.7%","313","25.0%","99","20.2%","274","20.8%","57","34.5%","925","21.3%","3,913","19.0%","156","22.6%","11,189","29.9%","8,330","24.0%","5,753","20.1%","5,898","24.5%","1,485","20.3%","590","13.2%","3,275","13.7%","868","15.2%","20","20.4%","8","26.7%","614","25.9%","26","16.7%","134","27.3%","52","25.7%","5,018","21.4%"
"Male householder, no spouse or partner present Living alone","1","14.3%","4","6.3%","1,433","14.4%","9,894","10.5%","104,152","13.9%","1,528","11.5%","380","10.0%","23","5.6%","191","16.8%","598","21.4%","146","18.0%","2,143","13.8%","98","24.9%","15","34.9%","36","22.0%","70","14.6%","104","13.7%","180","12.1%","39","24.8%","53","25.5%","106","29.7%","71","16.0%","85","15.1%","44","12.7%","24","19.5%","834","15.0%","68","24.2%","308","15.3%","62","15.3%","77","18.3%","148","16.6%","810","11.6%","971","11.7%","474","14.7%","107","13.5%","550","16.2%","328","19.9%","34","27.0%","58","17.6%","72","16.4%","145","32.4%","16","16.8%","33","21.0%","3,082","16.3%","1","6.7%","151","21.3%","221","22.5%","0","-","95","14.0%","197","15.8%","76","15.5%","184","14.0%","39","23.6%","608","14.0%","2,206","10.7%","95","13.8%","7,293","19.5%","5,555","16.0%","4,193","14.6%","3,707","15.4%","717","9.8%","453","10.1%","1,873","7.9%","560","9.8%","13","13.3%","3","10.0%","413","17.4%","16","10.3%","93","19.0%","37","18.3%","3,430","14.6%"
"Male householder, no spouse or partner present Living alone 65 years and over","0","0.0%","2","3.2%","571","5.7%","3,609","3.8%","29,169","3.9%","788","5.9%","212","5.6%","8","1.9%","103","9.1%","206","7.4%","43","5.3%","523","3.4%","30","7.6%","6","14.0%","14","8.5%","25","5.2%","40","5.3%","49","3.3%","19","12.1%","26","12.5%","39","10.9%","33","7.4%","51","9.1%","16","4.6%","2","1.6%","247","4.5%","33","11.7%","94","4.7%","28","6.9%","34","8.1%","78","8.7%","395","5.6%","373","4.5%","234","7.2%","55","6.9%","288","8.5%","142","8.6%","25","19.8%","14","4.3%","39","8.9%","87","19.5%","5","5.3%","22","14.0%","1,697","9.0%","0","0.0%","36","5.1%","75","7.6%","0","-","43","6.3%","75","6.0%","43","8.8%","94","7.1%","18","10.9%","264","6.1%","748","3.6%","46","6.7%","2,163","5.8%","1,511","4.4%","1,550","5.4%","1,100","4.6%","280","3.8%","227","5.1%","739","3.1%","268","4.7%","6","6.1%","2","6.7%","153","6.4%","9","5.8%","44","9.0%","21","10.4%","1,458","6.2%"
"Male householder, no spouse or partner present With own children under 18 [3]","1","14.3%","1","1.6%","156","1.6%","1,666","1.8%","16,192","2.2%","221","1.7%","55","1.5%","1","0.2%","25","2.2%","38","1.4%","18","2.2%","428","2.8%","8","2.0%","0","0.0%","1","0.6%","12","2.5%","15","2.0%","55","3.7%","2","1.3%","6","2.9%","7","2.0%","10","2.2%","13","2.3%","7","2.0%","0","0.0%","127","2.3%","3","1.1%","55","2.7%","6","1.5%","11","2.6%","17","1.9%","133","1.9%","179","2.2%","59","1.8%","3","0.4%","70","2.1%","16","1.0%","1","0.8%","8","2.4%","3","0.7%","2","0.4%","2","2.1%","2","1.3%","247","1.3%","0","0.0%","14","2.0%","14","1.4%","0","-","14","2.1%","43","3.4%","5","1.0%","16","1.2%","3","1.8%","62","1.4%","404","2.0%","20","2.9%","770","2.1%","737","2.1%","419","1.5%","560","2.3%","193","2.6%","41","0.9%","446","1.9%","82","1.4%","1","1.0%","3","10.0%","56","2.4%","2","1.3%","7","1.4%","3","1.5%","412","1.8%"
"Female householder, no spouse or partner present:","3","42.9%","18","28.6%","2,336","23.5%","19,675","21.0%","210,738","28.0%","3,100","23.4%","790","20.8%","58","14.1%","224","19.7%","488","17.5%","147","18.1%","2,836","18.3%","101","25.7%","9","20.9%","49","29.9%","186","38.8%","154","20.3%","345","23.1%","40","25.5%","39","18.8%","44","12.3%","73","16.4%","82","14.6%","74","21.3%","16","13.0%","1,105","19.9%","63","22.4%","372","18.5%","78","19.3%","130","30.9%","171","19.1%","1,340","19.1%","1,520","18.4%","667","20.6%","136","17.1%","878","25.8%","465","28.2%","27","21.4%","134","40.7%","87","19.9%","106","23.7%","35","36.8%","31","19.7%","4,554","24.1%","3","20.0%","92","13.0%","221","22.5%","0","-","118","17.4%","292","23.4%","131","26.8%","239","18.1%","32","19.4%","770","17.8%","4,190","20.4%","287","41.7%","10,924","29.2%","9,084","26.2%","7,495","26.2%","6,871","28.5%","1,780","24.3%","761","17.0%","4,329","18.1%","984","17.3%","23","23.5%","7","23.3%","528","22.2%","25","16.0%","127","25.9%","47","23.3%","6,597","28.2%"
"Female householder, no spouse or partner present Living alone","2","28.6%","5","7.9%","1,302","13.1%","10,376","11.0%","97,195","12.9%","1,833","13.8%","466","12.3%","39","9.5%","128","11.2%","323","11.6%","83","10.2%","1,485","9.6%","58","14.8%","6","14.0%","35","21.3%","85","17.7%","77","10.1%","134","9.0%","24","15.3%","24","11.5%","30","8.4%","42","9.4%","32","5.7%","45","13.0%","10","8.1%","634","11.4%","40","14.2%","201","10.0%","51","12.6%","89","21.1%","109","12.2%","689","9.8%","716","8.7%","334","10.3%","90","11.3%","545","16.0%","288","17.5%","12","9.5%","50","15.2%","42","9.6%","59","13.2%","18","18.9%","15","9.6%","2,612","13.8%","0","0.0%","55","7.8%","151","15.3%","0","-","64","9.4%","171","13.7%","98","20.0%","123","9.3%","18","10.9%","512","11.8%","1,795","8.7%","110","16.0%","5,898","15.8%","5,069","14.6%","4,864","17.0%","3,606","15.0%","643","8.8%","558","12.5%","2,269","9.5%","547","9.6%","15","15.3%","1","3.3%","323","13.6%","11","7.1%","78","15.9%","23","11.4%","3,932","16.8%"
"Female householder, no spouse or partner present Living alone 65 years and over","2","28.6%","1","1.6%","736","7.4%","5,318","5.7%","41,454","5.5%","1,246","9.4%","296","7.8%","33","8.0%","82","7.2%","144","5.2%","51","6.3%","665","4.3%","19","4.8%","3","7.0%","14","8.5%","36","7.5%","51","6.7%","47","3.2%","12","7.6%","20","9.6%","17","4.8%","21","4.7%","15","2.7%","33","9.5%","7","5.7%","330","6.0%","25","8.9%","85","4.2%","22","5.4%","46","10.9%","66","7.4%","402","5.7%","400","4.8%","206","6.4%","56","7.0%","359","10.6%","154","9.4%","10","7.9%","18","5.5%","22","5.0%","36","8.1%","4","4.2%","6","3.8%","1,699","9.0%","0","0.0%","27","3.8%","60","6.1%","0","-","33","4.9%","94","7.5%","63","12.9%","55","4.2%","9","5.5%","289","6.7%","802","3.9%","62","9.0%","2,496","6.7%","2,278","6.6%","2,615","9.1%","1,829","7.6%","324","4.4%","396","8.8%","1,319","5.5%","315","5.5%","13","13.3%","1","3.3%","161","6.8%","10","6.4%","41","8.4%","15","7.4%","2,250","9.6%"
"Female householder, no spouse or partner present With own children under 18 [3]","0","0.0%","3","4.8%","390","3.9%","3,698","3.9%","44,894","6.0%","443","3.3%","100","2.6%","6","1.5%","18","1.6%","46","1.6%","28","3.4%","708","4.6%","14","3.6%","2","4.7%","0","0.0%","35","7.3%","34","4.5%","148","9.9%","1","0.6%","4","1.9%","3","0.8%","12","2.7%","17","3.0%","14","4.0%","5","4.1%","210","3.8%","12","4.3%","78","3.9%","14","3.5%","20","4.8%","16","1.8%","198","2.8%","280","3.4%","67","2.1%","12","1.5%","123","3.6%","67","4.1%","2","1.6%","29","8.8%","19","4.3%","22","4.9%","9","9.5%","8","5.1%","480","2.5%","1","6.7%","17","2.4%","43","4.4%","0","-","9","1.3%","43","3.4%","4","0.8%","26","2.0%","8","4.8%","98","2.3%","892","4.3%","68","9.9%","1,800","4.8%","1,696","4.9%","919","3.2%","1,227","5.1%","423","5.8%","63","1.4%","795","3.3%","143","2.5%","3","3.1%","1","3.3%","89","3.7%","3","1.9%","24","4.9%","12","5.9%","986","4.2%"
"Households with individuals under 18 years","3","42.9%","22","34.9%","2,947","29.6%","29,313","31.2%","238,179","31.7%","3,196","24.1%","801","21.1%","80","19.4%","242","21.3%","418","14.9%","249","30.7%","5,952","38.4%","119","30.3%","10","23.3%","17","10.4%","151","31.5%","248","32.6%","758","50.8%","35","22.3%","52","25.0%","94","26.3%","138","31.0%","173","30.8%","108","31.1%","38","30.9%","1,991","35.9%","70","24.9%","713","35.5%","139","34.4%","109","25.9%","225","25.2%","1,958","27.9%","2,994","36.2%","757","23.4%","162","20.4%","937","27.6%","400","24.3%","22","17.5%","112","34.0%","135","30.8%","84","18.8%","38","40.0%","50","31.8%","3,686","19.5%","8","53.3%","207","29.2%","256","26.0%","0","-","200","29.5%","421","33.7%","105","21.5%","301","22.8%","34","20.6%","854","19.7%","7,266","35.3%","264","38.3%","9,037","24.2%","9,990","28.8%","6,490","22.7%","7,125","29.6%","2,977","40.7%","1,009","22.5%","8,205","34.4%","1,469","25.8%","30","30.6%","10","33.3%","708","29.8%","48","30.8%","113","23.1%","67","33.2%","6,304","26.9%"
"Households with individuals 65 years and over","3","42.9%","26","41.3%","3,876","39.0%","33,913","36.1%","218,384","29.0%","6,540","49.3%","1,961","51.7%","239","58.0%","642","56.4%","1,214","43.4%","250","30.8%","3,817","24.6%","97","24.7%","16","37.2%","72","43.9%","157","32.7%","294","38.7%","311","20.8%","73","46.5%","110","52.9%","140","39.2%","180","40.4%","212","37.7%","132","38.0%","43","35.0%","1,631","29.4%","111","39.5%","646","32.1%","158","39.1%","190","45.1%","430","48.1%","3,060","43.6%","2,859","34.6%","1,502","46.5%","431","54.2%","1,569","46.1%","728","44.2%","79","62.7%","99","30.1%","178","40.6%","224","50.1%","27","28.4%","73","46.5%","10,285","54.4%","4","26.7%","205","29.0%","343","34.9%","0","-","269","39.6%","480","38.4%","262","53.6%","629","47.7%","69","41.8%","1,859","42.9%","5,928","28.8%","269","39.0%","10,052","26.9%","9,748","28.1%","11,021","38.5%","7,397","30.7%","2,297","31.4%","2,232","49.9%","8,129","34.1%","2,522","44.3%","41","41.8%","17","56.7%","876","36.9%","62","39.7%","222","45.3%","81","40.1%","9,481","40.5%"
"HOUSING OCCUPANCY","","","","","","","","","","","","","","","","","","","","","","","","","","","","","","","","","","","","","","","","","","","","","","","","","","","","","","","","","","","","","","","","","","","","","","","","","","","","","","","","","","","","","","","","","","","","","","","","","","","","","","","","","","","","","","","","","","","","","","","","","","","","","","","","","","","","","","","","","","","","","",""
"Total housing units","7","100.0%","87","100.0%","10,678","100.0%","103,938","100.0%","813,718","100.0%","13,944","100.0%","4,051","100.0%","452","100.0%","1,295","100.0%","4,567","100.0%","926","100.0%","16,847","100.0%","482","100.0%","111","100.0%","214","100.0%","639","100.0%","955","100.0%","1,596","100.0%","254","100.0%","283","100.0%","435","100.0%","527","100.0%","736","100.0%","469","100.0%","182","100.0%","6,271","100.0%","423","100.0%","2,375","100.0%","466","100.0%","523","100.0%","1,214","100.0%","7,326","100.0%","8,711","100.0%","3,578","100.0%","903","100.0%","3,883","100.0%","2,022","100.0%","186","100.0%","378","100.0%","538","100.0%","569","100.0%","127","100.0%","218","100.0%","21,575","100.0%","24","100.0%","933","100.0%","1,207","100.0%","0","-","830","100.0%","1,448","100.0%","540","100.0%","1,447","100.0%","300","100.0%","7,668","100.0%","21,668","100.0%","747","100.0%","40,103","100.0%","37,080","100.0%","30,614","100.0%","25,403","100.0%","7,665","100.0%","4,778","100.0%","25,012","100.0%","6,171","100.0%","147","100.0%","43","100.0%","2,868","100.0%","182","100.0%","632","100.0%","265","100.0%","24,564","100.0%"
"Occupied housing units","7","100.0%","63","72.4%","9,947","93.2%","93,905","90.3%","751,983","92.4%","13,264","95.1%","3,790","93.6%","412","91.2%","1,138","87.9%","2,796","61.2%","812","87.7%","15,487","91.9%","393","81.5%","43","38.7%","164","76.6%","480","75.1%","760","79.6%","1,492","93.5%","157","61.8%","208","73.5%","357","82.1%","445","84.4%","562","76.4%","347","74.0%","123","67.6%","5,543","88.4%","281","66.4%","2,011","84.7%","404","86.7%","421","80.5%","894","73.6%","7,011","95.7%","8,265","94.9%","3,233","90.4%","795","88.0%","3,400","87.6%","1,647","81.5%","126","67.7%","329","87.0%","438","81.4%","447","78.6%","95","74.8%","157","72.0%","18,919","87.7%","15","62.5%","708","75.9%","984","81.5%","0","-","679","81.8%","1,250","86.3%","489","90.6%","1,318","91.1%","165","55.0%","4,335","56.5%","20,587","95.0%","689","92.2%","37,359","93.2%","34,675","93.5%","28,633","93.5%","24,103","94.9%","7,313","95.4%","4,477","93.7%","23,857","95.4%","5,692","92.2%","98","66.7%","30","69.8%","2,375","82.8%","156","85.7%","490","77.5%","202","76.2%","23,419","95.3%"
"Vacant housing units","0","0.0%","24","27.6%","731","6.8%","10,033","9.7%","61,735","7.6%","680","4.9%","261","6.4%","40","8.8%","157","12.1%","1,771","38.8%","114","12.3%","1,360","8.1%","89","18.5%","68","61.3%","50","23.4%","159","24.9%","195","20.4%","104","6.5%","97","38.2%","75","26.5%","78","17.9%","82","15.6%","174","23.6%","122","26.0%","59","32.4%","728","11.6%","142","33.6%","364","15.3%","62","13.3%","102","19.5%","320","26.4%","315","4.3%","446","5.1%","345","9.6%","108","12.0%","483","12.4%","375","18.5%","60","32.3%","49","13.0%","100","18.6%","122","21.4%","32","25.2%","61","28.0%","2,656","12.3%","9","37.5%","225","24.1%","223","18.5%","0","-","151","18.2%","198","13.7%","51","9.4%","129","8.9%","135","45.0%","3,333","43.5%","1,081","5.0%","58","7.8%","2,744","6.8%","2,405","6.5%","1,981","6.5%","1,300","5.1%","352","4.6%","301","6.3%","1,155","4.6%","479","7.8%","49","33.3%","13","30.2%","493","17.2%","26","14.3%","142","22.5%","63","23.8%","1,145","4.7%"
"For rent","0","0.0%","0","0.0%","158","1.5%","2,351","2.3%","31,826","3.9%","115","0.8%","25","0.6%","5","1.1%","11","0.8%","143","3.1%","46","5.0%","480","2.8%","40","8.3%","6","5.4%","3","1.4%","17","2.7%","53","5.5%","49","3.1%","10","3.9%","1","0.4%","13","3.0%","10","1.9%","7","1.0%","11","2.3%","1","0.5%","183","2.9%","3","0.7%","155","6.5%","0","0.0%","9","1.7%","13","1.1%","58","0.8%","140","1.6%","39","1.1%","18","2.0%","133","3.4%","70","3.5%","4","2.2%","8","2.1%","8","1.5%","43","7.6%","9","7.1%","8","3.7%","414","1.9%","1","4.2%","29","3.1%","62","5.1%","0","-","16","1.9%","56","3.9%","14","2.6%","5","0.3%","0","0.0%","254","3.3%","346","1.6%","13","1.7%","1,705","4.3%","1,296","3.5%","781","2.6%","797","3.1%","114","1.5%","65","1.4%","559","2.2%","96","1.6%","2","1.4%","0","0.0%","131","4.6%","4","2.2%","24","3.8%","12","4.5%","532","2.2%"
"Rented, not occupied","0","0.0%","0","0.0%","17","0.2%","215","0.2%","1,833","0.2%","30","0.2%","11","0.3%","0","0.0%","0","0.0%","19","0.4%","3","0.3%","26","0.2%","0","0.0%","0","0.0%","0","0.0%","0","0.0%","0","0.0%","8","0.5%","0","0.0%","0","0.0%","0","0.0%","3","0.6%","0","0.0%","4","0.9%","0","0.0%","11","0.2%","0","0.0%","5","0.2%","4","0.9%","4","0.8%","1","0.1%","3","0.0%","9","0.1%","7","0.2%","8","0.9%","9","0.2%","13","0.6%","0","0.0%","1","0.3%","0","0.0%","4","0.7%","0","0.0%","1","0.5%","56","0.3%","1","4.2%","6","0.6%","7","0.6%","0","-","0","0.0%","10","0.7%","0","0.0%","0","0.0%","0","0.0%","25","0.3%","29","0.1%","2","0.3%","86","0.2%","146","0.4%","53","0.2%","26","0.1%","15","0.2%","5","0.1%","21","0.1%","10","0.2%","0","0.0%","0","0.0%","10","0.3%","1","0.5%","3","0.5%","2","0.8%","26","0.1%"
"For sale only","0","0.0%","0","0.0%","121","1.1%","1,217","1.2%","6,032","0.7%","91","0.7%","54","1.3%","1","0.2%","10","0.8%","50","1.1%","12","1.3%","186","1.1%","0","0.0%","0","0.0%","3","1.4%","2","0.3%","9","0.9%","15","0.9%","2","0.8%","2","0.7%","9","2.1%","0","0.0%","17","2.3%","0","0.0%","0","0.0%","40","0.6%","18","4.3%","35","1.5%","6","1.3%","18","3.4%","21","1.7%","91","1.2%","135","1.5%","88","2.5%","19","2.1%","48","1.2%","33","1.6%","7","3.8%","0","0.0%","6","1.1%","3","0.5%","0","0.0%","13","6.0%","587","2.7%","0","0.0%","7","0.8%","21","1.7%","0","-","22","2.7%","13","0.9%","14","2.6%","7","0.5%","3","1.0%","112","1.5%","188","0.9%","2","0.3%","172","0.4%","189","0.5%","243","0.8%","118","0.5%","74","1.0%","57","1.2%","195","0.8%","54","0.9%","11","7.5%","1","2.3%","34","1.2%","6","3.3%","8","1.3%","3","1.1%","142","0.6%"
"Sold, not occupied","0","0.0%","7","8.0%","59","0.6%","531","0.5%","2,004","0.2%","51","0.4%","19","0.5%","4","0.9%","5","0.4%","16","0.4%","8","0.9%","89","0.5%","0","0.0%","0","0.0%","3","1.4%","0","0.0%","11","1.2%","0","0.0%","6","2.4%","1","0.4%","0","0.0%","4","0.8%","10","1.4%","4","0.9%","1","0.5%","8","0.1%","8","1.9%","19","0.8%","19","4.1%","16","3.1%","24","2.0%","9","0.1%","31","0.4%","23","0.6%","10","1.1%","16","0.4%","62","3.1%","11","5.9%","15","4.0%","7","1.3%","6","1.1%","0","0.0%","3","1.4%","155","0.7%","0","0.0%","13","1.4%","24","2.0%","0","-","7","0.8%","14","1.0%","5","0.9%","12","0.8%","7","2.3%","35","0.5%","45","0.2%","23","3.1%","38","0.1%","107","0.3%","82","0.3%","23","0.1%","19","0.2%","26","0.5%","73","0.3%","35","0.6%","1","0.7%","0","0.0%","30","1.0%","2","1.1%","9","1.4%","2","0.8%","43","0.2%"
"For seasonal, recreational, or occasional use","0","0.0%","7","8.0%","83","0.8%","4,557","4.4%","12,745","1.6%","202","1.4%","108","2.7%","15","3.3%","81","6.3%","1,456","31.9%","5","0.5%","194","1.2%","10","2.1%","54","48.6%","19","8.9%","79","12.4%","81","8.5%","9","0.6%","35","13.8%","21","7.4%","29","6.7%","19","3.6%","20","2.7%","61","13.0%","43","23.6%","102","1.6%","62","14.7%","56","2.4%","13","2.8%","37","7.1%","200","16.5%","59","0.8%","46","0.5%","33","0.9%","32","3.5%","96","2.5%","55","2.7%","20","10.8%","7","1.9%","35","6.5%","26","4.6%","23","18.1%","24","11.0%","643","3.0%","3","12.5%","118","12.6%","47","3.9%","0","-","29","3.5%","21","1.5%","5","0.9%","28","1.9%","21","7.0%","2,787","36.3%","136","0.6%","8","1.1%","317","0.8%","236","0.6%","291","1.0%","153","0.6%","18","0.2%","87","1.8%","154","0.6%","120","1.9%","26","17.7%","10","23.3%","133","4.6%","4","2.2%","48","7.6%","15","5.7%","132","0.5%"
"All other vacants","0","0.0%","10","11.5%","293","2.7%","1,162","1.1%","7,295","0.9%","191","1.4%","44","1.1%","15","3.3%","50","3.9%","87","1.9%","40","4.3%","385","2.3%","39","8.1%","8","7.2%","22","10.3%","61","9.5%","41","4.3%","23","1.4%","44","17.3%","50","17.7%","27","6.2%","46","8.7%","120","16.3%","42","9.0%","14","7.7%","384","6.1%","51","12.1%","94","4.0%","20","4.3%","18","3.4%","61","5.0%","95","1.3%","85","1.0%","155","4.3%","21","2.3%","181","4.7%","142","7.0%","18","9.7%","18","4.8%","44","8.2%","40","7.0%","0","0.0%","12","5.5%","801","3.7%","4","16.7%","52","5.6%","62","5.1%","0","-","77","9.3%","84","5.8%","13","2.4%","77","5.3%","104","34.7%","120","1.6%","337","1.6%","10","1.3%","426","1.1%","431","1.2%","531","1.7%","183","0.7%","112","1.5%","61","1.3%","153","0.6%","164","2.7%","9","6.1%","2","4.7%","155","5.4%","9","4.9%","50","7.9%","29","10.9%","270","1.1%"
"VACANCY RATES","","","","","","","","","","","","","","","","","","","","","","","","","","","","","","","","","","","","","","","","","","","","","","","","","","","","","","","","","","","","","","","","","","","","","","","","","","","","","","","","","","","","","","","","","","","","","","","","","","","","","","","","","","","","","","","","","","","","","","","","","","","","","","","","","","","","","","","","","","","","","",""
"Homeowner vacancy rate (percent) [4]","0.0","(X)","0.0","(X)","1.8","(X)","1.7","(X)","1.5","(X)","0.9","(X)","1.7","(X)","0.3","(X)","1.0","(X)","2.6","(X)","2.2","(X)","1.6","(X)","0.0","(X)","0.0","(X)","2.1","(X)","0.7","(X)","1.7","(X)","2.0","(X)","1.6","(X)","1.4","(X)","3.5","(X)","0.0","(X)","3.5","(X)","0.0","(X)","0.0","(X)","1.0","(X)","7.5","(X)","2.3","(X)","1.7","(X)","6.1","(X)","2.9","(X)","1.6","(X)","2.3","(X)","3.2","(X)","2.7","(X)","2.1","(X)","2.9","(X)","5.8","(X)","0.0","(X)","2.0","(X)","1.1","(X)","0.0","(X)","11.8","(X)","3.9","(X)","0.0","(X)","1.4","(X)","3.6","(X)","0.0","(X)","3.8","(X)","1.6","(X)","2.9","(X)","0.6","(X)","3.2","(X)","3.5","(X)","1.2","(X)","0.4","(X)","1.2","(X)","1.1","(X)","1.4","(X)","1.0","(X)","1.4","(X)","1.4","(X)","1.0","(X)","1.1","(X)","13.4","(X)","4.3","(X)","2.0","(X)","4.1","(X)","2.1","(X)","1.7","(X)","1.0","(X)"
"Rental vacancy rate (percent) [5]","0.0","(X)","0.0","(X)","4.6","(X)","8.7","(X)","8.0","(X)","3.3","(X)","3.1","(X)","19.2","(X)","5.4","(X)","13.2","(X)","14.1","(X)","9.9","(X)","12.8","(X)","23.1","(X)","9.1","(X)","8.8","(X)","17.8","(X)","6.1","(X)","20.0","(X)","1.5","(X)","10.5","(X)","7.4","(X)","6.1","(X)","9.2","(X)","1.6","(X)","9.6","(X)","4.3","(X)","22.8","(X)","0.0","(X)","5.2","(X)","5.6","(X)","4.1","(X)","5.4","(X)","5.9","(X)","13.2","(X)","9.9","(X)","10.4","(X)","14.8","(X)","7.0","(X)","4.9","(X)","17.8","(X)","19.6","(X)","11.1","(X)","8.3","(X)","20.0","(X)","11.2","(X)","11.9","(X)","0.0","(X)","10.5","(X)","10.1","(X)","33.3","(X)","2.4","(X)","0.0","(X)","16.2","(X)","6.0","(X)","6.5","(X)","6.9","(X)","6.5","(X)","6.5","(X)","6.0","(X)","4.7","(X)","11.9","(X)","9.5","(X)","10.9","(X)","6.7","(X)","0.0","(X)","15.2","(X)","16.7","(X)","16.3","(X)","26.7","(X)","5.2","(X)"
"HOUSING TENURE","","","","","","","","","","","","","","","","","","","","","","","","","","","","","","","","","","","","","","","","","","","","","","","","","","","","","","","","","","","","","","","","","","","","","","","","","","","","","","","","","","","","","","","","","","","","","","","","","","","","","","","","","","","","","","","","","","","","","","","","","","","","","","","","","","","","","","","","","","","","","",""
"Occupied housing units","7","100.0%","63","100.0%","9,947","100.0%","93,905","100.0%","751,983","100.0%","13,264","100.0%","3,790","100.0%","412","100.0%","1,138","100.0%","2,796","100.0%","812","100.0%","15,487","100.0%","393","100.0%","43","100.0%","164","100.0%","480","100.0%","760","100.0%","1,492","100.0%","157","100.0%","208","100.0%","357","100.0%","445","100.0%","562","100.0%","347","100.0%","123","100.0%","5,543","100.0%","281","100.0%","2,011","100.0%","404","100.0%","421","100.0%","894","100.0%","7,011","100.0%","8,265","100.0%","3,233","100.0%","795","100.0%","3,400","100.0%","1,647","100.0%","126","100.0%","329","100.0%","438","100.0%","447","100.0%","95","100.0%","157","100.0%","18,919","100.0%","15","100.0%","708","100.0%","984","100.0%","0","-","679","100.0%","1,250","100.0%","489","100.0%","1,318","100.0%","165","100.0%","4,335","100.0%","20,587","100.0%","689","100.0%","37,359","100.0%","34,675","100.0%","28,633","100.0%","24,103","100.0%","7,313","100.0%","4,477","100.0%","23,857","100.0%","5,692","100.0%","98","100.0%","30","100.0%","2,375","100.0%","156","100.0%","490","100.0%","202","100.0%","23,419","100.0%"
"Owner-occupied housing units","6","85.7%","49","77.8%","6,662","67.0%","69,348","73.8%","389,872","51.8%","9,914","74.7%","3,020","79.7%","391","94.9%","944","83.0%","1,877","67.1%","535","65.9%","11,120","71.8%","121","30.8%","23","53.5%","134","81.7%","303","63.1%","515","67.8%","752","50.4%","117","74.5%","143","68.8%","246","68.9%","322","72.4%","455","81.0%","243","70.0%","63","51.2%","3,831","69.1%","215","76.5%","1,491","74.1%","318","78.7%","262","62.2%","676","75.6%","5,652","80.6%","5,804","70.2%","2,621","81.1%","685","86.2%","2,199","64.7%","1,057","64.2%","103","81.7%","224","68.1%","283","64.6%","252","56.4%","58","61.1%","94","59.9%","14,425","76.2%","12","80.0%","483","68.2%","532","54.1%","0","-","543","80.0%","764","61.1%","461","94.3%","1,111","84.3%","83","50.3%","3,045","70.2%","15,175","73.7%","503","73.0%","14,306","38.3%","16,247","46.9%","17,407","60.8%","11,738","48.7%","5,029","68.8%","4,002","89.4%","18,532","77.7%","4,917","86.4%","70","71.4%","22","73.3%","1,655","69.7%","137","87.8%","370","75.5%","171","84.7%","13,809","59.0%"
"Renter-occupied housing units","1","14.3%","14","22.2%","3,285","33.0%","24,557","26.2%","362,111","48.2%","3,350","25.3%","770","20.3%","21","5.1%","194","17.0%","919","32.9%","277","34.1%","4,367","28.2%","272","69.2%","20","46.5%","30","18.3%","177","36.9%","245","32.2%","740","49.6%","40","25.5%","65","31.3%","111","31.1%","123","27.6%","107","19.0%","104","30.0%","60","48.8%","1,712","30.9%","66","23.5%","520","25.9%","86","21.3%","159","37.8%","218","24.4%","1,359","19.4%","2,461","29.8%","612","18.9%","110","13.8%","1,201","35.3%","590","35.8%","23","18.3%","105","31.9%","155","35.4%","195","43.6%","37","38.9%","63","40.1%","4,494","23.8%","3","20.0%","225","31.8%","452","45.9%","0","-","136","20.0%","486","38.9%","28","5.7%","207","15.7%","82","49.7%","1,290","29.8%","5,412","26.3%","186","27.0%","23,053","61.7%","18,428","53.1%","11,226","39.2%","12,365","51.3%","2,284","31.2%","475","10.6%","5,325","22.3%","775","13.6%","28","28.6%","8","26.7%","720","30.3%","19","12.2%","120","24.5%","31","15.3%","9,610","41.0%"
